Time Stamp;$pressure_measured_ECC$;
09.01.2025 11:07:03;0;
09.01.2025 11:07:04;0.01;
09.01.2025 11:07:08;0.01;
09.01.2025 11:07:09;0.02;
09.01.2025 11:07:12;0.02;
09.01.2025 11:07:13;0.03;
09.01.2025 11:07:14;0.02;
09.01.2025 11:07:15;0.03;
09.01.2025 11:07:16;0.02;
09.01.2025 11:07:17;0.03;
09.01.2025 11:07:18;0.04;
09.01.2025 11:07:22;0.04;
09.01.2025 11:07:23;0.05;
09.01.2025 11:07:24;0.04;
09.01.2025 11:07:25;0.04;
09.01.2025 11:07:26;0.05;
09.01.2025 11:07:27;0.06;
09.01.2025 11:07:28;0.06;
09.01.2025 11:07:29;0.05;
09.01.2025 11:07:30;0.06;
09.01.2025 11:07:31;0.07;
09.01.2025 11:07:32;0.06;
09.01.2025 11:07:33;0.07;
09.01.2025 11:07:36;0.07;
09.01.2025 11:07:37;0.06;
09.01.2025 11:07:38;0.08;
09.01.2025 11:07:39;0.09;
09.01.2025 11:07:40;0.08;
09.01.2025 11:07:41;0.07;
09.01.2025 11:07:42;0.08;
09.01.2025 11:07:43;0.08;
09.01.2025 11:07:44;0.09;
09.01.2025 11:07:48;0.09;
09.01.2025 11:07:49;0.1;
09.01.2025 11:07:51;0.1;
09.01.2025 11:07:52;0.11;
09.01.2025 11:07:53;0.1;
09.01.2025 11:07:54;0.11;
09.01.2025 11:07:56;0.11;
09.01.2025 11:07:57;0.12;
09.01.2025 11:08:00;0.12;
09.01.2025 11:08:01;0.11;
09.01.2025 11:08:02;0.13;
09.01.2025 11:08:03;0.12;
09.01.2025 11:08:04;0.12;
09.01.2025 11:08:05;0.13;
09.01.2025 11:08:06;0.14;
09.01.2025 11:08:07;0.14;
09.01.2025 11:08:08;0.13;
09.01.2025 11:08:10;0.13;
09.01.2025 11:08:11;0.15;
09.01.2025 11:08:12;0.15;
09.01.2025 11:08:13;0.14;
09.01.2025 11:08:14;0.15;
09.01.2025 11:08:16;0.15;
09.01.2025 11:08:17;0.14;
09.01.2025 11:08:18;0.16;
09.01.2025 11:08:22;0.16;
09.01.2025 11:08:23;0.17;
09.01.2025 11:08:24;0.17;
09.01.2025 11:08:25;0.18;
09.01.2025 11:08:26;0.17;
09.01.2025 11:08:28;0.17;
09.01.2025 11:08:29;0.18;
09.01.2025 11:08:30;0.17;
09.01.2025 11:08:31;0.18;
09.01.2025 11:08:32;0.19;
09.01.2025 11:08:35;0.19;
09.01.2025 11:08:36;0.18;
09.01.2025 11:08:37;0.19;
09.01.2025 11:08:38;0.19;
09.01.2025 11:08:39;0.2;
09.01.2025 11:08:40;0.19;
09.01.2025 11:08:41;0.2;
09.01.2025 11:08:43;0.2;
09.01.2025 11:08:44;0.21;
09.01.2025 11:08:48;0.21;
09.01.2025 11:08:49;0.22;
09.01.2025 11:08:50;0.21;
09.01.2025 11:08:51;0.21;
09.01.2025 11:08:52;0.22;
09.01.2025 11:08:53;0.23;
09.01.2025 11:08:54;0.23;
09.01.2025 11:08:55;0.22;
09.01.2025 11:08:56;0.22;
09.01.2025 11:08:57;0.23;
09.01.2025 11:09:00;0.23;
09.01.2025 11:09:01;0.24;
09.01.2025 11:09:02;0.23;
09.01.2025 11:09:03;0.24;
09.01.2025 11:09:04;0.24;
09.01.2025 11:09:05;0.25;
09.01.2025 11:09:08;0.25;
09.01.2025 11:09:09;0.26;
09.01.2025 11:09:10;0.26;
09.01.2025 11:09:11;0.25;
09.01.2025 11:09:12;0.26;
09.01.2025 11:09:14;0.26;
09.01.2025 11:09:15;0.27;
09.01.2025 11:09:16;0.26;
09.01.2025 11:09:17;0.27;
09.01.2025 11:09:18;0.26;
09.01.2025 11:09:19;0.28;
09.01.2025 11:09:25;0.28;
09.01.2025 11:09:26;0.29;
09.01.2025 11:09:29;0.29;
09.01.2025 11:09:30;0.28;
09.01.2025 11:09:31;0.3;
09.01.2025 11:09:32;0.29;
09.01.2025 11:09:33;0.29;
09.01.2025 11:09:34;0.3;
09.01.2025 11:09:35;0.3;
09.01.2025 11:09:36;0.29;
09.01.2025 11:09:37;0.3;
09.01.2025 11:09:39;0.3;
09.01.2025 11:09:40;0.31;
09.01.2025 11:09:41;0.32;
09.01.2025 11:09:42;0.31;
09.01.2025 11:09:43;0.32;
09.01.2025 11:09:44;0.32;
09.01.2025 11:09:45;0.33;
09.01.2025 11:09:46;0.32;
09.01.2025 11:09:47;0.32;
09.01.2025 11:09:48;0.33;
09.01.2025 11:09:53;0.33;
09.01.2025 11:09:54;0.34;
09.01.2025 11:09:57;0.34;
09.01.2025 11:09:58;0.35;
09.01.2025 11:09:59;0.35;
09.01.2025 11:10:00;0.34;
09.01.2025 11:10:01;0.35;
09.01.2025 11:10:02;0.35;
09.01.2025 11:10:03;0.36;
09.01.2025 11:10:04;0.35;
09.01.2025 11:10:05;0.36;
09.01.2025 11:10:06;0.35;
09.01.2025 11:10:07;0.36;
09.01.2025 11:10:08;0.36;
09.01.2025 11:10:09;0.37;
09.01.2025 11:10:10;0.35;
09.01.2025 11:10:11;0.37;
09.01.2025 11:10:15;0.37;
09.01.2025 11:10:16;0.38;
09.01.2025 11:10:20;0.38;
09.01.2025 11:10:21;0.39;
09.01.2025 11:10:28;0.39;
09.01.2025 11:10:29;0.4;
09.01.2025 11:10:30;0.4;
09.01.2025 11:10:31;0.39;
09.01.2025 11:10:32;0.4;
09.01.2025 11:10:33;0.4;
09.01.2025 11:10:34;0.41;
09.01.2025 11:10:36;0.41;
09.01.2025 11:10:37;0.4;
09.01.2025 11:10:38;0.41;
09.01.2025 11:10:39;0.42;
09.01.2025 11:10:40;0.41;
09.01.2025 11:10:41;0.41;
09.01.2025 11:10:42;0.42;
09.01.2025 11:10:46;0.42;
09.01.2025 11:10:47;0.43;
09.01.2025 11:10:48;0.42;
09.01.2025 11:10:49;0.42;
09.01.2025 11:10:50;0.43;
09.01.2025 11:10:51;0.42;
09.01.2025 11:10:52;0.43;
09.01.2025 11:10:53;0.44;
09.01.2025 11:10:57;0.44;
09.01.2025 11:10:58;0.45;
09.01.2025 11:11:00;0.45;
09.01.2025 11:11:01;0.46;
09.01.2025 11:11:02;0.45;
09.01.2025 11:11:03;0.45;
09.01.2025 11:11:04;0.46;
09.01.2025 11:11:05;0.45;
09.01.2025 11:11:06;0.46;
09.01.2025 11:11:07;0.46;
09.01.2025 11:11:08;0.47;
09.01.2025 11:11:09;0.45;
09.01.2025 11:11:10;0.46;
09.01.2025 11:11:11;0.47;
09.01.2025 11:11:15;0.47;
09.01.2025 11:11:16;0.48;
09.01.2025 11:11:21;0.48;
09.01.2025 11:11:22;0.49;
09.01.2025 11:11:27;0.49;
09.01.2025 11:11:28;0.5;
09.01.2025 11:11:29;0.51;
09.01.2025 11:11:30;0.51;
09.01.2025 11:11:31;0.5;
09.01.2025 11:11:32;0.5;
09.01.2025 11:11:33;0.51;
09.01.2025 11:11:34;0.51;
09.01.2025 11:11:35;0.5;
09.01.2025 11:11:36;0.5;
09.01.2025 11:11:37;0.52;
09.01.2025 11:11:38;0.51;
09.01.2025 11:11:39;0.51;
09.01.2025 11:11:40;0.52;
09.01.2025 11:11:41;0.52;
09.01.2025 11:11:42;0.53;
09.01.2025 11:11:44;0.53;
09.01.2025 11:11:45;0.52;
09.01.2025 11:11:46;0.53;
09.01.2025 11:11:50;0.53;
09.01.2025 11:11:51;0.54;
09.01.2025 11:11:54;0.54;
09.01.2025 11:11:55;0.55;
09.01.2025 11:11:57;0.55;
09.01.2025 11:11:58;0.54;
09.01.2025 11:11:59;0.55;
09.01.2025 11:12:00;0.54;
09.01.2025 11:12:01;0.55;
09.01.2025 11:12:02;0.55;
09.01.2025 11:12:03;0.56;
09.01.2025 11:12:05;0.56;
09.01.2025 11:12:06;0.57;
09.01.2025 11:12:07;0.56;
09.01.2025 11:12:08;0.56;
09.01.2025 11:12:09;0.57;
09.01.2025 11:12:10;0.56;
09.01.2025 11:12:11;0.57;
09.01.2025 11:12:12;0.57;
09.01.2025 11:12:13;0.58;
09.01.2025 11:12:14;0.57;
09.01.2025 11:12:17;0.57;
09.01.2025 11:12:18;0.58;
09.01.2025 11:12:23;0.58;
09.01.2025 11:12:24;0.59;
09.01.2025 11:12:28;0.59;
09.01.2025 11:12:29;0.6;
09.01.2025 11:12:34;0.6;
09.01.2025 11:12:35;0.61;
09.01.2025 11:12:36;0.6;
09.01.2025 11:12:37;0.61;
09.01.2025 11:12:38;0.61;
09.01.2025 11:12:39;0.62;
09.01.2025 11:12:40;0.61;
09.01.2025 11:12:42;0.61;
09.01.2025 11:12:43;0.62;
09.01.2025 11:12:44;0.61;
09.01.2025 11:12:45;0.62;
09.01.2025 11:12:46;0.61;
09.01.2025 11:12:47;0.62;
09.01.2025 11:12:48;0.62;
09.01.2025 11:12:49;0.63;
09.01.2025 11:12:50;0.62;
09.01.2025 11:12:51;0.63;
09.01.2025 11:12:53;0.63;
09.01.2025 11:12:54;0.62;
09.01.2025 11:12:55;0.64;
09.01.2025 11:12:56;0.64;
09.01.2025 11:12:57;0.63;
09.01.2025 11:12:58;0.64;
09.01.2025 11:12:59;0.64;
09.01.2025 11:13:00;0.63;
09.01.2025 11:13:01;0.64;
09.01.2025 11:13:02;0.64;
09.01.2025 11:13:03;0.65;
09.01.2025 11:13:04;0.65;
09.01.2025 11:13:05;0.64;
09.01.2025 11:13:06;0.65;
09.01.2025 11:13:08;0.65;
09.01.2025 11:13:09;0.66;
09.01.2025 11:13:10;0.65;
09.01.2025 11:13:11;0.65;
09.01.2025 11:13:12;0.66;
09.01.2025 11:13:15;0.66;
09.01.2025 11:13:16;0.67;
09.01.2025 11:13:20;0.67;
09.01.2025 11:13:21;0.68;
09.01.2025 11:13:22;0.68;
09.01.2025 11:13:23;0.67;
09.01.2025 11:13:24;0.68;
09.01.2025 11:13:28;0.68;
09.01.2025 11:13:29;0.69;
09.01.2025 11:13:30;0.68;
09.01.2025 11:13:31;0.69;
09.01.2025 11:13:33;0.69;
09.01.2025 11:13:34;0.68;
09.01.2025 11:13:35;0.7;
09.01.2025 11:13:43;0.7;
09.01.2025 11:13:44;0.71;
09.01.2025 11:13:45;0.7;
09.01.2025 11:13:46;0.72;
09.01.2025 11:13:47;0.71;
09.01.2025 11:13:48;0.72;
09.01.2025 11:13:49;0.71;
09.01.2025 11:13:50;0.72;
09.01.2025 11:13:55;0.72;
09.01.2025 11:13:56;0.73;
09.01.2025 11:13:57;0.72;
09.01.2025 11:13:58;0.73;
09.01.2025 11:14:02;0.73;
09.01.2025 11:14:03;0.74;
09.01.2025 11:14:04;0.73;
09.01.2025 11:14:05;0.74;
09.01.2025 11:14:11;0.74;
09.01.2025 11:14:12;0.75;
09.01.2025 11:14:15;0.75;
09.01.2025 11:14:16;0.76;
09.01.2025 11:14:25;0.76;
09.01.2025 11:14:26;0.77;
09.01.2025 11:14:29;0.77;
09.01.2025 11:14:30;0.76;
09.01.2025 11:14:31;0.77;
09.01.2025 11:14:32;0.78;
09.01.2025 11:14:33;0.78;
09.01.2025 11:14:34;0.77;
09.01.2025 11:14:35;0.78;
09.01.2025 11:14:36;0.78;
09.01.2025 11:14:37;0.79;
09.01.2025 11:14:38;0.78;
09.01.2025 11:14:40;0.78;
09.01.2025 11:14:41;0.8;
09.01.2025 11:14:42;0.78;
09.01.2025 11:14:43;0.79;
09.01.2025 11:14:45;0.79;
09.01.2025 11:14:46;0.8;
09.01.2025 11:14:47;0.79;
09.01.2025 11:14:48;0.8;
09.01.2025 11:14:49;0.8;
09.01.2025 11:14:50;0.79;
09.01.2025 11:14:51;0.8;
09.01.2025 11:14:54;0.8;
09.01.2025 11:14:55;0.81;
09.01.2025 11:14:56;0.82;
09.01.2025 11:14:57;0.81;
09.01.2025 11:15:03;0.81;
09.01.2025 11:15:04;0.82;
09.01.2025 11:15:05;0.82;
09.01.2025 11:15:06;0.81;
09.01.2025 11:15:07;0.82;
09.01.2025 11:15:08;0.83;
09.01.2025 11:15:09;0.82;
09.01.2025 11:15:10;0.83;
09.01.2025 11:15:13;0.83;
09.01.2025 11:15:14;0.82;
09.01.2025 11:15:15;0.84;
09.01.2025 11:15:16;0.84;
09.01.2025 11:15:17;0.83;
09.01.2025 11:15:18;0.83;
09.01.2025 11:15:19;0.84;
09.01.2025 11:15:24;0.84;
09.01.2025 11:15:25;0.85;
09.01.2025 11:15:33;0.85;
09.01.2025 11:15:34;0.86;
09.01.2025 11:15:37;0.86;
09.01.2025 11:15:38;0.87;
09.01.2025 11:15:44;0.87;
09.01.2025 11:15:45;0.88;
09.01.2025 11:15:46;0.88;
09.01.2025 11:15:47;0.87;
09.01.2025 11:15:48;0.89;
09.01.2025 11:15:49;0.88;
09.01.2025 11:15:50;0.89;
09.01.2025 11:15:51;0.88;
09.01.2025 11:15:53;0.88;
09.01.2025 11:15:54;0.89;
09.01.2025 11:15:59;0.89;
09.01.2025 11:16:00;0.9;
09.01.2025 11:16:01;0.89;
09.01.2025 11:16:02;0.89;
09.01.2025 11:16:03;0.9;
09.01.2025 11:16:06;0.9;
09.01.2025 11:16:07;0.91;
09.01.2025 11:16:08;0.9;
09.01.2025 11:16:09;0.9;
09.01.2025 11:16:10;0.91;
09.01.2025 11:16:15;0.91;
09.01.2025 11:16:16;0.92;
09.01.2025 11:16:23;0.92;
09.01.2025 11:16:24;0.93;
09.01.2025 11:16:25;0.93;
09.01.2025 11:16:26;0.92;
09.01.2025 11:16:27;0.92;
09.01.2025 11:16:28;0.93;
09.01.2025 11:16:30;0.93;
09.01.2025 11:16:31;0.94;
09.01.2025 11:16:41;0.94;
09.01.2025 11:16:42;0.95;
09.01.2025 11:16:44;0.95;
09.01.2025 11:16:45;0.96;
09.01.2025 11:16:46;0.95;
09.01.2025 11:16:47;0.95;
09.01.2025 11:16:48;0.96;
09.01.2025 11:16:52;0.96;
09.01.2025 11:16:53;0.95;
09.01.2025 11:16:54;0.96;
09.01.2025 11:16:55;0.97;
09.01.2025 11:16:56;0.96;
09.01.2025 11:16:57;0.96;
09.01.2025 11:16:58;0.97;
09.01.2025 11:16:59;0.97;
09.01.2025 11:17:00;0.96;
09.01.2025 11:17:01;0.97;
09.01.2025 11:17:03;0.97;
09.01.2025 11:17:04;0.98;
09.01.2025 11:17:05;0.97;
09.01.2025 11:17:06;0.98;
09.01.2025 11:17:07;0.98;
09.01.2025 11:17:08;0.99;
09.01.2025 11:17:09;0.99;
09.01.2025 11:17:10;0.98;
09.01.2025 11:17:11;0.99;
09.01.2025 11:17:16;0.99;
09.01.2025 11:17:17;1;
09.01.2025 11:17:18;0.99;
09.01.2025 11:17:19;1;
09.01.2025 11:17:22;1;
09.01.2025 11:17:23;1.01;
09.01.2025 11:17:25;1.01;
09.01.2025 11:17:26;1;
09.01.2025 11:17:27;1.01;
09.01.2025 11:17:31;1.01;
09.01.2025 11:17:32;1.02;
09.01.2025 11:17:33;1.01;
09.01.2025 11:17:34;1.02;
09.01.2025 11:17:35;1.01;
09.01.2025 11:17:36;1.01;
09.01.2025 11:17:37;1.02;
09.01.2025 11:17:38;1.02;
09.01.2025 11:17:39;1.01;
09.01.2025 11:17:40;1.02;
09.01.2025 11:17:44;1.02;
09.01.2025 11:17:45;1.03;
09.01.2025 11:17:51;1.03;
09.01.2025 11:17:52;1.04;
09.01.2025 11:17:53;1.04;
09.01.2025 11:17:54;1.03;
09.01.2025 11:17:55;1.05;
09.01.2025 11:17:56;1.04;
09.01.2025 11:17:58;1.04;
09.01.2025 11:17:59;1.05;
09.01.2025 11:18:00;1.04;
09.01.2025 11:18:02;1.04;
09.01.2025 11:18:03;1.05;
09.01.2025 11:18:06;1.05;
09.01.2025 11:18:07;1.06;
09.01.2025 11:18:08;1.05;
09.01.2025 11:18:09;1.05;
09.01.2025 11:18:10;1.06;
09.01.2025 11:18:15;1.06;
09.01.2025 11:18:16;1.07;
09.01.2025 11:18:25;1.07;
09.01.2025 11:18:26;1.08;
09.01.2025 11:18:27;1.07;
09.01.2025 11:18:28;1.08;
09.01.2025 11:18:29;1.07;
09.01.2025 11:18:30;1.08;
09.01.2025 11:18:32;1.08;
09.01.2025 11:18:33;1.09;
09.01.2025 11:18:36;1.09;
09.01.2025 11:18:37;1.08;
09.01.2025 11:18:38;1.09;
09.01.2025 11:18:39;1.08;
09.01.2025 11:18:40;1.09;
09.01.2025 11:18:41;1.08;
09.01.2025 11:18:42;1.1;
09.01.2025 11:18:43;1.09;
09.01.2025 11:18:44;1.1;
09.01.2025 11:18:45;1.11;
09.01.2025 11:18:46;1.1;
09.01.2025 11:18:47;1.1;
09.01.2025 11:18:48;1.11;
09.01.2025 11:18:49;1.1;
09.01.2025 11:18:51;1.1;
09.01.2025 11:18:52;1.11;
09.01.2025 11:18:53;1.1;
09.01.2025 11:18:54;1.1;
09.01.2025 11:18:55;1.11;
09.01.2025 11:18:57;1.11;
09.01.2025 11:18:58;1.1;
09.01.2025 11:18:59;1.11;
09.01.2025 11:19:01;1.11;
09.01.2025 11:19:02;1.12;
09.01.2025 11:19:05;1.12;
09.01.2025 11:19:06;1.11;
09.01.2025 11:19:07;1.12;
09.01.2025 11:19:08;1.12;
09.01.2025 11:19:09;1.13;
09.01.2025 11:19:17;1.13;
09.01.2025 11:19:18;1.14;
09.01.2025 11:19:19;1.13;
09.01.2025 11:19:20;1.14;
09.01.2025 11:19:27;1.14;
09.01.2025 11:19:28;1.15;
09.01.2025 11:19:29;1.14;
09.01.2025 11:19:30;1.15;
09.01.2025 11:19:31;1.15;
09.01.2025 11:19:32;1.14;
09.01.2025 11:19:33;1.15;
09.01.2025 11:19:38;1.15;
09.01.2025 11:19:39;1.16;
09.01.2025 11:19:42;1.16;
09.01.2025 11:19:43;1.17;
09.01.2025 11:19:44;1.16;
09.01.2025 11:19:45;1.17;
09.01.2025 11:19:46;1.16;
09.01.2025 11:19:48;1.16;
09.01.2025 11:19:49;1.17;
09.01.2025 11:19:51;1.17;
09.01.2025 11:19:52;1.18;
09.01.2025 11:19:53;1.17;
09.01.2025 11:19:57;1.17;
09.01.2025 11:19:58;1.18;
09.01.2025 11:20:02;1.18;
09.01.2025 11:20:03;1.19;
09.01.2025 11:20:04;1.18;
09.01.2025 11:20:05;1.19;
09.01.2025 11:20:08;1.19;
09.01.2025 11:20:09;1.18;
09.01.2025 11:20:10;1.2;
09.01.2025 11:20:11;1.19;
09.01.2025 11:20:12;1.2;
09.01.2025 11:20:14;1.2;
09.01.2025 11:20:15;1.19;
09.01.2025 11:20:16;1.2;
09.01.2025 11:20:17;1.19;
09.01.2025 11:20:18;1.19;
09.01.2025 11:20:19;1.2;
09.01.2025 11:20:24;1.2;
09.01.2025 11:20:25;1.21;
09.01.2025 11:20:28;1.21;
09.01.2025 11:20:29;1.22;
09.01.2025 11:20:30;1.22;
09.01.2025 11:20:31;1.21;
09.01.2025 11:20:34;1.21;
09.01.2025 11:20:35;1.22;
09.01.2025 11:20:41;1.22;
09.01.2025 11:20:42;1.23;
09.01.2025 11:20:44;1.23;
09.01.2025 11:20:45;1.24;
09.01.2025 11:20:46;1.23;
09.01.2025 11:20:47;1.23;
09.01.2025 11:20:48;1.22;
09.01.2025 11:20:49;1.22;
09.01.2025 11:20:50;1.23;
09.01.2025 11:20:51;1.24;
09.01.2025 11:20:54;1.24;
09.01.2025 11:20:55;1.23;
09.01.2025 11:20:56;1.23;
09.01.2025 11:20:57;1.24;
09.01.2025 11:20:58;1.24;
09.01.2025 11:20:59;1.25;
09.01.2025 11:21:00;1.24;
09.01.2025 11:21:01;1.24;
09.01.2025 11:21:02;1.25;
09.01.2025 11:21:03;1.25;
09.01.2025 11:21:04;1.24;
09.01.2025 11:21:05;1.25;
09.01.2025 11:21:06;1.26;
09.01.2025 11:21:08;1.26;
09.01.2025 11:21:09;1.25;
09.01.2025 11:21:10;1.26;
09.01.2025 11:21:12;1.26;
09.01.2025 11:21:13;1.27;
09.01.2025 11:21:14;1.26;
09.01.2025 11:21:19;1.26;
09.01.2025 11:21:20;1.27;
09.01.2025 11:21:21;1.27;
09.01.2025 11:21:22;1.26;
09.01.2025 11:21:23;1.27;
09.01.2025 11:21:26;1.27;
09.01.2025 11:21:27;1.28;
09.01.2025 11:21:28;1.27;
09.01.2025 11:21:34;1.27;
09.01.2025 11:21:35;1.28;
09.01.2025 11:21:39;1.28;
09.01.2025 11:21:40;1.29;
09.01.2025 11:21:42;1.29;
09.01.2025 11:21:43;1.3;
09.01.2025 11:21:44;1.28;
09.01.2025 11:21:45;1.29;
09.01.2025 11:21:46;1.3;
09.01.2025 11:21:47;1.3;
09.01.2025 11:21:48;1.29;
09.01.2025 11:21:49;1.3;
09.01.2025 11:21:51;1.3;
09.01.2025 11:21:52;1.29;
09.01.2025 11:21:53;1.3;
09.01.2025 11:21:59;1.3;
09.01.2025 11:22:00;1.31;
09.01.2025 11:22:01;1.31;
09.01.2025 11:22:02;1.3;
09.01.2025 11:22:03;1.31;
09.01.2025 11:22:06;1.31;
09.01.2025 11:22:07;1.32;
09.01.2025 11:22:08;1.31;
09.01.2025 11:22:09;1.3;
09.01.2025 11:22:10;1.31;
09.01.2025 11:22:11;1.31;
09.01.2025 11:22:12;1.32;
09.01.2025 11:22:14;1.32;
09.01.2025 11:22:15;1.31;
09.01.2025 11:22:16;1.33;
09.01.2025 11:22:17;1.32;
09.01.2025 11:22:18;1.33;
09.01.2025 11:22:19;1.32;
09.01.2025 11:22:20;1.33;
09.01.2025 11:22:23;1.33;
09.01.2025 11:22:24;1.34;
09.01.2025 11:22:25;1.34;
09.01.2025 11:22:26;1.33;
09.01.2025 11:22:29;1.33;
09.01.2025 11:22:30;1.35;
09.01.2025 11:22:31;1.34;
09.01.2025 11:22:33;1.34;
09.01.2025 11:22:34;1.33;
09.01.2025 11:22:35;1.34;
09.01.2025 11:22:37;1.34;
09.01.2025 11:22:38;1.35;
09.01.2025 11:22:39;1.34;
09.01.2025 11:22:40;1.35;
09.01.2025 11:22:41;1.34;
09.01.2025 11:22:42;1.34;
09.01.2025 11:22:43;1.35;
09.01.2025 11:22:44;1.35;
09.01.2025 11:22:45;1.34;
09.01.2025 11:22:46;1.35;
09.01.2025 11:22:47;1.35;
09.01.2025 11:22:48;1.36;
09.01.2025 11:22:51;1.36;
09.01.2025 11:22:52;1.35;
09.01.2025 11:22:53;1.36;
09.01.2025 11:22:59;1.36;
09.01.2025 11:23:00;1.37;
09.01.2025 11:23:01;1.36;
09.01.2025 11:23:02;1.36;
09.01.2025 11:23:03;1.37;
09.01.2025 11:23:05;1.37;
09.01.2025 11:23:06;1.36;
09.01.2025 11:23:07;1.38;
09.01.2025 11:23:08;1.37;
09.01.2025 11:23:10;1.37;
09.01.2025 11:23:11;1.38;
09.01.2025 11:23:12;1.37;
09.01.2025 11:23:13;1.37;
09.01.2025 11:23:14;1.38;
09.01.2025 11:23:18;1.38;
09.01.2025 11:23:19;1.39;
09.01.2025 11:23:21;1.39;
09.01.2025 11:23:22;1.38;
09.01.2025 11:23:23;1.39;
09.01.2025 11:23:24;1.39;
09.01.2025 11:23:25;1.38;
09.01.2025 11:23:26;1.38;
09.01.2025 11:23:27;1.39;
09.01.2025 11:23:29;1.39;
09.01.2025 11:23:30;1.38;
09.01.2025 11:23:31;1.38;
09.01.2025 11:23:32;1.4;
09.01.2025 11:23:38;1.4;
09.01.2025 11:23:39;1.41;
09.01.2025 11:23:40;1.39;
09.01.2025 11:23:41;1.4;
09.01.2025 11:23:42;1.4;
09.01.2025 11:23:43;1.41;
09.01.2025 11:23:44;1.4;
09.01.2025 11:23:45;1.4;
09.01.2025 11:23:46;1.41;
09.01.2025 11:23:47;1.4;
09.01.2025 11:23:48;1.41;
09.01.2025 11:23:49;1.41;
09.01.2025 11:23:50;1.42;
09.01.2025 11:23:54;1.42;
09.01.2025 11:23:55;1.41;
09.01.2025 11:23:56;1.42;
09.01.2025 11:23:58;1.42;
09.01.2025 11:23:59;1.43;
09.01.2025 11:24:00;1.42;
09.01.2025 11:24:02;1.42;
09.01.2025 11:24:03;1.43;
09.01.2025 11:24:04;1.42;
09.01.2025 11:24:05;1.43;
09.01.2025 11:24:09;1.43;
09.01.2025 11:24:10;1.44;
09.01.2025 11:24:11;1.43;
09.01.2025 11:24:12;1.42;
09.01.2025 11:24:13;1.44;
09.01.2025 11:24:19;1.44;
09.01.2025 11:24:20;1.43;
09.01.2025 11:24:21;1.44;
09.01.2025 11:24:22;1.44;
09.01.2025 11:24:23;1.43;
09.01.2025 11:24:24;1.44;
09.01.2025 11:24:25;1.44;
09.01.2025 11:24:26;1.45;
09.01.2025 11:24:33;1.45;
09.01.2025 11:24:34;1.46;
09.01.2025 11:24:35;1.45;
09.01.2025 11:24:37;1.45;
09.01.2025 11:24:38;1.46;
09.01.2025 11:24:41;1.46;
09.01.2025 11:24:42;1.47;
09.01.2025 11:24:44;1.47;
09.01.2025 11:24:45;1.46;
09.01.2025 11:24:46;1.46;
09.01.2025 11:24:47;1.47;
09.01.2025 11:24:48;1.46;
09.01.2025 11:24:49;1.47;
09.01.2025 11:24:55;1.47;
09.01.2025 11:24:56;1.48;
09.01.2025 11:24:57;1.48;
09.01.2025 11:24:58;1.47;
09.01.2025 11:24:59;1.48;
09.01.2025 11:25:00;1.48;
09.01.2025 11:25:01;1.47;
09.01.2025 11:25:02;1.48;
09.01.2025 11:25:03;1.48;
09.01.2025 11:25:04;1.47;
09.01.2025 11:25:05;1.48;
09.01.2025 11:25:06;1.49;
09.01.2025 11:25:07;1.48;
09.01.2025 11:25:08;1.48;
09.01.2025 11:25:09;1.49;
09.01.2025 11:25:10;1.48;
09.01.2025 11:25:11;1.49;
09.01.2025 11:25:20;1.49;
09.01.2025 11:25:21;1.5;
09.01.2025 11:25:22;1.49;
09.01.2025 11:25:23;1.49;
09.01.2025 11:25:24;1.5;
09.01.2025 11:25:33;1.5;
09.01.2025 11:25:34;1.51;
09.01.2025 11:25:35;1.51;
09.01.2025 11:25:36;1.5;
09.01.2025 11:25:37;1.51;
09.01.2025 11:25:42;1.51;
09.01.2025 11:25:43;1.52;
09.01.2025 11:25:44;1.52;
09.01.2025 11:25:45;1.53;
09.01.2025 11:25:46;1.52;
09.01.2025 11:25:47;1.51;
09.01.2025 11:25:48;1.52;
09.01.2025 11:25:54;1.52;
09.01.2025 11:25:55;1.53;
09.01.2025 11:25:56;1.52;
09.01.2025 11:25:57;1.53;
09.01.2025 11:26:02;1.53;
09.01.2025 11:26:03;1.52;
09.01.2025 11:26:04;1.53;
09.01.2025 11:26:05;1.53;
09.01.2025 11:26:06;1.54;
09.01.2025 11:26:13;1.54;
09.01.2025 11:26:14;1.55;
09.01.2025 11:26:15;1.55;
09.01.2025 11:26:16;1.54;
09.01.2025 11:26:17;1.55;
09.01.2025 11:26:18;1.53;
09.01.2025 11:26:19;1.54;
09.01.2025 11:26:20;1.55;
09.01.2025 11:26:21;1.54;
09.01.2025 11:26:22;1.55;
09.01.2025 11:26:24;1.55;
09.01.2025 11:26:25;1.56;
09.01.2025 11:26:26;1.55;
09.01.2025 11:26:28;1.55;
09.01.2025 11:26:29;1.56;
09.01.2025 11:26:41;1.56;
09.01.2025 11:26:42;1.57;
09.01.2025 11:26:44;1.57;
09.01.2025 11:26:45;1.56;
09.01.2025 11:26:46;1.57;
09.01.2025 11:26:49;1.57;
09.01.2025 11:26:50;1.58;
09.01.2025 11:26:51;1.57;
09.01.2025 11:26:52;1.58;
09.01.2025 11:27:00;1.58;
09.01.2025 11:27:01;1.59;
09.01.2025 11:27:07;1.59;
09.01.2025 11:27:08;1.58;
09.01.2025 11:27:09;1.59;
09.01.2025 11:27:15;1.59;
09.01.2025 11:27:16;1.6;
09.01.2025 11:27:20;1.6;
09.01.2025 11:27:21;1.59;
09.01.2025 11:27:22;1.6;
09.01.2025 11:27:23;1.61;
09.01.2025 11:27:24;1.6;
09.01.2025 11:27:25;1.61;
09.01.2025 11:27:26;1.6;
09.01.2025 11:27:29;1.6;
09.01.2025 11:27:30;1.61;
09.01.2025 11:27:31;1.62;
09.01.2025 11:27:32;1.61;
09.01.2025 11:27:35;1.61;
09.01.2025 11:27:36;1.62;
09.01.2025 11:27:37;1.61;
09.01.2025 11:27:39;1.61;
09.01.2025 11:27:40;1.6;
09.01.2025 11:27:41;1.62;
09.01.2025 11:27:42;1.61;
09.01.2025 11:27:43;1.62;
09.01.2025 11:27:49;1.62;
09.01.2025 11:27:50;1.63;
09.01.2025 11:27:51;1.63;
09.01.2025 11:27:52;1.62;
09.01.2025 11:27:53;1.62;
09.01.2025 11:27:54;1.63;
09.01.2025 11:28:03;1.63;
09.01.2025 11:28:04;1.64;
09.01.2025 11:28:07;1.64;
09.01.2025 11:28:08;1.65;
09.01.2025 11:28:09;1.64;
09.01.2025 11:28:10;1.65;
09.01.2025 11:28:11;1.64;
09.01.2025 11:28:16;1.64;
09.01.2025 11:28:17;1.65;
09.01.2025 11:28:18;1.64;
09.01.2025 11:28:19;1.64;
09.01.2025 11:28:20;1.66;
09.01.2025 11:28:21;1.65;
09.01.2025 11:28:22;1.65;
09.01.2025 11:28:23;1.66;
09.01.2025 11:28:24;1.64;
09.01.2025 11:28:25;1.65;
09.01.2025 11:28:27;1.65;
09.01.2025 11:28:28;1.66;
09.01.2025 11:28:29;1.64;
09.01.2025 11:28:30;1.66;
09.01.2025 11:28:38;1.66;
09.01.2025 11:28:39;1.67;
09.01.2025 11:28:40;1.66;
09.01.2025 11:28:41;1.66;
09.01.2025 11:28:42;1.67;
09.01.2025 11:28:45;1.67;
09.01.2025 11:28:46;1.66;
09.01.2025 11:28:47;1.66;
09.01.2025 11:28:48;1.67;
09.01.2025 11:28:49;1.67;
09.01.2025 11:28:50;1.68;
09.01.2025 11:28:51;1.67;
09.01.2025 11:28:54;1.67;
09.01.2025 11:28:55;1.68;
09.01.2025 11:28:56;1.67;
09.01.2025 11:28:57;1.68;
09.01.2025 11:29:03;1.68;
09.01.2025 11:29:04;1.69;
09.01.2025 11:29:05;1.68;
09.01.2025 11:29:06;1.68;
09.01.2025 11:29:07;1.69;
09.01.2025 11:29:08;1.69;
09.01.2025 11:29:09;1.68;
09.01.2025 11:29:11;1.68;
09.01.2025 11:29:12;1.69;
09.01.2025 11:29:13;1.7;
09.01.2025 11:29:14;1.69;
09.01.2025 11:29:15;1.68;
09.01.2025 11:29:16;1.69;
09.01.2025 11:29:19;1.69;
09.01.2025 11:29:20;1.7;
09.01.2025 11:29:21;1.7;
09.01.2025 11:29:22;1.69;
09.01.2025 11:29:23;1.69;
09.01.2025 11:29:24;1.7;
09.01.2025 11:29:28;1.7;
09.01.2025 11:29:29;1.71;
09.01.2025 11:29:30;1.7;
09.01.2025 11:29:31;1.71;
09.01.2025 11:29:32;1.7;
09.01.2025 11:29:33;1.7;
09.01.2025 11:29:34;1.71;
09.01.2025 11:29:38;1.71;
09.01.2025 11:29:39;1.7;
09.01.2025 11:29:40;1.71;
09.01.2025 11:29:41;1.71;
09.01.2025 11:29:42;1.72;
09.01.2025 11:29:43;1.71;
09.01.2025 11:29:47;1.71;
09.01.2025 11:29:48;1.72;
09.01.2025 11:29:49;1.71;
09.01.2025 11:29:50;1.71;
09.01.2025 11:29:51;1.72;
09.01.2025 11:29:58;1.72;
09.01.2025 11:29:59;1.73;
09.01.2025 11:30:00;1.73;
09.01.2025 11:30:01;1.72;
09.01.2025 11:30:02;1.73;
09.01.2025 11:30:03;1.72;
09.01.2025 11:30:04;1.73;
09.01.2025 11:30:07;1.73;
09.01.2025 11:30:08;1.72;
09.01.2025 11:30:10;1.72;
09.01.2025 11:30:11;1.73;
09.01.2025 11:30:12;1.72;
09.01.2025 11:30:13;1.74;
09.01.2025 11:30:14;1.73;
09.01.2025 11:30:15;1.74;
09.01.2025 11:30:16;1.74;
09.01.2025 11:30:17;1.73;
09.01.2025 11:30:18;1.74;
09.01.2025 11:30:19;1.74;
09.01.2025 11:30:20;1.73;
09.01.2025 11:30:21;1.73;
09.01.2025 11:30:22;1.74;
09.01.2025 11:30:23;1.75;
09.01.2025 11:30:24;1.74;
09.01.2025 11:30:25;1.75;
09.01.2025 11:30:26;1.74;
09.01.2025 11:30:27;1.75;
09.01.2025 11:30:28;1.74;
09.01.2025 11:30:29;1.74;
09.01.2025 11:30:30;1.75;
09.01.2025 11:30:31;1.74;
09.01.2025 11:30:32;1.74;
09.01.2025 11:30:33;1.75;
09.01.2025 11:30:37;1.75;
09.01.2025 11:30:38;1.76;
09.01.2025 11:30:39;1.75;
09.01.2025 11:30:40;1.76;
09.01.2025 11:30:41;1.75;
09.01.2025 11:30:42;1.76;
09.01.2025 11:30:43;1.75;
09.01.2025 11:30:44;1.76;
09.01.2025 11:30:46;1.76;
09.01.2025 11:30:47;1.75;
09.01.2025 11:30:48;1.76;
09.01.2025 11:30:49;1.75;
09.01.2025 11:30:50;1.76;
09.01.2025 11:30:52;1.76;
09.01.2025 11:30:53;1.75;
09.01.2025 11:30:54;1.75;
09.01.2025 11:30:55;1.76;
09.01.2025 11:30:57;1.76;
09.01.2025 11:30:58;1.77;
09.01.2025 11:30:59;1.76;
09.01.2025 11:31:00;1.77;
09.01.2025 11:31:09;1.77;
09.01.2025 11:31:10;1.78;
09.01.2025 11:31:11;1.78;
09.01.2025 11:31:12;1.77;
09.01.2025 11:31:13;1.77;
09.01.2025 11:31:14;1.78;
09.01.2025 11:31:15;1.78;
09.01.2025 11:31:16;1.79;
09.01.2025 11:31:17;1.78;
09.01.2025 11:31:18;1.79;
09.01.2025 11:31:19;1.79;
09.01.2025 11:31:20;1.78;
09.01.2025 11:31:21;1.79;
09.01.2025 11:31:22;1.78;
09.01.2025 11:31:23;1.78;
09.01.2025 11:31:24;1.79;
09.01.2025 11:31:26;1.79;
09.01.2025 11:31:27;1.78;
09.01.2025 11:31:28;1.79;
09.01.2025 11:31:36;1.79;
09.01.2025 11:31:37;1.8;
09.01.2025 11:31:38;1.8;
09.01.2025 11:31:39;1.79;
09.01.2025 11:31:40;1.8;
09.01.2025 11:31:41;1.79;
09.01.2025 11:31:42;1.8;
09.01.2025 11:31:48;1.8;
09.01.2025 11:31:49;1.81;
09.01.2025 11:31:50;1.8;
09.01.2025 11:31:51;1.81;
09.01.2025 11:31:52;1.8;
09.01.2025 11:31:53;1.8;
09.01.2025 11:31:54;1.81;
09.01.2025 11:32:01;1.81;
09.01.2025 11:32:02;1.82;
09.01.2025 11:32:03;1.81;
09.01.2025 11:32:04;1.82;
09.01.2025 11:32:05;1.81;
09.01.2025 11:32:06;1.81;
09.01.2025 11:32:07;1.82;
09.01.2025 11:32:08;1.81;
09.01.2025 11:32:09;1.81;
09.01.2025 11:32:10;1.82;
09.01.2025 11:32:12;1.82;
09.01.2025 11:32:13;1.83;
09.01.2025 11:32:15;1.83;
09.01.2025 11:32:16;1.82;
09.01.2025 11:32:17;1.83;
09.01.2025 11:32:19;1.83;
09.01.2025 11:32:20;1.82;
09.01.2025 11:32:21;1.83;
09.01.2025 11:32:22;1.82;
09.01.2025 11:32:23;1.82;
09.01.2025 11:32:24;1.83;
09.01.2025 11:32:28;1.83;
09.01.2025 11:32:29;1.82;
09.01.2025 11:32:30;1.83;
09.01.2025 11:32:35;1.83;
09.01.2025 11:32:36;1.84;
09.01.2025 11:32:37;1.83;
09.01.2025 11:32:38;1.83;
09.01.2025 11:32:39;1.84;
09.01.2025 11:32:40;1.84;
09.01.2025 11:32:41;1.83;
09.01.2025 11:32:42;1.84;
09.01.2025 11:32:45;1.84;
09.01.2025 11:32:46;1.85;
09.01.2025 11:32:48;1.85;
09.01.2025 11:32:49;1.84;
09.01.2025 11:32:50;1.85;
09.01.2025 11:32:51;1.84;
09.01.2025 11:32:52;1.85;
09.01.2025 11:32:53;1.84;
09.01.2025 11:32:54;1.84;
09.01.2025 11:32:55;1.85;
09.01.2025 11:33:02;1.85;
09.01.2025 11:33:03;1.86;
09.01.2025 11:33:05;1.86;
09.01.2025 11:33:06;1.85;
09.01.2025 11:33:07;1.86;
09.01.2025 11:33:10;1.86;
09.01.2025 11:33:11;1.85;
09.01.2025 11:33:12;1.86;
09.01.2025 11:33:15;1.86;
09.01.2025 11:33:16;1.87;
09.01.2025 11:33:20;1.87;
09.01.2025 11:33:21;1.88;
09.01.2025 11:33:22;1.88;
09.01.2025 11:33:23;1.87;
09.01.2025 11:33:29;1.87;
09.01.2025 11:33:30;1.88;
09.01.2025 11:33:31;1.87;
09.01.2025 11:33:32;1.88;
09.01.2025 11:33:33;1.87;
09.01.2025 11:33:35;1.87;
09.01.2025 11:33:36;1.88;
09.01.2025 11:33:37;1.87;
09.01.2025 11:33:38;1.88;
09.01.2025 11:33:39;1.88;
09.01.2025 11:33:40;1.89;
09.01.2025 11:33:41;1.88;
09.01.2025 11:33:42;1.89;
09.01.2025 11:33:43;1.89;
09.01.2025 11:33:44;1.88;
09.01.2025 11:33:45;1.89;
09.01.2025 11:33:47;1.89;
09.01.2025 11:33:48;1.88;
09.01.2025 11:33:51;1.88;
09.01.2025 11:33:52;1.89;
09.01.2025 11:33:58;1.89;
09.01.2025 11:33:59;1.9;
09.01.2025 11:34:01;1.9;
09.01.2025 11:34:02;1.89;
09.01.2025 11:34:03;1.89;
09.01.2025 11:34:04;1.9;
09.01.2025 11:34:08;1.9;
09.01.2025 11:34:09;1.89;
09.01.2025 11:34:10;1.9;
09.01.2025 11:34:11;1.91;
09.01.2025 11:34:12;1.9;
09.01.2025 11:34:13;1.91;
09.01.2025 11:34:15;1.91;
09.01.2025 11:34:16;1.9;
09.01.2025 11:34:17;1.9;
09.01.2025 11:34:18;1.91;
09.01.2025 11:34:21;1.91;
09.01.2025 11:34:22;1.9;
09.01.2025 11:34:23;1.91;
09.01.2025 11:34:24;1.92;
09.01.2025 11:34:25;1.91;
09.01.2025 11:34:27;1.91;
09.01.2025 11:34:28;1.92;
09.01.2025 11:34:29;1.9;
09.01.2025 11:34:30;1.91;
09.01.2025 11:34:31;1.92;
09.01.2025 11:34:32;1.91;
09.01.2025 11:34:33;1.92;
09.01.2025 11:34:37;1.92;
09.01.2025 11:34:38;1.91;
09.01.2025 11:34:39;1.92;
09.01.2025 11:34:44;1.92;
09.01.2025 11:34:45;1.93;
09.01.2025 11:34:46;1.92;
09.01.2025 11:34:47;1.92;
09.01.2025 11:34:48;1.93;
09.01.2025 11:34:49;1.93;
09.01.2025 11:34:50;1.92;
09.01.2025 11:34:52;1.92;
09.01.2025 11:34:53;1.93;
09.01.2025 11:34:54;1.93;
09.01.2025 11:34:55;1.94;
09.01.2025 11:34:56;1.93;
09.01.2025 11:34:58;1.93;
09.01.2025 11:34:59;1.92;
09.01.2025 11:35:00;1.93;
09.01.2025 11:35:03;1.93;
09.01.2025 11:35:04;1.94;
09.01.2025 11:35:05;1.94;
09.01.2025 11:35:06;1.93;
09.01.2025 11:35:07;1.93;
09.01.2025 11:35:08;1.94;
09.01.2025 11:35:09;1.93;
09.01.2025 11:35:10;1.94;
09.01.2025 11:35:14;1.94;
09.01.2025 11:35:15;1.95;
09.01.2025 11:35:16;1.94;
09.01.2025 11:35:17;1.95;
09.01.2025 11:35:18;1.95;
09.01.2025 11:35:19;1.94;
09.01.2025 11:35:20;1.95;
09.01.2025 11:35:29;1.95;
09.01.2025 11:35:30;1.96;
09.01.2025 11:35:31;1.95;
09.01.2025 11:35:32;1.95;
09.01.2025 11:35:33;1.96;
09.01.2025 11:35:34;1.96;
09.01.2025 11:35:35;1.95;
09.01.2025 11:35:36;1.96;
09.01.2025 11:35:41;1.96;
09.01.2025 11:35:42;1.95;
09.01.2025 11:35:43;1.96;
09.01.2025 11:35:49;1.96;
09.01.2025 11:35:50;1.97;
09.01.2025 11:35:51;1.96;
09.01.2025 11:35:52;1.97;
09.01.2025 11:35:57;1.97;
09.01.2025 11:35:58;1.96;
09.01.2025 11:35:59;1.97;
09.01.2025 11:36:02;1.97;
09.01.2025 11:36:03;1.98;
09.01.2025 11:36:04;1.98;
09.01.2025 11:36:05;1.97;
09.01.2025 11:36:06;1.98;
09.01.2025 11:36:07;1.98;
09.01.2025 11:36:08;1.97;
09.01.2025 11:36:09;1.98;
09.01.2025 11:36:11;1.98;
09.01.2025 11:36:12;1.97;
09.01.2025 11:36:13;1.98;
09.01.2025 11:36:14;1.99;
09.01.2025 11:36:15;1.98;
09.01.2025 11:36:16;1.98;
09.01.2025 11:36:17;1.99;
09.01.2025 11:36:19;1.99;
09.01.2025 11:36:20;1.98;
09.01.2025 11:36:21;1.99;
09.01.2025 11:36:22;1.99;
09.01.2025 11:36:23;1.98;
09.01.2025 11:36:24;1.98;
09.01.2025 11:36:25;1.99;
09.01.2025 11:36:28;1.99;
09.01.2025 11:36:29;2;
09.01.2025 11:36:30;1.99;
09.01.2025 11:36:33;1.99;
09.01.2025 11:36:34;2;
09.01.2025 11:36:35;1.99;
09.01.2025 11:36:36;2;
09.01.2025 11:36:38;2;
09.01.2025 11:36:39;1.99;
09.01.2025 11:36:40;2;
09.01.2025 11:36:41;2;
09.01.2025 11:36:42;1.99;
09.01.2025 11:36:43;2;
09.01.2025 11:36:44;2.01;
09.01.2025 11:36:45;2;
09.01.2025 11:36:46;2;
09.01.2025 11:36:47;2.01;
09.01.2025 11:36:48;2;
09.01.2025 11:36:49;2.01;
09.01.2025 11:36:50;2.01;
09.01.2025 11:36:51;2;
09.01.2025 11:36:52;2;
09.01.2025 11:36:53;2.01;
09.01.2025 11:36:59;2.01;
09.01.2025 11:37:00;2;
09.01.2025 11:37:01;2.01;
09.01.2025 11:37:02;2.02;
09.01.2025 11:37:03;2.01;
09.01.2025 11:37:04;2.02;
09.01.2025 11:37:05;2.01;
09.01.2025 11:37:08;2.01;
09.01.2025 11:37:09;2.02;
09.01.2025 11:37:10;2.02;
09.01.2025 11:37:11;2.01;
09.01.2025 11:37:12;2.02;
09.01.2025 11:37:13;2.02;
09.01.2025 11:37:14;2.01;
09.01.2025 11:37:15;2.02;
09.01.2025 11:37:17;2.02;
09.01.2025 11:37:18;2.01;
09.01.2025 11:37:19;2.02;
09.01.2025 11:37:25;2.02;
09.01.2025 11:37:26;2.03;
09.01.2025 11:37:27;2.02;
09.01.2025 11:37:28;2.03;
09.01.2025 11:37:29;2.03;
09.01.2025 11:37:30;2.02;
09.01.2025 11:37:31;2.03;
09.01.2025 11:37:32;2.03;
09.01.2025 11:37:33;2.02;
09.01.2025 11:37:34;2.03;
09.01.2025 11:37:39;2.03;
09.01.2025 11:37:40;2.04;
09.01.2025 11:37:41;2.03;
09.01.2025 11:37:42;2.03;
09.01.2025 11:37:43;2.04;
09.01.2025 11:37:46;2.04;
09.01.2025 11:37:47;2.03;
09.01.2025 11:37:48;2.04;
09.01.2025 11:37:49;2.03;
09.01.2025 11:37:50;2.03;
09.01.2025 11:37:51;2.04;
09.01.2025 11:37:52;2.04;
09.01.2025 11:37:53;2.05;
09.01.2025 11:37:54;2.04;
09.01.2025 11:37:56;2.04;
09.01.2025 11:37:57;2.05;
09.01.2025 11:37:58;2.04;
09.01.2025 11:37:59;2.05;
09.01.2025 11:38:00;2.04;
09.01.2025 11:38:01;2.05;
09.01.2025 11:38:04;2.05;
09.01.2025 11:38:05;2.04;
09.01.2025 11:38:06;2.05;
09.01.2025 11:38:13;2.05;
09.01.2025 11:38:14;2.06;
09.01.2025 11:38:15;2.05;
09.01.2025 11:38:16;2.06;
09.01.2025 11:38:17;2.05;
09.01.2025 11:38:18;2.05;
09.01.2025 11:38:19;2.06;
09.01.2025 11:38:27;2.06;
09.01.2025 11:38:28;2.05;
09.01.2025 11:38:29;2.06;
09.01.2025 11:38:32;2.06;
09.01.2025 11:38:33;2.07;
09.01.2025 11:38:34;2.06;
09.01.2025 11:38:36;2.06;
09.01.2025 11:38:37;2.07;
09.01.2025 11:38:38;2.07;
09.01.2025 11:38:39;2.06;
09.01.2025 11:38:40;2.06;
09.01.2025 11:38:41;2.07;
09.01.2025 11:38:42;2.07;
09.01.2025 11:38:43;2.06;
09.01.2025 11:38:44;2.07;
09.01.2025 11:38:46;2.07;
09.01.2025 11:38:47;2.06;
09.01.2025 11:38:48;2.07;
09.01.2025 11:38:52;2.07;
09.01.2025 11:38:53;2.08;
09.01.2025 11:38:54;2.08;
09.01.2025 11:38:55;2.06;
09.01.2025 11:38:56;2.06;
09.01.2025 11:38:57;2.08;
09.01.2025 11:38:58;2.07;
09.01.2025 11:38:59;2.08;
09.01.2025 11:39:03;2.08;
09.01.2025 11:39:04;2.07;
09.01.2025 11:39:05;2.08;
09.01.2025 11:39:08;2.08;
09.01.2025 11:39:09;2.09;
09.01.2025 11:39:10;2.09;
09.01.2025 11:39:11;2.08;
09.01.2025 11:39:12;2.09;
09.01.2025 11:39:13;2.08;
09.01.2025 11:39:14;2.09;
09.01.2025 11:39:16;2.09;
09.01.2025 11:39:17;2.08;
09.01.2025 11:39:18;2.09;
09.01.2025 11:39:21;2.09;
09.01.2025 11:39:22;2.08;
09.01.2025 11:39:23;2.08;
09.01.2025 11:39:24;2.09;
09.01.2025 11:39:27;2.09;
09.01.2025 11:39:28;2.1;
09.01.2025 11:39:29;2.1;
09.01.2025 11:39:30;2.09;
09.01.2025 11:39:32;2.09;
09.01.2025 11:39:33;2.1;
09.01.2025 11:39:36;2.1;
09.01.2025 11:39:37;2.09;
09.01.2025 11:39:38;2.09;
09.01.2025 11:39:39;2.1;
09.01.2025 11:39:41;2.1;
09.01.2025 11:39:42;2.09;
09.01.2025 11:39:43;2.1;
09.01.2025 11:39:48;2.1;
09.01.2025 11:39:49;2.11;
09.01.2025 11:39:50;2.1;
09.01.2025 11:39:51;2.11;
09.01.2025 11:39:52;2.1;
09.01.2025 11:39:53;2.1;
09.01.2025 11:39:54;2.11;
09.01.2025 11:39:59;2.11;
09.01.2025 11:40:00;2.12;
09.01.2025 11:40:01;2.12;
09.01.2025 11:40:02;2.11;
09.01.2025 11:40:03;2.11;
09.01.2025 11:40:04;2.12;
09.01.2025 11:40:05;2.11;
09.01.2025 11:40:06;2.12;
09.01.2025 11:40:07;2.11;
09.01.2025 11:40:08;2.11;
09.01.2025 11:40:09;2.12;
09.01.2025 11:40:10;2.12;
09.01.2025 11:40:11;2.11;
09.01.2025 11:40:12;2.11;
09.01.2025 11:40:13;2.12;
09.01.2025 11:40:14;2.12;
09.01.2025 11:40:15;2.11;
09.01.2025 11:40:16;2.13;
09.01.2025 11:40:17;2.12;
09.01.2025 11:40:18;2.11;
09.01.2025 11:40:19;2.11;
09.01.2025 11:40:20;2.12;
09.01.2025 11:40:21;2.13;
09.01.2025 11:40:22;2.12;
09.01.2025 11:40:23;2.12;
09.01.2025 11:40:24;2.13;
09.01.2025 11:40:26;2.13;
09.01.2025 11:40:27;2.12;
09.01.2025 11:40:28;2.12;
09.01.2025 11:40:29;2.13;
09.01.2025 11:40:30;2.12;
09.01.2025 11:40:31;2.13;
09.01.2025 11:40:32;2.14;
09.01.2025 11:40:33;2.12;
09.01.2025 11:40:34;2.13;
09.01.2025 11:40:43;2.13;
09.01.2025 11:40:44;2.14;
09.01.2025 11:40:47;2.14;
09.01.2025 11:40:48;2.13;
09.01.2025 11:40:49;2.14;
09.01.2025 11:40:50;2.14;
09.01.2025 11:40:51;2.15;
09.01.2025 11:40:52;2.13;
09.01.2025 11:40:53;2.14;
09.01.2025 11:40:54;2.15;
09.01.2025 11:40:56;2.15;
09.01.2025 11:40:57;2.14;
09.01.2025 11:40:58;2.13;
09.01.2025 11:40:59;2.14;
09.01.2025 11:41:00;2.15;
09.01.2025 11:41:05;2.15;
09.01.2025 11:41:06;2.14;
09.01.2025 11:41:07;2.15;
09.01.2025 11:41:15;2.15;
09.01.2025 11:41:16;2.16;
09.01.2025 11:41:17;2.14;
09.01.2025 11:41:18;2.15;
09.01.2025 11:41:19;2.16;
09.01.2025 11:41:20;2.15;
09.01.2025 11:41:21;2.16;
09.01.2025 11:41:22;2.16;
09.01.2025 11:41:23;2.15;
09.01.2025 11:41:24;2.16;
09.01.2025 11:41:25;2.16;
09.01.2025 11:41:26;2.17;
09.01.2025 11:41:27;2.15;
09.01.2025 11:41:28;2.15;
09.01.2025 11:41:29;2.16;
09.01.2025 11:41:32;2.16;
09.01.2025 11:41:33;2.17;
09.01.2025 11:41:34;2.16;
09.01.2025 11:41:35;2.17;
09.01.2025 11:41:36;2.16;
09.01.2025 11:41:41;2.16;
09.01.2025 11:41:42;2.17;
09.01.2025 11:41:43;2.17;
09.01.2025 11:41:44;2.16;
09.01.2025 11:41:45;2.17;
09.01.2025 11:41:46;2.16;
09.01.2025 11:41:47;2.16;
09.01.2025 11:41:48;2.17;
09.01.2025 11:41:51;2.17;
09.01.2025 11:41:52;2.18;
09.01.2025 11:41:53;2.17;
09.01.2025 11:41:55;2.17;
09.01.2025 11:41:56;2.18;
09.01.2025 11:41:57;2.18;
09.01.2025 11:41:58;2.17;
09.01.2025 11:41:59;2.19;
09.01.2025 11:42:00;2.18;
09.01.2025 11:42:03;2.18;
09.01.2025 11:42:04;2.17;
09.01.2025 11:42:05;2.18;
09.01.2025 11:42:07;2.18;
09.01.2025 11:42:08;2.17;
09.01.2025 11:42:09;2.18;
09.01.2025 11:42:16;2.18;
09.01.2025 11:42:17;2.19;
09.01.2025 11:42:18;2.18;
09.01.2025 11:42:24;2.18;
09.01.2025 11:42:25;2.19;
09.01.2025 11:42:26;2.18;
09.01.2025 11:42:27;2.19;
09.01.2025 11:42:36;2.19;
09.01.2025 11:42:37;2.2;
09.01.2025 11:42:38;2.19;
09.01.2025 11:42:39;2.2;
09.01.2025 11:42:40;2.2;
09.01.2025 11:42:41;2.19;
09.01.2025 11:42:42;2.2;
09.01.2025 11:42:43;2.2;
09.01.2025 11:42:44;2.19;
09.01.2025 11:42:45;2.2;
09.01.2025 11:42:47;2.2;
09.01.2025 11:42:48;2.21;
09.01.2025 11:42:49;2.2;
09.01.2025 11:42:50;2.21;
09.01.2025 11:42:51;2.2;
09.01.2025 11:42:52;2.2;
09.01.2025 11:42:53;2.21;
09.01.2025 11:42:55;2.21;
09.01.2025 11:42:56;2.2;
09.01.2025 11:42:57;2.21;
09.01.2025 11:43:01;2.21;
09.01.2025 11:43:02;2.2;
09.01.2025 11:43:03;2.21;
09.01.2025 11:43:07;2.21;
09.01.2025 11:43:08;2.2;
09.01.2025 11:43:09;2.21;
09.01.2025 11:43:11;2.21;
09.01.2025 11:43:12;2.2;
09.01.2025 11:43:13;2.21;
09.01.2025 11:43:14;2.22;
09.01.2025 11:43:15;2.22;
09.01.2025 11:43:16;2.21;
09.01.2025 11:43:17;2.21;
09.01.2025 11:43:18;2.22;
09.01.2025 11:43:20;2.22;
09.01.2025 11:43:21;2.21;
09.01.2025 11:43:22;2.22;
09.01.2025 11:43:34;2.22;
09.01.2025 11:43:35;2.23;
09.01.2025 11:43:36;2.22;
09.01.2025 11:43:38;2.22;
09.01.2025 11:43:39;2.23;
09.01.2025 11:43:43;2.23;
09.01.2025 11:43:44;2.22;
09.01.2025 11:43:45;2.23;
09.01.2025 11:43:46;2.22;
09.01.2025 11:43:47;2.22;
09.01.2025 11:43:48;2.23;
09.01.2025 11:43:49;2.22;
09.01.2025 11:43:50;2.23;
09.01.2025 11:43:51;2.22;
09.01.2025 11:43:52;2.23;
09.01.2025 11:43:56;2.23;
09.01.2025 11:43:57;2.24;
09.01.2025 11:43:58;2.23;
09.01.2025 11:43:59;2.24;
09.01.2025 11:44:00;2.24;
09.01.2025 11:44:01;2.23;
09.01.2025 11:44:05;2.23;
09.01.2025 11:44:06;2.24;
09.01.2025 11:44:07;2.23;
09.01.2025 11:44:08;2.24;
09.01.2025 11:44:09;2.23;
09.01.2025 11:44:10;2.24;
09.01.2025 11:44:14;2.24;
09.01.2025 11:44:15;2.25;
09.01.2025 11:44:16;2.24;
09.01.2025 11:44:28;2.24;
09.01.2025 11:44:29;2.25;
09.01.2025 11:44:30;2.24;
09.01.2025 11:44:31;2.25;
09.01.2025 11:44:35;2.25;
09.01.2025 11:44:36;2.24;
09.01.2025 11:44:37;2.25;
09.01.2025 11:44:41;2.25;
09.01.2025 11:44:42;2.24;
09.01.2025 11:44:43;2.25;
09.01.2025 11:44:46;2.25;
09.01.2025 11:44:47;2.26;
09.01.2025 11:44:48;2.25;
09.01.2025 11:44:50;2.25;
09.01.2025 11:44:51;2.26;
09.01.2025 11:44:53;2.26;
09.01.2025 11:44:54;2.25;
09.01.2025 11:44:55;2.26;
09.01.2025 11:44:56;2.26;
09.01.2025 11:44:57;2.25;
09.01.2025 11:44:58;2.26;
09.01.2025 11:45:04;2.26;
09.01.2025 11:45:05;2.27;
09.01.2025 11:45:06;2.27;
09.01.2025 11:45:07;2.26;
09.01.2025 11:45:08;2.27;
09.01.2025 11:45:11;2.27;
09.01.2025 11:45:12;2.26;
09.01.2025 11:45:13;2.27;
09.01.2025 11:45:14;2.26;
09.01.2025 11:45:15;2.26;
09.01.2025 11:45:16;2.27;
09.01.2025 11:45:20;2.27;
09.01.2025 11:45:21;2.28;
09.01.2025 11:45:22;2.26;
09.01.2025 11:45:23;2.27;
09.01.2025 11:45:29;2.27;
09.01.2025 11:45:30;2.28;
09.01.2025 11:45:31;2.28;
09.01.2025 11:45:32;2.27;
09.01.2025 11:45:33;2.28;
09.01.2025 11:45:36;2.28;
09.01.2025 11:45:37;2.27;
09.01.2025 11:45:38;2.28;
09.01.2025 11:45:39;2.28;
09.01.2025 11:45:40;2.27;
09.01.2025 11:45:41;2.28;
09.01.2025 11:45:42;2.29;
09.01.2025 11:45:43;2.28;
09.01.2025 11:45:45;2.28;
09.01.2025 11:45:46;2.29;
09.01.2025 11:45:47;2.28;
09.01.2025 11:45:48;2.29;
09.01.2025 11:45:55;2.29;
09.01.2025 11:45:56;2.28;
09.01.2025 11:45:57;2.28;
09.01.2025 11:45:58;2.29;
09.01.2025 11:46:04;2.29;
09.01.2025 11:46:05;2.3;
09.01.2025 11:46:06;2.29;
09.01.2025 11:46:13;2.29;
09.01.2025 11:46:14;2.3;
09.01.2025 11:46:19;2.3;
09.01.2025 11:46:20;2.29;
09.01.2025 11:46:21;2.3;
09.01.2025 11:46:22;2.29;
09.01.2025 11:46:23;2.3;
09.01.2025 11:46:24;2.3;
09.01.2025 11:46:25;2.31;
09.01.2025 11:46:26;2.3;
09.01.2025 11:46:27;2.3;
09.01.2025 11:46:28;2.31;
09.01.2025 11:46:29;2.32;
09.01.2025 11:46:30;2.3;
09.01.2025 11:46:31;2.31;
09.01.2025 11:46:32;2.31;
09.01.2025 11:46:33;2.3;
09.01.2025 11:46:34;2.31;
09.01.2025 11:46:35;2.3;
09.01.2025 11:46:36;2.31;
09.01.2025 11:46:37;2.3;
09.01.2025 11:46:38;2.31;
09.01.2025 11:46:39;2.31;
09.01.2025 11:46:40;2.3;
09.01.2025 11:46:41;2.31;
09.01.2025 11:46:42;2.31;
09.01.2025 11:46:43;2.3;
09.01.2025 11:46:44;2.31;
09.01.2025 11:46:45;2.32;
09.01.2025 11:46:46;2.31;
09.01.2025 11:46:47;2.31;
09.01.2025 11:46:48;2.32;
09.01.2025 11:46:49;2.31;
09.01.2025 11:46:50;2.32;
09.01.2025 11:46:51;2.32;
09.01.2025 11:46:52;2.31;
09.01.2025 11:46:53;2.31;
09.01.2025 11:46:54;2.32;
09.01.2025 11:46:55;2.31;
09.01.2025 11:46:56;2.31;
09.01.2025 11:46:57;2.32;
09.01.2025 11:47:08;2.32;
09.01.2025 11:47:09;2.33;
09.01.2025 11:47:10;2.33;
09.01.2025 11:47:11;2.32;
09.01.2025 11:47:13;2.32;
09.01.2025 11:47:14;2.33;
09.01.2025 11:47:15;2.33;
09.01.2025 11:47:16;2.32;
09.01.2025 11:47:17;2.33;
09.01.2025 11:47:18;2.32;
09.01.2025 11:47:19;2.32;
09.01.2025 11:47:20;2.33;
09.01.2025 11:47:22;2.33;
09.01.2025 11:47:23;2.32;
09.01.2025 11:47:24;2.33;
09.01.2025 11:47:28;2.33;
09.01.2025 11:47:29;2.34;
09.01.2025 11:47:31;2.34;
09.01.2025 11:47:32;2.33;
09.01.2025 11:47:35;2.33;
09.01.2025 11:47:36;2.34;
09.01.2025 11:47:37;2.33;
09.01.2025 11:47:38;2.34;
09.01.2025 11:47:39;2.34;
09.01.2025 11:47:40;2.33;
09.01.2025 11:47:41;2.34;
09.01.2025 11:47:42;2.33;
09.01.2025 11:47:43;2.34;
09.01.2025 11:47:48;2.34;
09.01.2025 11:47:49;2.35;
09.01.2025 11:47:50;2.34;
09.01.2025 11:47:55;2.34;
09.01.2025 11:47:56;2.35;
09.01.2025 11:47:57;2.34;
09.01.2025 11:47:58;2.34;
09.01.2025 11:47:59;2.35;
09.01.2025 11:48:00;2.34;
09.01.2025 11:48:01;2.35;
09.01.2025 11:48:02;2.35;
09.01.2025 11:48:03;2.34;
09.01.2025 11:48:05;2.34;
09.01.2025 11:48:06;2.35;
09.01.2025 11:48:07;2.34;
09.01.2025 11:48:08;2.35;
09.01.2025 11:48:10;2.35;
09.01.2025 11:48:11;2.34;
09.01.2025 11:48:12;2.35;
09.01.2025 11:48:17;2.35;
09.01.2025 11:48:18;2.34;
09.01.2025 11:48:19;2.35;
09.01.2025 11:48:20;2.34;
09.01.2025 11:48:21;2.36;
09.01.2025 11:48:22;2.35;
09.01.2025 11:48:23;2.34;
09.01.2025 11:48:24;2.35;
09.01.2025 11:48:25;2.36;
09.01.2025 11:48:27;2.36;
09.01.2025 11:48:28;2.35;
09.01.2025 11:48:29;2.36;
09.01.2025 11:48:30;2.35;
09.01.2025 11:48:31;2.35;
09.01.2025 11:48:32;2.36;
09.01.2025 11:48:33;2.35;
09.01.2025 11:48:34;2.36;
09.01.2025 11:48:36;2.36;
09.01.2025 11:48:37;2.35;
09.01.2025 11:48:38;2.36;
09.01.2025 11:48:41;2.36;
09.01.2025 11:48:42;2.35;
09.01.2025 11:48:43;2.36;
09.01.2025 11:48:44;2.36;
09.01.2025 11:48:45;2.37;
09.01.2025 11:48:46;2.36;
09.01.2025 11:48:51;2.36;
09.01.2025 11:48:52;2.37;
09.01.2025 11:48:53;2.36;
09.01.2025 11:48:54;2.37;
09.01.2025 11:48:55;2.36;
09.01.2025 11:48:56;2.37;
09.01.2025 11:48:58;2.37;
09.01.2025 11:48:59;2.36;
09.01.2025 11:49:00;2.37;
09.01.2025 11:49:01;2.36;
09.01.2025 11:49:02;2.37;
09.01.2025 11:49:04;2.37;
09.01.2025 11:49:05;2.36;
09.01.2025 11:49:06;2.37;
09.01.2025 11:49:13;2.37;
09.01.2025 11:49:14;2.38;
09.01.2025 11:49:15;2.37;
09.01.2025 11:49:18;2.37;
09.01.2025 11:49:19;2.38;
09.01.2025 11:49:21;2.38;
09.01.2025 11:49:22;2.37;
09.01.2025 11:49:23;2.37;
09.01.2025 11:49:24;2.38;
09.01.2025 11:49:25;2.37;
09.01.2025 11:49:26;2.38;
09.01.2025 11:49:27;2.38;
09.01.2025 11:49:28;2.37;
09.01.2025 11:49:29;2.38;
09.01.2025 11:49:30;2.39;
09.01.2025 11:49:31;2.38;
09.01.2025 11:49:32;2.38;
09.01.2025 11:49:33;2.39;
09.01.2025 11:49:34;2.38;
09.01.2025 11:49:38;2.38;
09.01.2025 11:49:39;2.39;
09.01.2025 11:49:40;2.38;
09.01.2025 11:49:41;2.39;
09.01.2025 11:49:42;2.39;
09.01.2025 11:49:43;2.38;
09.01.2025 11:49:44;2.38;
09.01.2025 11:49:45;2.39;
09.01.2025 11:49:46;2.38;
09.01.2025 11:49:47;2.39;
09.01.2025 11:49:52;2.39;
09.01.2025 11:49:53;2.38;
09.01.2025 11:49:54;2.38;
09.01.2025 11:49:55;2.39;
09.01.2025 11:49:56;2.39;
09.01.2025 11:49:57;2.4;
09.01.2025 11:49:58;2.39;
09.01.2025 11:49:59;2.39;
09.01.2025 11:50:00;2.41;
09.01.2025 11:50:01;2.4;
09.01.2025 11:50:02;2.39;
09.01.2025 11:50:03;2.38;
09.01.2025 11:50:04;2.39;
09.01.2025 11:50:05;2.4;
09.01.2025 11:50:06;2.4;
09.01.2025 11:50:07;2.39;
09.01.2025 11:50:08;2.39;
09.01.2025 11:50:09;2.4;
09.01.2025 11:50:15;2.4;
09.01.2025 11:50:16;2.39;
09.01.2025 11:50:17;2.4;
09.01.2025 11:50:18;2.4;
09.01.2025 11:50:19;2.41;
09.01.2025 11:50:20;2.41;
09.01.2025 11:50:21;2.4;
09.01.2025 11:50:23;2.4;
09.01.2025 11:50:24;2.41;
09.01.2025 11:50:25;2.4;
09.01.2025 11:50:26;2.41;
09.01.2025 11:50:28;2.41;
09.01.2025 11:50:29;2.4;
09.01.2025 11:50:30;2.41;
09.01.2025 11:50:31;2.41;
09.01.2025 11:50:32;2.4;
09.01.2025 11:50:33;2.41;
09.01.2025 11:50:36;2.41;
09.01.2025 11:50:37;2.42;
09.01.2025 11:50:38;2.41;
09.01.2025 11:50:39;2.42;
09.01.2025 11:50:41;2.42;
09.01.2025 11:50:42;2.41;
09.01.2025 11:50:43;2.4;
09.01.2025 11:50:44;2.42;
09.01.2025 11:50:45;2.41;
09.01.2025 11:50:47;2.41;
09.01.2025 11:50:48;2.42;
09.01.2025 11:50:49;2.41;
09.01.2025 11:50:50;2.42;
09.01.2025 11:50:51;2.42;
09.01.2025 11:50:52;2.41;
09.01.2025 11:50:53;2.42;
09.01.2025 11:50:54;2.41;
09.01.2025 11:50:55;2.41;
09.01.2025 11:50:56;2.42;
09.01.2025 11:50:58;2.42;
09.01.2025 11:50:59;2.41;
09.01.2025 11:51:00;2.41;
09.01.2025 11:51:01;2.42;
09.01.2025 11:51:02;2.42;
09.01.2025 11:51:03;2.41;
09.01.2025 11:51:04;2.42;
09.01.2025 11:51:05;2.41;
09.01.2025 11:51:06;2.43;
09.01.2025 11:51:07;2.42;
09.01.2025 11:51:17;2.42;
09.01.2025 11:51:18;2.43;
09.01.2025 11:51:19;2.42;
09.01.2025 11:51:20;2.43;
09.01.2025 11:51:21;2.42;
09.01.2025 11:51:23;2.42;
09.01.2025 11:51:24;2.43;
09.01.2025 11:51:31;2.43;
09.01.2025 11:51:32;2.42;
09.01.2025 11:51:33;2.43;
09.01.2025 11:51:34;2.43;
09.01.2025 11:51:35;2.44;
09.01.2025 11:51:36;2.43;
09.01.2025 11:51:38;2.43;
09.01.2025 11:51:39;2.44;
09.01.2025 11:51:40;2.43;
09.01.2025 11:51:41;2.43;
09.01.2025 11:51:42;2.44;
09.01.2025 11:51:44;2.44;
09.01.2025 11:51:45;2.43;
09.01.2025 11:51:46;2.44;
09.01.2025 11:51:47;2.43;
09.01.2025 11:51:48;2.44;
09.01.2025 11:51:49;2.43;
09.01.2025 11:51:51;2.43;
09.01.2025 11:51:52;2.44;
09.01.2025 11:51:53;2.44;
09.01.2025 11:51:54;2.43;
09.01.2025 11:51:55;2.44;
09.01.2025 11:51:56;2.44;
09.01.2025 11:51:57;2.45;
09.01.2025 11:51:58;2.44;
09.01.2025 11:52:01;2.44;
09.01.2025 11:52:02;2.45;
09.01.2025 11:52:03;2.45;
09.01.2025 11:52:04;2.44;
09.01.2025 11:52:06;2.44;
09.01.2025 11:52:07;2.45;
09.01.2025 11:52:08;2.44;
09.01.2025 11:52:09;2.46;
09.01.2025 11:52:10;2.45;
09.01.2025 11:52:11;2.44;
09.01.2025 11:52:12;2.44;
09.01.2025 11:52:13;2.45;
09.01.2025 11:52:14;2.44;
09.01.2025 11:52:15;2.45;
09.01.2025 11:52:16;2.45;
09.01.2025 11:52:17;2.44;
09.01.2025 11:52:18;2.45;
09.01.2025 11:52:22;2.45;
09.01.2025 11:52:23;2.44;
09.01.2025 11:52:24;2.44;
09.01.2025 11:52:25;2.45;
09.01.2025 11:52:26;2.46;
09.01.2025 11:52:27;2.45;
09.01.2025 11:52:32;2.45;
09.01.2025 11:52:33;2.44;
09.01.2025 11:52:34;2.46;
09.01.2025 11:52:35;2.46;
09.01.2025 11:52:36;2.45;
09.01.2025 11:52:37;2.45;
09.01.2025 11:52:38;2.46;
09.01.2025 11:52:39;2.45;
09.01.2025 11:52:40;2.46;
09.01.2025 11:52:41;2.46;
09.01.2025 11:52:42;2.45;
09.01.2025 11:52:43;2.46;
09.01.2025 11:52:44;2.46;
09.01.2025 11:52:45;2.45;
09.01.2025 11:52:46;2.46;
09.01.2025 11:52:47;2.46;
09.01.2025 11:52:48;2.47;
09.01.2025 11:52:49;2.46;
09.01.2025 11:52:51;2.46;
09.01.2025 11:52:52;2.45;
09.01.2025 11:52:53;2.46;
09.01.2025 11:52:55;2.46;
09.01.2025 11:52:56;2.45;
09.01.2025 11:52:57;2.46;
09.01.2025 11:53:02;2.46;
09.01.2025 11:53:03;2.45;
09.01.2025 11:53:04;2.46;
09.01.2025 11:53:06;2.46;
09.01.2025 11:53:07;2.47;
09.01.2025 11:53:17;2.47;
09.01.2025 11:53:18;2.48;
09.01.2025 11:53:19;2.47;
09.01.2025 11:53:20;2.48;
09.01.2025 11:53:21;2.47;
09.01.2025 11:53:24;2.47;
09.01.2025 11:53:25;2.48;
09.01.2025 11:53:26;2.47;
09.01.2025 11:53:27;2.48;
09.01.2025 11:53:28;2.47;
09.01.2025 11:53:35;2.47;
09.01.2025 11:53:36;2.48;
09.01.2025 11:53:39;2.48;
09.01.2025 11:53:40;2.49;
09.01.2025 11:53:41;2.48;
09.01.2025 11:53:42;2.48;
09.01.2025 11:53:43;2.49;
09.01.2025 11:53:44;2.49;
09.01.2025 11:53:45;2.47;
09.01.2025 11:53:46;2.48;
09.01.2025 11:53:47;2.48;
09.01.2025 11:53:48;2.47;
09.01.2025 11:53:49;2.48;
09.01.2025 11:53:50;2.48;
09.01.2025 11:53:51;2.49;
09.01.2025 11:53:52;2.48;
09.01.2025 11:53:53;2.49;
09.01.2025 11:53:55;2.49;
09.01.2025 11:53:56;2.48;
09.01.2025 11:53:57;2.49;
09.01.2025 11:53:59;2.49;
09.01.2025 11:54:00;2.48;
09.01.2025 11:54:01;2.48;
09.01.2025 11:54:02;2.49;
09.01.2025 11:54:03;2.49;
09.01.2025 11:54:04;2.5;
09.01.2025 11:54:05;2.49;
09.01.2025 11:54:10;2.49;
09.01.2025 11:54:11;2.5;
09.01.2025 11:54:12;2.49;
09.01.2025 11:54:13;2.5;
09.01.2025 11:54:14;2.49;
09.01.2025 11:54:15;2.5;
09.01.2025 11:54:16;2.49;
09.01.2025 11:54:17;2.5;
09.01.2025 11:54:18;2.5;
09.01.2025 11:54:19;2.49;
09.01.2025 11:54:20;2.5;
09.01.2025 11:54:21;2.5;
09.01.2025 11:54:22;2.49;
09.01.2025 11:54:23;2.49;
09.01.2025 11:54:24;2.5;
09.01.2025 11:54:25;2.5;
09.01.2025 11:54:26;2.51;
09.01.2025 11:54:27;2.49;
09.01.2025 11:54:28;2.49;
09.01.2025 11:54:29;2.5;
09.01.2025 11:54:30;2.5;
09.01.2025 11:54:31;2.51;
09.01.2025 11:54:32;2.49;
09.01.2025 11:54:33;2.5;
09.01.2025 11:54:35;2.5;
09.01.2025 11:54:36;2.51;
09.01.2025 11:54:37;2.49;
09.01.2025 11:54:38;2.5;
09.01.2025 11:54:42;2.5;
09.01.2025 11:54:43;2.51;
09.01.2025 11:54:44;2.5;
09.01.2025 11:54:45;2.5;
09.01.2025 11:54:46;2.51;
09.01.2025 11:54:48;2.51;
09.01.2025 11:54:49;2.5;
09.01.2025 11:54:50;2.5;
09.01.2025 11:54:51;2.51;
09.01.2025 11:54:52;2.5;
09.01.2025 11:54:54;2.5;
09.01.2025 11:54:55;2.51;
09.01.2025 11:55:02;2.51;
09.01.2025 11:55:03;2.5;
09.01.2025 11:55:04;2.51;
09.01.2025 11:55:12;2.51;
09.01.2025 11:55:13;2.52;
09.01.2025 11:55:14;2.51;
09.01.2025 11:55:15;2.51;
09.01.2025 11:55:16;2.52;
09.01.2025 11:55:24;2.52;
09.01.2025 11:55:25;2.51;
09.01.2025 11:55:26;2.52;
09.01.2025 11:55:31;2.52;
09.01.2025 11:55:32;2.53;
09.01.2025 11:55:35;2.53;
09.01.2025 11:55:36;2.52;
09.01.2025 11:55:37;2.53;
09.01.2025 11:55:38;2.52;
09.01.2025 11:55:40;2.52;
09.01.2025 11:55:41;2.53;
09.01.2025 11:55:42;2.53;
09.01.2025 11:55:43;2.52;
09.01.2025 11:55:44;2.53;
09.01.2025 11:55:47;2.53;
09.01.2025 11:55:48;2.52;
09.01.2025 11:55:49;2.53;
09.01.2025 11:55:50;2.52;
09.01.2025 11:55:51;2.53;
09.01.2025 11:55:52;2.53;
09.01.2025 11:55:53;2.52;
09.01.2025 11:55:54;2.53;
09.01.2025 11:55:55;2.53;
09.01.2025 11:55:56;2.52;
09.01.2025 11:55:57;2.52;
09.01.2025 11:55:58;2.53;
09.01.2025 11:55:59;2.54;
09.01.2025 11:56:00;2.54;
09.01.2025 11:56:01;2.52;
09.01.2025 11:56:02;2.53;
09.01.2025 11:56:04;2.53;
09.01.2025 11:56:05;2.54;
09.01.2025 11:56:06;2.53;
09.01.2025 11:56:08;2.53;
09.01.2025 11:56:09;2.54;
09.01.2025 11:56:10;2.53;
09.01.2025 11:56:12;2.53;
09.01.2025 11:56:13;2.54;
09.01.2025 11:56:16;2.54;
09.01.2025 11:56:17;2.53;
09.01.2025 11:56:18;2.54;
09.01.2025 11:56:19;2.54;
09.01.2025 11:56:20;2.53;
09.01.2025 11:56:21;2.54;
09.01.2025 11:56:25;2.54;
09.01.2025 11:56:26;2.55;
09.01.2025 11:56:27;2.54;
09.01.2025 11:56:28;2.55;
09.01.2025 11:56:29;2.54;
09.01.2025 11:56:38;2.54;
09.01.2025 11:56:39;2.55;
09.01.2025 11:56:40;2.54;
09.01.2025 11:56:41;2.55;
09.01.2025 11:56:42;2.55;
09.01.2025 11:56:43;2.54;
09.01.2025 11:56:44;2.55;
09.01.2025 11:56:45;2.54;
09.01.2025 11:56:46;2.55;
09.01.2025 11:56:47;2.55;
09.01.2025 11:56:48;2.54;
09.01.2025 11:56:49;2.54;
09.01.2025 11:56:50;2.55;
09.01.2025 11:56:51;2.54;
09.01.2025 11:56:53;2.54;
09.01.2025 11:56:54;2.55;
09.01.2025 11:56:57;2.55;
09.01.2025 11:56:58;2.56;
09.01.2025 11:56:59;2.55;
09.01.2025 11:57:07;2.55;
09.01.2025 11:57:08;2.56;
09.01.2025 11:57:09;2.55;
09.01.2025 11:57:10;2.56;
09.01.2025 11:57:12;2.56;
09.01.2025 11:57:13;2.55;
09.01.2025 11:57:14;2.56;
09.01.2025 11:57:17;2.56;
09.01.2025 11:57:18;2.57;
09.01.2025 11:57:19;2.57;
09.01.2025 11:57:20;2.56;
09.01.2025 11:57:21;2.56;
09.01.2025 11:57:22;2.57;
09.01.2025 11:57:23;2.56;
09.01.2025 11:57:24;2.57;
09.01.2025 11:57:26;2.57;
09.01.2025 11:57:27;2.56;
09.01.2025 11:57:33;2.56;
09.01.2025 11:57:34;2.57;
09.01.2025 11:57:35;2.56;
09.01.2025 11:57:36;2.57;
09.01.2025 11:57:37;2.56;
09.01.2025 11:57:39;2.56;
09.01.2025 11:57:40;2.57;
09.01.2025 11:57:41;2.56;
09.01.2025 11:57:42;2.57;
09.01.2025 11:57:48;2.57;
09.01.2025 11:57:49;2.58;
09.01.2025 11:57:50;2.56;
09.01.2025 11:57:51;2.57;
09.01.2025 11:57:52;2.57;
09.01.2025 11:57:53;2.58;
09.01.2025 11:57:54;2.57;
09.01.2025 11:57:55;2.56;
09.01.2025 11:57:56;2.57;
09.01.2025 11:57:57;2.58;
09.01.2025 11:57:58;2.57;
09.01.2025 11:58:05;2.57;
09.01.2025 11:58:06;2.58;
09.01.2025 11:58:07;2.57;
09.01.2025 11:58:08;2.58;
09.01.2025 11:58:10;2.58;
09.01.2025 11:58:11;2.57;
09.01.2025 11:58:12;2.58;
09.01.2025 11:58:13;2.57;
09.01.2025 11:58:14;2.58;
09.01.2025 11:58:15;2.57;
09.01.2025 11:58:16;2.58;
09.01.2025 11:58:20;2.58;
09.01.2025 11:58:21;2.57;
09.01.2025 11:58:22;2.58;
09.01.2025 11:58:25;2.58;
09.01.2025 11:58:26;2.59;
09.01.2025 11:58:27;2.58;
09.01.2025 11:58:28;2.57;
09.01.2025 11:58:29;2.58;
09.01.2025 11:58:34;2.58;
09.01.2025 11:58:35;2.59;
09.01.2025 11:58:36;2.58;
09.01.2025 11:58:39;2.58;
09.01.2025 11:58:40;2.59;
09.01.2025 11:58:41;2.59;
09.01.2025 11:58:42;2.58;
09.01.2025 11:58:43;2.58;
09.01.2025 11:58:44;2.59;
09.01.2025 11:58:45;2.59;
09.01.2025 11:58:46;2.58;
09.01.2025 11:58:47;2.58;
09.01.2025 11:58:48;2.59;
09.01.2025 11:58:49;2.58;
09.01.2025 11:58:52;2.58;
09.01.2025 11:58:53;2.59;
09.01.2025 11:58:54;2.58;
09.01.2025 11:58:55;2.58;
09.01.2025 11:58:56;2.59;
09.01.2025 11:58:57;2.59;
09.01.2025 11:58:58;2.6;
09.01.2025 11:58:59;2.6;
09.01.2025 11:59:00;2.59;
09.01.2025 11:59:01;2.59;
09.01.2025 11:59:02;2.6;
09.01.2025 11:59:03;2.59;
09.01.2025 11:59:10;2.59;
09.01.2025 11:59:11;2.6;
09.01.2025 11:59:12;2.59;
09.01.2025 11:59:13;2.6;
09.01.2025 11:59:14;2.59;
09.01.2025 11:59:15;2.6;
09.01.2025 11:59:16;2.59;
09.01.2025 11:59:17;2.6;
09.01.2025 11:59:18;2.59;
09.01.2025 11:59:19;2.6;
09.01.2025 11:59:22;2.6;
09.01.2025 11:59:23;2.59;
09.01.2025 11:59:24;2.6;
09.01.2025 11:59:25;2.59;
09.01.2025 11:59:26;2.61;
09.01.2025 11:59:27;2.6;
09.01.2025 11:59:29;2.6;
09.01.2025 11:59:30;2.59;
09.01.2025 11:59:31;2.6;
09.01.2025 11:59:43;2.6;
09.01.2025 11:59:44;2.61;
09.01.2025 11:59:45;2.61;
09.01.2025 11:59:46;2.6;
09.01.2025 11:59:47;2.6;
09.01.2025 11:59:48;2.61;
09.01.2025 11:59:49;2.61;
09.01.2025 11:59:50;2.6;
09.01.2025 11:59:54;2.6;
09.01.2025 11:59:55;2.61;
09.01.2025 11:59:56;2.6;
09.01.2025 11:59:57;2.61;
09.01.2025 11:59:59;2.61;
09.01.2025 12:00:00;2.6;
09.01.2025 12:00:01;2.61;
09.01.2025 12:00:02;2.6;
09.01.2025 12:00:03;2.61;
09.01.2025 12:00:04;2.6;
09.01.2025 12:00:05;2.62;
09.01.2025 12:00:06;2.61;
09.01.2025 12:00:12;2.61;
09.01.2025 12:00:13;2.62;
09.01.2025 12:00:14;2.61;
09.01.2025 12:00:15;2.62;
09.01.2025 12:00:17;2.62;
09.01.2025 12:00:18;2.61;
09.01.2025 12:00:19;2.61;
09.01.2025 12:00:20;2.62;
09.01.2025 12:00:21;2.62;
09.01.2025 12:00:22;2.61;
09.01.2025 12:00:23;2.61;
09.01.2025 12:00:24;2.62;
09.01.2025 12:00:25;2.61;
09.01.2025 12:00:26;2.62;
09.01.2025 12:00:27;2.61;
09.01.2025 12:00:28;2.61;
09.01.2025 12:00:29;2.62;
09.01.2025 12:00:30;2.61;
09.01.2025 12:00:31;2.62;
09.01.2025 12:00:32;2.62;
09.01.2025 12:00:33;2.61;
09.01.2025 12:00:34;2.62;
09.01.2025 12:00:37;2.62;
09.01.2025 12:00:38;2.63;
09.01.2025 12:00:39;2.63;
09.01.2025 12:00:40;2.62;
09.01.2025 12:00:41;2.63;
09.01.2025 12:00:42;2.62;
09.01.2025 12:00:43;2.62;
09.01.2025 12:00:44;2.63;
09.01.2025 12:00:45;2.62;
09.01.2025 12:00:46;2.63;
09.01.2025 12:00:48;2.63;
09.01.2025 12:00:49;2.62;
09.01.2025 12:00:50;2.63;
09.01.2025 12:00:52;2.63;
09.01.2025 12:00:53;2.62;
09.01.2025 12:00:54;2.63;
09.01.2025 12:00:56;2.63;
09.01.2025 12:00:57;2.62;
09.01.2025 12:00:58;2.62;
09.01.2025 12:00:59;2.63;
09.01.2025 12:01:00;2.62;
09.01.2025 12:01:01;2.63;
09.01.2025 12:01:02;2.62;
09.01.2025 12:01:03;2.62;
09.01.2025 12:01:04;2.63;
09.01.2025 12:01:16;2.63;
09.01.2025 12:01:17;2.64;
09.01.2025 12:01:18;2.63;
09.01.2025 12:01:19;2.64;
09.01.2025 12:01:20;2.62;
09.01.2025 12:01:21;2.63;
09.01.2025 12:01:22;2.63;
09.01.2025 12:01:23;2.64;
09.01.2025 12:01:24;2.63;
09.01.2025 12:01:27;2.63;
09.01.2025 12:01:28;2.64;
09.01.2025 12:01:30;2.64;
09.01.2025 12:01:31;2.63;
09.01.2025 12:01:32;2.64;
09.01.2025 12:01:35;2.64;
09.01.2025 12:01:36;2.63;
09.01.2025 12:01:37;2.64;
09.01.2025 12:01:38;2.65;
09.01.2025 12:01:39;2.64;
09.01.2025 12:01:40;2.63;
09.01.2025 12:01:41;2.64;
09.01.2025 12:01:43;2.64;
09.01.2025 12:01:44;2.63;
09.01.2025 12:01:45;2.64;
09.01.2025 12:01:51;2.64;
09.01.2025 12:01:52;2.65;
09.01.2025 12:01:53;2.64;
09.01.2025 12:01:54;2.65;
09.01.2025 12:01:56;2.65;
09.01.2025 12:01:57;2.64;
09.01.2025 12:01:59;2.64;
09.01.2025 12:02:00;2.65;
09.01.2025 12:02:01;2.65;
09.01.2025 12:02:02;2.64;
09.01.2025 12:02:03;2.65;
09.01.2025 12:02:05;2.65;
09.01.2025 12:02:06;2.64;
09.01.2025 12:02:07;2.65;
09.01.2025 12:02:08;2.66;
09.01.2025 12:02:09;2.65;
09.01.2025 12:02:15;2.65;
09.01.2025 12:02:16;2.66;
09.01.2025 12:02:17;2.65;
09.01.2025 12:02:20;2.65;
09.01.2025 12:02:21;2.64;
09.01.2025 12:02:22;2.64;
09.01.2025 12:02:23;2.65;
09.01.2025 12:02:24;2.65;
09.01.2025 12:02:25;2.64;
09.01.2025 12:02:26;2.65;
09.01.2025 12:02:27;2.64;
09.01.2025 12:02:28;2.65;
09.01.2025 12:02:30;2.65;
09.01.2025 12:02:31;2.66;
09.01.2025 12:02:32;2.65;
09.01.2025 12:02:38;2.65;
09.01.2025 12:02:39;2.66;
09.01.2025 12:02:40;2.65;
09.01.2025 12:02:41;2.66;
09.01.2025 12:02:42;2.65;
09.01.2025 12:02:43;2.66;
09.01.2025 12:02:44;2.66;
09.01.2025 12:02:45;2.65;
09.01.2025 12:02:46;2.66;
09.01.2025 12:02:47;2.65;
09.01.2025 12:02:48;2.66;
09.01.2025 12:03:01;2.66;
09.01.2025 12:03:02;2.67;
09.01.2025 12:03:03;2.66;
09.01.2025 12:03:05;2.66;
09.01.2025 12:03:06;2.65;
09.01.2025 12:03:07;2.67;
09.01.2025 12:03:08;2.66;
09.01.2025 12:03:09;2.67;
09.01.2025 12:03:10;2.66;
09.01.2025 12:03:11;2.67;
09.01.2025 12:03:14;2.67;
09.01.2025 12:03:15;2.66;
09.01.2025 12:03:16;2.67;
09.01.2025 12:03:22;2.67;
09.01.2025 12:03:23;2.66;
09.01.2025 12:03:24;2.67;
09.01.2025 12:03:29;2.67;
09.01.2025 12:03:30;2.66;
09.01.2025 12:03:31;2.67;
09.01.2025 12:03:32;2.67;
09.01.2025 12:03:33;2.66;
09.01.2025 12:03:34;2.67;
09.01.2025 12:03:40;2.67;
09.01.2025 12:03:41;2.68;
09.01.2025 12:03:42;2.67;
09.01.2025 12:03:46;2.67;
09.01.2025 12:03:47;2.68;
09.01.2025 12:03:48;2.68;
09.01.2025 12:03:49;2.67;
09.01.2025 12:03:50;2.67;
09.01.2025 12:03:51;2.68;
09.01.2025 12:03:52;2.68;
09.01.2025 12:03:53;2.67;
09.01.2025 12:03:54;2.67;
09.01.2025 12:03:55;2.68;
09.01.2025 12:03:56;2.67;
09.01.2025 12:03:57;2.68;
09.01.2025 12:03:59;2.68;
09.01.2025 12:04:00;2.67;
09.01.2025 12:04:01;2.68;
09.01.2025 12:04:02;2.68;
09.01.2025 12:04:03;2.67;
09.01.2025 12:04:04;2.68;
09.01.2025 12:04:05;2.67;
09.01.2025 12:04:06;2.68;
09.01.2025 12:04:08;2.68;
09.01.2025 12:04:09;2.67;
09.01.2025 12:04:10;2.68;
09.01.2025 12:04:11;2.67;
09.01.2025 12:04:12;2.68;
09.01.2025 12:04:19;2.68;
09.01.2025 12:04:20;2.69;
09.01.2025 12:04:21;2.68;
09.01.2025 12:04:22;2.69;
09.01.2025 12:04:23;2.69;
09.01.2025 12:04:24;2.68;
09.01.2025 12:04:27;2.68;
09.01.2025 12:04:28;2.69;
09.01.2025 12:04:29;2.69;
09.01.2025 12:04:30;2.68;
09.01.2025 12:04:31;2.69;
09.01.2025 12:04:35;2.69;
09.01.2025 12:04:36;2.68;
09.01.2025 12:04:40;2.68;
09.01.2025 12:04:41;2.69;
09.01.2025 12:04:45;2.69;
09.01.2025 12:04:46;2.7;
09.01.2025 12:04:47;2.69;
09.01.2025 12:04:48;2.69;
09.01.2025 12:04:49;2.68;
09.01.2025 12:04:50;2.69;
09.01.2025 12:04:56;2.69;
09.01.2025 12:04:57;2.7;
09.01.2025 12:04:58;2.69;
09.01.2025 12:04:59;2.69;
09.01.2025 12:05:00;2.7;
09.01.2025 12:05:01;2.7;
09.01.2025 12:05:02;2.69;
09.01.2025 12:05:03;2.69;
09.01.2025 12:05:04;2.7;
09.01.2025 12:05:05;2.7;
09.01.2025 12:05:06;2.69;
09.01.2025 12:05:07;2.69;
09.01.2025 12:05:08;2.7;
09.01.2025 12:05:13;2.7;
09.01.2025 12:05:14;2.69;
09.01.2025 12:05:15;2.71;
09.01.2025 12:05:16;2.69;
09.01.2025 12:05:17;2.7;
09.01.2025 12:05:21;2.7;
09.01.2025 12:05:22;2.71;
09.01.2025 12:05:23;2.7;
09.01.2025 12:05:24;2.7;
09.01.2025 12:05:25;2.71;
09.01.2025 12:05:26;2.7;
09.01.2025 12:05:27;2.69;
09.01.2025 12:05:28;2.7;
09.01.2025 12:05:30;2.7;
09.01.2025 12:05:31;2.71;
09.01.2025 12:05:32;2.7;
09.01.2025 12:05:40;2.7;
09.01.2025 12:05:41;2.71;
09.01.2025 12:05:42;2.7;
09.01.2025 12:05:43;2.7;
09.01.2025 12:05:44;2.71;
09.01.2025 12:05:45;2.7;
09.01.2025 12:05:46;2.7;
09.01.2025 12:05:47;2.71;
09.01.2025 12:05:51;2.71;
09.01.2025 12:05:52;2.72;
09.01.2025 12:05:53;2.71;
09.01.2025 12:06:02;2.71;
09.01.2025 12:06:03;2.72;
09.01.2025 12:06:04;2.73;
09.01.2025 12:06:05;2.71;
09.01.2025 12:06:06;2.72;
09.01.2025 12:06:07;2.71;
09.01.2025 12:06:08;2.72;
09.01.2025 12:06:09;2.73;
09.01.2025 12:06:10;2.72;
09.01.2025 12:06:11;2.72;
09.01.2025 12:06:12;2.71;
09.01.2025 12:06:13;2.72;
09.01.2025 12:06:14;2.71;
09.01.2025 12:06:15;2.72;
09.01.2025 12:06:16;2.71;
09.01.2025 12:06:17;2.72;
09.01.2025 12:06:20;2.72;
09.01.2025 12:06:21;2.71;
09.01.2025 12:06:23;2.71;
09.01.2025 12:06:24;2.72;
09.01.2025 12:06:25;2.71;
09.01.2025 12:06:26;2.71;
09.01.2025 12:06:27;2.72;
09.01.2025 12:06:33;2.72;
09.01.2025 12:06:34;2.71;
09.01.2025 12:06:35;2.72;
09.01.2025 12:06:36;2.72;
09.01.2025 12:06:37;2.73;
09.01.2025 12:06:38;2.72;
09.01.2025 12:06:39;2.73;
09.01.2025 12:06:40;2.72;
09.01.2025 12:06:41;2.73;
09.01.2025 12:06:42;2.73;
09.01.2025 12:06:43;2.72;
09.01.2025 12:06:44;2.72;
09.01.2025 12:06:45;2.73;
09.01.2025 12:06:46;2.72;
09.01.2025 12:06:47;2.72;
09.01.2025 12:06:48;2.73;
09.01.2025 12:06:49;2.72;
09.01.2025 12:06:51;2.72;
09.01.2025 12:06:52;2.73;
09.01.2025 12:06:53;2.73;
09.01.2025 12:06:54;2.72;
09.01.2025 12:06:55;2.73;
09.01.2025 12:06:56;2.73;
09.01.2025 12:06:57;2.72;
09.01.2025 12:07:00;2.72;
09.01.2025 12:07:01;2.73;
09.01.2025 12:07:02;2.73;
09.01.2025 12:07:03;2.72;
09.01.2025 12:07:04;2.73;
09.01.2025 12:07:12;2.73;
09.01.2025 12:07:13;2.74;
09.01.2025 12:07:14;2.72;
09.01.2025 12:07:15;2.73;
09.01.2025 12:07:21;2.73;
09.01.2025 12:07:22;2.74;
09.01.2025 12:07:23;2.74;
09.01.2025 12:07:24;2.73;
09.01.2025 12:07:25;2.74;
09.01.2025 12:07:26;2.73;
09.01.2025 12:07:27;2.74;
09.01.2025 12:07:28;2.73;
09.01.2025 12:07:29;2.74;
09.01.2025 12:07:31;2.74;
09.01.2025 12:07:32;2.73;
09.01.2025 12:07:34;2.73;
09.01.2025 12:07:35;2.74;
09.01.2025 12:07:36;2.73;
09.01.2025 12:07:37;2.73;
09.01.2025 12:07:38;2.74;
09.01.2025 12:07:45;2.74;
09.01.2025 12:07:46;2.73;
09.01.2025 12:07:47;2.74;
09.01.2025 12:07:51;2.74;
09.01.2025 12:07:52;2.75;
09.01.2025 12:07:53;2.74;
09.01.2025 12:07:54;2.75;
09.01.2025 12:07:55;2.75;
09.01.2025 12:07:56;2.74;
09.01.2025 12:08:00;2.74;
09.01.2025 12:08:01;2.73;
09.01.2025 12:08:02;2.74;
09.01.2025 12:08:03;2.74;
09.01.2025 12:08:04;2.73;
09.01.2025 12:08:05;2.74;
09.01.2025 12:08:06;2.74;
09.01.2025 12:08:07;2.75;
09.01.2025 12:08:09;2.75;
09.01.2025 12:08:10;2.74;
09.01.2025 12:08:11;2.75;
09.01.2025 12:08:12;2.74;
09.01.2025 12:08:13;2.74;
09.01.2025 12:08:14;2.75;
09.01.2025 12:08:18;2.75;
09.01.2025 12:08:19;2.74;
09.01.2025 12:08:20;2.75;
09.01.2025 12:08:21;2.75;
09.01.2025 12:08:22;2.74;
09.01.2025 12:08:23;2.74;
09.01.2025 12:08:24;2.75;
09.01.2025 12:08:27;2.75;
09.01.2025 12:08:28;2.74;
09.01.2025 12:08:29;2.75;
09.01.2025 12:08:34;2.75;
09.01.2025 12:08:35;2.76;
09.01.2025 12:08:36;2.75;
09.01.2025 12:08:51;2.75;
09.01.2025 12:08:52;2.76;
09.01.2025 12:08:53;2.76;
09.01.2025 12:08:54;2.75;
09.01.2025 12:08:57;2.75;
09.01.2025 12:08:58;2.76;
09.01.2025 12:08:59;2.76;
09.01.2025 12:09:00;2.75;
09.01.2025 12:09:01;2.76;
09.01.2025 12:09:02;2.75;
09.01.2025 12:09:03;2.76;
09.01.2025 12:09:06;2.76;
09.01.2025 12:09:07;2.75;
09.01.2025 12:09:08;2.76;
09.01.2025 12:09:09;2.75;
09.01.2025 12:09:10;2.76;
09.01.2025 12:09:11;2.75;
09.01.2025 12:09:12;2.76;
09.01.2025 12:09:21;2.76;
09.01.2025 12:09:22;2.77;
09.01.2025 12:09:23;2.77;
09.01.2025 12:09:24;2.76;
09.01.2025 12:09:27;2.76;
09.01.2025 12:09:28;2.77;
09.01.2025 12:09:29;2.76;
09.01.2025 12:09:30;2.77;
09.01.2025 12:09:31;2.77;
09.01.2025 12:09:32;2.76;
09.01.2025 12:09:33;2.76;
09.01.2025 12:09:34;2.77;
09.01.2025 12:09:35;2.76;
09.01.2025 12:09:36;2.76;
09.01.2025 12:09:37;2.77;
09.01.2025 12:09:38;2.77;
09.01.2025 12:09:39;2.76;
09.01.2025 12:09:40;2.77;
09.01.2025 12:09:41;2.76;
09.01.2025 12:09:42;2.77;
09.01.2025 12:09:46;2.77;
09.01.2025 12:09:47;2.78;
09.01.2025 12:09:48;2.76;
09.01.2025 12:09:49;2.77;
09.01.2025 12:09:51;2.77;
09.01.2025 12:09:52;2.78;
09.01.2025 12:09:53;2.77;
09.01.2025 12:09:57;2.77;
09.01.2025 12:09:58;2.76;
09.01.2025 12:09:59;2.77;
09.01.2025 12:10:06;2.77;
09.01.2025 12:10:07;2.78;
09.01.2025 12:10:08;2.77;
09.01.2025 12:10:09;2.76;
09.01.2025 12:10:10;2.77;
09.01.2025 12:10:11;2.76;
09.01.2025 12:10:12;2.78;
09.01.2025 12:10:13;2.77;
09.01.2025 12:10:14;2.78;
09.01.2025 12:10:15;2.77;
09.01.2025 12:10:16;2.78;
09.01.2025 12:10:17;2.77;
09.01.2025 12:10:19;2.77;
09.01.2025 12:10:20;2.78;
09.01.2025 12:10:21;2.78;
09.01.2025 12:10:22;2.77;
09.01.2025 12:10:23;2.78;
09.01.2025 12:10:24;2.77;
09.01.2025 12:10:25;2.79;
09.01.2025 12:10:26;2.78;
09.01.2025 12:10:28;2.78;
09.01.2025 12:10:29;2.77;
09.01.2025 12:10:30;2.78;
09.01.2025 12:10:31;2.77;
09.01.2025 12:10:32;2.77;
09.01.2025 12:10:33;2.78;
09.01.2025 12:10:34;2.77;
09.01.2025 12:10:35;2.77;
09.01.2025 12:10:36;2.78;
09.01.2025 12:10:51;2.78;
09.01.2025 12:10:52;2.77;
09.01.2025 12:10:53;2.78;
09.01.2025 12:10:58;2.78;
09.01.2025 12:10:59;2.79;
09.01.2025 12:11:00;2.78;
09.01.2025 12:11:01;2.78;
09.01.2025 12:11:02;2.77;
09.01.2025 12:11:03;2.78;
09.01.2025 12:11:07;2.78;
09.01.2025 12:11:08;2.79;
09.01.2025 12:11:09;2.78;
09.01.2025 12:11:10;2.78;
09.01.2025 12:11:11;2.79;
09.01.2025 12:11:14;2.79;
09.01.2025 12:11:15;2.78;
09.01.2025 12:11:17;2.78;
09.01.2025 12:11:18;2.79;
09.01.2025 12:11:19;2.78;
09.01.2025 12:11:20;2.79;
09.01.2025 12:11:32;2.79;
09.01.2025 12:11:33;2.78;
09.01.2025 12:11:34;2.79;
09.01.2025 12:11:35;2.78;
09.01.2025 12:11:36;2.79;
09.01.2025 12:11:37;2.79;
09.01.2025 12:11:38;2.78;
09.01.2025 12:11:39;2.79;
09.01.2025 12:11:41;2.79;
09.01.2025 12:11:42;2.78;
09.01.2025 12:11:43;2.79;
09.01.2025 12:11:44;2.79;
09.01.2025 12:11:45;2.8;
09.01.2025 12:11:46;2.79;
09.01.2025 12:11:47;2.8;
09.01.2025 12:11:49;2.8;
09.01.2025 12:11:50;2.79;
09.01.2025 12:11:54;2.79;
09.01.2025 12:11:55;2.78;
09.01.2025 12:11:56;2.8;
09.01.2025 12:11:57;2.79;
09.01.2025 12:11:58;2.8;
09.01.2025 12:12:00;2.8;
09.01.2025 12:12:01;2.79;
09.01.2025 12:12:06;2.79;
09.01.2025 12:12:07;2.8;
09.01.2025 12:12:08;2.8;
09.01.2025 12:12:09;2.79;
09.01.2025 12:12:10;2.8;
09.01.2025 12:12:11;2.8;
09.01.2025 12:12:12;2.79;
09.01.2025 12:12:13;2.79;
09.01.2025 12:12:14;2.8;
09.01.2025 12:12:16;2.8;
09.01.2025 12:12:17;2.79;
09.01.2025 12:12:18;2.8;
09.01.2025 12:12:19;2.8;
09.01.2025 12:12:20;2.79;
09.01.2025 12:12:21;2.81;
09.01.2025 12:12:22;2.8;
09.01.2025 12:12:23;2.81;
09.01.2025 12:12:24;2.8;
09.01.2025 12:12:26;2.8;
09.01.2025 12:12:27;2.79;
09.01.2025 12:12:28;2.81;
09.01.2025 12:12:29;2.81;
09.01.2025 12:12:30;2.8;
09.01.2025 12:12:31;2.8;
09.01.2025 12:12:32;2.81;
09.01.2025 12:12:33;2.8;
09.01.2025 12:12:37;2.8;
09.01.2025 12:12:38;2.81;
09.01.2025 12:12:39;2.8;
09.01.2025 12:12:43;2.8;
09.01.2025 12:12:44;2.79;
09.01.2025 12:12:45;2.8;
09.01.2025 12:12:46;2.81;
09.01.2025 12:12:47;2.8;
09.01.2025 12:12:48;2.81;
09.01.2025 12:12:49;2.81;
09.01.2025 12:12:50;2.8;
09.01.2025 12:12:56;2.8;
09.01.2025 12:12:57;2.81;
09.01.2025 12:12:58;2.8;
09.01.2025 12:12:59;2.8;
09.01.2025 12:13:00;2.81;
09.01.2025 12:13:07;2.81;
09.01.2025 12:13:08;2.8;
09.01.2025 12:13:09;2.81;
09.01.2025 12:13:10;2.82;
09.01.2025 12:13:11;2.81;
09.01.2025 12:13:16;2.81;
09.01.2025 12:13:17;2.82;
09.01.2025 12:13:18;2.81;
09.01.2025 12:13:19;2.82;
09.01.2025 12:13:20;2.81;
09.01.2025 12:13:21;2.81;
09.01.2025 12:13:22;2.82;
09.01.2025 12:13:23;2.81;
09.01.2025 12:13:26;2.81;
09.01.2025 12:13:27;2.82;
09.01.2025 12:13:28;2.81;
09.01.2025 12:13:29;2.82;
09.01.2025 12:13:34;2.82;
09.01.2025 12:13:35;2.81;
09.01.2025 12:13:36;2.82;
09.01.2025 12:13:40;2.82;
09.01.2025 12:13:41;2.83;
09.01.2025 12:13:42;2.83;
09.01.2025 12:13:43;2.82;
09.01.2025 12:13:46;2.82;
09.01.2025 12:13:47;2.83;
09.01.2025 12:13:48;2.82;
09.01.2025 12:13:51;2.82;
09.01.2025 12:13:52;2.83;
09.01.2025 12:13:53;2.83;
09.01.2025 12:13:54;2.82;
09.01.2025 12:13:55;2.83;
09.01.2025 12:13:56;2.82;
09.01.2025 12:13:57;2.83;
09.01.2025 12:13:58;2.82;
09.01.2025 12:13:59;2.83;
09.01.2025 12:14:01;2.83;
09.01.2025 12:14:02;2.82;
09.01.2025 12:14:03;2.82;
09.01.2025 12:14:04;2.83;
09.01.2025 12:14:09;2.83;
09.01.2025 12:14:10;2.82;
09.01.2025 12:14:11;2.83;
09.01.2025 12:14:15;2.83;
09.01.2025 12:14:16;2.84;
09.01.2025 12:14:17;2.83;
09.01.2025 12:14:22;2.83;
09.01.2025 12:14:23;2.82;
09.01.2025 12:14:24;2.83;
09.01.2025 12:14:25;2.82;
09.01.2025 12:14:26;2.83;
09.01.2025 12:14:33;2.83;
09.01.2025 12:14:34;2.82;
09.01.2025 12:14:35;2.83;
09.01.2025 12:14:40;2.83;
09.01.2025 12:14:41;2.84;
09.01.2025 12:14:42;2.83;
09.01.2025 12:14:44;2.83;
09.01.2025 12:14:45;2.84;
09.01.2025 12:14:46;2.84;
09.01.2025 12:14:47;2.83;
09.01.2025 12:14:48;2.83;
09.01.2025 12:14:49;2.84;
09.01.2025 12:14:51;2.84;
09.01.2025 12:14:52;2.83;
09.01.2025 12:14:53;2.84;
09.01.2025 12:14:54;2.84;
09.01.2025 12:14:55;2.83;
09.01.2025 12:14:56;2.84;
09.01.2025 12:14:57;2.83;
09.01.2025 12:14:58;2.84;
09.01.2025 12:14:59;2.83;
09.01.2025 12:15:00;2.84;
09.01.2025 12:15:01;2.83;
09.01.2025 12:15:02;2.84;
09.01.2025 12:15:03;2.84;
09.01.2025 12:15:04;2.83;
09.01.2025 12:15:05;2.83;
09.01.2025 12:15:06;2.84;
09.01.2025 12:15:08;2.84;
09.01.2025 12:15:09;2.83;
09.01.2025 12:15:10;2.84;
09.01.2025 12:15:11;2.83;
09.01.2025 12:15:12;2.84;
09.01.2025 12:15:13;2.84;
09.01.2025 12:15:14;2.83;
09.01.2025 12:15:15;2.84;
09.01.2025 12:15:19;2.84;
09.01.2025 12:15:20;2.85;
09.01.2025 12:15:21;2.83;
09.01.2025 12:15:22;2.83;
09.01.2025 12:15:23;2.84;
09.01.2025 12:15:24;2.84;
09.01.2025 12:15:25;2.85;
09.01.2025 12:15:26;2.84;
09.01.2025 12:15:27;2.83;
09.01.2025 12:15:28;2.85;
09.01.2025 12:15:29;2.85;
09.01.2025 12:15:30;2.84;
09.01.2025 12:15:31;2.84;
09.01.2025 12:15:32;2.85;
09.01.2025 12:15:33;2.84;
09.01.2025 12:15:35;2.84;
09.01.2025 12:15:36;2.85;
09.01.2025 12:15:37;2.84;
09.01.2025 12:15:38;2.85;
09.01.2025 12:15:39;2.84;
09.01.2025 12:15:40;2.85;
09.01.2025 12:15:41;2.84;
09.01.2025 12:15:42;2.84;
09.01.2025 12:15:43;2.85;
09.01.2025 12:15:44;2.85;
09.01.2025 12:15:45;2.84;
09.01.2025 12:15:46;2.85;
09.01.2025 12:15:47;2.85;
09.01.2025 12:15:48;2.84;
09.01.2025 12:15:49;2.84;
09.01.2025 12:15:50;2.85;
09.01.2025 12:15:52;2.85;
09.01.2025 12:15:53;2.84;
09.01.2025 12:15:54;2.85;
09.01.2025 12:16:02;2.85;
09.01.2025 12:16:03;2.84;
09.01.2025 12:16:04;2.84;
09.01.2025 12:16:05;2.86;
09.01.2025 12:16:06;2.85;
09.01.2025 12:16:11;2.85;
09.01.2025 12:16:12;2.84;
09.01.2025 12:16:13;2.85;
09.01.2025 12:16:21;2.85;
09.01.2025 12:16:22;2.86;
09.01.2025 12:16:23;2.86;
09.01.2025 12:16:24;2.85;
09.01.2025 12:16:30;2.85;
09.01.2025 12:16:31;2.86;
09.01.2025 12:16:32;2.86;
09.01.2025 12:16:33;2.87;
09.01.2025 12:16:34;2.86;
09.01.2025 12:16:35;2.85;
09.01.2025 12:16:36;2.86;
09.01.2025 12:16:42;2.86;
09.01.2025 12:16:43;2.85;
09.01.2025 12:16:44;2.86;
09.01.2025 12:16:45;2.87;
09.01.2025 12:16:46;2.85;
09.01.2025 12:16:47;2.86;
09.01.2025 12:16:58;2.86;
09.01.2025 12:16:59;2.85;
09.01.2025 12:17:00;2.85;
09.01.2025 12:17:01;2.86;
09.01.2025 12:17:10;2.86;
09.01.2025 12:17:11;2.87;
09.01.2025 12:17:12;2.86;
09.01.2025 12:17:18;2.86;
09.01.2025 12:17:19;2.87;
09.01.2025 12:17:20;2.87;
09.01.2025 12:17:21;2.86;
09.01.2025 12:17:22;2.86;
09.01.2025 12:17:23;2.87;
09.01.2025 12:17:27;2.87;
09.01.2025 12:17:28;2.86;
09.01.2025 12:17:29;2.87;
09.01.2025 12:17:30;2.86;
09.01.2025 12:17:31;2.86;
09.01.2025 12:17:32;2.87;
09.01.2025 12:17:35;2.87;
09.01.2025 12:17:36;2.86;
09.01.2025 12:17:37;2.86;
09.01.2025 12:17:38;2.87;
09.01.2025 12:17:39;2.86;
09.01.2025 12:17:40;2.87;
09.01.2025 12:17:41;2.88;
09.01.2025 12:17:42;2.87;
09.01.2025 12:17:43;2.86;
09.01.2025 12:17:44;2.86;
09.01.2025 12:17:45;2.87;
09.01.2025 12:17:47;2.87;
09.01.2025 12:17:48;2.88;
09.01.2025 12:17:49;2.87;
09.01.2025 12:17:50;2.87;
09.01.2025 12:17:51;2.88;
09.01.2025 12:17:52;2.86;
09.01.2025 12:17:53;2.87;
09.01.2025 12:18:00;2.87;
09.01.2025 12:18:01;2.86;
09.01.2025 12:18:02;2.87;
09.01.2025 12:18:04;2.87;
09.01.2025 12:18:05;2.88;
09.01.2025 12:18:06;2.87;
09.01.2025 12:18:11;2.87;
09.01.2025 12:18:12;2.88;
09.01.2025 12:18:13;2.88;
09.01.2025 12:18:14;2.87;
09.01.2025 12:18:15;2.88;
09.01.2025 12:18:16;2.87;
09.01.2025 12:18:18;2.87;
09.01.2025 12:18:19;2.88;
09.01.2025 12:18:20;2.87;
09.01.2025 12:18:21;2.87;
09.01.2025 12:18:22;2.88;
09.01.2025 12:18:24;2.88;
09.01.2025 12:18:25;2.87;
09.01.2025 12:18:26;2.88;
09.01.2025 12:18:27;2.87;
09.01.2025 12:18:28;2.88;
09.01.2025 12:18:29;2.87;
09.01.2025 12:18:30;2.88;
09.01.2025 12:18:31;2.88;
09.01.2025 12:18:32;2.87;
09.01.2025 12:18:33;2.87;
09.01.2025 12:18:34;2.88;
09.01.2025 12:18:35;2.87;
09.01.2025 12:18:36;2.88;
09.01.2025 12:18:38;2.88;
09.01.2025 12:18:39;2.89;
09.01.2025 12:18:40;2.88;
09.01.2025 12:18:42;2.88;
09.01.2025 12:18:43;2.89;
09.01.2025 12:18:44;2.88;
09.01.2025 12:18:49;2.88;
09.01.2025 12:18:50;2.89;
09.01.2025 12:18:51;2.89;
09.01.2025 12:18:52;2.88;
09.01.2025 12:18:53;2.88;
09.01.2025 12:18:54;2.89;
09.01.2025 12:18:57;2.89;
09.01.2025 12:18:58;2.88;
09.01.2025 12:19:03;2.88;
09.01.2025 12:19:04;2.89;
09.01.2025 12:19:05;2.89;
09.01.2025 12:19:06;2.88;
09.01.2025 12:19:07;2.89;
09.01.2025 12:19:09;2.89;
09.01.2025 12:19:10;2.88;
09.01.2025 12:19:11;2.89;
09.01.2025 12:19:14;2.89;
09.01.2025 12:19:15;2.88;
09.01.2025 12:19:16;2.89;
09.01.2025 12:19:18;2.89;
09.01.2025 12:19:19;2.88;
09.01.2025 12:19:20;2.9;
09.01.2025 12:19:21;2.89;
09.01.2025 12:19:23;2.89;
09.01.2025 12:19:24;2.88;
09.01.2025 12:19:25;2.89;
09.01.2025 12:19:26;2.88;
09.01.2025 12:19:27;2.89;
09.01.2025 12:19:31;2.89;
09.01.2025 12:19:32;2.9;
09.01.2025 12:19:33;2.9;
09.01.2025 12:19:34;2.89;
09.01.2025 12:19:37;2.89;
09.01.2025 12:19:38;2.9;
09.01.2025 12:19:39;2.89;
09.01.2025 12:19:43;2.89;
09.01.2025 12:19:44;2.9;
09.01.2025 12:19:45;2.89;
09.01.2025 12:19:46;2.89;
09.01.2025 12:19:47;2.9;
09.01.2025 12:19:48;2.9;
09.01.2025 12:19:49;2.89;
09.01.2025 12:19:50;2.89;
09.01.2025 12:19:51;2.9;
09.01.2025 12:19:52;2.9;
09.01.2025 12:19:53;2.89;
09.01.2025 12:19:56;2.89;
09.01.2025 12:19:57;2.9;
09.01.2025 12:19:59;2.9;
09.01.2025 12:20:00;2.89;
09.01.2025 12:20:01;2.91;
09.01.2025 12:20:03;2.91;
09.01.2025 12:20:04;2.9;
09.01.2025 12:20:05;2.91;
09.01.2025 12:20:06;2.89;
09.01.2025 12:20:07;2.9;
09.01.2025 12:20:17;2.9;
09.01.2025 12:20:18;2.91;
09.01.2025 12:20:19;2.9;
09.01.2025 12:20:33;2.9;
09.01.2025 12:20:34;2.91;
09.01.2025 12:20:35;2.9;
09.01.2025 12:20:40;2.9;
09.01.2025 12:20:41;2.91;
09.01.2025 12:20:42;2.89;
09.01.2025 12:20:43;2.89;
09.01.2025 12:20:44;2.9;
09.01.2025 12:20:47;2.9;
09.01.2025 12:20:48;2.91;
09.01.2025 12:20:49;2.9;
09.01.2025 12:20:51;2.9;
09.01.2025 12:20:52;2.91;
09.01.2025 12:20:53;2.91;
09.01.2025 12:20:54;2.9;
09.01.2025 12:20:55;2.91;
09.01.2025 12:20:57;2.91;
09.01.2025 12:20:58;2.9;
09.01.2025 12:20:59;2.91;
09.01.2025 12:21:00;2.9;
09.01.2025 12:21:07;2.9;
09.01.2025 12:21:08;2.91;
09.01.2025 12:21:09;2.9;
09.01.2025 12:21:10;2.91;
09.01.2025 12:21:11;2.91;
09.01.2025 12:21:12;2.9;
09.01.2025 12:21:15;2.9;
09.01.2025 12:21:16;2.91;
09.01.2025 12:21:17;2.9;
09.01.2025 12:21:18;2.91;
09.01.2025 12:21:22;2.91;
09.01.2025 12:21:23;2.92;
09.01.2025 12:21:24;2.91;
09.01.2025 12:21:26;2.91;
09.01.2025 12:21:27;2.92;
09.01.2025 12:21:28;2.91;
09.01.2025 12:21:29;2.91;
09.01.2025 12:21:30;2.9;
09.01.2025 12:21:31;2.91;
09.01.2025 12:21:32;2.91;
09.01.2025 12:21:33;2.92;
09.01.2025 12:21:34;2.92;
09.01.2025 12:21:35;2.91;
09.01.2025 12:21:36;2.92;
09.01.2025 12:21:37;2.91;
09.01.2025 12:21:38;2.92;
09.01.2025 12:21:40;2.92;
09.01.2025 12:21:41;2.91;
09.01.2025 12:21:42;2.91;
09.01.2025 12:21:43;2.92;
09.01.2025 12:21:54;2.92;
09.01.2025 12:21:55;2.91;
09.01.2025 12:21:57;2.91;
09.01.2025 12:21:58;2.92;
09.01.2025 12:21:59;2.92;
09.01.2025 12:22:00;2.91;
09.01.2025 12:22:01;2.92;
09.01.2025 12:22:08;2.92;
09.01.2025 12:22:09;2.91;
09.01.2025 12:22:10;2.92;
09.01.2025 12:22:11;2.92;
09.01.2025 12:22:12;2.93;
09.01.2025 12:22:13;2.92;
09.01.2025 12:22:18;2.92;
09.01.2025 12:22:19;2.91;
09.01.2025 12:22:20;2.92;
09.01.2025 12:22:25;2.92;
09.01.2025 12:22:26;2.91;
09.01.2025 12:22:27;2.92;
09.01.2025 12:22:29;2.92;
09.01.2025 12:22:30;2.93;
09.01.2025 12:22:31;2.92;
09.01.2025 12:22:32;2.93;
09.01.2025 12:22:35;2.93;
09.01.2025 12:22:36;2.92;
09.01.2025 12:22:41;2.92;
09.01.2025 12:22:42;2.93;
09.01.2025 12:22:43;2.92;
09.01.2025 12:22:45;2.92;
09.01.2025 12:22:46;2.93;
09.01.2025 12:22:47;2.92;
09.01.2025 12:22:49;2.92;
09.01.2025 12:22:50;2.93;
09.01.2025 12:22:51;2.93;
09.01.2025 12:22:52;2.92;
09.01.2025 12:22:53;2.93;
09.01.2025 12:22:55;2.93;
09.01.2025 12:22:56;2.92;
09.01.2025 12:22:58;2.92;
09.01.2025 12:22:59;2.93;
09.01.2025 12:23:01;2.93;
09.01.2025 12:23:02;2.92;
09.01.2025 12:23:03;2.93;
09.01.2025 12:23:04;2.92;
09.01.2025 12:23:05;2.93;
09.01.2025 12:23:06;2.93;
09.01.2025 12:23:07;2.92;
09.01.2025 12:23:08;2.93;
09.01.2025 12:23:12;2.93;
09.01.2025 12:23:13;2.94;
09.01.2025 12:23:14;2.93;
09.01.2025 12:23:15;2.93;
09.01.2025 12:23:16;2.92;
09.01.2025 12:23:17;2.93;
09.01.2025 12:23:21;2.93;
09.01.2025 12:23:22;2.94;
09.01.2025 12:23:23;2.94;
09.01.2025 12:23:24;2.93;
09.01.2025 12:23:26;2.93;
09.01.2025 12:23:27;2.94;
09.01.2025 12:23:28;2.92;
09.01.2025 12:23:29;2.93;
09.01.2025 12:23:33;2.93;
09.01.2025 12:23:34;2.94;
09.01.2025 12:23:35;2.93;
09.01.2025 12:23:39;2.93;
09.01.2025 12:23:40;2.94;
09.01.2025 12:23:42;2.94;
09.01.2025 12:23:43;2.93;
09.01.2025 12:23:44;2.94;
09.01.2025 12:23:45;2.93;
09.01.2025 12:23:46;2.94;
09.01.2025 12:23:47;2.93;
09.01.2025 12:23:48;2.93;
09.01.2025 12:23:49;2.94;
09.01.2025 12:23:50;2.94;
09.01.2025 12:23:51;2.95;
09.01.2025 12:23:52;2.94;
09.01.2025 12:23:55;2.94;
09.01.2025 12:23:56;2.93;
09.01.2025 12:23:57;2.94;
09.01.2025 12:23:58;2.93;
09.01.2025 12:24:00;2.93;
09.01.2025 12:24:01;2.95;
09.01.2025 12:24:02;2.94;
09.01.2025 12:24:21;2.94;
09.01.2025 12:24:22;2.95;
09.01.2025 12:24:23;2.95;
09.01.2025 12:24:24;2.94;
09.01.2025 12:24:26;2.94;
09.01.2025 12:24:27;2.95;
09.01.2025 12:24:28;2.95;
09.01.2025 12:24:29;2.94;
09.01.2025 12:24:30;2.95;
09.01.2025 12:24:31;2.95;
09.01.2025 12:24:32;2.94;
09.01.2025 12:24:38;2.94;
09.01.2025 12:24:39;2.95;
09.01.2025 12:24:40;2.95;
09.01.2025 12:24:41;2.94;
09.01.2025 12:24:42;2.94;
09.01.2025 12:24:43;2.95;
09.01.2025 12:24:44;2.94;
09.01.2025 12:24:48;2.94;
09.01.2025 12:24:49;2.95;
09.01.2025 12:24:50;2.96;
09.01.2025 12:24:51;2.95;
09.01.2025 12:24:58;2.95;
09.01.2025 12:24:59;2.94;
09.01.2025 12:25:00;2.95;
09.01.2025 12:25:03;2.95;
09.01.2025 12:25:04;2.94;
09.01.2025 12:25:05;2.95;
09.01.2025 12:25:08;2.95;
09.01.2025 12:25:09;2.94;
09.01.2025 12:25:10;2.95;
09.01.2025 12:25:16;2.95;
09.01.2025 12:25:17;2.94;
09.01.2025 12:25:18;2.95;
09.01.2025 12:25:19;2.96;
09.01.2025 12:25:20;2.95;
09.01.2025 12:25:22;2.95;
09.01.2025 12:25:23;2.96;
09.01.2025 12:25:24;2.95;
09.01.2025 12:25:28;2.95;
09.01.2025 12:25:29;2.94;
09.01.2025 12:25:30;2.95;
09.01.2025 12:25:31;2.95;
09.01.2025 12:25:32;2.96;
09.01.2025 12:25:33;2.95;
09.01.2025 12:25:37;2.95;
09.01.2025 12:25:38;2.96;
09.01.2025 12:25:39;2.95;
09.01.2025 12:25:45;2.95;
09.01.2025 12:25:46;2.96;
09.01.2025 12:25:47;2.96;
09.01.2025 12:25:48;2.97;
09.01.2025 12:25:49;2.95;
09.01.2025 12:25:52;2.95;
09.01.2025 12:25:53;2.96;
09.01.2025 12:25:55;2.96;
09.01.2025 12:25:56;2.95;
09.01.2025 12:25:57;2.95;
09.01.2025 12:25:58;2.96;
09.01.2025 12:26:07;2.96;
09.01.2025 12:26:08;2.97;
09.01.2025 12:26:09;2.96;
09.01.2025 12:26:11;2.96;
09.01.2025 12:26:12;2.97;
09.01.2025 12:26:13;2.96;
09.01.2025 12:26:25;2.96;
09.01.2025 12:26:26;2.95;
09.01.2025 12:26:27;2.96;
09.01.2025 12:26:28;2.96;
09.01.2025 12:26:29;2.97;
09.01.2025 12:26:30;2.96;
09.01.2025 12:26:39;2.96;
09.01.2025 12:26:40;2.97;
09.01.2025 12:26:41;2.96;
09.01.2025 12:26:46;2.96;
09.01.2025 12:26:47;2.97;
09.01.2025 12:26:48;2.97;
09.01.2025 12:26:49;2.96;
09.01.2025 12:26:51;2.96;
09.01.2025 12:26:52;2.97;
09.01.2025 12:26:55;2.97;
09.01.2025 12:26:56;2.96;
09.01.2025 12:26:58;2.96;
09.01.2025 12:26:59;2.97;
09.01.2025 12:27:07;2.97;
09.01.2025 12:27:08;2.96;
09.01.2025 12:27:09;2.96;
09.01.2025 12:27:10;2.97;
09.01.2025 12:27:11;2.97;
09.01.2025 12:27:12;2.96;
09.01.2025 12:27:13;2.97;
09.01.2025 12:27:14;2.96;
09.01.2025 12:27:15;2.97;
09.01.2025 12:27:21;2.97;
09.01.2025 12:27:22;2.98;
09.01.2025 12:27:23;2.97;
09.01.2025 12:27:31;2.97;
09.01.2025 12:27:32;2.98;
09.01.2025 12:27:33;2.97;
09.01.2025 12:27:38;2.97;
09.01.2025 12:27:39;2.98;
09.01.2025 12:27:40;2.98;
09.01.2025 12:27:41;2.97;
09.01.2025 12:27:47;2.97;
09.01.2025 12:27:48;2.98;
09.01.2025 12:27:52;2.98;
09.01.2025 12:27:53;2.97;
09.01.2025 12:27:54;2.97;
09.01.2025 12:27:55;2.98;
09.01.2025 12:27:57;2.98;
09.01.2025 12:27:58;2.99;
09.01.2025 12:27:59;2.97;
09.01.2025 12:28:00;2.98;
09.01.2025 12:28:01;2.97;
09.01.2025 12:28:02;2.98;
09.01.2025 12:28:03;2.97;
09.01.2025 12:28:04;2.98;
09.01.2025 12:28:05;2.97;
09.01.2025 12:28:06;2.98;
09.01.2025 12:28:07;2.97;
09.01.2025 12:28:08;2.97;
09.01.2025 12:28:09;2.98;
09.01.2025 12:28:10;2.97;
09.01.2025 12:28:11;2.97;
09.01.2025 12:28:12;2.98;
09.01.2025 12:28:13;2.98;
09.01.2025 12:28:14;2.99;
09.01.2025 12:28:15;2.98;
09.01.2025 12:28:16;2.97;
09.01.2025 12:28:17;2.97;
09.01.2025 12:28:18;2.98;
09.01.2025 12:28:21;2.98;
09.01.2025 12:28:22;2.97;
09.01.2025 12:28:23;2.98;
09.01.2025 12:28:24;2.98;
09.01.2025 12:28:25;2.97;
09.01.2025 12:28:26;2.98;
09.01.2025 12:28:32;2.98;
09.01.2025 12:28:33;2.99;
09.01.2025 12:28:34;2.99;
09.01.2025 12:28:35;2.98;
09.01.2025 12:28:40;2.98;
09.01.2025 12:28:41;2.99;
09.01.2025 12:28:42;2.98;
09.01.2025 12:28:44;2.98;
09.01.2025 12:28:45;2.97;
09.01.2025 12:28:46;2.97;
09.01.2025 12:28:47;2.98;
09.01.2025 12:28:48;2.99;
09.01.2025 12:28:49;2.99;
09.01.2025 12:28:50;2.98;
09.01.2025 12:28:51;2.98;
09.01.2025 12:28:52;2.99;
09.01.2025 12:28:56;2.99;
09.01.2025 12:28:57;2.98;
09.01.2025 12:28:58;2.99;
09.01.2025 12:28:59;2.98;
09.01.2025 12:29:01;2.98;
09.01.2025 12:29:02;2.99;
09.01.2025 12:29:03;2.98;
09.01.2025 12:29:04;2.99;
09.01.2025 12:29:08;2.99;
09.01.2025 12:29:09;2.98;
09.01.2025 12:29:10;2.99;
09.01.2025 12:29:11;2.99;
09.01.2025 12:29:12;2.98;
09.01.2025 12:29:13;2.98;
09.01.2025 12:29:14;2.99;
09.01.2025 12:29:15;2.99;
09.01.2025 12:29:16;2.98;
09.01.2025 12:29:18;2.98;
09.01.2025 12:29:19;2.99;
09.01.2025 12:29:20;2.98;
09.01.2025 12:29:23;2.98;
09.01.2025 12:29:24;2.99;
09.01.2025 12:29:25;2.98;
09.01.2025 12:29:26;2.99;
09.01.2025 12:29:27;2.98;
09.01.2025 12:29:29;2.98;
09.01.2025 12:29:30;2.99;
09.01.2025 12:29:31;2.99;
09.01.2025 12:29:32;3;
09.01.2025 12:29:33;2.99;
09.01.2025 12:29:47;2.99;
09.01.2025 12:29:48;3;
09.01.2025 12:29:49;2.99;
09.01.2025 12:29:50;3;
09.01.2025 12:29:51;2.99;
09.01.2025 12:29:57;2.99;
09.01.2025 12:29:58;3;
09.01.2025 12:29:59;2.99;
09.01.2025 12:30:01;2.99;
09.01.2025 12:30:02;3;
09.01.2025 12:30:03;3;
09.01.2025 12:30:04;2.99;
09.01.2025 12:30:05;3;
09.01.2025 12:30:09;3;
09.01.2025 12:30:10;2.99;
09.01.2025 12:30:11;3;
09.01.2025 12:30:14;3;
09.01.2025 12:30:15;2.99;
09.01.2025 12:30:16;3;
09.01.2025 12:30:17;2.99;
09.01.2025 12:30:18;3;
09.01.2025 12:30:22;3;
09.01.2025 12:30:23;2.99;
09.01.2025 12:30:24;3;
09.01.2025 12:30:26;3;
09.01.2025 12:30:27;2.99;
09.01.2025 12:30:28;3;
09.01.2025 12:30:34;3;
09.01.2025 12:30:35;2.99;
09.01.2025 12:30:36;2.99;
09.01.2025 12:30:37;3;
09.01.2025 12:30:39;3;
09.01.2025 12:30:40;2.99;
09.01.2025 12:30:41;2.99;
09.01.2025 12:30:42;3;
09.01.2025 12:30:46;3;
09.01.2025 12:30:47;3.01;
09.01.2025 12:30:48;3;
09.01.2025 12:30:49;2.99;
09.01.2025 12:30:50;2.99;
09.01.2025 12:30:51;3;
09.01.2025 12:30:53;3;
09.01.2025 12:30:54;2.99;
09.01.2025 12:30:55;2.99;
09.01.2025 12:30:56;3;
09.01.2025 12:31:02;3;
09.01.2025 12:31:03;3.01;
09.01.2025 12:31:05;3.01;
09.01.2025 12:31:06;3;
09.01.2025 12:31:07;3.01;
09.01.2025 12:31:08;3.01;
09.01.2025 12:31:09;3;
09.01.2025 12:31:10;3;
09.01.2025 12:31:11;3.01;
09.01.2025 12:31:12;3;
09.01.2025 12:31:14;3;
09.01.2025 12:31:15;3.01;
09.01.2025 12:31:16;3;
09.01.2025 12:31:18;3;
09.01.2025 12:31:19;3.01;
09.01.2025 12:31:20;3.02;
09.01.2025 12:31:21;3;
09.01.2025 12:31:22;3.01;
09.01.2025 12:31:23;3;
09.01.2025 12:31:24;3.01;
09.01.2025 12:31:25;3.01;
09.01.2025 12:31:26;3;
09.01.2025 12:31:27;3.01;
09.01.2025 12:31:30;3.01;
09.01.2025 12:31:31;3;
09.01.2025 12:31:34;3;
09.01.2025 12:31:35;3.01;
09.01.2025 12:31:38;3.01;
09.01.2025 12:31:39;3.02;
09.01.2025 12:31:40;3.01;
09.01.2025 12:31:41;3;
09.01.2025 12:31:42;3.01;
09.01.2025 12:31:43;3.01;
09.01.2025 12:31:44;3.02;
09.01.2025 12:31:45;3.01;
09.01.2025 12:31:46;3.02;
09.01.2025 12:31:47;3.01;
09.01.2025 12:31:49;3.01;
09.01.2025 12:31:50;3;
09.01.2025 12:31:51;3.01;
09.01.2025 12:31:53;3.01;
09.01.2025 12:31:54;3;
09.01.2025 12:31:55;3.01;
09.01.2025 12:31:57;3.01;
09.01.2025 12:31:58;3.02;
09.01.2025 12:32:00;3.02;
09.01.2025 12:32:01;3.01;
09.01.2025 12:32:05;3.01;
09.01.2025 12:32:06;3.02;
09.01.2025 12:32:07;3.01;
09.01.2025 12:32:17;3.01;
09.01.2025 12:32:18;3.02;
09.01.2025 12:32:19;3.02;
09.01.2025 12:32:20;3.01;
09.01.2025 12:32:22;3.01;
09.01.2025 12:32:23;3.02;
09.01.2025 12:32:24;3.02;
09.01.2025 12:32:25;3.01;
09.01.2025 12:32:26;3.01;
09.01.2025 12:32:27;3.02;
09.01.2025 12:32:28;3.02;
09.01.2025 12:32:29;3;
09.01.2025 12:32:30;3.02;
09.01.2025 12:32:35;3.02;
09.01.2025 12:32:36;3.01;
09.01.2025 12:32:37;3.01;
09.01.2025 12:32:38;3.02;
09.01.2025 12:32:44;3.02;
09.01.2025 12:32:45;3.01;
09.01.2025 12:32:48;3.01;
09.01.2025 12:32:49;3.02;
09.01.2025 12:32:50;3.02;
09.01.2025 12:32:51;3.01;
09.01.2025 12:32:52;3.02;
09.01.2025 12:32:54;3.02;
09.01.2025 12:32:55;3.01;
09.01.2025 12:32:56;3.01;
09.01.2025 12:32:57;3.02;
09.01.2025 12:32:59;3.02;
09.01.2025 12:33:00;3.01;
09.01.2025 12:33:01;3.02;
09.01.2025 12:33:06;3.02;
09.01.2025 12:33:07;3.01;
09.01.2025 12:33:08;3.01;
09.01.2025 12:33:09;3.02;
09.01.2025 12:33:10;3.02;
09.01.2025 12:33:11;3.03;
09.01.2025 12:33:12;3.03;
09.01.2025 12:33:13;3.02;
09.01.2025 12:33:14;3.01;
09.01.2025 12:33:15;3.01;
09.01.2025 12:33:16;3.02;
09.01.2025 12:33:19;3.02;
09.01.2025 12:33:20;3.03;
09.01.2025 12:33:21;3.03;
09.01.2025 12:33:22;3.02;
09.01.2025 12:33:24;3.02;
09.01.2025 12:33:25;3.03;
09.01.2025 12:33:26;3.02;
09.01.2025 12:33:27;3.02;
09.01.2025 12:33:28;3.03;
09.01.2025 12:33:29;3.03;
09.01.2025 12:33:30;3.02;
09.01.2025 12:33:31;3.03;
09.01.2025 12:33:32;3.02;
09.01.2025 12:33:33;3.03;
09.01.2025 12:33:34;3.02;
09.01.2025 12:33:38;3.02;
09.01.2025 12:33:39;3.03;
09.01.2025 12:33:40;3.02;
09.01.2025 12:33:42;3.02;
09.01.2025 12:33:43;3.03;
09.01.2025 12:33:44;3.02;
09.01.2025 12:33:45;3.03;
09.01.2025 12:33:46;3.02;
09.01.2025 12:33:47;3.02;
09.01.2025 12:33:48;3.03;
09.01.2025 12:33:49;3.02;
09.01.2025 12:33:50;3.03;
09.01.2025 12:33:51;3.02;
09.01.2025 12:33:53;3.02;
09.01.2025 12:33:54;3.03;
09.01.2025 12:33:55;3.02;
09.01.2025 12:33:56;3.03;
09.01.2025 12:33:59;3.03;
09.01.2025 12:34:00;3.02;
09.01.2025 12:34:03;3.02;
09.01.2025 12:34:04;3.03;
09.01.2025 12:34:06;3.03;
09.01.2025 12:34:07;3.02;
09.01.2025 12:34:10;3.02;
09.01.2025 12:34:11;3.03;
09.01.2025 12:34:12;3.03;
09.01.2025 12:34:13;3.02;
09.01.2025 12:34:16;3.02;
09.01.2025 12:34:17;3.03;
09.01.2025 12:34:18;3.02;
09.01.2025 12:34:20;3.02;
09.01.2025 12:34:21;3.04;
09.01.2025 12:34:22;3.03;
09.01.2025 12:34:30;3.03;
09.01.2025 12:34:31;3.02;
09.01.2025 12:34:32;3.03;
09.01.2025 12:34:33;3.03;
09.01.2025 12:34:34;3.02;
09.01.2025 12:34:35;3.03;
09.01.2025 12:34:44;3.03;
09.01.2025 12:34:45;3.04;
09.01.2025 12:34:46;3.03;
09.01.2025 12:34:48;3.03;
09.01.2025 12:34:49;3.04;
09.01.2025 12:34:53;3.04;
09.01.2025 12:34:54;3.03;
09.01.2025 12:34:55;3.04;
09.01.2025 12:34:56;3.03;
09.01.2025 12:35:01;3.03;
09.01.2025 12:35:02;3.04;
09.01.2025 12:35:03;3.04;
09.01.2025 12:35:04;3.03;
09.01.2025 12:35:08;3.03;
09.01.2025 12:35:09;3.04;
09.01.2025 12:35:10;3.03;
09.01.2025 12:35:12;3.03;
09.01.2025 12:35:13;3.04;
09.01.2025 12:35:14;3.03;
09.01.2025 12:35:15;3.04;
09.01.2025 12:35:16;3.04;
09.01.2025 12:35:17;3.03;
09.01.2025 12:35:18;3.03;
09.01.2025 12:35:19;3.04;
09.01.2025 12:35:23;3.04;
09.01.2025 12:35:24;3.03;
09.01.2025 12:35:25;3.04;
09.01.2025 12:35:26;3.04;
09.01.2025 12:35:27;3.03;
09.01.2025 12:35:28;3.04;
09.01.2025 12:35:29;3.04;
09.01.2025 12:35:30;3.03;
09.01.2025 12:35:31;3.03;
09.01.2025 12:35:32;3.04;
09.01.2025 12:35:34;3.04;
09.01.2025 12:35:35;3.03;
09.01.2025 12:35:36;3.04;
09.01.2025 12:36:07;3.04;
09.01.2025 12:36:08;3.05;
09.01.2025 12:36:10;3.05;
09.01.2025 12:36:11;3.04;
09.01.2025 12:36:12;3.04;
09.01.2025 12:36:13;3.05;
09.01.2025 12:36:14;3.04;
09.01.2025 12:36:16;3.04;
09.01.2025 12:36:17;3.05;
09.01.2025 12:36:18;3.04;
09.01.2025 12:36:21;3.04;
09.01.2025 12:36:22;3.05;
09.01.2025 12:36:23;3.04;
09.01.2025 12:36:30;3.04;
09.01.2025 12:36:31;3.05;
09.01.2025 12:36:32;3.04;
09.01.2025 12:36:34;3.04;
09.01.2025 12:36:35;3.05;
09.01.2025 12:36:36;3.04;
09.01.2025 12:36:37;3.05;
09.01.2025 12:36:38;3.04;
09.01.2025 12:36:39;3.05;
09.01.2025 12:36:40;3.04;
09.01.2025 12:36:41;3.04;
09.01.2025 12:36:42;3.05;
09.01.2025 12:36:44;3.05;
09.01.2025 12:36:45;3.04;
09.01.2025 12:36:46;3.05;
09.01.2025 12:36:47;3.04;
09.01.2025 12:36:48;3.05;
09.01.2025 12:36:49;3.04;
09.01.2025 12:36:51;3.04;
09.01.2025 12:36:52;3.05;
09.01.2025 12:36:53;3.04;
09.01.2025 12:36:54;3.04;
09.01.2025 12:36:55;3.05;
09.01.2025 12:37:00;3.05;
09.01.2025 12:37:01;3.06;
09.01.2025 12:37:02;3.05;
09.01.2025 12:37:04;3.05;
09.01.2025 12:37:05;3.06;
09.01.2025 12:37:06;3.05;
09.01.2025 12:37:09;3.05;
09.01.2025 12:37:10;3.04;
09.01.2025 12:37:11;3.05;
09.01.2025 12:37:12;3.04;
09.01.2025 12:37:13;3.04;
09.01.2025 12:37:14;3.05;
09.01.2025 12:37:15;3.04;
09.01.2025 12:37:16;3.05;
09.01.2025 12:37:17;3.04;
09.01.2025 12:37:18;3.04;
09.01.2025 12:37:19;3.05;
09.01.2025 12:37:21;3.05;
09.01.2025 12:37:22;3.06;
09.01.2025 12:37:23;3.05;
09.01.2025 12:37:24;3.05;
09.01.2025 12:37:25;3.04;
09.01.2025 12:37:26;3.05;
09.01.2025 12:37:27;3.05;
09.01.2025 12:37:28;3.04;
09.01.2025 12:37:29;3.05;
09.01.2025 12:37:30;3.05;
09.01.2025 12:37:31;3.06;
09.01.2025 12:37:32;3.05;
09.01.2025 12:37:36;3.05;
09.01.2025 12:37:37;3.06;
09.01.2025 12:37:38;3.05;
09.01.2025 12:37:43;3.05;
09.01.2025 12:37:44;3.06;
09.01.2025 12:37:45;3.05;
09.01.2025 12:37:46;3.05;
09.01.2025 12:37:47;3.04;
09.01.2025 12:37:48;3.05;
09.01.2025 12:37:49;3.05;
09.01.2025 12:37:50;3.06;
09.01.2025 12:37:51;3.06;
09.01.2025 12:37:52;3.05;
09.01.2025 12:37:53;3.05;
09.01.2025 12:37:54;3.06;
09.01.2025 12:37:55;3.06;
09.01.2025 12:37:56;3.05;
09.01.2025 12:37:57;3.05;
09.01.2025 12:37:58;3.06;
09.01.2025 12:38:08;3.06;
09.01.2025 12:38:09;3.05;
09.01.2025 12:38:10;3.06;
09.01.2025 12:38:11;3.06;
09.01.2025 12:38:12;3.05;
09.01.2025 12:38:13;3.06;
09.01.2025 12:38:15;3.06;
09.01.2025 12:38:16;3.05;
09.01.2025 12:38:22;3.05;
09.01.2025 12:38:23;3.06;
09.01.2025 12:38:26;3.06;
09.01.2025 12:38:27;3.05;
09.01.2025 12:38:28;3.06;
09.01.2025 12:38:29;3.05;
09.01.2025 12:38:30;3.06;
09.01.2025 12:38:31;3.05;
09.01.2025 12:38:32;3.05;
09.01.2025 12:38:33;3.06;
09.01.2025 12:38:36;3.06;
09.01.2025 12:38:37;3.05;
09.01.2025 12:38:38;3.06;
09.01.2025 12:38:39;3.05;
09.01.2025 12:38:40;3.06;
09.01.2025 12:38:42;3.06;
09.01.2025 12:38:43;3.07;
09.01.2025 12:38:44;3.06;
09.01.2025 12:38:45;3.05;
09.01.2025 12:38:46;3.05;
09.01.2025 12:38:47;3.06;
09.01.2025 12:38:59;3.06;
09.01.2025 12:39:00;3.05;
09.01.2025 12:39:01;3.06;
09.01.2025 12:39:03;3.06;
09.01.2025 12:39:04;3.05;
09.01.2025 12:39:05;3.05;
09.01.2025 12:39:06;3.07;
09.01.2025 12:39:07;3.07;
09.01.2025 12:39:08;3.06;
09.01.2025 12:39:11;3.06;
09.01.2025 12:39:12;3.07;
09.01.2025 12:39:13;3.05;
09.01.2025 12:39:14;3.07;
09.01.2025 12:39:15;3.06;
09.01.2025 12:39:16;3.07;
09.01.2025 12:39:17;3.06;
09.01.2025 12:39:19;3.06;
09.01.2025 12:39:20;3.07;
09.01.2025 12:39:21;3.06;
09.01.2025 12:39:23;3.06;
09.01.2025 12:39:24;3.07;
09.01.2025 12:39:25;3.06;
09.01.2025 12:39:26;3.06;
09.01.2025 12:39:27;3.07;
09.01.2025 12:39:28;3.07;
09.01.2025 12:39:29;3.06;
09.01.2025 12:39:30;3.07;
09.01.2025 12:39:31;3.06;
09.01.2025 12:39:32;3.06;
09.01.2025 12:39:33;3.07;
09.01.2025 12:39:34;3.07;
09.01.2025 12:39:35;3.06;
09.01.2025 12:39:36;3.06;
09.01.2025 12:39:37;3.07;
09.01.2025 12:39:39;3.07;
09.01.2025 12:39:40;3.06;
09.01.2025 12:39:41;3.07;
09.01.2025 12:39:42;3.06;
09.01.2025 12:39:43;3.07;
09.01.2025 12:39:52;3.07;
09.01.2025 12:39:53;3.06;
09.01.2025 12:39:54;3.07;
09.01.2025 12:40:00;3.07;
09.01.2025 12:40:01;3.08;
09.01.2025 12:40:02;3.06;
09.01.2025 12:40:03;3.06;
09.01.2025 12:40:04;3.07;
09.01.2025 12:40:06;3.07;
09.01.2025 12:40:07;3.06;
09.01.2025 12:40:08;3.07;
09.01.2025 12:40:13;3.07;
09.01.2025 12:40:14;3.08;
09.01.2025 12:40:15;3.07;
09.01.2025 12:40:16;3.06;
09.01.2025 12:40:17;3.08;
09.01.2025 12:40:18;3.07;
09.01.2025 12:40:19;3.07;
09.01.2025 12:40:20;3.08;
09.01.2025 12:40:21;3.07;
09.01.2025 12:40:23;3.07;
09.01.2025 12:40:24;3.08;
09.01.2025 12:40:25;3.08;
09.01.2025 12:40:26;3.07;
09.01.2025 12:40:27;3.08;
09.01.2025 12:40:34;3.08;
09.01.2025 12:40:35;3.07;
09.01.2025 12:40:36;3.07;
09.01.2025 12:40:37;3.08;
09.01.2025 12:40:43;3.08;
09.01.2025 12:40:44;3.07;
09.01.2025 12:40:45;3.08;
09.01.2025 12:40:47;3.08;
09.01.2025 12:40:48;3.07;
09.01.2025 12:40:49;3.08;
09.01.2025 12:40:50;3.08;
09.01.2025 12:40:51;3.07;
09.01.2025 12:40:52;3.07;
09.01.2025 12:40:53;3.08;
09.01.2025 12:41:02;3.08;
09.01.2025 12:41:03;3.07;
09.01.2025 12:41:04;3.08;
09.01.2025 12:41:05;3.07;
09.01.2025 12:41:08;3.07;
09.01.2025 12:41:09;3.08;
09.01.2025 12:41:11;3.08;
09.01.2025 12:41:12;3.07;
09.01.2025 12:41:13;3.08;
09.01.2025 12:41:24;3.08;
09.01.2025 12:41:25;3.07;
09.01.2025 12:41:26;3.08;
09.01.2025 12:41:27;3.07;
09.01.2025 12:41:28;3.07;
09.01.2025 12:41:29;3.08;
09.01.2025 12:41:38;3.08;
09.01.2025 12:41:39;3.07;
09.01.2025 12:41:40;3.08;
09.01.2025 12:41:41;3.07;
09.01.2025 12:41:42;3.08;
09.01.2025 12:41:44;3.08;
09.01.2025 12:41:45;3.09;
09.01.2025 12:41:46;3.08;
09.01.2025 12:41:48;3.08;
09.01.2025 12:41:49;3.09;
09.01.2025 12:41:50;3.08;
09.01.2025 12:41:56;3.08;
09.01.2025 12:41:57;3.09;
09.01.2025 12:42:00;3.09;
09.01.2025 12:42:01;3.08;
09.01.2025 12:42:06;3.08;
09.01.2025 12:42:07;3.09;
09.01.2025 12:42:08;3.08;
09.01.2025 12:42:09;3.08;
09.01.2025 12:42:10;3.09;
09.01.2025 12:42:13;3.09;
09.01.2025 12:42:14;3.08;
09.01.2025 12:42:15;3.09;
09.01.2025 12:42:16;3.09;
09.01.2025 12:42:17;3.08;
09.01.2025 12:42:18;3.09;
09.01.2025 12:42:19;3.09;
09.01.2025 12:42:20;3.08;
09.01.2025 12:42:21;3.09;
09.01.2025 12:42:22;3.08;
09.01.2025 12:42:23;3.09;
09.01.2025 12:42:24;3.08;
09.01.2025 12:42:25;3.09;
09.01.2025 12:42:26;3.08;
09.01.2025 12:42:28;3.08;
09.01.2025 12:42:29;3.09;
09.01.2025 12:42:30;3.09;
09.01.2025 12:42:31;3.08;
09.01.2025 12:42:32;3.08;
09.01.2025 12:42:33;3.1;
09.01.2025 12:42:34;3.08;
09.01.2025 12:42:35;3.09;
09.01.2025 12:42:38;3.09;
09.01.2025 12:42:39;3.07;
09.01.2025 12:42:40;3.08;
09.01.2025 12:42:41;3.09;
09.01.2025 12:42:42;3.08;
09.01.2025 12:42:43;3.09;
09.01.2025 12:42:44;3.08;
09.01.2025 12:42:45;3.09;
09.01.2025 12:42:55;3.09;
09.01.2025 12:42:56;3.08;
09.01.2025 12:42:57;3.09;
09.01.2025 12:42:59;3.09;
09.01.2025 12:43:00;3.1;
09.01.2025 12:43:01;3.09;
09.01.2025 12:43:02;3.09;
09.01.2025 12:43:03;3.1;
09.01.2025 12:43:04;3.09;
09.01.2025 12:43:08;3.09;
09.01.2025 12:43:09;3.1;
09.01.2025 12:43:10;3.08;
09.01.2025 12:43:11;3.09;
09.01.2025 12:43:15;3.09;
09.01.2025 12:43:16;3.1;
09.01.2025 12:43:17;3.1;
09.01.2025 12:43:18;3.09;
09.01.2025 12:43:19;3.1;
09.01.2025 12:43:20;3.1;
09.01.2025 12:43:21;3.09;
09.01.2025 12:43:26;3.09;
09.01.2025 12:43:27;3.1;
09.01.2025 12:43:30;3.1;
09.01.2025 12:43:31;3.09;
09.01.2025 12:43:32;3.1;
09.01.2025 12:43:33;3.09;
09.01.2025 12:43:34;3.08;
09.01.2025 12:43:35;3.09;
09.01.2025 12:43:36;3.09;
09.01.2025 12:43:37;3.1;
09.01.2025 12:43:38;3.1;
09.01.2025 12:43:39;3.09;
09.01.2025 12:43:40;3.1;
09.01.2025 12:43:41;3.09;
09.01.2025 12:43:42;3.09;
09.01.2025 12:43:43;3.1;
09.01.2025 12:43:44;3.09;
09.01.2025 12:43:50;3.09;
09.01.2025 12:43:51;3.1;
09.01.2025 12:43:52;3.09;
09.01.2025 12:43:53;3.1;
09.01.2025 12:43:54;3.09;
09.01.2025 12:43:55;3.09;
09.01.2025 12:43:56;3.1;
09.01.2025 12:43:57;3.1;
09.01.2025 12:43:58;3.09;
09.01.2025 12:44:01;3.09;
09.01.2025 12:44:02;3.1;
09.01.2025 12:44:03;3.1;
09.01.2025 12:44:04;3.09;
09.01.2025 12:44:05;3.1;
09.01.2025 12:44:07;3.1;
09.01.2025 12:44:08;3.09;
09.01.2025 12:44:09;3.09;
09.01.2025 12:44:10;3.1;
09.01.2025 12:44:11;3.09;
09.01.2025 12:44:12;3.1;
09.01.2025 12:44:13;3.1;
09.01.2025 12:44:14;3.09;
09.01.2025 12:44:15;3.1;
09.01.2025 12:44:16;3.1;
09.01.2025 12:44:17;3.09;
09.01.2025 12:44:18;3.1;
09.01.2025 12:44:19;3.09;
09.01.2025 12:44:20;3.1;
09.01.2025 12:44:21;3.11;
09.01.2025 12:44:22;3.1;
09.01.2025 12:44:25;3.1;
09.01.2025 12:44:26;3.09;
09.01.2025 12:44:27;3.11;
09.01.2025 12:44:28;3.1;
09.01.2025 12:44:29;3.11;
09.01.2025 12:44:30;3.1;
09.01.2025 12:44:31;3.1;
09.01.2025 12:44:32;3.11;
09.01.2025 12:44:33;3.09;
09.01.2025 12:44:34;3.11;
09.01.2025 12:44:35;3.1;
09.01.2025 12:44:41;3.1;
09.01.2025 12:44:42;3.11;
09.01.2025 12:44:43;3.11;
09.01.2025 12:44:44;3.1;
09.01.2025 12:44:45;3.1;
09.01.2025 12:44:46;3.09;
09.01.2025 12:44:47;3.1;
09.01.2025 12:44:50;3.1;
09.01.2025 12:44:51;3.09;
09.01.2025 12:44:52;3.1;
09.01.2025 12:44:53;3.1;
09.01.2025 12:44:54;3.09;
09.01.2025 12:44:56;3.09;
09.01.2025 12:44:57;3.1;
09.01.2025 12:45:00;3.1;
09.01.2025 12:45:01;3.09;
09.01.2025 12:45:02;3.1;
09.01.2025 12:45:03;3.11;
09.01.2025 12:45:04;3.1;
09.01.2025 12:45:11;3.1;
09.01.2025 12:45:12;3.11;
09.01.2025 12:45:13;3.11;
09.01.2025 12:45:14;3.1;
09.01.2025 12:45:15;3.11;
09.01.2025 12:45:16;3.1;
09.01.2025 12:45:17;3.09;
09.01.2025 12:45:18;3.1;
09.01.2025 12:45:19;3.11;
09.01.2025 12:45:20;3.1;
09.01.2025 12:45:22;3.1;
09.01.2025 12:45:23;3.09;
09.01.2025 12:45:24;3.1;
09.01.2025 12:45:31;3.1;
09.01.2025 12:45:32;3.11;
09.01.2025 12:45:32;3.11;
09.01.2025 12:45:34;3.1;
09.01.2025 12:45:35;3.1;
09.01.2025 12:45:36;3.11;
09.01.2025 12:45:37;3.1;
09.01.2025 12:45:38;3.11;
09.01.2025 12:45:39;3.1;
09.01.2025 12:45:40;3.1;
09.01.2025 12:45:41;3.11;
09.01.2025 12:45:42;3.1;
09.01.2025 12:45:43;3.11;
09.01.2025 12:45:44;3.1;
09.01.2025 12:45:45;3.11;
09.01.2025 12:45:46;3.11;
09.01.2025 12:45:47;3.12;
09.01.2025 12:45:48;3.1;
09.01.2025 12:45:49;3.11;
09.01.2025 12:45:50;3.1;
09.01.2025 12:45:51;3.11;
09.01.2025 12:45:55;3.11;
09.01.2025 12:45:56;3.1;
09.01.2025 12:45:57;3.1;
09.01.2025 12:45:58;3.11;
09.01.2025 12:46:00;3.11;
09.01.2025 12:46:01;3.1;
09.01.2025 12:46:02;3.11;
09.01.2025 12:46:03;3.11;
09.01.2025 12:46:04;3.1;
09.01.2025 12:46:05;3.11;
09.01.2025 12:46:09;3.11;
09.01.2025 12:46:10;3.1;
09.01.2025 12:46:11;3.11;
09.01.2025 12:46:12;3.1;
09.01.2025 12:46:13;3.11;
09.01.2025 12:46:19;3.11;
09.01.2025 12:46:20;3.1;
09.01.2025 12:46:21;3.1;
09.01.2025 12:46:22;3.11;
09.01.2025 12:46:23;3.12;
09.01.2025 12:46:24;3.11;
09.01.2025 12:46:28;3.11;
09.01.2025 12:46:29;3.1;
09.01.2025 12:46:30;3.11;
09.01.2025 12:46:31;3.11;
09.01.2025 12:46:32;3.12;
09.01.2025 12:46:33;3.11;
09.01.2025 12:46:34;3.1;
09.01.2025 12:46:35;3.11;
09.01.2025 12:46:36;3.12;
09.01.2025 12:46:37;3.11;
09.01.2025 12:46:39;3.11;
09.01.2025 12:46:40;3.12;
09.01.2025 12:46:41;3.11;
09.01.2025 12:46:44;3.11;
09.01.2025 12:46:45;3.12;
09.01.2025 12:46:46;3.11;
09.01.2025 12:46:52;3.11;
09.01.2025 12:46:53;3.12;
09.01.2025 12:46:54;3.12;
09.01.2025 12:46:55;3.11;
09.01.2025 12:46:56;3.11;
09.01.2025 12:46:57;3.12;
09.01.2025 12:46:58;3.12;
09.01.2025 12:46:59;3.11;
09.01.2025 12:47:04;3.11;
09.01.2025 12:47:05;3.12;
09.01.2025 12:47:06;3.13;
09.01.2025 12:47:07;3.12;
09.01.2025 12:47:08;3.12;
09.01.2025 12:47:09;3.13;
09.01.2025 12:47:10;3.12;
09.01.2025 12:47:11;3.12;
09.01.2025 12:47:12;3.11;
09.01.2025 12:47:13;3.12;
09.01.2025 12:47:14;3.12;
09.01.2025 12:47:15;3.11;
09.01.2025 12:47:16;3.12;
09.01.2025 12:47:23;3.12;
09.01.2025 12:47:24;3.11;
09.01.2025 12:47:25;3.12;
09.01.2025 12:47:33;3.12;
09.01.2025 12:47:34;3.11;
09.01.2025 12:47:35;3.13;
09.01.2025 12:47:36;3.11;
09.01.2025 12:47:37;3.12;
09.01.2025 12:47:45;3.12;
09.01.2025 12:47:46;3.13;
09.01.2025 12:47:47;3.12;
09.01.2025 12:47:50;3.12;
09.01.2025 12:47:51;3.13;
09.01.2025 12:47:52;3.12;
09.01.2025 12:48:00;3.12;
09.01.2025 12:48:01;3.11;
09.01.2025 12:48:02;3.12;
09.01.2025 12:48:03;3.12;
09.01.2025 12:48:04;3.11;
09.01.2025 12:48:07;3.11;
09.01.2025 12:48:08;3.12;
09.01.2025 12:48:09;3.13;
09.01.2025 12:48:10;3.12;
09.01.2025 12:48:11;3.12;
09.01.2025 12:48:12;3.11;
09.01.2025 12:48:13;3.13;
09.01.2025 12:48:14;3.12;
09.01.2025 12:48:15;3.12;
09.01.2025 12:48:16;3.11;
09.01.2025 12:48:17;3.12;
09.01.2025 12:48:23;3.12;
09.01.2025 12:48:24;3.11;
09.01.2025 12:48:25;3.12;
09.01.2025 12:48:30;3.12;
09.01.2025 12:48:31;3.13;
09.01.2025 12:48:32;3.12;
09.01.2025 12:48:38;3.12;
09.01.2025 12:48:39;3.13;
09.01.2025 12:48:40;3.13;
09.01.2025 12:48:41;3.12;
09.01.2025 12:48:42;3.12;
09.01.2025 12:48:43;3.13;
09.01.2025 12:48:44;3.13;
09.01.2025 12:48:45;3.12;
09.01.2025 12:48:47;3.12;
09.01.2025 12:48:48;3.13;
09.01.2025 12:48:49;3.12;
09.01.2025 12:48:51;3.12;
09.01.2025 12:48:52;3.13;
09.01.2025 12:48:54;3.13;
09.01.2025 12:48:55;3.12;
09.01.2025 12:48:56;3.13;
09.01.2025 12:48:58;3.13;
09.01.2025 12:48:59;3.12;
09.01.2025 12:49:00;3.12;
09.01.2025 12:49:01;3.13;
09.01.2025 12:49:02;3.12;
09.01.2025 12:49:03;3.13;
09.01.2025 12:49:04;3.13;
09.01.2025 12:49:05;3.12;
09.01.2025 12:49:07;3.12;
09.01.2025 12:49:08;3.13;
09.01.2025 12:49:09;3.12;
09.01.2025 12:49:10;3.12;
09.01.2025 12:49:11;3.13;
09.01.2025 12:49:12;3.12;
09.01.2025 12:49:13;3.12;
09.01.2025 12:49:14;3.13;
09.01.2025 12:49:15;3.13;
09.01.2025 12:49:16;3.12;
09.01.2025 12:49:18;3.12;
09.01.2025 12:49:19;3.13;
09.01.2025 12:49:22;3.13;
09.01.2025 12:49:23;3.12;
09.01.2025 12:49:24;3.13;
09.01.2025 12:49:26;3.13;
09.01.2025 12:49:27;3.12;
09.01.2025 12:49:28;3.13;
09.01.2025 12:49:31;3.13;
09.01.2025 12:49:32;3.12;
09.01.2025 12:49:34;3.12;
09.01.2025 12:49:35;3.13;
09.01.2025 12:49:36;3.12;
09.01.2025 12:49:37;3.13;
09.01.2025 12:49:38;3.12;
09.01.2025 12:49:39;3.13;
09.01.2025 12:49:41;3.13;
09.01.2025 12:49:42;3.12;
09.01.2025 12:49:43;3.13;
09.01.2025 12:49:44;3.13;
09.01.2025 12:49:45;3.12;
09.01.2025 12:49:46;3.12;
09.01.2025 12:49:47;3.13;
09.01.2025 12:49:48;3.12;
09.01.2025 12:49:49;3.13;
09.01.2025 12:49:52;3.13;
09.01.2025 12:49:53;3.12;
09.01.2025 12:49:54;3.12;
09.01.2025 12:49:55;3.14;
09.01.2025 12:49:56;3.12;
09.01.2025 12:49:57;3.12;
09.01.2025 12:49:58;3.13;
09.01.2025 12:49:59;3.13;
09.01.2025 12:50:00;3.12;
09.01.2025 12:50:01;3.13;
09.01.2025 12:50:10;3.13;
09.01.2025 12:50:11;3.12;
09.01.2025 12:50:12;3.13;
09.01.2025 12:50:13;3.12;
09.01.2025 12:50:14;3.13;
09.01.2025 12:50:23;3.13;
09.01.2025 12:50:24;3.12;
09.01.2025 12:50:25;3.13;
09.01.2025 12:50:26;3.14;
09.01.2025 12:50:27;3.14;
09.01.2025 12:50:28;3.13;
09.01.2025 12:50:35;3.13;
09.01.2025 12:50:36;3.12;
09.01.2025 12:50:37;3.12;
09.01.2025 12:50:38;3.13;
09.01.2025 12:50:52;3.13;
09.01.2025 12:50:53;3.14;
09.01.2025 12:50:54;3.13;
09.01.2025 12:50:55;3.13;
09.01.2025 12:50:56;3.14;
09.01.2025 12:50:58;3.14;
09.01.2025 12:50:59;3.13;
09.01.2025 12:51:00;3.14;
09.01.2025 12:51:01;3.14;
09.01.2025 12:51:02;3.13;
09.01.2025 12:51:09;3.13;
09.01.2025 12:51:10;3.12;
09.01.2025 12:51:11;3.12;
09.01.2025 12:51:12;3.14;
09.01.2025 12:51:13;3.13;
09.01.2025 12:51:14;3.13;
09.01.2025 12:51:15;3.14;
09.01.2025 12:51:16;3.13;
09.01.2025 12:51:17;3.14;
09.01.2025 12:51:18;3.14;
09.01.2025 12:51:19;3.13;
09.01.2025 12:51:24;3.13;
09.01.2025 12:51:25;3.14;
09.01.2025 12:51:26;3.13;
09.01.2025 12:51:27;3.13;
09.01.2025 12:51:28;3.14;
09.01.2025 12:51:29;3.13;
09.01.2025 12:51:30;3.14;
09.01.2025 12:51:30;3.13;
09.01.2025 12:51:32;3.14;
09.01.2025 12:51:34;3.14;
09.01.2025 12:51:35;3.15;
09.01.2025 12:51:36;3.15;
09.01.2025 12:51:37;3.13;
09.01.2025 12:51:38;3.13;
09.01.2025 12:51:39;3.14;
09.01.2025 12:51:44;3.14;
09.01.2025 12:51:45;3.13;
09.01.2025 12:51:46;3.13;
09.01.2025 12:51:47;3.14;
09.01.2025 12:51:48;3.13;
09.01.2025 12:51:51;3.13;
09.01.2025 12:51:52;3.14;
09.01.2025 12:51:55;3.14;
09.01.2025 12:51:56;3.13;
09.01.2025 12:51:57;3.14;
09.01.2025 12:52:01;3.14;
09.01.2025 12:52:02;3.13;
09.01.2025 12:52:03;3.13;
09.01.2025 12:52:04;3.14;
09.01.2025 12:52:06;3.14;
09.01.2025 12:52:07;3.13;
09.01.2025 12:52:08;3.14;
09.01.2025 12:52:09;3.14;
09.01.2025 12:52:10;3.13;
09.01.2025 12:52:11;3.14;
09.01.2025 12:52:18;3.14;
09.01.2025 12:52:19;3.13;
09.01.2025 12:52:20;3.14;
09.01.2025 12:52:21;3.14;
09.01.2025 12:52:22;3.13;
09.01.2025 12:52:23;3.14;
09.01.2025 12:52:24;3.14;
09.01.2025 12:52:25;3.13;
09.01.2025 12:52:26;3.15;
09.01.2025 12:52:27;3.14;
09.01.2025 12:52:30;3.14;
09.01.2025 12:52:31;3.15;
09.01.2025 12:52:32;3.14;
09.01.2025 12:52:36;3.14;
09.01.2025 12:52:37;3.15;
09.01.2025 12:52:38;3.14;
09.01.2025 12:52:43;3.14;
09.01.2025 12:52:44;3.15;
09.01.2025 12:52:45;3.14;
09.01.2025 12:52:46;3.13;
09.01.2025 12:52:47;3.15;
09.01.2025 12:52:48;3.14;
09.01.2025 12:52:50;3.14;
09.01.2025 12:52:51;3.13;
09.01.2025 12:52:52;3.15;
09.01.2025 12:52:53;3.15;
09.01.2025 12:52:54;3.14;
09.01.2025 12:52:55;3.14;
09.01.2025 12:52:56;3.15;
09.01.2025 12:52:57;3.15;
09.01.2025 12:52:58;3.14;
09.01.2025 12:52:59;3.14;
09.01.2025 12:53:00;3.15;
09.01.2025 12:53:03;3.15;
09.01.2025 12:53:04;3.14;
09.01.2025 12:53:05;3.15;
09.01.2025 12:53:07;3.15;
09.01.2025 12:53:08;3.14;
09.01.2025 12:53:09;3.14;
09.01.2025 12:53:10;3.15;
09.01.2025 12:53:12;3.15;
09.01.2025 12:53:13;3.16;
09.01.2025 12:53:14;3.15;
09.01.2025 12:53:15;3.15;
09.01.2025 12:53:16;3.14;
09.01.2025 12:53:18;3.14;
09.01.2025 12:53:19;3.15;
09.01.2025 12:53:20;3.16;
09.01.2025 12:53:21;3.14;
09.01.2025 12:53:22;3.15;
09.01.2025 12:53:23;3.15;
09.01.2025 12:53:24;3.14;
09.01.2025 12:53:25;3.14;
09.01.2025 12:53:26;3.15;
09.01.2025 12:53:27;3.15;
09.01.2025 12:53:28;3.14;
09.01.2025 12:53:29;3.14;
09.01.2025 12:53:30;3.15;
09.01.2025 12:53:32;3.15;
09.01.2025 12:53:33;3.14;
09.01.2025 12:53:35;3.14;
09.01.2025 12:53:36;3.15;
09.01.2025 12:53:39;3.15;
09.01.2025 12:53:40;3.16;
09.01.2025 12:53:41;3.14;
09.01.2025 12:53:42;3.15;
09.01.2025 12:53:43;3.14;
09.01.2025 12:53:45;3.14;
09.01.2025 12:53:46;3.15;
09.01.2025 12:53:47;3.14;
09.01.2025 12:53:48;3.15;
09.01.2025 12:53:49;3.15;
09.01.2025 12:53:50;3.14;
09.01.2025 12:53:51;3.15;
09.01.2025 12:53:52;3.16;
09.01.2025 12:53:53;3.15;
09.01.2025 12:53:54;3.14;
09.01.2025 12:53:55;3.15;
09.01.2025 12:53:56;3.15;
09.01.2025 12:53:57;3.14;
09.01.2025 12:53:58;3.14;
09.01.2025 12:53:59;3.15;
09.01.2025 12:54:09;3.15;
09.01.2025 12:54:10;3.14;
09.01.2025 12:54:11;3.16;
09.01.2025 12:54:12;3.15;
09.01.2025 12:54:17;3.15;
09.01.2025 12:54:18;3.14;
09.01.2025 12:54:19;3.15;
09.01.2025 12:54:25;3.15;
09.01.2025 12:54:26;3.14;
09.01.2025 12:54:27;3.15;
09.01.2025 12:54:28;3.15;
09.01.2025 12:54:29;3.16;
09.01.2025 12:54:30;3.15;
09.01.2025 12:54:35;3.15;
09.01.2025 12:54:36;3.16;
09.01.2025 12:54:37;3.15;
09.01.2025 12:54:42;3.15;
09.01.2025 12:54:43;3.14;
09.01.2025 12:54:44;3.16;
09.01.2025 12:54:45;3.15;
09.01.2025 12:54:46;3.16;
09.01.2025 12:54:47;3.15;
09.01.2025 12:54:48;3.15;
09.01.2025 12:54:49;3.14;
09.01.2025 12:54:50;3.15;
09.01.2025 12:54:51;3.15;
09.01.2025 12:54:52;3.14;
09.01.2025 12:54:53;3.15;
09.01.2025 12:54:54;3.16;
09.01.2025 12:54:55;3.17;
09.01.2025 12:54:56;3.15;
09.01.2025 12:55:01;3.15;
09.01.2025 12:55:02;3.16;
09.01.2025 12:55:03;3.15;
09.01.2025 12:55:05;3.15;
09.01.2025 12:55:06;3.16;
09.01.2025 12:55:09;3.16;
09.01.2025 12:55:10;3.15;
09.01.2025 12:55:11;3.16;
09.01.2025 12:55:12;3.15;
09.01.2025 12:55:13;3.16;
09.01.2025 12:55:14;3.15;
09.01.2025 12:55:15;3.15;
09.01.2025 12:55:16;3.16;
09.01.2025 12:55:17;3.15;
09.01.2025 12:55:18;3.16;
09.01.2025 12:55:19;3.15;
09.01.2025 12:55:20;3.16;
09.01.2025 12:55:21;3.15;
09.01.2025 12:55:23;3.15;
09.01.2025 12:55:24;3.16;
09.01.2025 12:55:25;3.15;
09.01.2025 12:55:26;3.16;
09.01.2025 12:55:27;3.15;
09.01.2025 12:55:28;3.16;
09.01.2025 12:55:30;3.16;
09.01.2025 12:55:31;3.15;
09.01.2025 12:55:32;3.16;
09.01.2025 12:55:36;3.16;
09.01.2025 12:55:37;3.15;
09.01.2025 12:55:39;3.15;
09.01.2025 12:55:40;3.16;
09.01.2025 12:55:43;3.16;
09.01.2025 12:55:44;3.17;
09.01.2025 12:55:45;3.15;
09.01.2025 12:55:46;3.15;
09.01.2025 12:55:47;3.16;
09.01.2025 12:55:49;3.16;
09.01.2025 12:55:50;3.15;
09.01.2025 12:55:51;3.16;
09.01.2025 12:55:52;3.16;
09.01.2025 12:55:53;3.15;
09.01.2025 12:55:54;3.16;
09.01.2025 12:55:55;3.15;
09.01.2025 12:55:56;3.15;
09.01.2025 12:55:57;3.16;
09.01.2025 12:55:58;3.15;
09.01.2025 12:55:59;3.15;
09.01.2025 12:56:00;3.16;
09.01.2025 12:56:02;3.16;
09.01.2025 12:56:03;3.15;
09.01.2025 12:56:04;3.16;
09.01.2025 12:56:05;3.15;
09.01.2025 12:56:06;3.16;
09.01.2025 12:56:07;3.17;
09.01.2025 12:56:08;3.15;
09.01.2025 12:56:09;3.16;
09.01.2025 12:56:12;3.16;
09.01.2025 12:56:13;3.17;
09.01.2025 12:56:14;3.16;
09.01.2025 12:56:17;3.16;
09.01.2025 12:56:18;3.17;
09.01.2025 12:56:19;3.16;
09.01.2025 12:56:21;3.16;
09.01.2025 12:56:22;3.15;
09.01.2025 12:56:23;3.16;
09.01.2025 12:56:24;3.17;
09.01.2025 12:56:25;3.16;
09.01.2025 12:56:27;3.16;
09.01.2025 12:56:28;3.17;
09.01.2025 12:56:29;3.16;
09.01.2025 12:56:30;3.16;
09.01.2025 12:56:31;3.17;
09.01.2025 12:56:32;3.17;
09.01.2025 12:56:33;3.16;
09.01.2025 12:56:36;3.16;
09.01.2025 12:56:37;3.17;
09.01.2025 12:56:38;3.17;
09.01.2025 12:56:39;3.16;
09.01.2025 12:56:40;3.16;
09.01.2025 12:56:41;3.17;
09.01.2025 12:56:42;3.17;
09.01.2025 12:56:43;3.16;
09.01.2025 12:56:44;3.17;
09.01.2025 12:56:45;3.16;
09.01.2025 12:56:46;3.17;
09.01.2025 12:56:47;3.17;
09.01.2025 12:56:48;3.16;
09.01.2025 12:56:49;3.17;
09.01.2025 12:56:50;3.16;
09.01.2025 12:57:05;3.16;
09.01.2025 12:57:06;3.15;
09.01.2025 12:57:07;3.16;
09.01.2025 12:57:12;3.16;
09.01.2025 12:57:13;3.17;
09.01.2025 12:57:14;3.16;
09.01.2025 12:57:16;3.16;
09.01.2025 12:57:17;3.17;
09.01.2025 12:57:18;3.16;
09.01.2025 12:57:19;3.16;
09.01.2025 12:57:20;3.17;
09.01.2025 12:57:22;3.17;
09.01.2025 12:57:23;3.15;
09.01.2025 12:57:24;3.17;
09.01.2025 12:57:25;3.16;
09.01.2025 12:57:26;3.15;
09.01.2025 12:57:27;3.17;
09.01.2025 12:57:28;3.16;
09.01.2025 12:57:29;3.16;
09.01.2025 12:57:30;3.17;
09.01.2025 12:57:31;3.16;
09.01.2025 12:57:33;3.16;
09.01.2025 12:57:34;3.17;
09.01.2025 12:57:35;3.16;
09.01.2025 12:57:37;3.16;
09.01.2025 12:57:38;3.17;
09.01.2025 12:57:39;3.16;
09.01.2025 12:57:40;3.17;
09.01.2025 12:57:42;3.17;
09.01.2025 12:57:43;3.16;
09.01.2025 12:57:46;3.16;
09.01.2025 12:57:47;3.17;
09.01.2025 12:57:51;3.17;
09.01.2025 12:57:52;3.16;
09.01.2025 12:57:53;3.16;
09.01.2025 12:57:54;3.17;
09.01.2025 12:57:55;3.17;
09.01.2025 12:57:56;3.16;
09.01.2025 12:58:01;3.16;
09.01.2025 12:58:02;3.17;
09.01.2025 12:58:03;3.16;
09.01.2025 12:58:04;3.16;
09.01.2025 12:58:05;3.17;
09.01.2025 12:58:06;3.17;
09.01.2025 12:58:07;3.16;
09.01.2025 12:58:08;3.17;
09.01.2025 12:58:09;3.16;
09.01.2025 12:58:10;3.17;
09.01.2025 12:58:11;3.17;
09.01.2025 12:58:12;3.16;
09.01.2025 12:58:13;3.17;
09.01.2025 12:58:18;3.17;
09.01.2025 12:58:19;3.18;
09.01.2025 12:58:20;3.17;
09.01.2025 12:58:33;3.17;
09.01.2025 12:58:34;3.16;
09.01.2025 12:58:35;3.17;
09.01.2025 12:58:40;3.17;
09.01.2025 12:58:41;3.16;
09.01.2025 12:58:42;3.16;
09.01.2025 12:58:43;3.17;
09.01.2025 12:58:51;3.17;
09.01.2025 12:58:52;3.16;
09.01.2025 12:58:53;3.17;
09.01.2025 12:58:56;3.17;
09.01.2025 12:58:57;3.16;
09.01.2025 12:58:58;3.17;
09.01.2025 12:59:00;3.17;
09.01.2025 12:59:01;3.18;
09.01.2025 12:59:02;3.18;
09.01.2025 12:59:03;3.17;
09.01.2025 12:59:04;3.16;
09.01.2025 12:59:05;3.17;
09.01.2025 12:59:10;3.17;
09.01.2025 12:59:11;3.18;
09.01.2025 12:59:12;3.17;
09.01.2025 12:59:14;3.17;
09.01.2025 12:59:15;3.18;
09.01.2025 12:59:16;3.17;
09.01.2025 12:59:17;3.17;
09.01.2025 12:59:18;3.18;
09.01.2025 12:59:19;3.17;
09.01.2025 12:59:22;3.17;
09.01.2025 12:59:23;3.18;
09.01.2025 12:59:24;3.17;
09.01.2025 12:59:26;3.17;
09.01.2025 12:59:27;3.18;
09.01.2025 12:59:28;3.17;
09.01.2025 12:59:29;3.18;
09.01.2025 12:59:30;3.17;
09.01.2025 12:59:31;3.17;
09.01.2025 12:59:32;3.18;
09.01.2025 12:59:35;3.18;
09.01.2025 12:59:36;3.17;
09.01.2025 12:59:37;3.17;
09.01.2025 12:59:38;3.18;
09.01.2025 12:59:39;3.18;
09.01.2025 12:59:40;3.17;
09.01.2025 12:59:41;3.18;
09.01.2025 12:59:42;3.17;
09.01.2025 12:59:43;3.17;
09.01.2025 12:59:44;3.16;
09.01.2025 12:59:45;3.17;
09.01.2025 12:59:51;3.17;
09.01.2025 12:59:52;3.18;
09.01.2025 12:59:53;3.18;
09.01.2025 12:59:54;3.17;
09.01.2025 12:59:58;3.17;
09.01.2025 12:59:59;3.18;
09.01.2025 13:00:00;3.17;
09.01.2025 13:00:01;3.18;
09.01.2025 13:00:02;3.17;
09.01.2025 13:00:05;3.17;
09.01.2025 13:00:06;3.18;
09.01.2025 13:00:07;3.16;
09.01.2025 13:00:08;3.17;
09.01.2025 13:00:12;3.17;
09.01.2025 13:00:13;3.16;
09.01.2025 13:00:14;3.17;
09.01.2025 13:00:15;3.17;
09.01.2025 13:00:16;3.18;
09.01.2025 13:00:17;3.17;
09.01.2025 13:00:18;3.16;
09.01.2025 13:00:19;3.18;
09.01.2025 13:00:20;3.18;
09.01.2025 13:00:21;3.17;
09.01.2025 13:00:28;3.17;
09.01.2025 13:00:29;3.18;
09.01.2025 13:00:30;3.18;
09.01.2025 13:00:31;3.17;
09.01.2025 13:00:32;3.18;
09.01.2025 13:00:34;3.18;
09.01.2025 13:00:35;3.17;
09.01.2025 13:00:37;3.17;
09.01.2025 13:00:38;3.19;
09.01.2025 13:00:39;3.17;
09.01.2025 13:00:42;3.17;
09.01.2025 13:00:43;3.18;
09.01.2025 13:00:44;3.18;
09.01.2025 13:00:45;3.17;
09.01.2025 13:00:46;3.18;
09.01.2025 13:00:53;3.18;
09.01.2025 13:00:54;3.17;
09.01.2025 13:00:55;3.17;
09.01.2025 13:00:56;3.18;
09.01.2025 13:00:58;3.18;
09.01.2025 13:00:59;3.17;
09.01.2025 13:01:00;3.18;
09.01.2025 13:01:01;3.17;
09.01.2025 13:01:02;3.18;
09.01.2025 13:01:03;3.17;
09.01.2025 13:01:04;3.17;
09.01.2025 13:01:05;3.18;
09.01.2025 13:01:08;3.18;
09.01.2025 13:01:09;3.17;
09.01.2025 13:01:10;3.18;
09.01.2025 13:01:13;3.18;
09.01.2025 13:01:14;3.17;
09.01.2025 13:01:15;3.18;
09.01.2025 13:01:19;3.18;
09.01.2025 13:01:20;3.19;
09.01.2025 13:01:21;3.18;
09.01.2025 13:01:32;3.18;
09.01.2025 13:01:33;3.19;
09.01.2025 13:01:34;3.18;
09.01.2025 13:01:35;3.18;
09.01.2025 13:01:36;3.19;
09.01.2025 13:01:37;3.19;
09.01.2025 13:01:38;3.18;
09.01.2025 13:01:42;3.18;
09.01.2025 13:01:43;3.17;
09.01.2025 13:01:44;3.17;
09.01.2025 13:01:45;3.18;
09.01.2025 13:01:54;3.18;
09.01.2025 13:01:55;3.19;
09.01.2025 13:01:56;3.18;
09.01.2025 13:01:57;3.18;
09.01.2025 13:01:58;3.19;
09.01.2025 13:01:59;3.18;
09.01.2025 13:02:02;3.18;
09.01.2025 13:02:03;3.19;
09.01.2025 13:02:04;3.18;
09.01.2025 13:02:09;3.18;
09.01.2025 13:02:10;3.19;
09.01.2025 13:02:11;3.18;
09.01.2025 13:02:14;3.18;
09.01.2025 13:02:15;3.19;
09.01.2025 13:02:16;3.18;
09.01.2025 13:02:19;3.18;
09.01.2025 13:02:20;3.19;
09.01.2025 13:02:21;3.18;
09.01.2025 13:02:22;3.18;
09.01.2025 13:02:23;3.19;
09.01.2025 13:02:24;3.18;
09.01.2025 13:02:25;3.19;
09.01.2025 13:02:26;3.18;
09.01.2025 13:02:27;3.19;
09.01.2025 13:02:28;3.19;
09.01.2025 13:02:29;3.18;
09.01.2025 13:02:30;3.19;
09.01.2025 13:02:31;3.19;
09.01.2025 13:02:32;3.18;
09.01.2025 13:02:33;3.17;
09.01.2025 13:02:34;3.19;
09.01.2025 13:02:35;3.18;
09.01.2025 13:02:39;3.18;
09.01.2025 13:02:40;3.19;
09.01.2025 13:02:41;3.18;
09.01.2025 13:02:44;3.18;
09.01.2025 13:02:45;3.2;
09.01.2025 13:02:46;3.18;
09.01.2025 13:02:47;3.18;
09.01.2025 13:02:48;3.19;
09.01.2025 13:02:49;3.18;
09.01.2025 13:02:50;3.19;
09.01.2025 13:02:56;3.19;
09.01.2025 13:02:57;3.18;
09.01.2025 13:02:58;3.19;
09.01.2025 13:02:59;3.18;
09.01.2025 13:03:01;3.18;
09.01.2025 13:03:02;3.19;
09.01.2025 13:03:03;3.18;
09.01.2025 13:03:05;3.18;
09.01.2025 13:03:06;3.19;
09.01.2025 13:03:07;3.19;
09.01.2025 13:03:08;3.18;
09.01.2025 13:03:09;3.18;
09.01.2025 13:03:10;3.19;
09.01.2025 13:03:11;3.18;
09.01.2025 13:03:12;3.19;
09.01.2025 13:03:13;3.19;
09.01.2025 13:03:14;3.18;
09.01.2025 13:03:15;3.18;
09.01.2025 13:03:16;3.19;
09.01.2025 13:03:17;3.18;
09.01.2025 13:03:19;3.18;
09.01.2025 13:03:20;3.19;
09.01.2025 13:03:21;3.18;
09.01.2025 13:03:24;3.18;
09.01.2025 13:03:25;3.2;
09.01.2025 13:03:26;3.19;
09.01.2025 13:03:33;3.19;
09.01.2025 13:03:34;3.18;
09.01.2025 13:03:35;3.18;
09.01.2025 13:03:36;3.19;
09.01.2025 13:03:39;3.19;
09.01.2025 13:03:40;3.18;
09.01.2025 13:03:41;3.19;
09.01.2025 13:03:42;3.19;
09.01.2025 13:03:43;3.18;
09.01.2025 13:03:44;3.19;
09.01.2025 13:03:48;3.19;
09.01.2025 13:03:49;3.18;
09.01.2025 13:03:50;3.19;
09.01.2025 13:03:54;3.19;
09.01.2025 13:03:55;3.2;
09.01.2025 13:03:56;3.19;
09.01.2025 13:03:59;3.19;
09.01.2025 13:04:00;3.2;
09.01.2025 13:04:01;3.19;
09.01.2025 13:04:02;3.19;
09.01.2025 13:04:03;3.18;
09.01.2025 13:04:04;3.2;
09.01.2025 13:04:05;3.19;
09.01.2025 13:04:06;3.19;
09.01.2025 13:04:07;3.18;
09.01.2025 13:04:08;3.19;
09.01.2025 13:04:11;3.19;
09.01.2025 13:04:12;3.18;
09.01.2025 13:04:13;3.19;
09.01.2025 13:04:14;3.2;
09.01.2025 13:04:15;3.19;
09.01.2025 13:04:22;3.19;
09.01.2025 13:04:23;3.2;
09.01.2025 13:04:24;3.19;
09.01.2025 13:04:28;3.19;
09.01.2025 13:04:29;3.18;
09.01.2025 13:04:30;3.19;
09.01.2025 13:04:31;3.19;
09.01.2025 13:04:32;3.18;
09.01.2025 13:04:33;3.19;
09.01.2025 13:04:34;3.2;
09.01.2025 13:04:35;3.19;
09.01.2025 13:04:37;3.19;
09.01.2025 13:04:38;3.18;
09.01.2025 13:04:39;3.19;
09.01.2025 13:04:46;3.19;
09.01.2025 13:04:47;3.2;
09.01.2025 13:04:48;3.19;
09.01.2025 13:04:51;3.19;
09.01.2025 13:04:52;3.2;
09.01.2025 13:04:53;3.2;
09.01.2025 13:04:54;3.19;
09.01.2025 13:05:00;3.19;
09.01.2025 13:05:01;3.2;
09.01.2025 13:05:03;3.2;
09.01.2025 13:05:04;3.19;
09.01.2025 13:05:06;3.19;
09.01.2025 13:05:07;3.2;
09.01.2025 13:05:08;3.19;
09.01.2025 13:05:09;3.2;
09.01.2025 13:05:11;3.2;
09.01.2025 13:05:12;3.19;
09.01.2025 13:05:16;3.19;
09.01.2025 13:05:17;3.2;
09.01.2025 13:05:18;3.2;
09.01.2025 13:05:19;3.19;
09.01.2025 13:05:20;3.19;
09.01.2025 13:05:21;3.2;
09.01.2025 13:05:22;3.2;
09.01.2025 13:05:23;3.19;
09.01.2025 13:05:24;3.2;
09.01.2025 13:05:25;3.2;
09.01.2025 13:05:26;3.18;
09.01.2025 13:05:27;3.19;
09.01.2025 13:05:28;3.19;
09.01.2025 13:05:29;3.21;
09.01.2025 13:05:30;3.19;
09.01.2025 13:05:31;3.19;
09.01.2025 13:05:32;3.2;
09.01.2025 13:05:33;3.19;
09.01.2025 13:05:34;3.19;
09.01.2025 13:05:35;3.2;
09.01.2025 13:05:36;3.19;
09.01.2025 13:05:37;3.19;
09.01.2025 13:05:38;3.2;
09.01.2025 13:05:39;3.2;
09.01.2025 13:05:40;3.19;
09.01.2025 13:05:41;3.2;
09.01.2025 13:05:42;3.2;
09.01.2025 13:05:43;3.19;
09.01.2025 13:05:44;3.2;
09.01.2025 13:05:46;3.2;
09.01.2025 13:05:47;3.19;
09.01.2025 13:05:48;3.2;
09.01.2025 13:05:49;3.19;
09.01.2025 13:05:50;3.2;
09.01.2025 13:05:54;3.2;
09.01.2025 13:05:55;3.19;
09.01.2025 13:05:56;3.2;
09.01.2025 13:06:00;3.2;
09.01.2025 13:06:01;3.19;
09.01.2025 13:06:02;3.2;
09.01.2025 13:06:15;3.2;
09.01.2025 13:06:16;3.19;
09.01.2025 13:06:17;3.2;
09.01.2025 13:06:18;3.2;
09.01.2025 13:06:19;3.19;
09.01.2025 13:06:20;3.21;
09.01.2025 13:06:21;3.2;
09.01.2025 13:06:24;3.2;
09.01.2025 13:06:25;3.19;
09.01.2025 13:06:26;3.2;
09.01.2025 13:06:28;3.2;
09.01.2025 13:06:29;3.21;
09.01.2025 13:06:30;3.21;
09.01.2025 13:06:31;3.2;
09.01.2025 13:06:36;3.2;
09.01.2025 13:06:37;3.21;
09.01.2025 13:06:41;3.21;
09.01.2025 13:06:42;3.2;
09.01.2025 13:06:44;3.2;
09.01.2025 13:06:45;3.21;
09.01.2025 13:06:46;3.2;
09.01.2025 13:06:52;3.2;
09.01.2025 13:06:53;3.19;
09.01.2025 13:06:54;3.2;
09.01.2025 13:06:55;3.2;
09.01.2025 13:06:56;3.21;
09.01.2025 13:06:57;3.2;
09.01.2025 13:06:59;3.2;
09.01.2025 13:07:00;3.21;
09.01.2025 13:07:01;3.21;
09.01.2025 13:07:02;3.2;
09.01.2025 13:07:03;3.2;
09.01.2025 13:07:04;3.21;
09.01.2025 13:07:05;3.21;
09.01.2025 13:07:06;3.2;
09.01.2025 13:07:11;3.2;
09.01.2025 13:07:12;3.21;
09.01.2025 13:07:13;3.22;
09.01.2025 13:07:14;3.2;
09.01.2025 13:07:15;3.21;
09.01.2025 13:07:16;3.2;
09.01.2025 13:07:17;3.21;
09.01.2025 13:07:19;3.21;
09.01.2025 13:07:20;3.2;
09.01.2025 13:07:21;3.2;
09.01.2025 13:07:22;3.21;
09.01.2025 13:07:25;3.21;
09.01.2025 13:07:26;3.2;
09.01.2025 13:07:28;3.2;
09.01.2025 13:07:29;3.19;
09.01.2025 13:07:30;3.2;
09.01.2025 13:07:31;3.21;
09.01.2025 13:07:32;3.2;
09.01.2025 13:07:33;3.21;
09.01.2025 13:07:34;3.2;
09.01.2025 13:07:36;3.2;
09.01.2025 13:07:37;3.21;
09.01.2025 13:07:40;3.21;
09.01.2025 13:07:41;3.2;
09.01.2025 13:07:42;3.2;
09.01.2025 13:07:43;3.21;
09.01.2025 13:07:44;3.21;
09.01.2025 13:07:45;3.2;
09.01.2025 13:07:46;3.2;
09.01.2025 13:07:47;3.21;
09.01.2025 13:07:48;3.2;
09.01.2025 13:07:49;3.21;
09.01.2025 13:07:50;3.2;
09.01.2025 13:07:51;3.21;
09.01.2025 13:07:52;3.21;
09.01.2025 13:07:53;3.2;
09.01.2025 13:07:54;3.21;
09.01.2025 13:07:55;3.2;
09.01.2025 13:07:56;3.21;
09.01.2025 13:07:57;3.2;
09.01.2025 13:07:58;3.2;
09.01.2025 13:07:59;3.21;
09.01.2025 13:08:00;3.21;
09.01.2025 13:08:01;3.2;
09.01.2025 13:08:04;3.2;
09.01.2025 13:08:05;3.21;
09.01.2025 13:08:06;3.2;
09.01.2025 13:08:08;3.2;
09.01.2025 13:08:09;3.21;
09.01.2025 13:08:10;3.2;
09.01.2025 13:08:11;3.21;
09.01.2025 13:08:12;3.2;
09.01.2025 13:08:13;3.21;
09.01.2025 13:08:14;3.21;
09.01.2025 13:08:15;3.2;
09.01.2025 13:08:16;3.21;
09.01.2025 13:08:18;3.21;
09.01.2025 13:08:19;3.2;
09.01.2025 13:08:20;3.21;
09.01.2025 13:08:26;3.21;
09.01.2025 13:08:27;3.2;
09.01.2025 13:08:28;3.2;
09.01.2025 13:08:29;3.21;
09.01.2025 13:08:30;3.21;
09.01.2025 13:08:31;3.2;
09.01.2025 13:08:32;3.21;
09.01.2025 13:08:33;3.21;
09.01.2025 13:08:34;3.2;
09.01.2025 13:08:35;3.21;
09.01.2025 13:08:36;3.21;
09.01.2025 13:08:37;3.2;
09.01.2025 13:08:39;3.2;
09.01.2025 13:08:40;3.21;
09.01.2025 13:08:43;3.21;
09.01.2025 13:08:44;3.22;
09.01.2025 13:08:45;3.21;
09.01.2025 13:08:46;3.22;
09.01.2025 13:08:47;3.21;
09.01.2025 13:08:48;3.21;
09.01.2025 13:08:49;3.2;
09.01.2025 13:08:50;3.21;
09.01.2025 13:08:52;3.21;
09.01.2025 13:08:53;3.2;
09.01.2025 13:08:55;3.2;
09.01.2025 13:08:56;3.21;
09.01.2025 13:09:07;3.21;
09.01.2025 13:09:08;3.22;
09.01.2025 13:09:09;3.21;
09.01.2025 13:09:12;3.21;
09.01.2025 13:09:13;3.2;
09.01.2025 13:09:14;3.22;
09.01.2025 13:09:15;3.21;
09.01.2025 13:09:22;3.21;
09.01.2025 13:09:23;3.2;
09.01.2025 13:09:24;3.2;
09.01.2025 13:09:25;3.21;
09.01.2025 13:09:26;3.21;
09.01.2025 13:09:27;3.2;
09.01.2025 13:09:28;3.21;
09.01.2025 13:09:29;3.21;
09.01.2025 13:09:30;3.22;
09.01.2025 13:09:31;3.21;
09.01.2025 13:09:34;3.21;
09.01.2025 13:09:35;3.22;
09.01.2025 13:09:36;3.21;
09.01.2025 13:09:37;3.2;
09.01.2025 13:09:38;3.21;
09.01.2025 13:09:39;3.22;
09.01.2025 13:09:40;3.21;
09.01.2025 13:09:41;3.2;
09.01.2025 13:09:42;3.2;
09.01.2025 13:09:43;3.21;
09.01.2025 13:09:45;3.21;
09.01.2025 13:09:46;3.22;
09.01.2025 13:09:47;3.22;
09.01.2025 13:09:48;3.21;
09.01.2025 13:09:49;3.21;
09.01.2025 13:09:50;3.2;
09.01.2025 13:09:51;3.21;
09.01.2025 13:09:55;3.21;
09.01.2025 13:09:56;3.22;
09.01.2025 13:09:57;3.21;
09.01.2025 13:10:02;3.21;
09.01.2025 13:10:03;3.22;
09.01.2025 13:10:04;3.22;
09.01.2025 13:10:05;3.21;
09.01.2025 13:10:11;3.21;
09.01.2025 13:10:12;3.22;
09.01.2025 13:10:13;3.22;
09.01.2025 13:10:14;3.21;
09.01.2025 13:10:16;3.21;
09.01.2025 13:10:17;3.22;
09.01.2025 13:10:18;3.23;
09.01.2025 13:10:19;3.21;
09.01.2025 13:10:20;3.22;
09.01.2025 13:10:21;3.21;
09.01.2025 13:10:22;3.22;
09.01.2025 13:10:23;3.22;
09.01.2025 13:10:24;3.21;
09.01.2025 13:10:25;3.22;
09.01.2025 13:10:26;3.21;
09.01.2025 13:10:27;3.22;
09.01.2025 13:10:28;3.22;
09.01.2025 13:10:29;3.21;
09.01.2025 13:10:30;3.22;
09.01.2025 13:10:31;3.21;
09.01.2025 13:10:32;3.22;
09.01.2025 13:10:37;3.22;
09.01.2025 13:10:38;3.21;
09.01.2025 13:10:39;3.21;
09.01.2025 13:10:40;3.22;
09.01.2025 13:10:41;3.22;
09.01.2025 13:10:42;3.21;
09.01.2025 13:10:43;3.21;
09.01.2025 13:10:44;3.22;
09.01.2025 13:10:46;3.22;
09.01.2025 13:10:47;3.21;
09.01.2025 13:10:48;3.22;
09.01.2025 13:10:49;3.21;
09.01.2025 13:10:50;3.22;
09.01.2025 13:10:53;3.22;
09.01.2025 13:10:54;3.21;
09.01.2025 13:10:55;3.21;
09.01.2025 13:10:56;3.22;
09.01.2025 13:10:57;3.21;
09.01.2025 13:10:58;3.21;
09.01.2025 13:10:59;3.22;
09.01.2025 13:11:00;3.21;
09.01.2025 13:11:01;3.22;
09.01.2025 13:11:08;3.22;
09.01.2025 13:11:09;3.21;
09.01.2025 13:11:10;3.21;
09.01.2025 13:11:11;3.22;
09.01.2025 13:11:14;3.22;
09.01.2025 13:11:15;3.21;
09.01.2025 13:11:16;3.21;
09.01.2025 13:11:17;3.22;
09.01.2025 13:11:23;3.22;
09.01.2025 13:11:24;3.21;
09.01.2025 13:11:25;3.22;
09.01.2025 13:11:33;3.22;
09.01.2025 13:11:34;3.21;
09.01.2025 13:11:35;3.22;
09.01.2025 13:11:44;3.22;
09.01.2025 13:11:45;3.21;
09.01.2025 13:11:46;3.21;
09.01.2025 13:11:47;3.22;
09.01.2025 13:11:54;3.22;
09.01.2025 13:11:55;3.21;
09.01.2025 13:11:56;3.22;
09.01.2025 13:11:57;3.22;
09.01.2025 13:11:58;3.21;
09.01.2025 13:12:00;3.21;
09.01.2025 13:12:01;3.22;
09.01.2025 13:12:02;3.21;
09.01.2025 13:12:03;3.22;
09.01.2025 13:12:06;3.22;
09.01.2025 13:12:07;3.2;
09.01.2025 13:12:08;3.22;
09.01.2025 13:12:14;3.22;
09.01.2025 13:12:15;3.21;
09.01.2025 13:12:16;3.21;
09.01.2025 13:12:17;3.22;
09.01.2025 13:12:21;3.22;
09.01.2025 13:12:22;3.23;
09.01.2025 13:12:23;3.22;
09.01.2025 13:12:32;3.22;
09.01.2025 13:12:33;3.23;
09.01.2025 13:12:34;3.22;
09.01.2025 13:12:41;3.22;
09.01.2025 13:12:42;3.21;
09.01.2025 13:12:43;3.22;
09.01.2025 13:12:44;3.22;
09.01.2025 13:12:45;3.23;
09.01.2025 13:12:46;3.22;
09.01.2025 13:12:49;3.22;
09.01.2025 13:12:50;3.21;
09.01.2025 13:12:51;3.22;
09.01.2025 13:12:55;3.22;
09.01.2025 13:12:56;3.21;
09.01.2025 13:12:57;3.22;
09.01.2025 13:12:59;3.22;
09.01.2025 13:13:00;3.21;
09.01.2025 13:13:01;3.22;
09.01.2025 13:13:02;3.23;
09.01.2025 13:13:03;3.22;
09.01.2025 13:13:04;3.21;
09.01.2025 13:13:05;3.22;
09.01.2025 13:13:13;3.22;
09.01.2025 13:13:14;3.23;
09.01.2025 13:13:15;3.22;
09.01.2025 13:13:17;3.22;
09.01.2025 13:13:18;3.23;
09.01.2025 13:13:19;3.22;
09.01.2025 13:13:21;3.22;
09.01.2025 13:13:22;3.23;
09.01.2025 13:13:23;3.23;
09.01.2025 13:13:24;3.22;
09.01.2025 13:13:25;3.22;
09.01.2025 13:13:26;3.23;
09.01.2025 13:13:27;3.22;
09.01.2025 13:13:31;3.22;
09.01.2025 13:13:32;3.23;
09.01.2025 13:13:33;3.22;
09.01.2025 13:13:34;3.22;
09.01.2025 13:13:35;3.21;
09.01.2025 13:13:36;3.23;
09.01.2025 13:13:37;3.23;
09.01.2025 13:13:38;3.22;
09.01.2025 13:13:39;3.22;
09.01.2025 13:13:40;3.23;
09.01.2025 13:13:41;3.22;
09.01.2025 13:13:45;3.22;
09.01.2025 13:13:46;3.21;
09.01.2025 13:13:47;3.22;
09.01.2025 13:13:48;3.22;
09.01.2025 13:13:49;3.21;
09.01.2025 13:13:50;3.22;
09.01.2025 13:13:51;3.23;
09.01.2025 13:13:52;3.23;
09.01.2025 13:13:53;3.21;
09.01.2025 13:13:54;3.22;
09.01.2025 13:14:05;3.22;
09.01.2025 13:14:06;3.23;
09.01.2025 13:14:08;3.23;
09.01.2025 13:14:09;3.22;
09.01.2025 13:14:15;3.22;
09.01.2025 13:14:16;3.23;
09.01.2025 13:14:17;3.22;
09.01.2025 13:14:18;3.22;
09.01.2025 13:14:19;3.21;
09.01.2025 13:14:20;3.22;
09.01.2025 13:14:23;3.22;
09.01.2025 13:14:24;3.23;
09.01.2025 13:14:25;3.22;
09.01.2025 13:14:26;3.23;
09.01.2025 13:14:27;3.23;
09.01.2025 13:14:28;3.22;
09.01.2025 13:14:34;3.22;
09.01.2025 13:14:35;3.23;
09.01.2025 13:14:36;3.22;
09.01.2025 13:14:38;3.22;
09.01.2025 13:14:39;3.23;
09.01.2025 13:14:40;3.22;
09.01.2025 13:14:41;3.21;
09.01.2025 13:14:42;3.23;
09.01.2025 13:14:43;3.22;
09.01.2025 13:14:44;3.22;
09.01.2025 13:14:45;3.23;
09.01.2025 13:14:46;3.22;
09.01.2025 13:14:47;3.23;
09.01.2025 13:14:49;3.23;
09.01.2025 13:14:50;3.22;
09.01.2025 13:14:52;3.22;
09.01.2025 13:14:53;3.23;
09.01.2025 13:14:54;3.22;
09.01.2025 13:14:58;3.22;
09.01.2025 13:14:59;3.23;
09.01.2025 13:15:00;3.22;
09.01.2025 13:15:01;3.23;
09.01.2025 13:15:02;3.22;
09.01.2025 13:15:13;3.22;
09.01.2025 13:15:14;3.21;
09.01.2025 13:15:15;3.22;
09.01.2025 13:15:16;3.24;
09.01.2025 13:15:17;3.23;
09.01.2025 13:15:18;3.22;
09.01.2025 13:15:19;3.23;
09.01.2025 13:15:20;3.22;
09.01.2025 13:15:21;3.23;
09.01.2025 13:15:22;3.22;
09.01.2025 13:15:24;3.22;
09.01.2025 13:15:25;3.23;
09.01.2025 13:15:26;3.22;
09.01.2025 13:15:27;3.22;
09.01.2025 13:15:28;3.24;
09.01.2025 13:15:29;3.23;
09.01.2025 13:15:30;3.23;
09.01.2025 13:15:31;3.22;
09.01.2025 13:15:32;3.23;
09.01.2025 13:15:34;3.23;
09.01.2025 13:15:35;3.22;
09.01.2025 13:15:36;3.23;
09.01.2025 13:15:41;3.23;
09.01.2025 13:15:42;3.22;
09.01.2025 13:15:43;3.22;
09.01.2025 13:15:44;3.23;
09.01.2025 13:15:45;3.22;
09.01.2025 13:15:46;3.23;
09.01.2025 13:15:53;3.23;
09.01.2025 13:15:54;3.22;
09.01.2025 13:15:55;3.23;
09.01.2025 13:15:56;3.24;
09.01.2025 13:15:57;3.22;
09.01.2025 13:15:58;3.23;
09.01.2025 13:16:10;3.23;
09.01.2025 13:16:11;3.22;
09.01.2025 13:16:12;3.23;
09.01.2025 13:16:21;3.23;
09.01.2025 13:16:22;3.22;
09.01.2025 13:16:23;3.23;
09.01.2025 13:16:24;3.24;
09.01.2025 13:16:25;3.22;
09.01.2025 13:16:26;3.23;
09.01.2025 13:16:27;3.22;
09.01.2025 13:16:28;3.23;
09.01.2025 13:16:29;3.23;
09.01.2025 13:16:30;3.24;
09.01.2025 13:16:31;3.23;
09.01.2025 13:16:32;3.24;
09.01.2025 13:16:33;3.23;
09.01.2025 13:16:37;3.23;
09.01.2025 13:16:38;3.24;
09.01.2025 13:16:39;3.23;
09.01.2025 13:16:40;3.22;
09.01.2025 13:16:41;3.23;
09.01.2025 13:16:42;3.24;
09.01.2025 13:16:43;3.23;
09.01.2025 13:16:44;3.23;
09.01.2025 13:16:45;3.24;
09.01.2025 13:16:46;3.24;
09.01.2025 13:16:47;3.23;
09.01.2025 13:16:53;3.23;
09.01.2025 13:16:54;3.24;
09.01.2025 13:16:55;3.23;
09.01.2025 13:16:56;3.23;
09.01.2025 13:16:57;3.22;
09.01.2025 13:16:58;3.23;
09.01.2025 13:16:59;3.24;
09.01.2025 13:17:01;3.24;
09.01.2025 13:17:02;3.23;
09.01.2025 13:17:05;3.23;
09.01.2025 13:17:06;3.24;
09.01.2025 13:17:09;3.24;
09.01.2025 13:17:10;3.23;
09.01.2025 13:17:11;3.23;
09.01.2025 13:17:12;3.25;
09.01.2025 13:17:13;3.24;
09.01.2025 13:17:14;3.24;
09.01.2025 13:17:15;3.23;
09.01.2025 13:17:16;3.24;
09.01.2025 13:17:18;3.24;
09.01.2025 13:17:19;3.23;
09.01.2025 13:17:20;3.24;
09.01.2025 13:17:21;3.24;
09.01.2025 13:17:22;3.23;
09.01.2025 13:17:25;3.23;
09.01.2025 13:17:26;3.24;
09.01.2025 13:17:28;3.24;
09.01.2025 13:17:29;3.23;
09.01.2025 13:17:30;3.24;
09.01.2025 13:17:32;3.24;
09.01.2025 13:17:33;3.23;
09.01.2025 13:17:34;3.24;
09.01.2025 13:17:35;3.23;
09.01.2025 13:17:36;3.23;
09.01.2025 13:17:37;3.24;
09.01.2025 13:17:38;3.23;
09.01.2025 13:17:39;3.23;
09.01.2025 13:17:40;3.24;
09.01.2025 13:17:41;3.24;
09.01.2025 13:17:42;3.23;
09.01.2025 13:17:43;3.24;
09.01.2025 13:17:44;3.23;
09.01.2025 13:17:45;3.24;
09.01.2025 13:17:47;3.24;
09.01.2025 13:17:48;3.23;
09.01.2025 13:17:49;3.24;
09.01.2025 13:17:52;3.24;
09.01.2025 13:17:53;3.23;
09.01.2025 13:17:54;3.24;
09.01.2025 13:18:01;3.24;
09.01.2025 13:18:02;3.23;
09.01.2025 13:18:03;3.24;
09.01.2025 13:18:05;3.24;
09.01.2025 13:18:06;3.23;
09.01.2025 13:18:07;3.24;
09.01.2025 13:18:08;3.23;
09.01.2025 13:18:09;3.24;
09.01.2025 13:18:10;3.23;
09.01.2025 13:18:11;3.24;
09.01.2025 13:18:12;3.23;
09.01.2025 13:18:13;3.23;
09.01.2025 13:18:14;3.24;
09.01.2025 13:18:15;3.23;
09.01.2025 13:18:18;3.23;
09.01.2025 13:18:19;3.24;
09.01.2025 13:18:24;3.24;
09.01.2025 13:18:25;3.23;
09.01.2025 13:18:26;3.23;
09.01.2025 13:18:27;3.24;
09.01.2025 13:18:28;3.24;
09.01.2025 13:18:29;3.23;
09.01.2025 13:18:30;3.24;
09.01.2025 13:18:31;3.23;
09.01.2025 13:18:32;3.24;
09.01.2025 13:18:42;3.24;
09.01.2025 13:18:43;3.25;
09.01.2025 13:18:44;3.23;
09.01.2025 13:18:45;3.24;
09.01.2025 13:18:46;3.24;
09.01.2025 13:18:47;3.25;
09.01.2025 13:18:48;3.24;
09.01.2025 13:18:55;3.24;
09.01.2025 13:18:56;3.25;
09.01.2025 13:18:57;3.24;
09.01.2025 13:18:58;3.24;
09.01.2025 13:18:59;3.25;
09.01.2025 13:19:00;3.24;
09.01.2025 13:19:03;3.24;
09.01.2025 13:19:04;3.23;
09.01.2025 13:19:05;3.25;
09.01.2025 13:19:06;3.24;
09.01.2025 13:19:12;3.24;
09.01.2025 13:19:13;3.25;
09.01.2025 13:19:14;3.23;
09.01.2025 13:19:15;3.23;
09.01.2025 13:19:16;3.24;
09.01.2025 13:19:17;3.25;
09.01.2025 13:19:18;3.24;
09.01.2025 13:19:21;3.24;
09.01.2025 13:19:22;3.23;
09.01.2025 13:19:23;3.24;
09.01.2025 13:19:31;3.24;
09.01.2025 13:19:32;3.23;
09.01.2025 13:19:33;3.24;
09.01.2025 13:19:36;3.24;
09.01.2025 13:19:37;3.25;
09.01.2025 13:19:38;3.24;
09.01.2025 13:19:39;3.24;
09.01.2025 13:19:40;3.25;
09.01.2025 13:19:41;3.24;
09.01.2025 13:19:42;3.23;
09.01.2025 13:19:43;3.24;
09.01.2025 13:19:44;3.24;
09.01.2025 13:19:45;3.26;
09.01.2025 13:19:46;3.24;
09.01.2025 13:19:51;3.24;
09.01.2025 13:19:52;3.25;
09.01.2025 13:19:53;3.24;
09.01.2025 13:19:54;3.24;
09.01.2025 13:19:55;3.23;
09.01.2025 13:19:56;3.24;
09.01.2025 13:19:57;3.24;
09.01.2025 13:19:58;3.25;
09.01.2025 13:19:59;3.24;
09.01.2025 13:20:03;3.24;
09.01.2025 13:20:04;3.25;
09.01.2025 13:20:05;3.25;
09.01.2025 13:20:06;3.24;
09.01.2025 13:20:07;3.24;
09.01.2025 13:20:08;3.25;
09.01.2025 13:20:09;3.24;
09.01.2025 13:20:22;3.24;
09.01.2025 13:20:23;3.25;
09.01.2025 13:20:24;3.24;
09.01.2025 13:20:26;3.24;
09.01.2025 13:20:27;3.25;
09.01.2025 13:20:28;3.25;
09.01.2025 13:20:29;3.24;
09.01.2025 13:20:30;3.25;
09.01.2025 13:20:31;3.24;
09.01.2025 13:20:32;3.24;
09.01.2025 13:20:33;3.25;
09.01.2025 13:20:34;3.24;
09.01.2025 13:20:35;3.25;
09.01.2025 13:20:36;3.24;
09.01.2025 13:20:37;3.25;
09.01.2025 13:20:38;3.24;
09.01.2025 13:20:40;3.24;
09.01.2025 13:20:41;3.25;
09.01.2025 13:20:44;3.25;
09.01.2025 13:20:45;3.24;
09.01.2025 13:20:46;3.24;
09.01.2025 13:20:47;3.25;
09.01.2025 13:20:48;3.24;
09.01.2025 13:20:49;3.25;
09.01.2025 13:20:51;3.25;
09.01.2025 13:20:52;3.24;
09.01.2025 13:20:53;3.25;
09.01.2025 13:20:54;3.24;
09.01.2025 13:20:55;3.25;
09.01.2025 13:20:56;3.25;
09.01.2025 13:20:57;3.24;
09.01.2025 13:20:58;3.25;
09.01.2025 13:20:59;3.24;
09.01.2025 13:21:00;3.24;
09.01.2025 13:21:01;3.25;
09.01.2025 13:21:05;3.25;
09.01.2025 13:21:06;3.24;
09.01.2025 13:21:07;3.25;
09.01.2025 13:21:13;3.25;
09.01.2025 13:21:14;3.24;
09.01.2025 13:21:16;3.24;
09.01.2025 13:21:17;3.25;
09.01.2025 13:21:20;3.25;
09.01.2025 13:21:21;3.24;
09.01.2025 13:21:22;3.25;
09.01.2025 13:21:25;3.25;
09.01.2025 13:21:26;3.24;
09.01.2025 13:21:27;3.25;
09.01.2025 13:21:28;3.25;
09.01.2025 13:21:29;3.23;
09.01.2025 13:21:30;3.25;
09.01.2025 13:21:31;3.25;
09.01.2025 13:21:32;3.24;
09.01.2025 13:21:33;3.25;
09.01.2025 13:21:34;3.24;
09.01.2025 13:21:36;3.24;
09.01.2025 13:21:37;3.25;
09.01.2025 13:21:38;3.24;
09.01.2025 13:21:39;3.24;
09.01.2025 13:21:40;3.25;
09.01.2025 13:21:41;3.24;
09.01.2025 13:21:42;3.25;
09.01.2025 13:21:46;3.25;
09.01.2025 13:21:47;3.24;
09.01.2025 13:21:48;3.25;
09.01.2025 13:21:49;3.25;
09.01.2025 13:21:50;3.24;
09.01.2025 13:21:51;3.25;
09.01.2025 13:22:00;3.25;
09.01.2025 13:22:01;3.24;
09.01.2025 13:22:02;3.25;
09.01.2025 13:22:03;3.24;
09.01.2025 13:22:05;3.24;
09.01.2025 13:22:06;3.25;
09.01.2025 13:22:07;3.25;
09.01.2025 13:22:08;3.24;
09.01.2025 13:22:09;3.25;
09.01.2025 13:22:10;3.24;
09.01.2025 13:22:15;3.24;
09.01.2025 13:22:16;3.25;
09.01.2025 13:22:18;3.25;
09.01.2025 13:22:19;3.24;
09.01.2025 13:22:20;3.25;
09.01.2025 13:22:21;3.24;
09.01.2025 13:22:22;3.24;
09.01.2025 13:22:23;3.26;
09.01.2025 13:22:24;3.25;
09.01.2025 13:22:25;3.25;
09.01.2025 13:22:26;3.24;
09.01.2025 13:22:27;3.25;
09.01.2025 13:22:28;3.25;
09.01.2025 13:22:29;3.26;
09.01.2025 13:22:30;3.25;
09.01.2025 13:22:31;3.25;
09.01.2025 13:22:32;3.24;
09.01.2025 13:22:33;3.26;
09.01.2025 13:22:34;3.26;
09.01.2025 13:22:35;3.25;
09.01.2025 13:22:43;3.25;
09.01.2025 13:22:44;3.24;
09.01.2025 13:22:45;3.25;
09.01.2025 13:22:51;3.25;
09.01.2025 13:22:52;3.24;
09.01.2025 13:22:53;3.25;
09.01.2025 13:22:54;3.25;
09.01.2025 13:22:55;3.24;
09.01.2025 13:22:56;3.25;
09.01.2025 13:22:59;3.25;
09.01.2025 13:23:00;3.24;
09.01.2025 13:23:02;3.24;
09.01.2025 13:23:03;3.25;
09.01.2025 13:23:12;3.25;
09.01.2025 13:23:13;3.26;
09.01.2025 13:23:14;3.26;
09.01.2025 13:23:15;3.25;
09.01.2025 13:23:18;3.25;
09.01.2025 13:23:19;3.26;
09.01.2025 13:23:20;3.25;
09.01.2025 13:23:21;3.24;
09.01.2025 13:23:22;3.25;
09.01.2025 13:23:23;3.25;
09.01.2025 13:23:24;3.26;
09.01.2025 13:23:25;3.25;
09.01.2025 13:23:30;3.25;
09.01.2025 13:23:31;3.24;
09.01.2025 13:23:32;3.25;
09.01.2025 13:23:33;3.25;
09.01.2025 13:23:34;3.26;
09.01.2025 13:23:35;3.25;
09.01.2025 13:23:36;3.26;
09.01.2025 13:23:37;3.25;
09.01.2025 13:23:46;3.25;
09.01.2025 13:23:47;3.24;
09.01.2025 13:23:48;3.25;
09.01.2025 13:23:58;3.25;
09.01.2025 13:23:59;3.24;
09.01.2025 13:24:00;3.25;
09.01.2025 13:24:01;3.26;
09.01.2025 13:24:02;3.25;
09.01.2025 13:24:07;3.25;
09.01.2025 13:24:08;3.26;
09.01.2025 13:24:09;3.25;
09.01.2025 13:24:10;3.25;
09.01.2025 13:24:11;3.26;
09.01.2025 13:24:12;3.25;
09.01.2025 13:24:13;3.26;
09.01.2025 13:24:14;3.25;
09.01.2025 13:24:16;3.25;
09.01.2025 13:24:17;3.26;
09.01.2025 13:24:18;3.25;
09.01.2025 13:24:24;3.25;
09.01.2025 13:24:25;3.26;
09.01.2025 13:24:26;3.26;
09.01.2025 13:24:27;3.25;
09.01.2025 13:24:28;3.24;
09.01.2025 13:24:29;3.25;
09.01.2025 13:24:30;3.25;
09.01.2025 13:24:31;3.26;
09.01.2025 13:24:32;3.26;
09.01.2025 13:24:33;3.25;
09.01.2025 13:24:38;3.25;
09.01.2025 13:24:39;3.26;
09.01.2025 13:24:41;3.26;
09.01.2025 13:24:42;3.25;
09.01.2025 13:24:50;3.25;
09.01.2025 13:24:51;3.26;
09.01.2025 13:24:52;3.25;
09.01.2025 13:24:53;3.25;
09.01.2025 13:24:54;3.26;
09.01.2025 13:24:55;3.26;
09.01.2025 13:24:56;3.25;
09.01.2025 13:24:57;3.25;
09.01.2025 13:24:58;3.24;
09.01.2025 13:24:59;3.25;
09.01.2025 13:25:04;3.25;
09.01.2025 13:25:05;3.24;
09.01.2025 13:25:06;3.25;
09.01.2025 13:25:07;3.25;
09.01.2025 13:25:08;3.26;
09.01.2025 13:25:09;3.26;
09.01.2025 13:25:10;3.25;
09.01.2025 13:25:11;3.25;
09.01.2025 13:25:12;3.26;
09.01.2025 13:25:13;3.25;
09.01.2025 13:25:14;3.26;
09.01.2025 13:25:15;3.25;
09.01.2025 13:25:16;3.25;
09.01.2025 13:25:17;3.26;
09.01.2025 13:25:18;3.26;
09.01.2025 13:25:19;3.25;
09.01.2025 13:25:21;3.25;
09.01.2025 13:25:22;3.26;
09.01.2025 13:25:23;3.25;
09.01.2025 13:25:24;3.25;
09.01.2025 13:25:25;3.24;
09.01.2025 13:25:26;3.26;
09.01.2025 13:25:27;3.26;
09.01.2025 13:25:28;3.25;
09.01.2025 13:25:29;3.26;
09.01.2025 13:25:30;3.25;
09.01.2025 13:25:34;3.25;
09.01.2025 13:25:35;3.26;
09.01.2025 13:25:40;3.26;
09.01.2025 13:25:41;3.25;
09.01.2025 13:25:43;3.25;
09.01.2025 13:25:44;3.26;
09.01.2025 13:25:45;3.25;
09.01.2025 13:25:46;3.26;
09.01.2025 13:25:52;3.26;
09.01.2025 13:25:53;3.25;
09.01.2025 13:25:54;3.25;
09.01.2025 13:25:55;3.26;
09.01.2025 13:25:56;3.25;
09.01.2025 13:25:57;3.26;
09.01.2025 13:25:58;3.25;
09.01.2025 13:25:59;3.26;
09.01.2025 13:26:00;3.25;
09.01.2025 13:26:01;3.25;
09.01.2025 13:26:02;3.26;
09.01.2025 13:26:03;3.26;
09.01.2025 13:26:04;3.25;
09.01.2025 13:26:05;3.26;
09.01.2025 13:26:09;3.26;
09.01.2025 13:26:10;3.25;
09.01.2025 13:26:13;3.25;
09.01.2025 13:26:14;3.26;
09.01.2025 13:26:15;3.25;
09.01.2025 13:26:17;3.25;
09.01.2025 13:26:18;3.26;
09.01.2025 13:26:19;3.26;
09.01.2025 13:26:20;3.25;
09.01.2025 13:26:21;3.25;
09.01.2025 13:26:22;3.26;
09.01.2025 13:26:23;3.25;
09.01.2025 13:26:24;3.26;
09.01.2025 13:26:30;3.26;
09.01.2025 13:26:31;3.25;
09.01.2025 13:26:32;3.25;
09.01.2025 13:26:33;3.26;
09.01.2025 13:26:34;3.25;
09.01.2025 13:26:35;3.25;
09.01.2025 13:26:36;3.26;
09.01.2025 13:26:37;3.26;
09.01.2025 13:26:38;3.27;
09.01.2025 13:26:39;3.26;
09.01.2025 13:26:40;3.26;
09.01.2025 13:26:41;3.25;
09.01.2025 13:26:42;3.26;
09.01.2025 13:26:43;3.25;
09.01.2025 13:26:44;3.26;
09.01.2025 13:26:45;3.25;
09.01.2025 13:26:46;3.26;
09.01.2025 13:26:48;3.26;
09.01.2025 13:26:49;3.27;
09.01.2025 13:26:50;3.26;
09.01.2025 13:26:55;3.26;
09.01.2025 13:26:56;3.25;
09.01.2025 13:26:57;3.26;
09.01.2025 13:26:59;3.26;
09.01.2025 13:27:00;3.25;
09.01.2025 13:27:01;3.26;
09.01.2025 13:27:06;3.26;
09.01.2025 13:27:07;3.25;
09.01.2025 13:27:08;3.26;
09.01.2025 13:27:10;3.26;
09.01.2025 13:27:11;3.25;
09.01.2025 13:27:12;3.26;
09.01.2025 13:27:13;3.26;
09.01.2025 13:27:14;3.27;
09.01.2025 13:27:15;3.26;
09.01.2025 13:27:20;3.26;
09.01.2025 13:27:21;3.25;
09.01.2025 13:27:22;3.26;
09.01.2025 13:27:23;3.25;
09.01.2025 13:27:24;3.26;
09.01.2025 13:27:29;3.26;
09.01.2025 13:27:30;3.25;
09.01.2025 13:27:31;3.26;
09.01.2025 13:27:32;3.26;
09.01.2025 13:27:33;3.25;
09.01.2025 13:27:34;3.26;
09.01.2025 13:27:43;3.26;
09.01.2025 13:27:44;3.27;
09.01.2025 13:27:45;3.26;
09.01.2025 13:27:49;3.26;
09.01.2025 13:27:50;3.27;
09.01.2025 13:27:51;3.26;
09.01.2025 13:27:55;3.26;
09.01.2025 13:27:56;3.27;
09.01.2025 13:27:57;3.26;
09.01.2025 13:28:02;3.26;
09.01.2025 13:28:03;3.25;
09.01.2025 13:28:04;3.25;
09.01.2025 13:28:05;3.26;
09.01.2025 13:28:08;3.26;
09.01.2025 13:28:09;3.25;
09.01.2025 13:28:10;3.25;
09.01.2025 13:28:11;3.26;
09.01.2025 13:28:12;3.26;
09.01.2025 13:28:13;3.27;
09.01.2025 13:28:14;3.25;
09.01.2025 13:28:15;3.26;
09.01.2025 13:28:23;3.26;
09.01.2025 13:28:24;3.25;
09.01.2025 13:28:25;3.26;
09.01.2025 13:28:26;3.26;
09.01.2025 13:28:27;3.25;
09.01.2025 13:28:28;3.26;
09.01.2025 13:28:34;3.26;
09.01.2025 13:28:35;3.25;
09.01.2025 13:28:36;3.26;
09.01.2025 13:28:38;3.26;
09.01.2025 13:28:39;3.27;
09.01.2025 13:28:40;3.26;
09.01.2025 13:28:42;3.26;
09.01.2025 13:28:43;3.25;
09.01.2025 13:28:44;3.26;
09.01.2025 13:28:49;3.26;
09.01.2025 13:28:50;3.27;
09.01.2025 13:28:51;3.25;
09.01.2025 13:28:52;3.26;
09.01.2025 13:28:53;3.25;
09.01.2025 13:28:54;3.27;
09.01.2025 13:28:55;3.27;
09.01.2025 13:28:56;3.26;
09.01.2025 13:28:59;3.26;
09.01.2025 13:29:00;3.25;
09.01.2025 13:29:01;3.27;
09.01.2025 13:29:02;3.26;
09.01.2025 13:29:03;3.26;
09.01.2025 13:29:04;3.27;
09.01.2025 13:29:05;3.26;
09.01.2025 13:29:06;3.27;
09.01.2025 13:29:08;3.27;
09.01.2025 13:29:09;3.26;
09.01.2025 13:29:10;3.27;
09.01.2025 13:29:11;3.26;
09.01.2025 13:29:13;3.26;
09.01.2025 13:29:14;3.27;
09.01.2025 13:29:15;3.26;
09.01.2025 13:29:17;3.26;
09.01.2025 13:29:18;3.27;
09.01.2025 13:29:19;3.26;
09.01.2025 13:29:21;3.26;
09.01.2025 13:29:22;3.27;
09.01.2025 13:29:23;3.26;
09.01.2025 13:29:24;3.26;
09.01.2025 13:29:25;3.27;
09.01.2025 13:29:26;3.27;
09.01.2025 13:29:27;3.26;
09.01.2025 13:29:29;3.26;
09.01.2025 13:29:30;3.27;
09.01.2025 13:29:32;3.27;
09.01.2025 13:29:33;3.26;
09.01.2025 13:29:34;3.27;
09.01.2025 13:29:35;3.27;
09.01.2025 13:29:36;3.26;
09.01.2025 13:29:37;3.26;
09.01.2025 13:29:38;3.27;
09.01.2025 13:29:40;3.27;
09.01.2025 13:29:41;3.26;
09.01.2025 13:29:42;3.26;
09.01.2025 13:29:43;3.27;
09.01.2025 13:29:44;3.27;
09.01.2025 13:29:45;3.26;
09.01.2025 13:29:46;3.27;
09.01.2025 13:29:47;3.26;
09.01.2025 13:29:48;3.27;
09.01.2025 13:29:49;3.26;
09.01.2025 13:29:51;3.26;
09.01.2025 13:29:52;3.27;
09.01.2025 13:29:53;3.26;
09.01.2025 13:29:54;3.27;
09.01.2025 13:29:55;3.27;
09.01.2025 13:29:56;3.26;
09.01.2025 13:29:57;3.27;
09.01.2025 13:29:58;3.27;
09.01.2025 13:29:59;3.26;
09.01.2025 13:30:00;3.27;
09.01.2025 13:30:01;3.26;
09.01.2025 13:30:02;3.26;
09.01.2025 13:30:03;3.27;
09.01.2025 13:30:06;3.27;
09.01.2025 13:30:07;3.28;
09.01.2025 13:30:08;3.27;
09.01.2025 13:30:12;3.27;
09.01.2025 13:30:13;3.26;
09.01.2025 13:30:14;3.27;
09.01.2025 13:30:19;3.27;
09.01.2025 13:30:20;3.26;
09.01.2025 13:30:21;3.27;
09.01.2025 13:30:22;3.27;
09.01.2025 13:30:23;3.26;
09.01.2025 13:30:24;3.27;
09.01.2025 13:30:25;3.27;
09.01.2025 13:30:26;3.26;
09.01.2025 13:30:27;3.26;
09.01.2025 13:30:28;3.27;
09.01.2025 13:30:30;3.27;
09.01.2025 13:30:31;3.26;
09.01.2025 13:30:32;3.27;
09.01.2025 13:30:35;3.27;
09.01.2025 13:30:36;3.26;
09.01.2025 13:30:37;3.27;
09.01.2025 13:30:42;3.27;
09.01.2025 13:30:43;3.26;
09.01.2025 13:30:44;3.27;
09.01.2025 13:30:45;3.26;
09.01.2025 13:30:50;3.26;
09.01.2025 13:30:51;3.27;
09.01.2025 13:30:52;3.26;
09.01.2025 13:30:53;3.27;
09.01.2025 13:30:54;3.27;
09.01.2025 13:30:55;3.26;
09.01.2025 13:30:56;3.28;
09.01.2025 13:30:57;3.27;
09.01.2025 13:30:59;3.27;
09.01.2025 13:31:00;3.28;
09.01.2025 13:31:01;3.27;
09.01.2025 13:31:03;3.27;
09.01.2025 13:31:04;3.26;
09.01.2025 13:31:05;3.27;
09.01.2025 13:31:06;3.26;
09.01.2025 13:31:07;3.27;
09.01.2025 13:31:10;3.27;
09.01.2025 13:31:11;3.26;
09.01.2025 13:31:12;3.27;
09.01.2025 13:31:14;3.27;
09.01.2025 13:31:15;3.26;
09.01.2025 13:31:17;3.26;
09.01.2025 13:31:18;3.27;
09.01.2025 13:31:19;3.27;
09.01.2025 13:31:20;3.26;
09.01.2025 13:31:21;3.27;
09.01.2025 13:31:22;3.27;
09.01.2025 13:31:23;3.26;
09.01.2025 13:31:24;3.27;
09.01.2025 13:31:25;3.27;
09.01.2025 13:31:26;3.28;
09.01.2025 13:31:27;3.26;
09.01.2025 13:31:28;3.27;
09.01.2025 13:31:29;3.27;
09.01.2025 13:31:30;3.28;
09.01.2025 13:31:31;3.27;
09.01.2025 13:31:33;3.27;
09.01.2025 13:31:34;3.26;
09.01.2025 13:31:35;3.27;
09.01.2025 13:31:38;3.27;
09.01.2025 13:31:39;3.26;
09.01.2025 13:31:40;3.27;
09.01.2025 13:31:44;3.27;
09.01.2025 13:31:45;3.26;
09.01.2025 13:31:46;3.27;
09.01.2025 13:31:47;3.26;
09.01.2025 13:31:48;3.27;
09.01.2025 13:31:49;3.26;
09.01.2025 13:31:50;3.26;
09.01.2025 13:31:51;3.27;
09.01.2025 13:31:52;3.28;
09.01.2025 13:31:53;3.27;
09.01.2025 13:31:54;3.26;
09.01.2025 13:31:55;3.27;
09.01.2025 13:32:01;3.27;
09.01.2025 13:32:02;3.26;
09.01.2025 13:32:03;3.27;
09.01.2025 13:32:05;3.27;
09.01.2025 13:32:06;3.26;
09.01.2025 13:32:07;3.27;
09.01.2025 13:32:09;3.27;
09.01.2025 13:32:10;3.28;
09.01.2025 13:32:11;3.26;
09.01.2025 13:32:13;3.26;
09.01.2025 13:32:14;3.27;
09.01.2025 13:32:21;3.27;
09.01.2025 13:32:22;3.28;
09.01.2025 13:32:23;3.27;
09.01.2025 13:32:24;3.27;
09.01.2025 13:32:25;3.26;
09.01.2025 13:32:26;3.26;
09.01.2025 13:32:27;3.27;
09.01.2025 13:32:31;3.27;
09.01.2025 13:32:32;3.26;
09.01.2025 13:32:33;3.27;
09.01.2025 13:32:39;3.27;
09.01.2025 13:32:40;3.26;
09.01.2025 13:32:41;3.27;
09.01.2025 13:32:45;3.27;
09.01.2025 13:32:46;3.26;
09.01.2025 13:32:47;3.27;
09.01.2025 13:32:55;3.27;
09.01.2025 13:32:56;3.28;
09.01.2025 13:32:57;3.27;
09.01.2025 13:32:59;3.27;
09.01.2025 13:33:00;3.26;
09.01.2025 13:33:01;3.26;
09.01.2025 13:33:02;3.27;
09.01.2025 13:33:04;3.27;
09.01.2025 13:33:05;3.26;
09.01.2025 13:33:06;3.27;
09.01.2025 13:33:07;3.27;
09.01.2025 13:33:08;3.26;
09.01.2025 13:33:09;3.26;
09.01.2025 13:33:10;3.27;
09.01.2025 13:33:14;3.27;
09.01.2025 13:33:15;3.26;
09.01.2025 13:33:16;3.27;
09.01.2025 13:33:17;3.26;
09.01.2025 13:33:18;3.27;
09.01.2025 13:33:22;3.27;
09.01.2025 13:33:23;3.26;
09.01.2025 13:33:24;3.27;
09.01.2025 13:33:32;3.27;
09.01.2025 13:33:33;3.26;
09.01.2025 13:33:34;3.27;
09.01.2025 13:33:35;3.28;
09.01.2025 13:33:36;3.27;
09.01.2025 13:33:37;3.27;
09.01.2025 13:33:38;3.26;
09.01.2025 13:33:39;3.27;
09.01.2025 13:33:43;3.27;
09.01.2025 13:33:44;3.26;
09.01.2025 13:33:45;3.26;
09.01.2025 13:33:46;3.28;
09.01.2025 13:33:47;3.27;
09.01.2025 13:33:49;3.27;
09.01.2025 13:33:50;3.26;
09.01.2025 13:33:51;3.27;
09.01.2025 13:33:52;3.27;
09.01.2025 13:33:53;3.26;
09.01.2025 13:33:54;3.27;
09.01.2025 13:34:00;3.27;
09.01.2025 13:34:01;3.28;
09.01.2025 13:34:02;3.27;
09.01.2025 13:34:10;3.27;
09.01.2025 13:34:11;3.28;
09.01.2025 13:34:12;3.27;
09.01.2025 13:34:13;3.26;
09.01.2025 13:34:14;3.27;
09.01.2025 13:34:15;3.27;
09.01.2025 13:34:16;3.26;
09.01.2025 13:34:17;3.27;
09.01.2025 13:34:23;3.27;
09.01.2025 13:34:24;3.28;
09.01.2025 13:34:25;3.27;
09.01.2025 13:34:30;3.27;
09.01.2025 13:34:31;3.28;
09.01.2025 13:34:32;3.27;
09.01.2025 13:34:35;3.27;
09.01.2025 13:34:36;3.28;
09.01.2025 13:34:37;3.28;
09.01.2025 13:34:38;3.27;
09.01.2025 13:34:43;3.27;
09.01.2025 13:34:44;3.28;
09.01.2025 13:34:45;3.26;
09.01.2025 13:34:46;3.28;
09.01.2025 13:34:47;3.27;
09.01.2025 13:34:48;3.28;
09.01.2025 13:34:49;3.27;
09.01.2025 13:34:50;3.27;
09.01.2025 13:34:51;3.26;
09.01.2025 13:34:52;3.27;
09.01.2025 13:35:01;3.27;
09.01.2025 13:35:02;3.28;
09.01.2025 13:35:03;3.27;
09.01.2025 13:35:04;3.28;
09.01.2025 13:35:05;3.27;
09.01.2025 13:35:06;3.28;
09.01.2025 13:35:07;3.27;
09.01.2025 13:35:08;3.27;
09.01.2025 13:35:09;3.28;
09.01.2025 13:35:10;3.28;
09.01.2025 13:35:11;3.27;
09.01.2025 13:35:15;3.27;
09.01.2025 13:35:16;3.28;
09.01.2025 13:35:17;3.28;
09.01.2025 13:35:18;3.27;
09.01.2025 13:35:19;3.28;
09.01.2025 13:35:20;3.28;
09.01.2025 13:35:21;3.26;
09.01.2025 13:35:22;3.27;
09.01.2025 13:35:23;3.27;
09.01.2025 13:35:24;3.28;
09.01.2025 13:35:25;3.28;
09.01.2025 13:35:26;3.26;
09.01.2025 13:35:27;3.28;
09.01.2025 13:35:28;3.27;
09.01.2025 13:35:29;3.28;
09.01.2025 13:35:30;3.27;
09.01.2025 13:35:31;3.28;
09.01.2025 13:35:32;3.28;
09.01.2025 13:35:33;3.27;
09.01.2025 13:35:35;3.27;
09.01.2025 13:35:36;3.28;
09.01.2025 13:35:37;3.27;
09.01.2025 13:35:38;3.28;
09.01.2025 13:35:39;3.27;
09.01.2025 13:35:40;3.28;
09.01.2025 13:35:41;3.27;
09.01.2025 13:35:42;3.28;
09.01.2025 13:35:43;3.28;
09.01.2025 13:35:44;3.27;
09.01.2025 13:35:45;3.28;
09.01.2025 13:35:46;3.27;
09.01.2025 13:35:47;3.27;
09.01.2025 13:35:48;3.28;
09.01.2025 13:35:49;3.27;
09.01.2025 13:35:54;3.27;
09.01.2025 13:35:55;3.28;
09.01.2025 13:35:56;3.27;
09.01.2025 13:36:00;3.27;
09.01.2025 13:36:01;3.28;
09.01.2025 13:36:04;3.28;
09.01.2025 13:36:05;3.27;
09.01.2025 13:36:06;3.28;
09.01.2025 13:36:07;3.27;
09.01.2025 13:36:12;3.27;
09.01.2025 13:36:13;3.28;
09.01.2025 13:36:14;3.29;
09.01.2025 13:36:15;3.28;
09.01.2025 13:36:16;3.27;
09.01.2025 13:36:17;3.28;
09.01.2025 13:36:18;3.28;
09.01.2025 13:36:19;3.27;
09.01.2025 13:36:20;3.28;
09.01.2025 13:36:21;3.27;
09.01.2025 13:36:22;3.28;
09.01.2025 13:36:25;3.28;
09.01.2025 13:36:26;3.27;
09.01.2025 13:36:27;3.28;
09.01.2025 13:36:28;3.27;
09.01.2025 13:36:29;3.28;
09.01.2025 13:36:30;3.28;
09.01.2025 13:36:31;3.27;
09.01.2025 13:36:32;3.28;
09.01.2025 13:36:33;3.27;
09.01.2025 13:36:34;3.27;
09.01.2025 13:36:35;3.28;
09.01.2025 13:36:36;3.28;
09.01.2025 13:36:37;3.27;
09.01.2025 13:36:38;3.26;
09.01.2025 13:36:39;3.27;
09.01.2025 13:36:40;3.28;
09.01.2025 13:36:41;3.27;
09.01.2025 13:36:43;3.27;
09.01.2025 13:36:44;3.28;
09.01.2025 13:36:45;3.27;
09.01.2025 13:36:46;3.27;
09.01.2025 13:36:47;3.28;
09.01.2025 13:36:48;3.28;
09.01.2025 13:36:49;3.27;
09.01.2025 13:36:50;3.27;
09.01.2025 13:36:51;3.28;
09.01.2025 13:36:53;3.28;
09.01.2025 13:36:54;3.27;
09.01.2025 13:36:55;3.28;
09.01.2025 13:36:56;3.27;
09.01.2025 13:36:57;3.27;
09.01.2025 13:36:58;3.28;
09.01.2025 13:37:01;3.28;
09.01.2025 13:37:02;3.27;
09.01.2025 13:37:03;3.28;
09.01.2025 13:37:04;3.27;
09.01.2025 13:37:05;3.27;
09.01.2025 13:37:06;3.28;
09.01.2025 13:37:07;3.27;
09.01.2025 13:37:14;3.27;
09.01.2025 13:37:15;3.28;
09.01.2025 13:37:16;3.27;
09.01.2025 13:37:17;3.28;
09.01.2025 13:37:18;3.27;
09.01.2025 13:37:19;3.28;
09.01.2025 13:37:20;3.27;
09.01.2025 13:37:21;3.28;
09.01.2025 13:37:22;3.27;
09.01.2025 13:37:23;3.28;
09.01.2025 13:37:24;3.29;
09.01.2025 13:37:25;3.28;
09.01.2025 13:37:29;3.28;
09.01.2025 13:37:30;3.27;
09.01.2025 13:37:31;3.29;
09.01.2025 13:37:32;3.28;
09.01.2025 13:37:33;3.28;
09.01.2025 13:37:34;3.27;
09.01.2025 13:37:35;3.28;
09.01.2025 13:37:36;3.28;
09.01.2025 13:37:37;3.29;
09.01.2025 13:37:38;3.28;
09.01.2025 13:37:43;3.28;
09.01.2025 13:37:44;3.27;
09.01.2025 13:37:45;3.28;
09.01.2025 13:37:47;3.28;
09.01.2025 13:37:48;3.27;
09.01.2025 13:37:49;3.28;
09.01.2025 13:37:50;3.28;
09.01.2025 13:37:51;3.27;
09.01.2025 13:37:52;3.28;
09.01.2025 13:37:53;3.28;
09.01.2025 13:37:54;3.27;
09.01.2025 13:37:55;3.28;
09.01.2025 13:37:58;3.28;
09.01.2025 13:37:59;3.27;
09.01.2025 13:38:00;3.28;
09.01.2025 13:38:01;3.29;
09.01.2025 13:38:02;3.28;
09.01.2025 13:38:05;3.28;
09.01.2025 13:38:06;3.27;
09.01.2025 13:38:07;3.28;
09.01.2025 13:38:12;3.28;
09.01.2025 13:38:13;3.29;
09.01.2025 13:38:14;3.28;
09.01.2025 13:38:15;3.27;
09.01.2025 13:38:16;3.28;
09.01.2025 13:38:18;3.28;
09.01.2025 13:38:19;3.27;
09.01.2025 13:38:20;3.28;
09.01.2025 13:38:24;3.28;
09.01.2025 13:38:25;3.27;
09.01.2025 13:38:26;3.27;
09.01.2025 13:38:27;3.28;
09.01.2025 13:38:28;3.28;
09.01.2025 13:38:29;3.29;
09.01.2025 13:38:30;3.28;
09.01.2025 13:38:35;3.28;
09.01.2025 13:38:36;3.27;
09.01.2025 13:38:37;3.28;
09.01.2025 13:38:39;3.28;
09.01.2025 13:38:40;3.27;
09.01.2025 13:38:41;3.27;
09.01.2025 13:38:42;3.28;
09.01.2025 13:38:48;3.28;
09.01.2025 13:38:49;3.29;
09.01.2025 13:38:50;3.28;
09.01.2025 13:39:04;3.28;
09.01.2025 13:39:05;3.29;
09.01.2025 13:39:06;3.28;
09.01.2025 13:39:07;3.29;
09.01.2025 13:39:08;3.28;
09.01.2025 13:39:16;3.28;
09.01.2025 13:39:17;3.27;
09.01.2025 13:39:18;3.28;
09.01.2025 13:39:25;3.28;
09.01.2025 13:39:26;3.29;
09.01.2025 13:39:27;3.28;
09.01.2025 13:39:31;3.28;
09.01.2025 13:39:32;3.27;
09.01.2025 13:39:33;3.28;
09.01.2025 13:39:36;3.28;
09.01.2025 13:39:37;3.29;
09.01.2025 13:39:38;3.28;
09.01.2025 13:39:49;3.28;
09.01.2025 13:39:50;3.29;
09.01.2025 13:39:51;3.29;
09.01.2025 13:39:52;3.27;
09.01.2025 13:39:53;3.28;
09.01.2025 13:39:55;3.28;
09.01.2025 13:39:56;3.27;
09.01.2025 13:39:57;3.29;
09.01.2025 13:39:58;3.28;
09.01.2025 13:39:59;3.27;
09.01.2025 13:40:00;3.28;
09.01.2025 13:40:02;3.28;
09.01.2025 13:40:03;3.29;
09.01.2025 13:40:04;3.28;
09.01.2025 13:40:06;3.28;
09.01.2025 13:40:07;3.29;
09.01.2025 13:40:08;3.28;
09.01.2025 13:40:10;3.28;
09.01.2025 13:40:11;3.29;
09.01.2025 13:40:12;3.28;
09.01.2025 13:40:13;3.28;
09.01.2025 13:40:14;3.29;
09.01.2025 13:40:15;3.29;
09.01.2025 13:40:16;3.28;
09.01.2025 13:40:18;3.28;
09.01.2025 13:40:19;3.29;
09.01.2025 13:40:20;3.28;
09.01.2025 13:40:21;3.28;
09.01.2025 13:40:22;3.27;
09.01.2025 13:40:23;3.28;
09.01.2025 13:40:24;3.29;
09.01.2025 13:40:25;3.28;
09.01.2025 13:40:26;3.28;
09.01.2025 13:40:27;3.27;
09.01.2025 13:40:28;3.29;
09.01.2025 13:40:29;3.28;
09.01.2025 13:40:30;3.29;
09.01.2025 13:40:31;3.27;
09.01.2025 13:40:32;3.28;
09.01.2025 13:40:41;3.28;
09.01.2025 13:40:42;3.27;
09.01.2025 13:40:43;3.28;
09.01.2025 13:40:52;3.28;
09.01.2025 13:40:53;3.29;
09.01.2025 13:40:54;3.28;
09.01.2025 13:40:55;3.29;
09.01.2025 13:40:56;3.28;
09.01.2025 13:40:57;3.28;
09.01.2025 13:40:58;3.29;
09.01.2025 13:40:59;3.28;
09.01.2025 13:41:02;3.28;
09.01.2025 13:41:03;3.29;
09.01.2025 13:41:04;3.29;
09.01.2025 13:41:05;3.28;
09.01.2025 13:41:06;3.29;
09.01.2025 13:41:08;3.29;
09.01.2025 13:41:09;3.28;
09.01.2025 13:41:10;3.29;
09.01.2025 13:41:11;3.28;
09.01.2025 13:41:12;3.29;
09.01.2025 13:41:13;3.28;
09.01.2025 13:41:24;3.28;
09.01.2025 13:41:25;3.27;
09.01.2025 13:41:26;3.28;
09.01.2025 13:41:27;3.28;
09.01.2025 13:41:28;3.29;
09.01.2025 13:41:29;3.28;
09.01.2025 13:41:30;3.28;
09.01.2025 13:41:31;3.29;
09.01.2025 13:41:33;3.29;
09.01.2025 13:41:34;3.28;
09.01.2025 13:41:35;3.28;
09.01.2025 13:41:36;3.29;
09.01.2025 13:41:37;3.29;
09.01.2025 13:41:38;3.28;
09.01.2025 13:41:39;3.29;
09.01.2025 13:41:41;3.29;
09.01.2025 13:41:42;3.28;
09.01.2025 13:41:43;3.28;
09.01.2025 13:41:44;3.29;
09.01.2025 13:41:45;3.29;
09.01.2025 13:41:46;3.28;
09.01.2025 13:41:51;3.28;
09.01.2025 13:41:52;3.29;
09.01.2025 13:41:53;3.29;
09.01.2025 13:41:54;3.28;
09.01.2025 13:41:55;3.28;
09.01.2025 13:41:56;3.29;
09.01.2025 13:41:58;3.29;
09.01.2025 13:41:59;3.28;
09.01.2025 13:42:00;3.29;
09.01.2025 13:42:01;3.29;
09.01.2025 13:42:02;3.3;
09.01.2025 13:42:03;3.28;
09.01.2025 13:42:05;3.28;
09.01.2025 13:42:06;3.29;
09.01.2025 13:42:08;3.29;
09.01.2025 13:42:09;3.28;
09.01.2025 13:42:10;3.28;
09.01.2025 13:42:11;3.29;
09.01.2025 13:42:12;3.3;
09.01.2025 13:42:13;3.28;
09.01.2025 13:42:15;3.28;
09.01.2025 13:42:16;3.3;
09.01.2025 13:42:17;3.29;
09.01.2025 13:42:19;3.29;
09.01.2025 13:42:20;3.28;
09.01.2025 13:42:21;3.29;
09.01.2025 13:42:25;3.29;
09.01.2025 13:42:26;3.28;
09.01.2025 13:42:27;3.29;
09.01.2025 13:42:31;3.29;
09.01.2025 13:42:32;3.28;
09.01.2025 13:42:33;3.29;
09.01.2025 13:42:38;3.29;
09.01.2025 13:42:39;3.28;
09.01.2025 13:42:40;3.29;
09.01.2025 13:42:41;3.28;
09.01.2025 13:42:42;3.29;
09.01.2025 13:42:43;3.28;
09.01.2025 13:42:44;3.27;
09.01.2025 13:42:45;3.28;
09.01.2025 13:42:46;3.29;
09.01.2025 13:42:47;3.28;
09.01.2025 13:42:48;3.28;
09.01.2025 13:42:49;3.29;
09.01.2025 13:42:50;3.29;
09.01.2025 13:42:51;3.28;
09.01.2025 13:42:52;3.29;
09.01.2025 13:42:53;3.28;
09.01.2025 13:42:54;3.28;
09.01.2025 13:42:55;3.29;
09.01.2025 13:42:59;3.29;
09.01.2025 13:43:00;3.3;
09.01.2025 13:43:01;3.29;
09.01.2025 13:43:02;3.29;
09.01.2025 13:43:03;3.3;
09.01.2025 13:43:04;3.28;
09.01.2025 13:43:05;3.29;
09.01.2025 13:43:06;3.28;
09.01.2025 13:43:07;3.29;
09.01.2025 13:43:08;3.29;
09.01.2025 13:43:09;3.28;
09.01.2025 13:43:10;3.29;
09.01.2025 13:43:11;3.3;
09.01.2025 13:43:12;3.29;
09.01.2025 13:43:13;3.29;
09.01.2025 13:43:14;3.28;
09.01.2025 13:43:15;3.29;
09.01.2025 13:43:20;3.29;
09.01.2025 13:43:21;3.28;
09.01.2025 13:43:22;3.29;
09.01.2025 13:43:24;3.29;
09.01.2025 13:43:25;3.28;
09.01.2025 13:43:27;3.28;
09.01.2025 13:43:28;3.29;
09.01.2025 13:43:30;3.29;
09.01.2025 13:43:31;3.28;
09.01.2025 13:43:33;3.28;
09.01.2025 13:43:34;3.29;
09.01.2025 13:43:35;3.28;
09.01.2025 13:43:36;3.29;
09.01.2025 13:43:38;3.29;
09.01.2025 13:43:39;3.28;
09.01.2025 13:43:40;3.29;
09.01.2025 13:43:46;3.29;
09.01.2025 13:43:47;3.28;
09.01.2025 13:43:48;3.29;
09.01.2025 13:43:53;3.29;
09.01.2025 13:43:54;3.3;
09.01.2025 13:43:55;3.29;
09.01.2025 13:43:59;3.29;
09.01.2025 13:44:00;3.28;
09.01.2025 13:44:02;3.28;
09.01.2025 13:44:03;3.29;
09.01.2025 13:44:04;3.28;
09.01.2025 13:44:05;3.29;
09.01.2025 13:44:07;3.29;
09.01.2025 13:44:08;3.28;
09.01.2025 13:44:09;3.29;
09.01.2025 13:44:10;3.28;
09.01.2025 13:44:11;3.29;
09.01.2025 13:44:12;3.29;
09.01.2025 13:44:13;3.28;
09.01.2025 13:44:14;3.29;
09.01.2025 13:44:15;3.29;
09.01.2025 13:44:16;3.3;
09.01.2025 13:44:17;3.28;
09.01.2025 13:44:18;3.29;
09.01.2025 13:44:19;3.29;
09.01.2025 13:44:20;3.3;
09.01.2025 13:44:21;3.29;
09.01.2025 13:44:31;3.29;
09.01.2025 13:44:32;3.28;
09.01.2025 13:44:33;3.29;
09.01.2025 13:44:34;3.29;
09.01.2025 13:44:35;3.28;
09.01.2025 13:44:36;3.29;
09.01.2025 13:44:40;3.29;
09.01.2025 13:44:41;3.28;
09.01.2025 13:44:42;3.29;
09.01.2025 13:44:43;3.29;
09.01.2025 13:44:44;3.28;
09.01.2025 13:44:45;3.29;
09.01.2025 13:44:47;3.29;
09.01.2025 13:44:48;3.3;
09.01.2025 13:44:49;3.29;
09.01.2025 13:44:54;3.29;
09.01.2025 13:44:55;3.3;
09.01.2025 13:44:56;3.29;
09.01.2025 13:44:57;3.28;
09.01.2025 13:44:58;3.29;
09.01.2025 13:45:07;3.29;
09.01.2025 13:45:08;3.3;
09.01.2025 13:45:09;3.29;
09.01.2025 13:45:11;3.29;
09.01.2025 13:45:12;3.3;
09.01.2025 13:45:13;3.29;
09.01.2025 13:45:19;3.29;
09.01.2025 13:45:20;3.28;
09.01.2025 13:45:21;3.29;
09.01.2025 13:45:23;3.29;
09.01.2025 13:45:24;3.3;
09.01.2025 13:45:25;3.29;
09.01.2025 13:45:27;3.29;
09.01.2025 13:45:28;3.28;
09.01.2025 13:45:29;3.29;
09.01.2025 13:45:31;3.29;
09.01.2025 13:45:32;3.3;
09.01.2025 13:45:33;3.29;
09.01.2025 13:45:34;3.3;
09.01.2025 13:45:35;3.3;
09.01.2025 13:45:36;3.29;
09.01.2025 13:45:37;3.29;
09.01.2025 13:45:38;3.3;
09.01.2025 13:45:39;3.29;
09.01.2025 13:45:47;3.29;
09.01.2025 13:45:48;3.3;
09.01.2025 13:45:49;3.29;
09.01.2025 13:45:50;3.28;
09.01.2025 13:45:51;3.29;
09.01.2025 13:45:52;3.29;
09.01.2025 13:45:53;3.28;
09.01.2025 13:45:54;3.29;
09.01.2025 13:45:57;3.29;
09.01.2025 13:45:58;3.28;
09.01.2025 13:45:59;3.29;
09.01.2025 13:46:00;3.29;
09.01.2025 13:46:01;3.28;
09.01.2025 13:46:02;3.29;
09.01.2025 13:46:04;3.29;
09.01.2025 13:46:05;3.28;
09.01.2025 13:46:06;3.29;
09.01.2025 13:46:07;3.28;
09.01.2025 13:46:08;3.29;
09.01.2025 13:46:09;3.28;
09.01.2025 13:46:10;3.29;
09.01.2025 13:46:13;3.29;
09.01.2025 13:46:14;3.3;
09.01.2025 13:46:15;3.28;
09.01.2025 13:46:16;3.29;
09.01.2025 13:46:17;3.28;
09.01.2025 13:46:18;3.29;
09.01.2025 13:46:23;3.29;
09.01.2025 13:46:24;3.3;
09.01.2025 13:46:25;3.29;
09.01.2025 13:46:26;3.29;
09.01.2025 13:46:27;3.3;
09.01.2025 13:46:28;3.29;
09.01.2025 13:46:29;3.28;
09.01.2025 13:46:30;3.29;
09.01.2025 13:46:39;3.29;
09.01.2025 13:46:40;3.3;
09.01.2025 13:46:41;3.29;
09.01.2025 13:46:42;3.28;
09.01.2025 13:46:43;3.29;
09.01.2025 13:46:44;3.28;
09.01.2025 13:46:45;3.29;
09.01.2025 13:46:46;3.3;
09.01.2025 13:46:47;3.28;
09.01.2025 13:46:48;3.29;
09.01.2025 13:46:49;3.28;
09.01.2025 13:46:50;3.29;
09.01.2025 13:46:51;3.28;
09.01.2025 13:46:52;3.29;
09.01.2025 13:46:53;3.29;
09.01.2025 13:46:54;3.3;
09.01.2025 13:46:55;3.29;
09.01.2025 13:46:56;3.29;
09.01.2025 13:46:57;3.28;
09.01.2025 13:46:58;3.29;
09.01.2025 13:46:59;3.3;
09.01.2025 13:47:00;3.29;
09.01.2025 13:47:09;3.29;
09.01.2025 13:47:10;3.3;
09.01.2025 13:47:11;3.29;
09.01.2025 13:47:12;3.29;
09.01.2025 13:47:13;3.3;
09.01.2025 13:47:14;3.29;
09.01.2025 13:47:15;3.3;
09.01.2025 13:47:16;3.29;
09.01.2025 13:47:17;3.29;
09.01.2025 13:47:18;3.28;
09.01.2025 13:47:19;3.29;
09.01.2025 13:47:20;3.3;
09.01.2025 13:47:21;3.29;
09.01.2025 13:47:22;3.29;
09.01.2025 13:47:23;3.28;
09.01.2025 13:47:24;3.29;
09.01.2025 13:47:25;3.3;
09.01.2025 13:47:26;3.3;
09.01.2025 13:47:27;3.29;
09.01.2025 13:47:28;3.29;
09.01.2025 13:47:29;3.3;
09.01.2025 13:47:30;3.29;
09.01.2025 13:47:31;3.29;
09.01.2025 13:47:32;3.3;
09.01.2025 13:47:34;3.3;
09.01.2025 13:47:35;3.29;
09.01.2025 13:47:37;3.29;
09.01.2025 13:47:38;3.3;
09.01.2025 13:47:39;3.3;
09.01.2025 13:47:40;3.29;
09.01.2025 13:47:41;3.29;
09.01.2025 13:47:42;3.3;
09.01.2025 13:47:43;3.29;
09.01.2025 13:47:55;3.29;
09.01.2025 13:47:56;3.3;
09.01.2025 13:47:57;3.29;
09.01.2025 13:47:58;3.29;
09.01.2025 13:47:59;3.3;
09.01.2025 13:48:00;3.29;
09.01.2025 13:48:01;3.3;
09.01.2025 13:48:02;3.29;
09.01.2025 13:48:08;3.29;
09.01.2025 13:48:09;3.3;
09.01.2025 13:48:10;3.3;
09.01.2025 13:48:11;3.29;
09.01.2025 13:48:12;3.3;
09.01.2025 13:48:13;3.29;
09.01.2025 13:48:27;3.29;
09.01.2025 13:48:28;3.3;
09.01.2025 13:48:30;3.3;
09.01.2025 13:48:31;3.29;
09.01.2025 13:48:39;3.29;
09.01.2025 13:48:40;3.3;
09.01.2025 13:48:41;3.29;
09.01.2025 13:48:44;3.29;
09.01.2025 13:48:45;3.3;
09.01.2025 13:48:46;3.3;
09.01.2025 13:48:47;3.29;
09.01.2025 13:48:48;3.3;
09.01.2025 13:48:50;3.3;
09.01.2025 13:48:51;3.28;
09.01.2025 13:48:52;3.29;
09.01.2025 13:48:53;3.29;
09.01.2025 13:48:54;3.3;
09.01.2025 13:48:55;3.29;
09.01.2025 13:49:01;3.29;
09.01.2025 13:49:02;3.3;
09.01.2025 13:49:03;3.29;
09.01.2025 13:49:07;3.29;
09.01.2025 13:49:08;3.3;
09.01.2025 13:49:09;3.29;
09.01.2025 13:49:10;3.3;
09.01.2025 13:49:11;3.29;
09.01.2025 13:49:12;3.3;
09.01.2025 13:49:13;3.29;
09.01.2025 13:49:14;3.3;
09.01.2025 13:49:15;3.29;
09.01.2025 13:49:16;3.29;
09.01.2025 13:49:17;3.3;
09.01.2025 13:49:18;3.29;
09.01.2025 13:49:20;3.29;
09.01.2025 13:49:21;3.3;
09.01.2025 13:49:22;3.3;
09.01.2025 13:49:23;3.29;
09.01.2025 13:49:24;3.29;
09.01.2025 13:49:25;3.3;
09.01.2025 13:49:26;3.29;
09.01.2025 13:49:27;3.29;
09.01.2025 13:49:28;3.3;
09.01.2025 13:49:29;3.29;
09.01.2025 13:49:30;3.3;
09.01.2025 13:49:31;3.29;
09.01.2025 13:49:32;3.29;
09.01.2025 13:49:33;3.3;
09.01.2025 13:49:34;3.29;
09.01.2025 13:49:35;3.3;
09.01.2025 13:49:37;3.3;
09.01.2025 13:49:38;3.29;
09.01.2025 13:49:40;3.29;
09.01.2025 13:49:41;3.28;
09.01.2025 13:49:42;3.29;
09.01.2025 13:49:43;3.3;
09.01.2025 13:49:44;3.3;
09.01.2025 13:49:45;3.29;
09.01.2025 13:49:50;3.29;
09.01.2025 13:49:51;3.3;
09.01.2025 13:49:53;3.3;
09.01.2025 13:49:54;3.29;
09.01.2025 13:49:55;3.3;
09.01.2025 13:49:56;3.29;
09.01.2025 13:50:00;3.29;
09.01.2025 13:50:01;3.3;
09.01.2025 13:50:02;3.29;
09.01.2025 13:50:09;3.29;
09.01.2025 13:50:10;3.3;
09.01.2025 13:50:11;3.29;
09.01.2025 13:50:12;3.3;
09.01.2025 13:50:13;3.29;
09.01.2025 13:50:14;3.29;
09.01.2025 13:50:15;3.3;
09.01.2025 13:50:16;3.29;
09.01.2025 13:50:17;3.3;
09.01.2025 13:50:18;3.3;
09.01.2025 13:50:19;3.29;
09.01.2025 13:50:20;3.29;
09.01.2025 13:50:21;3.3;
09.01.2025 13:50:22;3.29;
09.01.2025 13:50:24;3.29;
09.01.2025 13:50:25;3.3;
09.01.2025 13:50:26;3.3;
09.01.2025 13:50:27;3.29;
09.01.2025 13:50:28;3.3;
09.01.2025 13:50:29;3.29;
09.01.2025 13:50:30;3.3;
09.01.2025 13:50:31;3.3;
09.01.2025 13:50:32;3.29;
09.01.2025 13:50:33;3.29;
09.01.2025 13:50:34;3.28;
09.01.2025 13:50:35;3.3;
09.01.2025 13:50:37;3.3;
09.01.2025 13:50:38;3.29;
09.01.2025 13:50:39;3.3;
09.01.2025 13:50:40;3.29;
09.01.2025 13:50:41;3.3;
09.01.2025 13:50:42;3.29;
09.01.2025 13:50:43;3.3;
09.01.2025 13:50:44;3.29;
09.01.2025 13:50:45;3.3;
09.01.2025 13:50:46;3.29;
09.01.2025 13:50:48;3.29;
09.01.2025 13:50:49;3.3;
09.01.2025 13:50:50;3.3;
09.01.2025 13:50:51;3.29;
09.01.2025 13:50:52;3.3;
09.01.2025 13:50:54;3.3;
09.01.2025 13:50:55;3.29;
09.01.2025 13:50:57;3.29;
09.01.2025 13:50:58;3.3;
09.01.2025 13:50:59;3.29;
09.01.2025 13:51:00;3.29;
09.01.2025 13:51:01;3.3;
09.01.2025 13:51:03;3.3;
09.01.2025 13:51:04;3.29;
09.01.2025 13:51:05;3.3;
09.01.2025 13:51:06;3.29;
09.01.2025 13:51:07;3.3;
09.01.2025 13:51:08;3.29;
09.01.2025 13:51:09;3.3;
09.01.2025 13:51:12;3.3;
09.01.2025 13:51:13;3.29;
09.01.2025 13:51:14;3.3;
09.01.2025 13:51:15;3.3;
09.01.2025 13:51:16;3.29;
09.01.2025 13:51:19;3.29;
09.01.2025 13:51:20;3.3;
09.01.2025 13:51:21;3.29;
09.01.2025 13:51:23;3.29;
09.01.2025 13:51:24;3.3;
09.01.2025 13:51:26;3.3;
09.01.2025 13:51:27;3.29;
09.01.2025 13:51:30;3.29;
09.01.2025 13:51:31;3.3;
09.01.2025 13:51:32;3.3;
09.01.2025 13:51:33;3.29;
09.01.2025 13:51:34;3.3;
09.01.2025 13:51:35;3.29;
09.01.2025 13:51:36;3.3;
09.01.2025 13:51:37;3.29;
09.01.2025 13:51:38;3.29;
09.01.2025 13:51:39;3.3;
09.01.2025 13:51:40;3.3;
09.01.2025 13:51:41;3.29;
09.01.2025 13:51:42;3.31;
09.01.2025 13:51:43;3.29;
09.01.2025 13:51:44;3.3;
09.01.2025 13:51:47;3.3;
09.01.2025 13:51:48;3.29;
09.01.2025 13:51:49;3.3;
09.01.2025 13:51:51;3.3;
09.01.2025 13:51:52;3.29;
09.01.2025 13:51:53;3.3;
09.01.2025 13:51:57;3.3;
09.01.2025 13:51:58;3.29;
09.01.2025 13:51:59;3.3;
09.01.2025 13:52:02;3.3;
09.01.2025 13:52:03;3.29;
09.01.2025 13:52:04;3.3;
09.01.2025 13:52:05;3.29;
09.01.2025 13:52:06;3.3;
09.01.2025 13:52:12;3.3;
09.01.2025 13:52:13;3.29;
09.01.2025 13:52:14;3.29;
09.01.2025 13:52:15;3.3;
09.01.2025 13:52:16;3.3;
09.01.2025 13:52:17;3.29;
09.01.2025 13:52:18;3.3;
09.01.2025 13:52:19;3.29;
09.01.2025 13:52:22;3.29;
09.01.2025 13:52:23;3.3;
09.01.2025 13:52:32;3.3;
09.01.2025 13:52:33;3.29;
09.01.2025 13:52:34;3.3;
09.01.2025 13:52:37;3.3;
09.01.2025 13:52:38;3.29;
09.01.2025 13:52:39;3.31;
09.01.2025 13:52:40;3.3;
09.01.2025 13:52:41;3.29;
09.01.2025 13:52:42;3.3;
09.01.2025 13:52:44;3.3;
09.01.2025 13:52:45;3.29;
09.01.2025 13:52:46;3.3;
09.01.2025 13:52:49;3.3;
09.01.2025 13:52:50;3.29;
09.01.2025 13:52:51;3.3;
09.01.2025 13:52:54;3.3;
09.01.2025 13:52:55;3.29;
09.01.2025 13:52:56;3.3;
09.01.2025 13:52:57;3.29;
09.01.2025 13:52:58;3.29;
09.01.2025 13:52:59;3.3;
09.01.2025 13:53:00;3.29;
09.01.2025 13:53:01;3.3;
09.01.2025 13:53:05;3.3;
09.01.2025 13:53:06;3.29;
09.01.2025 13:53:07;3.29;
09.01.2025 13:53:08;3.3;
09.01.2025 13:53:14;3.3;
09.01.2025 13:53:15;3.29;
09.01.2025 13:53:16;3.3;
09.01.2025 13:53:20;3.3;
09.01.2025 13:53:21;3.31;
09.01.2025 13:53:22;3.3;
09.01.2025 13:53:28;3.3;
09.01.2025 13:53:29;3.31;
09.01.2025 13:53:30;3.3;
09.01.2025 13:53:35;3.3;
09.01.2025 13:53:36;3.29;
09.01.2025 13:53:37;3.31;
09.01.2025 13:53:38;3.3;
09.01.2025 13:53:42;3.3;
09.01.2025 13:53:43;3.29;
09.01.2025 13:53:44;3.3;
09.01.2025 13:53:45;3.29;
09.01.2025 13:53:46;3.3;
09.01.2025 13:53:48;3.3;
09.01.2025 13:53:49;3.29;
09.01.2025 13:53:50;3.3;
09.01.2025 13:53:52;3.3;
09.01.2025 13:53:53;3.29;
09.01.2025 13:53:54;3.29;
09.01.2025 13:53:55;3.3;
09.01.2025 13:53:58;3.3;
09.01.2025 13:53:59;3.29;
09.01.2025 13:54:00;3.3;
09.01.2025 13:54:01;3.29;
09.01.2025 13:54:02;3.3;
09.01.2025 13:54:03;3.31;
09.01.2025 13:54:04;3.3;
09.01.2025 13:54:05;3.3;
09.01.2025 13:54:06;3.31;
09.01.2025 13:54:07;3.31;
09.01.2025 13:54:08;3.3;
09.01.2025 13:54:10;3.3;
09.01.2025 13:54:11;3.31;
09.01.2025 13:54:12;3.3;
09.01.2025 13:54:15;3.3;
09.01.2025 13:54:16;3.31;
09.01.2025 13:54:17;3.3;
09.01.2025 13:54:20;3.3;
09.01.2025 13:54:21;3.29;
09.01.2025 13:54:22;3.3;
09.01.2025 13:54:26;3.3;
09.01.2025 13:54:27;3.29;
09.01.2025 13:54:28;3.3;
09.01.2025 13:54:37;3.3;
09.01.2025 13:54:38;3.29;
09.01.2025 13:54:39;3.3;
09.01.2025 13:54:44;3.3;
09.01.2025 13:54:45;3.31;
09.01.2025 13:54:46;3.29;
09.01.2025 13:54:47;3.29;
09.01.2025 13:54:48;3.31;
09.01.2025 13:54:49;3.3;
09.01.2025 13:54:51;3.3;
09.01.2025 13:54:52;3.31;
09.01.2025 13:54:53;3.29;
09.01.2025 13:54:54;3.3;
09.01.2025 13:55:02;3.3;
09.01.2025 13:55:03;3.29;
09.01.2025 13:55:04;3.3;
09.01.2025 13:55:06;3.3;
09.01.2025 13:55:07;3.31;
09.01.2025 13:55:08;3.3;
09.01.2025 13:55:09;3.3;
09.01.2025 13:55:10;3.29;
09.01.2025 13:55:11;3.3;
09.01.2025 13:55:16;3.3;
09.01.2025 13:55:17;3.29;
09.01.2025 13:55:18;3.3;
09.01.2025 13:55:19;3.31;
09.01.2025 13:55:20;3.3;
09.01.2025 13:55:21;3.3;
09.01.2025 13:55:22;3.29;
09.01.2025 13:55:23;3.29;
09.01.2025 13:55:24;3.31;
09.01.2025 13:55:25;3.31;
09.01.2025 13:55:26;3.3;
09.01.2025 13:55:32;3.3;
09.01.2025 13:55:33;3.31;
09.01.2025 13:55:34;3.31;
09.01.2025 13:55:35;3.3;
09.01.2025 13:55:39;3.3;
09.01.2025 13:55:40;3.31;
09.01.2025 13:55:41;3.3;
09.01.2025 13:55:42;3.3;
09.01.2025 13:55:43;3.31;
09.01.2025 13:55:44;3.3;
09.01.2025 13:55:46;3.3;
09.01.2025 13:55:47;3.31;
09.01.2025 13:55:48;3.31;
09.01.2025 13:55:49;3.3;
09.01.2025 13:55:54;3.3;
09.01.2025 13:55:55;3.29;
09.01.2025 13:55:56;3.3;
09.01.2025 13:55:57;3.31;
09.01.2025 13:55:58;3.3;
09.01.2025 13:55:59;3.31;
09.01.2025 13:56:01;3.31;
09.01.2025 13:56:02;3.3;
09.01.2025 13:56:04;3.3;
09.01.2025 13:56:05;3.31;
09.01.2025 13:56:06;3.3;
09.01.2025 13:56:09;3.3;
09.01.2025 13:56:10;3.31;
09.01.2025 13:56:11;3.3;
09.01.2025 13:56:12;3.31;
09.01.2025 13:56:13;3.3;
09.01.2025 13:56:15;3.3;
09.01.2025 13:56:16;3.31;
09.01.2025 13:56:19;3.31;
09.01.2025 13:56:20;3.3;
09.01.2025 13:56:23;3.3;
09.01.2025 13:56:24;3.31;
09.01.2025 13:56:25;3.3;
09.01.2025 13:56:27;3.3;
09.01.2025 13:56:28;3.31;
09.01.2025 13:56:30;3.31;
09.01.2025 13:56:31;3.3;
09.01.2025 13:56:35;3.3;
09.01.2025 13:56:36;3.31;
09.01.2025 13:56:37;3.3;
09.01.2025 13:56:45;3.3;
09.01.2025 13:56:46;3.29;
09.01.2025 13:56:47;3.3;
09.01.2025 13:56:49;3.3;
09.01.2025 13:56:50;3.31;
09.01.2025 13:56:51;3.3;
09.01.2025 13:56:52;3.31;
09.01.2025 13:56:53;3.31;
09.01.2025 13:56:54;3.3;
09.01.2025 13:56:55;3.31;
09.01.2025 13:56:56;3.3;
09.01.2025 13:56:57;3.3;
09.01.2025 13:56:58;3.31;
09.01.2025 13:56:59;3.3;
09.01.2025 13:57:03;3.3;
09.01.2025 13:57:04;3.31;
09.01.2025 13:57:05;3.3;
09.01.2025 13:57:15;3.3;
09.01.2025 13:57:16;3.31;
09.01.2025 13:57:17;3.3;
09.01.2025 13:57:18;3.31;
09.01.2025 13:57:19;3.3;
09.01.2025 13:57:29;3.3;
09.01.2025 13:57:30;3.31;
09.01.2025 13:57:31;3.3;
09.01.2025 13:57:32;3.31;
09.01.2025 13:57:33;3.3;
09.01.2025 13:57:34;3.3;
09.01.2025 13:57:35;3.31;
09.01.2025 13:57:36;3.3;
09.01.2025 13:57:37;3.3;
09.01.2025 13:57:38;3.31;
09.01.2025 13:57:39;3.3;
09.01.2025 13:57:43;3.3;
09.01.2025 13:57:44;3.31;
09.01.2025 13:57:45;3.3;
09.01.2025 13:57:46;3.31;
09.01.2025 13:57:47;3.3;
09.01.2025 13:57:48;3.31;
09.01.2025 13:57:49;3.31;
09.01.2025 13:57:50;3.3;
09.01.2025 13:57:54;3.3;
09.01.2025 13:57:55;3.31;
09.01.2025 13:57:56;3.3;
09.01.2025 13:57:57;3.31;
09.01.2025 13:57:58;3.3;
09.01.2025 13:58:04;3.3;
09.01.2025 13:58:05;3.31;
09.01.2025 13:58:06;3.31;
09.01.2025 13:58:07;3.3;
09.01.2025 13:58:08;3.3;
09.01.2025 13:58:09;3.31;
09.01.2025 13:58:10;3.31;
09.01.2025 13:58:11;3.3;
09.01.2025 13:58:18;3.3;
09.01.2025 13:58:19;3.31;
09.01.2025 13:58:20;3.3;
09.01.2025 13:58:21;3.3;
09.01.2025 13:58:22;3.31;
09.01.2025 13:58:23;3.31;
09.01.2025 13:58:24;3.3;
09.01.2025 13:58:26;3.3;
09.01.2025 13:58:27;3.31;
09.01.2025 13:58:28;3.31;
09.01.2025 13:58:29;3.3;
09.01.2025 13:58:30;3.31;
09.01.2025 13:58:32;3.31;
09.01.2025 13:58:33;3.3;
09.01.2025 13:58:34;3.31;
09.01.2025 13:58:35;3.3;
09.01.2025 13:58:36;3.31;
09.01.2025 13:58:37;3.3;
09.01.2025 13:58:38;3.3;
09.01.2025 13:58:39;3.31;
09.01.2025 13:58:40;3.3;
09.01.2025 13:58:41;3.3;
09.01.2025 13:58:42;3.31;
09.01.2025 13:58:47;3.31;
09.01.2025 13:58:48;3.3;
09.01.2025 13:58:49;3.31;
09.01.2025 13:58:50;3.3;
09.01.2025 13:58:51;3.31;
09.01.2025 13:58:54;3.31;
09.01.2025 13:58:55;3.3;
09.01.2025 13:58:56;3.3;
09.01.2025 13:58:57;3.31;
09.01.2025 13:58:58;3.3;
09.01.2025 13:58:59;3.31;
09.01.2025 13:59:00;3.3;
09.01.2025 13:59:01;3.3;
09.01.2025 13:59:02;3.29;
09.01.2025 13:59:03;3.3;
09.01.2025 13:59:04;3.3;
09.01.2025 13:59:05;3.31;
09.01.2025 13:59:06;3.31;
09.01.2025 13:59:07;3.3;
09.01.2025 13:59:08;3.31;
09.01.2025 13:59:09;3.3;
09.01.2025 13:59:10;3.3;
09.01.2025 13:59:11;3.31;
09.01.2025 13:59:12;3.3;
09.01.2025 13:59:13;3.3;
09.01.2025 13:59:14;3.31;
09.01.2025 13:59:15;3.31;
09.01.2025 13:59:16;3.3;
09.01.2025 13:59:17;3.3;
09.01.2025 13:59:18;3.31;
09.01.2025 13:59:19;3.3;
09.01.2025 13:59:22;3.3;
09.01.2025 13:59:23;3.29;
09.01.2025 13:59:24;3.31;
09.01.2025 13:59:25;3.3;
09.01.2025 13:59:28;3.3;
09.01.2025 13:59:29;3.31;
09.01.2025 13:59:30;3.31;
09.01.2025 13:59:31;3.3;
09.01.2025 13:59:33;3.3;
09.01.2025 13:59:34;3.31;
09.01.2025 13:59:35;3.3;
09.01.2025 13:59:37;3.3;
09.01.2025 13:59:38;3.31;
09.01.2025 13:59:39;3.3;
09.01.2025 13:59:40;3.31;
09.01.2025 13:59:41;3.3;
09.01.2025 13:59:43;3.3;
09.01.2025 13:59:44;3.31;
09.01.2025 13:59:45;3.3;
09.01.2025 13:59:46;3.31;
09.01.2025 13:59:47;3.3;
09.01.2025 13:59:48;3.31;
09.01.2025 13:59:49;3.3;
09.01.2025 13:59:51;3.3;
09.01.2025 13:59:52;3.31;
09.01.2025 13:59:53;3.3;
09.01.2025 13:59:56;3.3;
09.01.2025 13:59:57;3.31;
09.01.2025 13:59:58;3.3;
09.01.2025 13:59:59;3.3;
09.01.2025 14:00:00;3.31;
09.01.2025 14:00:01;3.3;
09.01.2025 14:00:02;3.31;
09.01.2025 14:00:03;3.3;
09.01.2025 14:00:05;3.3;
09.01.2025 14:00:06;3.31;
09.01.2025 14:00:08;3.31;
09.01.2025 14:00:09;3.3;
09.01.2025 14:00:11;3.3;
09.01.2025 14:00:12;3.31;
09.01.2025 14:00:13;3.3;
09.01.2025 14:00:14;3.31;
09.01.2025 14:00:16;3.31;
09.01.2025 14:00:17;3.3;
09.01.2025 14:00:18;3.31;
09.01.2025 14:00:20;3.31;
09.01.2025 14:00:21;3.3;
09.01.2025 14:00:22;3.31;
09.01.2025 14:00:30;3.31;
09.01.2025 14:00:31;3.3;
09.01.2025 14:00:34;3.3;
09.01.2025 14:00:35;3.31;
09.01.2025 14:00:37;3.31;
09.01.2025 14:00:38;3.3;
09.01.2025 14:00:39;3.3;
09.01.2025 14:00:40;3.31;
09.01.2025 14:00:44;3.31;
09.01.2025 14:00:45;3.3;
09.01.2025 14:00:47;3.3;
09.01.2025 14:00:48;3.31;
09.01.2025 14:00:49;3.3;
09.01.2025 14:00:50;3.3;
09.01.2025 14:00:51;3.31;
09.01.2025 14:00:53;3.31;
09.01.2025 14:00:54;3.3;
09.01.2025 14:00:55;3.31;
09.01.2025 14:00:58;3.31;
09.01.2025 14:00:59;3.3;
09.01.2025 14:01:00;3.31;
09.01.2025 14:01:05;3.31;
09.01.2025 14:01:06;3.3;
09.01.2025 14:01:07;3.3;
09.01.2025 14:01:08;3.31;
09.01.2025 14:01:09;3.31;
09.01.2025 14:01:10;3.32;
09.01.2025 14:01:11;3.3;
09.01.2025 14:01:12;3.31;
09.01.2025 14:01:15;3.31;
09.01.2025 14:01:16;3.3;
09.01.2025 14:01:17;3.3;
09.01.2025 14:01:18;3.31;
09.01.2025 14:01:19;3.31;
09.01.2025 14:01:20;3.3;
09.01.2025 14:01:21;3.31;
09.01.2025 14:01:22;3.3;
09.01.2025 14:01:23;3.3;
09.01.2025 14:01:24;3.31;
09.01.2025 14:01:31;3.31;
09.01.2025 14:01:32;3.3;
09.01.2025 14:01:35;3.3;
09.01.2025 14:01:36;3.31;
09.01.2025 14:01:38;3.31;
09.01.2025 14:01:39;3.3;
09.01.2025 14:01:40;3.3;
09.01.2025 14:01:41;3.31;
09.01.2025 14:01:44;3.31;
09.01.2025 14:01:45;3.32;
09.01.2025 14:01:46;3.31;
09.01.2025 14:01:51;3.31;
09.01.2025 14:01:52;3.3;
09.01.2025 14:01:53;3.32;
09.01.2025 14:01:54;3.31;
09.01.2025 14:01:55;3.31;
09.01.2025 14:01:56;3.3;
09.01.2025 14:01:57;3.31;
09.01.2025 14:01:58;3.3;
09.01.2025 14:01:59;3.31;
09.01.2025 14:02:00;3.3;
09.01.2025 14:02:06;3.3;
09.01.2025 14:02:07;3.31;
09.01.2025 14:02:08;3.3;
09.01.2025 14:02:09;3.31;
09.01.2025 14:02:13;3.31;
09.01.2025 14:02:14;3.32;
09.01.2025 14:02:15;3.31;
09.01.2025 14:02:16;3.3;
09.01.2025 14:02:17;3.31;
09.01.2025 14:02:18;3.31;
09.01.2025 14:02:19;3.32;
09.01.2025 14:02:20;3.31;
09.01.2025 14:02:21;3.3;
09.01.2025 14:02:22;3.31;
09.01.2025 14:02:28;3.31;
09.01.2025 14:02:29;3.3;
09.01.2025 14:02:30;3.31;
09.01.2025 14:02:33;3.31;
09.01.2025 14:02:34;3.3;
09.01.2025 14:02:35;3.31;
09.01.2025 14:02:39;3.31;
09.01.2025 14:02:40;3.3;
09.01.2025 14:02:41;3.31;
09.01.2025 14:02:43;3.31;
09.01.2025 14:02:44;3.3;
09.01.2025 14:02:45;3.31;
09.01.2025 14:02:49;3.31;
09.01.2025 14:02:50;3.3;
09.01.2025 14:02:51;3.3;
09.01.2025 14:02:52;3.31;
09.01.2025 14:02:54;3.31;
09.01.2025 14:02:55;3.3;
09.01.2025 14:02:56;3.3;
09.01.2025 14:02:57;3.31;
09.01.2025 14:03:04;3.31;
09.01.2025 14:03:05;3.3;
09.01.2025 14:03:06;3.31;
09.01.2025 14:03:07;3.31;
09.01.2025 14:03:08;3.3;
09.01.2025 14:03:09;3.3;
09.01.2025 14:03:10;3.31;
09.01.2025 14:03:13;3.31;
09.01.2025 14:03:14;3.3;
09.01.2025 14:03:15;3.3;
09.01.2025 14:03:16;3.31;
09.01.2025 14:03:18;3.31;
09.01.2025 14:03:19;3.3;
09.01.2025 14:03:20;3.31;
09.01.2025 14:03:23;3.31;
09.01.2025 14:03:24;3.3;
09.01.2025 14:03:25;3.31;
09.01.2025 14:03:36;3.31;
09.01.2025 14:03:37;3.3;
09.01.2025 14:03:38;3.31;
09.01.2025 14:03:41;3.31;
09.01.2025 14:03:42;3.32;
09.01.2025 14:03:43;3.3;
09.01.2025 14:03:44;3.32;
09.01.2025 14:03:45;3.31;
09.01.2025 14:03:50;3.31;
09.01.2025 14:03:51;3.3;
09.01.2025 14:03:52;3.3;
09.01.2025 14:03:53;3.31;
09.01.2025 14:04:00;3.31;
09.01.2025 14:04:01;3.3;
09.01.2025 14:04:02;3.31;
09.01.2025 14:04:03;3.3;
09.01.2025 14:04:04;3.31;
09.01.2025 14:04:05;3.3;
09.01.2025 14:04:06;3.31;
09.01.2025 14:04:10;3.31;
09.01.2025 14:04:11;3.3;
09.01.2025 14:04:12;3.31;
09.01.2025 14:04:24;3.31;
09.01.2025 14:04:25;3.3;
09.01.2025 14:04:26;3.31;
09.01.2025 14:04:29;3.31;
09.01.2025 14:04:30;3.3;
09.01.2025 14:04:31;3.31;
09.01.2025 14:04:32;3.32;
09.01.2025 14:04:33;3.32;
09.01.2025 14:04:34;3.3;
09.01.2025 14:04:35;3.31;
09.01.2025 14:04:44;3.31;
09.01.2025 14:04:45;3.3;
09.01.2025 14:04:46;3.31;
09.01.2025 14:04:50;3.31;
09.01.2025 14:04:51;3.3;
09.01.2025 14:04:52;3.31;
09.01.2025 14:04:53;3.31;
09.01.2025 14:04:54;3.3;
09.01.2025 14:04:55;3.3;
09.01.2025 14:04:56;3.31;
09.01.2025 14:05:09;3.31;
09.01.2025 14:05:10;3.32;
09.01.2025 14:05:11;3.31;
09.01.2025 14:05:12;3.32;
09.01.2025 14:05:13;3.32;
09.01.2025 14:05:14;3.31;
09.01.2025 14:05:15;3.31;
09.01.2025 14:05:16;3.3;
09.01.2025 14:05:17;3.32;
09.01.2025 14:05:18;3.32;
09.01.2025 14:05:19;3.31;
09.01.2025 14:05:28;3.31;
09.01.2025 14:05:29;3.32;
09.01.2025 14:05:30;3.31;
09.01.2025 14:05:31;3.32;
09.01.2025 14:05:32;3.32;
09.01.2025 14:05:33;3.31;
09.01.2025 14:05:34;3.3;
09.01.2025 14:05:35;3.32;
09.01.2025 14:05:36;3.33;
09.01.2025 14:05:37;3.31;
09.01.2025 14:05:39;3.31;
09.01.2025 14:05:40;3.32;
09.01.2025 14:05:41;3.31;
09.01.2025 14:05:43;3.31;
09.01.2025 14:05:44;3.32;
09.01.2025 14:05:45;3.32;
09.01.2025 14:05:46;3.31;
09.01.2025 14:05:47;3.31;
09.01.2025 14:05:48;3.32;
09.01.2025 14:05:49;3.31;
09.01.2025 14:05:52;3.31;
09.01.2025 14:05:53;3.32;
09.01.2025 14:05:54;3.31;
09.01.2025 14:05:55;3.32;
09.01.2025 14:05:56;3.32;
09.01.2025 14:05:57;3.31;
09.01.2025 14:05:59;3.31;
09.01.2025 14:06:00;3.32;
09.01.2025 14:06:01;3.31;
09.01.2025 14:06:03;3.31;
09.01.2025 14:06:04;3.32;
09.01.2025 14:06:05;3.31;
09.01.2025 14:06:09;3.31;
09.01.2025 14:06:10;3.32;
09.01.2025 14:06:11;3.31;
09.01.2025 14:06:15;3.31;
09.01.2025 14:06:16;3.3;
09.01.2025 14:06:17;3.31;
09.01.2025 14:06:18;3.31;
09.01.2025 14:06:19;3.32;
09.01.2025 14:06:22;3.32;
09.01.2025 14:06:23;3.31;
09.01.2025 14:06:24;3.31;
09.01.2025 14:06:25;3.32;
09.01.2025 14:06:26;3.31;
09.01.2025 14:06:27;3.32;
09.01.2025 14:06:28;3.31;
09.01.2025 14:06:29;3.32;
09.01.2025 14:06:30;3.32;
09.01.2025 14:06:31;3.31;
09.01.2025 14:06:33;3.31;
09.01.2025 14:06:34;3.32;
09.01.2025 14:06:36;3.32;
09.01.2025 14:06:37;3.31;
09.01.2025 14:06:38;3.3;
09.01.2025 14:06:39;3.32;
09.01.2025 14:06:40;3.31;
09.01.2025 14:06:43;3.31;
09.01.2025 14:06:44;3.32;
09.01.2025 14:06:45;3.31;
09.01.2025 14:06:46;3.3;
09.01.2025 14:06:47;3.31;
09.01.2025 14:06:56;3.31;
09.01.2025 14:06:57;3.32;
09.01.2025 14:06:58;3.31;
09.01.2025 14:07:01;3.31;
09.01.2025 14:07:02;3.32;
09.01.2025 14:07:03;3.31;
09.01.2025 14:07:06;3.31;
09.01.2025 14:07:07;3.32;
09.01.2025 14:07:08;3.31;
09.01.2025 14:07:09;3.31;
09.01.2025 14:07:10;3.32;
09.01.2025 14:07:15;3.32;
09.01.2025 14:07:16;3.31;
09.01.2025 14:07:19;3.31;
09.01.2025 14:07:20;3.32;
09.01.2025 14:07:21;3.32;
09.01.2025 14:07:22;3.31;
09.01.2025 14:07:23;3.32;
09.01.2025 14:07:25;3.32;
09.01.2025 14:07:26;3.31;
09.01.2025 14:07:27;3.32;
09.01.2025 14:07:30;3.32;
09.01.2025 14:07:31;3.31;
09.01.2025 14:07:32;3.32;
09.01.2025 14:07:33;3.32;
09.01.2025 14:07:34;3.31;
09.01.2025 14:07:35;3.32;
09.01.2025 14:07:36;3.31;
09.01.2025 14:07:37;3.32;
09.01.2025 14:07:38;3.31;
09.01.2025 14:07:39;3.32;
09.01.2025 14:07:41;3.32;
09.01.2025 14:07:42;3.31;
09.01.2025 14:07:43;3.32;
09.01.2025 14:07:45;3.32;
09.01.2025 14:07:46;3.31;
09.01.2025 14:07:47;3.31;
09.01.2025 14:07:48;3.32;
09.01.2025 14:07:49;3.32;
09.01.2025 14:07:50;3.31;
09.01.2025 14:07:51;3.31;
09.01.2025 14:07:52;3.33;
09.01.2025 14:07:53;3.31;
09.01.2025 14:07:54;3.32;
09.01.2025 14:07:55;3.32;
09.01.2025 14:07:56;3.31;
09.01.2025 14:07:57;3.32;
09.01.2025 14:07:58;3.31;
09.01.2025 14:07:59;3.32;
09.01.2025 14:08:00;3.32;
09.01.2025 14:08:01;3.31;
09.01.2025 14:08:02;3.31;
09.01.2025 14:08:03;3.32;
09.01.2025 14:08:04;3.31;
09.01.2025 14:08:05;3.31;
09.01.2025 14:08:06;3.32;
09.01.2025 14:08:07;3.31;
09.01.2025 14:08:08;3.32;
09.01.2025 14:08:09;3.32;
09.01.2025 14:08:10;3.33;
09.01.2025 14:08:11;3.32;
09.01.2025 14:08:16;3.32;
09.01.2025 14:08:17;3.31;
09.01.2025 14:08:18;3.32;
09.01.2025 14:08:20;3.32;
09.01.2025 14:08:21;3.31;
09.01.2025 14:08:22;3.32;
09.01.2025 14:08:26;3.32;
09.01.2025 14:08:27;3.31;
09.01.2025 14:08:28;3.32;
09.01.2025 14:08:32;3.32;
09.01.2025 14:08:33;3.33;
09.01.2025 14:08:34;3.32;
09.01.2025 14:08:42;3.32;
09.01.2025 14:08:43;3.31;
09.01.2025 14:08:44;3.31;
09.01.2025 14:08:45;3.32;
09.01.2025 14:08:46;3.32;
09.01.2025 14:08:47;3.31;
09.01.2025 14:08:48;3.31;
09.01.2025 14:08:49;3.32;
09.01.2025 14:08:50;3.32;
09.01.2025 14:08:51;3.31;
09.01.2025 14:08:53;3.31;
09.01.2025 14:08:54;3.32;
09.01.2025 14:08:55;3.31;
09.01.2025 14:08:56;3.32;
09.01.2025 14:08:57;3.32;
09.01.2025 14:08:58;3.31;
09.01.2025 14:08:59;3.31;
09.01.2025 14:09:00;3.32;
09.01.2025 14:09:08;3.32;
09.01.2025 14:09:09;3.31;
09.01.2025 14:09:10;3.31;
09.01.2025 14:09:11;3.32;
09.01.2025 14:09:12;3.31;
09.01.2025 14:09:13;3.32;
09.01.2025 14:09:17;3.32;
09.01.2025 14:09:18;3.31;
09.01.2025 14:09:19;3.31;
09.01.2025 14:09:20;3.32;
09.01.2025 14:09:21;3.31;
09.01.2025 14:09:22;3.32;
09.01.2025 14:09:23;3.32;
09.01.2025 14:09:24;3.31;
09.01.2025 14:09:25;3.32;
09.01.2025 14:09:26;3.31;
09.01.2025 14:09:28;3.31;
09.01.2025 14:09:29;3.32;
09.01.2025 14:09:30;3.32;
09.01.2025 14:09:31;3.33;
09.01.2025 14:09:32;3.32;
09.01.2025 14:09:33;3.31;
09.01.2025 14:09:34;3.32;
09.01.2025 14:09:40;3.32;
09.01.2025 14:09:41;3.33;
09.01.2025 14:09:42;3.31;
09.01.2025 14:09:43;3.32;
09.01.2025 14:09:45;3.32;
09.01.2025 14:09:46;3.31;
09.01.2025 14:09:47;3.31;
09.01.2025 14:09:48;3.32;
09.01.2025 14:09:49;3.32;
09.01.2025 14:09:50;3.31;
09.01.2025 14:09:51;3.31;
09.01.2025 14:09:52;3.32;
09.01.2025 14:09:56;3.32;
09.01.2025 14:09:57;3.31;
09.01.2025 14:09:58;3.33;
09.01.2025 14:09:59;3.31;
09.01.2025 14:10:00;3.32;
09.01.2025 14:10:01;3.33;
09.01.2025 14:10:02;3.32;
09.01.2025 14:10:07;3.32;
09.01.2025 14:10:08;3.33;
09.01.2025 14:10:09;3.32;
09.01.2025 14:10:12;3.32;
09.01.2025 14:10:13;3.31;
09.01.2025 14:10:14;3.31;
09.01.2025 14:10:15;3.32;
09.01.2025 14:10:16;3.31;
09.01.2025 14:10:18;3.31;
09.01.2025 14:10:19;3.32;
09.01.2025 14:10:20;3.31;
09.01.2025 14:10:21;3.32;
09.01.2025 14:10:22;3.31;
09.01.2025 14:10:23;3.32;
09.01.2025 14:10:27;3.32;
09.01.2025 14:10:28;3.31;
09.01.2025 14:10:29;3.32;
09.01.2025 14:10:30;3.32;
09.01.2025 14:10:31;3.31;
09.01.2025 14:10:32;3.32;
09.01.2025 14:10:33;3.31;
09.01.2025 14:10:34;3.32;
09.01.2025 14:10:36;3.32;
09.01.2025 14:10:37;3.31;
09.01.2025 14:10:39;3.31;
09.01.2025 14:10:40;3.32;
09.01.2025 14:10:41;3.32;
09.01.2025 14:10:42;3.31;
09.01.2025 14:10:43;3.31;
09.01.2025 14:10:44;3.32;
09.01.2025 14:10:46;3.32;
09.01.2025 14:10:47;3.31;
09.01.2025 14:10:48;3.32;
09.01.2025 14:10:49;3.31;
09.01.2025 14:10:50;3.32;
09.01.2025 14:10:58;3.32;
09.01.2025 14:10:59;3.31;
09.01.2025 14:11:00;3.32;
09.01.2025 14:11:04;3.32;
09.01.2025 14:11:05;3.31;
09.01.2025 14:11:06;3.32;
09.01.2025 14:11:07;3.31;
09.01.2025 14:11:08;3.31;
09.01.2025 14:11:09;3.32;
09.01.2025 14:11:10;3.31;
09.01.2025 14:11:11;3.32;
09.01.2025 14:11:13;3.32;
09.01.2025 14:11:14;3.31;
09.01.2025 14:11:15;3.32;
09.01.2025 14:11:16;3.32;
09.01.2025 14:11:17;3.31;
09.01.2025 14:11:18;3.32;
09.01.2025 14:11:21;3.32;
09.01.2025 14:11:22;3.31;
09.01.2025 14:11:23;3.32;
09.01.2025 14:11:26;3.32;
09.01.2025 14:11:27;3.31;
09.01.2025 14:11:28;3.32;
09.01.2025 14:11:30;3.32;
09.01.2025 14:11:31;3.31;
09.01.2025 14:11:32;3.32;
09.01.2025 14:11:33;3.31;
09.01.2025 14:11:35;3.31;
09.01.2025 14:11:36;3.32;
09.01.2025 14:11:40;3.32;
09.01.2025 14:11:41;3.31;
09.01.2025 14:11:42;3.32;
09.01.2025 14:11:47;3.32;
09.01.2025 14:11:48;3.31;
09.01.2025 14:11:49;3.31;
09.01.2025 14:11:50;3.32;
09.01.2025 14:11:51;3.32;
09.01.2025 14:11:52;3.31;
09.01.2025 14:11:53;3.32;
09.01.2025 14:11:54;3.31;
09.01.2025 14:11:55;3.32;
09.01.2025 14:11:57;3.32;
09.01.2025 14:11:58;3.31;
09.01.2025 14:11:59;3.32;
09.01.2025 14:12:00;3.31;
09.01.2025 14:12:01;3.32;
09.01.2025 14:12:02;3.31;
09.01.2025 14:12:03;3.32;
09.01.2025 14:12:04;3.31;
09.01.2025 14:12:06;3.31;
09.01.2025 14:12:07;3.32;
09.01.2025 14:12:12;3.32;
09.01.2025 14:12:13;3.31;
09.01.2025 14:12:14;3.32;
09.01.2025 14:12:21;3.32;
09.01.2025 14:12:22;3.31;
09.01.2025 14:12:23;3.32;
09.01.2025 14:12:26;3.32;
09.01.2025 14:12:27;3.31;
09.01.2025 14:12:28;3.32;
09.01.2025 14:12:34;3.32;
09.01.2025 14:12:35;3.33;
09.01.2025 14:12:36;3.32;
09.01.2025 14:12:38;3.32;
09.01.2025 14:12:39;3.31;
09.01.2025 14:12:40;3.31;
09.01.2025 14:12:41;3.32;
09.01.2025 14:12:42;3.31;
09.01.2025 14:12:43;3.31;
09.01.2025 14:12:44;3.32;
09.01.2025 14:12:48;3.32;
09.01.2025 14:12:49;3.33;
09.01.2025 14:12:50;3.31;
09.01.2025 14:12:51;3.32;
09.01.2025 14:12:53;3.32;
09.01.2025 14:12:54;3.31;
09.01.2025 14:12:55;3.32;
09.01.2025 14:12:57;3.32;
09.01.2025 14:12:58;3.33;
09.01.2025 14:12:59;3.33;
09.01.2025 14:13:00;3.32;
09.01.2025 14:13:01;3.32;
09.01.2025 14:13:02;3.33;
09.01.2025 14:13:03;3.32;
09.01.2025 14:13:05;3.32;
09.01.2025 14:13:06;3.31;
09.01.2025 14:13:07;3.32;
09.01.2025 14:13:09;3.32;
09.01.2025 14:13:10;3.31;
09.01.2025 14:13:11;3.32;
09.01.2025 14:13:12;3.31;
09.01.2025 14:13:13;3.31;
09.01.2025 14:13:14;3.32;
09.01.2025 14:13:18;3.32;
09.01.2025 14:13:19;3.31;
09.01.2025 14:13:20;3.32;
09.01.2025 14:13:23;3.32;
09.01.2025 14:13:24;3.31;
09.01.2025 14:13:25;3.31;
09.01.2025 14:13:26;3.32;
09.01.2025 14:13:27;3.32;
09.01.2025 14:13:28;3.33;
09.01.2025 14:13:29;3.32;
09.01.2025 14:13:32;3.32;
09.01.2025 14:13:33;3.31;
09.01.2025 14:13:34;3.32;
09.01.2025 14:13:36;3.32;
09.01.2025 14:13:37;3.31;
09.01.2025 14:13:38;3.32;
09.01.2025 14:13:39;3.31;
09.01.2025 14:13:40;3.32;
09.01.2025 14:13:41;3.31;
09.01.2025 14:13:43;3.31;
09.01.2025 14:13:44;3.32;
09.01.2025 14:13:45;3.32;
09.01.2025 14:13:46;3.31;
09.01.2025 14:13:47;3.32;
09.01.2025 14:13:50;3.32;
09.01.2025 14:13:51;3.31;
09.01.2025 14:13:52;3.32;
09.01.2025 14:13:54;3.32;
09.01.2025 14:13:55;3.31;
09.01.2025 14:13:56;3.32;
09.01.2025 14:13:58;3.32;
09.01.2025 14:13:59;3.31;
09.01.2025 14:14:01;3.31;
09.01.2025 14:14:02;3.33;
09.01.2025 14:14:03;3.32;
09.01.2025 14:14:07;3.32;
09.01.2025 14:14:08;3.33;
09.01.2025 14:14:09;3.32;
09.01.2025 14:14:10;3.33;
09.01.2025 14:14:11;3.32;
09.01.2025 14:14:12;3.31;
09.01.2025 14:14:13;3.32;
09.01.2025 14:14:24;3.32;
09.01.2025 14:14:25;3.31;
09.01.2025 14:14:26;3.32;
09.01.2025 14:14:31;3.32;
09.01.2025 14:14:32;3.31;
09.01.2025 14:14:33;3.32;
09.01.2025 14:14:35;3.32;
09.01.2025 14:14:36;3.31;
09.01.2025 14:14:37;3.32;
09.01.2025 14:14:38;3.32;
09.01.2025 14:14:39;3.31;
09.01.2025 14:14:40;3.32;
09.01.2025 14:14:41;3.32;
09.01.2025 14:14:42;3.33;
09.01.2025 14:14:43;3.32;
09.01.2025 14:14:50;3.32;
09.01.2025 14:14:51;3.33;
09.01.2025 14:14:52;3.32;
09.01.2025 14:14:54;3.32;
09.01.2025 14:14:55;3.33;
09.01.2025 14:14:56;3.32;
09.01.2025 14:14:58;3.32;
09.01.2025 14:14:59;3.33;
09.01.2025 14:15:00;3.33;
09.01.2025 14:15:01;3.31;
09.01.2025 14:15:02;3.31;
09.01.2025 14:15:03;3.33;
09.01.2025 14:15:04;3.32;
09.01.2025 14:15:07;3.32;
09.01.2025 14:15:08;3.33;
09.01.2025 14:15:09;3.32;
09.01.2025 14:15:10;3.33;
09.01.2025 14:15:11;3.32;
09.01.2025 14:15:13;3.32;
09.01.2025 14:15:14;3.31;
09.01.2025 14:15:15;3.32;
09.01.2025 14:15:18;3.32;
09.01.2025 14:15:19;3.33;
09.01.2025 14:15:20;3.32;
09.01.2025 14:15:21;3.33;
09.01.2025 14:15:22;3.32;
09.01.2025 14:15:24;3.32;
09.01.2025 14:15:25;3.33;
09.01.2025 14:15:26;3.32;
09.01.2025 14:15:31;3.32;
09.01.2025 14:15:32;3.31;
09.01.2025 14:15:33;3.33;
09.01.2025 14:15:34;3.31;
09.01.2025 14:15:35;3.32;
09.01.2025 14:15:42;3.32;
09.01.2025 14:15:43;3.31;
09.01.2025 14:15:44;3.31;
09.01.2025 14:15:45;3.32;
09.01.2025 14:15:50;3.32;
09.01.2025 14:15:51;3.31;
09.01.2025 14:15:52;3.32;
09.01.2025 14:16:01;3.32;
09.01.2025 14:16:02;3.33;
09.01.2025 14:16:05;3.33;
09.01.2025 14:16:06;3.32;
09.01.2025 14:16:07;3.33;
09.01.2025 14:16:08;3.32;
09.01.2025 14:16:10;3.32;
09.01.2025 14:16:11;3.33;
09.01.2025 14:16:12;3.32;
09.01.2025 14:16:15;3.32;
09.01.2025 14:16:16;3.33;
09.01.2025 14:16:17;3.32;
09.01.2025 14:16:30;3.32;
09.01.2025 14:16:31;3.31;
09.01.2025 14:16:32;3.32;
09.01.2025 14:16:35;3.32;
09.01.2025 14:16:36;3.31;
09.01.2025 14:16:37;3.32;
09.01.2025 14:16:40;3.32;
09.01.2025 14:16:41;3.33;
09.01.2025 14:16:43;3.33;
09.01.2025 14:16:44;3.34;
09.01.2025 14:16:45;3.33;
09.01.2025 14:16:46;3.33;
09.01.2025 14:16:47;3.32;
09.01.2025 14:16:48;3.33;
09.01.2025 14:16:49;3.33;
09.01.2025 14:16:50;3.32;
09.01.2025 14:16:53;3.32;
09.01.2025 14:16:54;3.33;
09.01.2025 14:16:55;3.32;
09.01.2025 14:16:56;3.33;
09.01.2025 14:16:57;3.32;
09.01.2025 14:16:59;3.32;
09.01.2025 14:17:00;3.33;
09.01.2025 14:17:01;3.33;
09.01.2025 14:17:02;3.32;
09.01.2025 14:17:04;3.32;
09.01.2025 14:17:05;3.33;
09.01.2025 14:17:06;3.32;
09.01.2025 14:17:07;3.31;
09.01.2025 14:17:08;3.32;
09.01.2025 14:17:09;3.33;
09.01.2025 14:17:10;3.32;
09.01.2025 14:17:11;3.32;
09.01.2025 14:17:12;3.33;
09.01.2025 14:17:14;3.33;
09.01.2025 14:17:15;3.32;
09.01.2025 14:17:16;3.32;
09.01.2025 14:17:17;3.33;
09.01.2025 14:17:18;3.32;
09.01.2025 14:17:20;3.32;
09.01.2025 14:17:21;3.33;
09.01.2025 14:17:22;3.33;
09.01.2025 14:17:23;3.32;
09.01.2025 14:17:24;3.32;
09.01.2025 14:17:25;3.33;
09.01.2025 14:17:26;3.32;
09.01.2025 14:17:28;3.32;
09.01.2025 14:17:29;3.33;
09.01.2025 14:17:32;3.33;
09.01.2025 14:17:33;3.32;
09.01.2025 14:17:39;3.32;
09.01.2025 14:17:40;3.33;
09.01.2025 14:17:41;3.32;
09.01.2025 14:17:44;3.32;
09.01.2025 14:17:45;3.33;
09.01.2025 14:17:49;3.33;
09.01.2025 14:17:50;3.31;
09.01.2025 14:17:51;3.31;
09.01.2025 14:17:52;3.32;
09.01.2025 14:17:53;3.31;
09.01.2025 14:17:54;3.32;
09.01.2025 14:17:57;3.32;
09.01.2025 14:17:58;3.33;
09.01.2025 14:17:59;3.33;
09.01.2025 14:18:00;3.32;
09.01.2025 14:18:02;3.32;
09.01.2025 14:18:03;3.31;
09.01.2025 14:18:04;3.32;
09.01.2025 14:18:07;3.32;
09.01.2025 14:18:08;3.31;
09.01.2025 14:18:11;3.31;
09.01.2025 14:18:12;3.32;
09.01.2025 14:18:13;3.33;
09.01.2025 14:18:14;3.32;
09.01.2025 14:18:17;3.32;
09.01.2025 14:18:18;3.33;
09.01.2025 14:18:19;3.32;
09.01.2025 14:18:20;3.32;
09.01.2025 14:18:21;3.33;
09.01.2025 14:18:22;3.32;
09.01.2025 14:18:32;3.32;
09.01.2025 14:18:33;3.33;
09.01.2025 14:18:34;3.32;
09.01.2025 14:18:35;3.33;
09.01.2025 14:18:36;3.32;
09.01.2025 14:18:37;3.33;
09.01.2025 14:18:38;3.33;
09.01.2025 14:18:39;3.31;
09.01.2025 14:18:40;3.32;
09.01.2025 14:18:45;3.32;
09.01.2025 14:18:46;3.33;
09.01.2025 14:18:47;3.33;
09.01.2025 14:18:48;3.32;
09.01.2025 14:18:49;3.33;
09.01.2025 14:18:50;3.32;
09.01.2025 14:18:54;3.32;
09.01.2025 14:18:55;3.33;
09.01.2025 14:19:03;3.33;
09.01.2025 14:19:04;3.32;
09.01.2025 14:19:05;3.32;
09.01.2025 14:19:06;3.31;
09.01.2025 14:19:07;3.32;
09.01.2025 14:19:13;3.32;
09.01.2025 14:19:14;3.33;
09.01.2025 14:19:15;3.32;
09.01.2025 14:19:17;3.32;
09.01.2025 14:19:18;3.33;
09.01.2025 14:19:23;3.33;
09.01.2025 14:19:24;3.32;
09.01.2025 14:19:25;3.32;
09.01.2025 14:19:26;3.31;
09.01.2025 14:19:27;3.32;
09.01.2025 14:19:28;3.33;
09.01.2025 14:19:29;3.32;
09.01.2025 14:19:34;3.32;
09.01.2025 14:19:35;3.33;
09.01.2025 14:19:36;3.32;
09.01.2025 14:19:37;3.32;
09.01.2025 14:19:38;3.33;
09.01.2025 14:19:39;3.32;
09.01.2025 14:19:40;3.33;
09.01.2025 14:19:41;3.33;
09.01.2025 14:19:42;3.32;
09.01.2025 14:19:43;3.32;
09.01.2025 14:19:44;3.33;
09.01.2025 14:19:45;3.32;
09.01.2025 14:19:46;3.33;
09.01.2025 14:19:47;3.32;
09.01.2025 14:19:48;3.32;
09.01.2025 14:19:49;3.33;
09.01.2025 14:19:50;3.32;
09.01.2025 14:20:04;3.32;
09.01.2025 14:20:05;3.31;
09.01.2025 14:20:06;3.33;
09.01.2025 14:20:07;3.31;
09.01.2025 14:20:08;3.32;
09.01.2025 14:20:14;3.32;
09.01.2025 14:20:15;3.33;
09.01.2025 14:20:16;3.32;
09.01.2025 14:20:17;3.32;
09.01.2025 14:20:18;3.33;
09.01.2025 14:20:19;3.32;
09.01.2025 14:20:20;3.33;
09.01.2025 14:20:21;3.32;
09.01.2025 14:20:23;3.32;
09.01.2025 14:20:24;3.33;
09.01.2025 14:20:25;3.32;
09.01.2025 14:20:27;3.32;
09.01.2025 14:20:28;3.33;
09.01.2025 14:20:29;3.32;
09.01.2025 14:20:33;3.32;
09.01.2025 14:20:34;3.31;
09.01.2025 14:20:35;3.32;
09.01.2025 14:20:37;3.32;
09.01.2025 14:20:38;3.33;
09.01.2025 14:20:39;3.32;
09.01.2025 14:20:40;3.32;
09.01.2025 14:20:41;3.31;
09.01.2025 14:20:42;3.32;
09.01.2025 14:20:43;3.31;
09.01.2025 14:20:44;3.32;
09.01.2025 14:20:47;3.32;
09.01.2025 14:20:48;3.33;
09.01.2025 14:20:49;3.31;
09.01.2025 14:20:50;3.32;
09.01.2025 14:20:54;3.32;
09.01.2025 14:20:55;3.33;
09.01.2025 14:20:59;3.33;
09.01.2025 14:21:00;3.32;
09.01.2025 14:21:01;3.33;
09.01.2025 14:21:02;3.32;
09.01.2025 14:21:04;3.32;
09.01.2025 14:21:05;3.33;
09.01.2025 14:21:06;3.32;
09.01.2025 14:21:08;3.32;
09.01.2025 14:21:09;3.33;
09.01.2025 14:21:10;3.32;
09.01.2025 14:21:15;3.32;
09.01.2025 14:21:16;3.33;
09.01.2025 14:21:17;3.33;
09.01.2025 14:21:18;3.32;
09.01.2025 14:21:19;3.32;
09.01.2025 14:21:20;3.33;
09.01.2025 14:21:21;3.32;
09.01.2025 14:21:25;3.32;
09.01.2025 14:21:26;3.31;
09.01.2025 14:21:27;3.32;
09.01.2025 14:21:29;3.32;
09.01.2025 14:21:30;3.33;
09.01.2025 14:21:31;3.32;
09.01.2025 14:21:32;3.31;
09.01.2025 14:21:33;3.32;
09.01.2025 14:21:36;3.32;
09.01.2025 14:21:37;3.31;
09.01.2025 14:21:38;3.32;
09.01.2025 14:21:42;3.32;
09.01.2025 14:21:43;3.31;
09.01.2025 14:21:44;3.32;
09.01.2025 14:21:45;3.32;
09.01.2025 14:21:46;3.31;
09.01.2025 14:21:47;3.32;
09.01.2025 14:21:48;3.32;
09.01.2025 14:21:49;3.31;
09.01.2025 14:21:50;3.32;
09.01.2025 14:21:52;3.32;
09.01.2025 14:21:53;3.31;
09.01.2025 14:21:54;3.32;
09.01.2025 14:21:55;3.32;
09.01.2025 14:21:56;3.33;
09.01.2025 14:21:57;3.32;
09.01.2025 14:21:58;3.33;
09.01.2025 14:21:59;3.32;
09.01.2025 14:22:00;3.32;
09.01.2025 14:22:01;3.33;
09.01.2025 14:22:02;3.31;
09.01.2025 14:22:03;3.32;
09.01.2025 14:22:08;3.32;
09.01.2025 14:22:09;3.31;
09.01.2025 14:22:10;3.32;
09.01.2025 14:22:29;3.32;
09.01.2025 14:22:30;3.33;
09.01.2025 14:22:31;3.32;
09.01.2025 14:22:39;3.32;
09.01.2025 14:22:40;3.31;
09.01.2025 14:22:41;3.32;
09.01.2025 14:22:42;3.32;
09.01.2025 14:22:43;3.33;
09.01.2025 14:22:44;3.31;
09.01.2025 14:22:45;3.32;
09.01.2025 14:22:47;3.32;
09.01.2025 14:22:48;3.33;
09.01.2025 14:22:49;3.32;
09.01.2025 14:22:50;3.33;
09.01.2025 14:22:51;3.32;
09.01.2025 14:22:54;3.32;
09.01.2025 14:22:55;3.33;
09.01.2025 14:22:56;3.32;
09.01.2025 14:23:02;3.32;
09.01.2025 14:23:03;3.33;
09.01.2025 14:23:04;3.32;
09.01.2025 14:23:06;3.32;
09.01.2025 14:23:07;3.33;
09.01.2025 14:23:13;3.33;
09.01.2025 14:23:14;3.32;
09.01.2025 14:23:15;3.33;
09.01.2025 14:23:17;3.33;
09.01.2025 14:23:18;3.32;
09.01.2025 14:23:19;3.32;
09.01.2025 14:23:20;3.33;
09.01.2025 14:23:21;3.33;
09.01.2025 14:23:22;3.32;
09.01.2025 14:23:23;3.32;
09.01.2025 14:23:24;3.33;
09.01.2025 14:23:25;3.32;
09.01.2025 14:23:26;3.31;
09.01.2025 14:23:27;3.33;
09.01.2025 14:23:29;3.33;
09.01.2025 14:23:30;3.32;
09.01.2025 14:23:31;3.33;
09.01.2025 14:23:32;3.32;
09.01.2025 14:23:33;3.33;
09.01.2025 14:23:34;3.33;
09.01.2025 14:23:35;3.32;
09.01.2025 14:23:39;3.32;
09.01.2025 14:23:40;3.33;
09.01.2025 14:23:41;3.31;
09.01.2025 14:23:42;3.32;
09.01.2025 14:23:43;3.33;
09.01.2025 14:23:44;3.33;
09.01.2025 14:23:45;3.32;
09.01.2025 14:23:46;3.32;
09.01.2025 14:23:47;3.33;
09.01.2025 14:23:48;3.32;
09.01.2025 14:23:49;3.33;
09.01.2025 14:23:50;3.31;
09.01.2025 14:23:51;3.33;
09.01.2025 14:23:52;3.32;
09.01.2025 14:23:53;3.33;
09.01.2025 14:23:54;3.33;
09.01.2025 14:23:55;3.32;
09.01.2025 14:23:56;3.33;
09.01.2025 14:23:57;3.33;
09.01.2025 14:23:58;3.32;
09.01.2025 14:23:59;3.33;
09.01.2025 14:24:01;3.33;
09.01.2025 14:24:02;3.32;
09.01.2025 14:24:03;3.33;
09.01.2025 14:24:04;3.32;
09.01.2025 14:24:05;3.33;
09.01.2025 14:24:07;3.33;
09.01.2025 14:24:08;3.32;
09.01.2025 14:24:09;3.32;
09.01.2025 14:24:10;3.33;
09.01.2025 14:24:11;3.32;
09.01.2025 14:24:12;3.33;
09.01.2025 14:24:13;3.33;
09.01.2025 14:24:14;3.32;
09.01.2025 14:24:15;3.33;
09.01.2025 14:24:16;3.32;
09.01.2025 14:24:19;3.32;
09.01.2025 14:24:20;3.33;
09.01.2025 14:24:21;3.32;
09.01.2025 14:24:23;3.32;
09.01.2025 14:24:24;3.33;
09.01.2025 14:24:25;3.32;
09.01.2025 14:24:26;3.33;
09.01.2025 14:24:29;3.33;
09.01.2025 14:24:30;3.32;
09.01.2025 14:24:34;3.32;
09.01.2025 14:24:35;3.33;
09.01.2025 14:24:38;3.33;
09.01.2025 14:24:39;3.32;
09.01.2025 14:24:40;3.33;
09.01.2025 14:24:41;3.33;
09.01.2025 14:24:42;3.32;
09.01.2025 14:24:48;3.32;
09.01.2025 14:24:49;3.31;
09.01.2025 14:24:50;3.32;
09.01.2025 14:24:54;3.32;
09.01.2025 14:24:55;3.33;
09.01.2025 14:24:56;3.32;
09.01.2025 14:24:59;3.32;
09.01.2025 14:25:00;3.33;
09.01.2025 14:25:01;3.32;
09.01.2025 14:25:02;3.32;
09.01.2025 14:25:03;3.33;
09.01.2025 14:25:04;3.32;
09.01.2025 14:25:05;3.32;
09.01.2025 14:25:06;3.33;
09.01.2025 14:25:07;3.32;
09.01.2025 14:25:08;3.31;
09.01.2025 14:25:09;3.33;
09.01.2025 14:25:10;3.32;
09.01.2025 14:25:11;3.32;
09.01.2025 14:25:12;3.33;
09.01.2025 14:25:14;3.33;
09.01.2025 14:25:15;3.32;
09.01.2025 14:25:16;3.32;
09.01.2025 14:25:17;3.33;
09.01.2025 14:25:18;3.32;
09.01.2025 14:25:19;3.32;
09.01.2025 14:25:20;3.33;
09.01.2025 14:25:21;3.33;
09.01.2025 14:25:22;3.32;
09.01.2025 14:25:23;3.33;
09.01.2025 14:25:24;3.32;
09.01.2025 14:25:31;3.32;
09.01.2025 14:25:32;3.33;
09.01.2025 14:25:33;3.32;
09.01.2025 14:25:34;3.32;
09.01.2025 14:25:35;3.33;
09.01.2025 14:25:36;3.32;
09.01.2025 14:25:37;3.32;
09.01.2025 14:25:38;3.33;
09.01.2025 14:25:39;3.33;
09.01.2025 14:25:40;3.32;
09.01.2025 14:25:46;3.32;
09.01.2025 14:25:47;3.33;
09.01.2025 14:25:48;3.32;
09.01.2025 14:25:50;3.32;
09.01.2025 14:25:51;3.33;
09.01.2025 14:25:52;3.32;
09.01.2025 14:25:53;3.33;
09.01.2025 14:25:54;3.32;
09.01.2025 14:25:57;3.32;
09.01.2025 14:25:58;3.33;
09.01.2025 14:25:59;3.33;
09.01.2025 14:26:00;3.32;
09.01.2025 14:26:03;3.32;
09.01.2025 14:26:04;3.33;
09.01.2025 14:26:05;3.32;
09.01.2025 14:26:07;3.32;
09.01.2025 14:26:08;3.33;
09.01.2025 14:26:09;3.32;
09.01.2025 14:26:12;3.32;
09.01.2025 14:26:13;3.33;
09.01.2025 14:26:16;3.33;
09.01.2025 14:26:17;3.32;
09.01.2025 14:26:18;3.32;
09.01.2025 14:26:19;3.33;
09.01.2025 14:26:21;3.33;
09.01.2025 14:26:22;3.32;
09.01.2025 14:26:23;3.33;
09.01.2025 14:26:25;3.33;
09.01.2025 14:26:26;3.32;
09.01.2025 14:26:27;3.33;
09.01.2025 14:26:28;3.32;
09.01.2025 14:26:30;3.32;
09.01.2025 14:26:31;3.33;
09.01.2025 14:26:32;3.33;
09.01.2025 14:26:33;3.32;
09.01.2025 14:26:34;3.32;
09.01.2025 14:26:35;3.33;
09.01.2025 14:26:36;3.33;
09.01.2025 14:26:37;3.32;
09.01.2025 14:26:39;3.32;
09.01.2025 14:26:40;3.33;
09.01.2025 14:26:42;3.33;
09.01.2025 14:26:43;3.32;
09.01.2025 14:26:44;3.33;
09.01.2025 14:26:45;3.32;
09.01.2025 14:26:46;3.33;
09.01.2025 14:26:51;3.33;
09.01.2025 14:26:52;3.32;
09.01.2025 14:26:53;3.33;
09.01.2025 14:26:54;3.32;
09.01.2025 14:26:55;3.33;
09.01.2025 14:26:59;3.33;
09.01.2025 14:27:00;3.32;
09.01.2025 14:27:01;3.33;
09.01.2025 14:27:02;3.33;
09.01.2025 14:27:03;3.32;
09.01.2025 14:27:04;3.32;
09.01.2025 14:27:05;3.33;
09.01.2025 14:27:11;3.33;
09.01.2025 14:27:12;3.32;
09.01.2025 14:27:13;3.32;
09.01.2025 14:27:14;3.33;
09.01.2025 14:27:17;3.33;
09.01.2025 14:27:18;3.32;
09.01.2025 14:27:19;3.33;
09.01.2025 14:27:20;3.32;
09.01.2025 14:27:21;3.32;
09.01.2025 14:27:22;3.33;
09.01.2025 14:27:23;3.32;
09.01.2025 14:27:24;3.33;
09.01.2025 14:27:25;3.33;
09.01.2025 14:27:26;3.32;
09.01.2025 14:27:27;3.32;
09.01.2025 14:27:28;3.33;
09.01.2025 14:27:29;3.33;
09.01.2025 14:27:30;3.32;
09.01.2025 14:27:31;3.33;
09.01.2025 14:27:32;3.32;
09.01.2025 14:27:33;3.33;
09.01.2025 14:27:34;3.32;
09.01.2025 14:27:35;3.32;
09.01.2025 14:27:36;3.33;
09.01.2025 14:27:37;3.33;
09.01.2025 14:27:38;3.32;
09.01.2025 14:27:39;3.33;
09.01.2025 14:27:40;3.32;
09.01.2025 14:27:41;3.33;
09.01.2025 14:27:43;3.33;
09.01.2025 14:27:44;3.32;
09.01.2025 14:27:45;3.33;
09.01.2025 14:27:46;3.33;
09.01.2025 14:27:47;3.32;
09.01.2025 14:27:48;3.33;
09.01.2025 14:27:49;3.32;
09.01.2025 14:27:50;3.33;
09.01.2025 14:27:51;3.32;
09.01.2025 14:27:54;3.32;
09.01.2025 14:27:55;3.33;
09.01.2025 14:27:56;3.32;
09.01.2025 14:27:59;3.32;
09.01.2025 14:28:00;3.33;
09.01.2025 14:28:01;3.32;
09.01.2025 14:28:03;3.32;
09.01.2025 14:28:04;3.33;
09.01.2025 14:28:05;3.32;
09.01.2025 14:28:06;3.33;
09.01.2025 14:28:07;3.32;
09.01.2025 14:28:08;3.33;
09.01.2025 14:28:09;3.32;
09.01.2025 14:28:10;3.32;
09.01.2025 14:28:11;3.33;
09.01.2025 14:28:12;3.32;
09.01.2025 14:28:13;3.33;
09.01.2025 14:28:14;3.32;
09.01.2025 14:28:15;3.33;
09.01.2025 14:28:16;3.32;
09.01.2025 14:28:17;3.33;
09.01.2025 14:28:18;3.32;
09.01.2025 14:28:19;3.33;
09.01.2025 14:28:20;3.32;
09.01.2025 14:28:21;3.32;
09.01.2025 14:28:22;3.33;
09.01.2025 14:28:23;3.32;
09.01.2025 14:28:24;3.33;
09.01.2025 14:28:25;3.33;
09.01.2025 14:28:26;3.32;
09.01.2025 14:28:27;3.33;
09.01.2025 14:28:28;3.33;
09.01.2025 14:28:29;3.32;
09.01.2025 14:28:30;3.33;
09.01.2025 14:28:31;3.32;
09.01.2025 14:28:36;3.32;
09.01.2025 14:28:37;3.33;
09.01.2025 14:28:38;3.33;
09.01.2025 14:28:39;3.32;
09.01.2025 14:28:40;3.32;
09.01.2025 14:28:41;3.33;
09.01.2025 14:28:43;3.33;
09.01.2025 14:28:44;3.32;
09.01.2025 14:28:45;3.33;
09.01.2025 14:28:52;3.33;
09.01.2025 14:28:53;3.32;
09.01.2025 14:28:54;3.32;
09.01.2025 14:28:55;3.33;
09.01.2025 14:28:56;3.33;
09.01.2025 14:28:57;3.32;
09.01.2025 14:28:58;3.32;
09.01.2025 14:28:59;3.33;
09.01.2025 14:29:00;3.32;
09.01.2025 14:29:01;3.32;
09.01.2025 14:29:02;3.33;
09.01.2025 14:29:03;3.32;
09.01.2025 14:29:04;3.33;
09.01.2025 14:29:05;3.32;
09.01.2025 14:29:07;3.32;
09.01.2025 14:29:08;3.34;
09.01.2025 14:29:09;3.33;
09.01.2025 14:29:10;3.33;
09.01.2025 14:29:11;3.32;
09.01.2025 14:29:12;3.33;
09.01.2025 14:29:13;3.32;
09.01.2025 14:29:14;3.33;
09.01.2025 14:29:15;3.32;
09.01.2025 14:29:16;3.33;
09.01.2025 14:29:17;3.33;
09.01.2025 14:29:18;3.32;
09.01.2025 14:29:19;3.32;
09.01.2025 14:29:20;3.33;
09.01.2025 14:29:21;3.33;
09.01.2025 14:29:22;3.32;
09.01.2025 14:29:25;3.32;
09.01.2025 14:29:26;3.33;
09.01.2025 14:29:28;3.33;
09.01.2025 14:29:29;3.32;
09.01.2025 14:29:30;3.33;
09.01.2025 14:29:31;3.33;
09.01.2025 14:29:32;3.32;
09.01.2025 14:29:33;3.32;
09.01.2025 14:29:34;3.33;
09.01.2025 14:29:35;3.32;
09.01.2025 14:29:36;3.33;
09.01.2025 14:29:37;3.33;
09.01.2025 14:29:38;3.32;
09.01.2025 14:29:42;3.32;
09.01.2025 14:29:43;3.33;
09.01.2025 14:29:46;3.33;
09.01.2025 14:29:47;3.32;
09.01.2025 14:29:48;3.33;
09.01.2025 14:29:49;3.32;
09.01.2025 14:29:50;3.33;
09.01.2025 14:29:51;3.32;
09.01.2025 14:29:52;3.32;
09.01.2025 14:29:53;3.33;
09.01.2025 14:29:55;3.33;
09.01.2025 14:29:56;3.32;
09.01.2025 14:29:57;3.33;
09.01.2025 14:29:58;3.33;
09.01.2025 14:29:59;3.32;
09.01.2025 14:30:00;3.33;
09.01.2025 14:30:01;3.32;
09.01.2025 14:30:02;3.32;
09.01.2025 14:30:03;3.33;
09.01.2025 14:30:04;3.32;
09.01.2025 14:30:05;3.33;
09.01.2025 14:30:06;3.32;
09.01.2025 14:30:07;3.32;
09.01.2025 14:30:08;3.33;
09.01.2025 14:30:10;3.33;
09.01.2025 14:30:11;3.32;
09.01.2025 14:30:12;3.33;
09.01.2025 14:30:13;3.32;
09.01.2025 14:30:14;3.32;
09.01.2025 14:30:15;3.33;
09.01.2025 14:30:16;3.32;
09.01.2025 14:30:19;3.32;
09.01.2025 14:30:20;3.33;
09.01.2025 14:30:23;3.33;
09.01.2025 14:30:24;3.32;
09.01.2025 14:30:25;3.32;
09.01.2025 14:30:26;3.33;
09.01.2025 14:30:27;3.32;
09.01.2025 14:30:28;3.33;
09.01.2025 14:30:29;3.33;
09.01.2025 14:30:30;3.32;
09.01.2025 14:30:31;3.33;
09.01.2025 14:30:32;3.32;
09.01.2025 14:30:36;3.32;
09.01.2025 14:30:37;3.33;
09.01.2025 14:30:38;3.32;
09.01.2025 14:30:40;3.32;
09.01.2025 14:30:41;3.33;
09.01.2025 14:30:42;3.32;
09.01.2025 14:30:43;3.32;
09.01.2025 14:30:44;3.33;
09.01.2025 14:30:45;3.32;
09.01.2025 14:30:46;3.33;
09.01.2025 14:30:47;3.32;
09.01.2025 14:30:48;3.33;
09.01.2025 14:30:49;3.33;
09.01.2025 14:30:50;3.32;
09.01.2025 14:30:51;3.33;
09.01.2025 14:30:53;3.33;
09.01.2025 14:30:54;3.32;
09.01.2025 14:30:55;3.33;
09.01.2025 14:30:56;3.32;
09.01.2025 14:30:57;3.33;
09.01.2025 14:30:58;3.32;
09.01.2025 14:30:59;3.33;
09.01.2025 14:31:00;3.32;
09.01.2025 14:31:08;3.32;
09.01.2025 14:31:09;3.31;
09.01.2025 14:31:10;3.32;
09.01.2025 14:31:11;3.33;
09.01.2025 14:31:12;3.32;
09.01.2025 14:31:14;3.32;
09.01.2025 14:31:15;3.33;
09.01.2025 14:31:16;3.32;
09.01.2025 14:31:17;3.32;
09.01.2025 14:31:18;3.33;
09.01.2025 14:31:20;3.33;
09.01.2025 14:31:21;3.32;
09.01.2025 14:31:22;3.33;
09.01.2025 14:31:23;3.33;
09.01.2025 14:31:24;3.32;
09.01.2025 14:31:26;3.32;
09.01.2025 14:31:27;3.31;
09.01.2025 14:31:28;3.32;
09.01.2025 14:31:29;3.33;
09.01.2025 14:31:30;3.32;
09.01.2025 14:31:31;3.32;
09.01.2025 14:31:32;3.33;
09.01.2025 14:31:33;3.33;
09.01.2025 14:31:34;3.32;
09.01.2025 14:31:35;3.32;
09.01.2025 14:31:36;3.33;
09.01.2025 14:31:37;3.32;
09.01.2025 14:31:38;3.32;
09.01.2025 14:31:39;3.33;
09.01.2025 14:31:40;3.33;
09.01.2025 14:31:41;3.32;
09.01.2025 14:31:42;3.33;
09.01.2025 14:31:47;3.33;
09.01.2025 14:31:48;3.32;
09.01.2025 14:31:49;3.33;
09.01.2025 14:31:51;3.33;
09.01.2025 14:31:52;3.32;
09.01.2025 14:31:53;3.32;
09.01.2025 14:31:54;3.33;
09.01.2025 14:31:59;3.33;
09.01.2025 14:32:00;3.32;
09.01.2025 14:32:01;3.32;
09.01.2025 14:32:02;3.33;
09.01.2025 14:32:04;3.33;
09.01.2025 14:32:05;3.31;
09.01.2025 14:32:06;3.32;
09.01.2025 14:32:07;3.33;
09.01.2025 14:32:08;3.34;
09.01.2025 14:32:09;3.33;
09.01.2025 14:32:10;3.32;
09.01.2025 14:32:14;3.32;
09.01.2025 14:32:15;3.33;
09.01.2025 14:32:16;3.33;
09.01.2025 14:32:17;3.32;
09.01.2025 14:32:24;3.32;
09.01.2025 14:32:25;3.33;
09.01.2025 14:32:26;3.32;
09.01.2025 14:32:27;3.33;
09.01.2025 14:32:29;3.33;
09.01.2025 14:32:30;3.32;
09.01.2025 14:32:31;3.33;
09.01.2025 14:32:32;3.32;
09.01.2025 14:32:35;3.32;
09.01.2025 14:32:36;3.33;
09.01.2025 14:32:37;3.32;
09.01.2025 14:32:38;3.33;
09.01.2025 14:32:39;3.32;
09.01.2025 14:32:41;3.32;
09.01.2025 14:32:42;3.33;
09.01.2025 14:32:43;3.33;
09.01.2025 14:32:44;3.32;
09.01.2025 14:32:45;3.33;
09.01.2025 14:32:46;3.32;
09.01.2025 14:32:47;3.34;
09.01.2025 14:32:48;3.32;
09.01.2025 14:32:50;3.32;
09.01.2025 14:32:51;3.33;
09.01.2025 14:32:54;3.33;
09.01.2025 14:32:55;3.32;
09.01.2025 14:32:57;3.32;
09.01.2025 14:32:58;3.33;
09.01.2025 14:32:59;3.32;
09.01.2025 14:33:00;3.32;
09.01.2025 14:33:01;3.33;
09.01.2025 14:33:04;3.33;
09.01.2025 14:33:05;3.32;
09.01.2025 14:33:06;3.33;
09.01.2025 14:33:07;3.32;
09.01.2025 14:33:10;3.32;
09.01.2025 14:33:11;3.33;
09.01.2025 14:33:12;3.33;
09.01.2025 14:33:13;3.32;
09.01.2025 14:33:14;3.33;
09.01.2025 14:33:15;3.34;
09.01.2025 14:33:16;3.32;
09.01.2025 14:33:17;3.33;
09.01.2025 14:33:20;3.33;
09.01.2025 14:33:21;3.32;
09.01.2025 14:33:22;3.33;
09.01.2025 14:33:26;3.33;
09.01.2025 14:33:27;3.32;
09.01.2025 14:33:28;3.33;
09.01.2025 14:33:29;3.32;
09.01.2025 14:33:30;3.32;
09.01.2025 14:33:31;3.33;
09.01.2025 14:33:32;3.32;
09.01.2025 14:33:33;3.33;
09.01.2025 14:33:35;3.33;
09.01.2025 14:33:36;3.32;
09.01.2025 14:33:37;3.32;
09.01.2025 14:33:38;3.33;
09.01.2025 14:33:40;3.33;
09.01.2025 14:33:41;3.32;
09.01.2025 14:33:42;3.33;
09.01.2025 14:33:44;3.33;
09.01.2025 14:33:45;3.32;
09.01.2025 14:33:46;3.33;
09.01.2025 14:33:52;3.33;
09.01.2025 14:33:53;3.32;
09.01.2025 14:33:56;3.32;
09.01.2025 14:33:57;3.33;
09.01.2025 14:33:58;3.32;
09.01.2025 14:33:59;3.33;
09.01.2025 14:34:00;3.32;
09.01.2025 14:34:01;3.33;
09.01.2025 14:34:05;3.33;
09.01.2025 14:34:06;3.32;
09.01.2025 14:34:07;3.33;
09.01.2025 14:34:08;3.32;
09.01.2025 14:34:09;3.33;
09.01.2025 14:34:10;3.32;
09.01.2025 14:34:11;3.33;
09.01.2025 14:34:12;3.33;
09.01.2025 14:34:13;3.32;
09.01.2025 14:34:14;3.32;
09.01.2025 14:34:15;3.33;
09.01.2025 14:34:16;3.33;
09.01.2025 14:34:17;3.32;
09.01.2025 14:34:18;3.33;
09.01.2025 14:34:19;3.32;
09.01.2025 14:34:23;3.32;
09.01.2025 14:34:24;3.33;
09.01.2025 14:34:25;3.32;
09.01.2025 14:34:26;3.33;
09.01.2025 14:34:27;3.32;
09.01.2025 14:34:28;3.33;
09.01.2025 14:34:29;3.32;
09.01.2025 14:34:31;3.32;
09.01.2025 14:34:32;3.33;
09.01.2025 14:34:35;3.33;
09.01.2025 14:34:36;3.32;
09.01.2025 14:34:39;3.32;
09.01.2025 14:34:40;3.33;
09.01.2025 14:34:41;3.32;
09.01.2025 14:34:42;3.32;
09.01.2025 14:34:43;3.33;
09.01.2025 14:34:44;3.33;
09.01.2025 14:34:45;3.32;
09.01.2025 14:34:46;3.33;
09.01.2025 14:34:47;3.33;
09.01.2025 14:34:48;3.32;
09.01.2025 14:34:49;3.33;
09.01.2025 14:34:50;3.33;
09.01.2025 14:34:51;3.32;
09.01.2025 14:34:56;3.32;
09.01.2025 14:34:57;3.33;
09.01.2025 14:34:58;3.32;
09.01.2025 14:34:59;3.33;
09.01.2025 14:35:02;3.33;
09.01.2025 14:35:03;3.32;
09.01.2025 14:35:04;3.32;
09.01.2025 14:35:05;3.33;
09.01.2025 14:35:16;3.33;
09.01.2025 14:35:17;3.34;
09.01.2025 14:35:18;3.32;
09.01.2025 14:35:19;3.32;
09.01.2025 14:35:20;3.33;
09.01.2025 14:35:21;3.33;
09.01.2025 14:35:22;3.32;
09.01.2025 14:35:23;3.33;
09.01.2025 14:35:27;3.33;
09.01.2025 14:35:28;3.32;
09.01.2025 14:35:29;3.33;
09.01.2025 14:35:30;3.32;
09.01.2025 14:35:32;3.32;
09.01.2025 14:35:33;3.33;
09.01.2025 14:35:34;3.33;
09.01.2025 14:35:35;3.32;
09.01.2025 14:35:36;3.32;
09.01.2025 14:35:37;3.33;
09.01.2025 14:35:38;3.32;
09.01.2025 14:35:39;3.32;
09.01.2025 14:35:40;3.33;
09.01.2025 14:35:41;3.32;
09.01.2025 14:35:42;3.33;
09.01.2025 14:35:44;3.33;
09.01.2025 14:35:45;3.32;
09.01.2025 14:35:46;3.32;
09.01.2025 14:35:47;3.33;
09.01.2025 14:35:49;3.33;
09.01.2025 14:35:50;3.34;
09.01.2025 14:35:51;3.33;
09.01.2025 14:36:00;3.33;
09.01.2025 14:36:01;3.32;
09.01.2025 14:36:02;3.33;
09.01.2025 14:36:10;3.33;
09.01.2025 14:36:11;3.32;
09.01.2025 14:36:12;3.33;
09.01.2025 14:36:14;3.33;
09.01.2025 14:36:15;3.32;
09.01.2025 14:36:16;3.33;
09.01.2025 14:36:19;3.33;
09.01.2025 14:36:20;3.32;
09.01.2025 14:36:21;3.33;
09.01.2025 14:36:23;3.33;
09.01.2025 14:36:24;3.32;
09.01.2025 14:36:25;3.32;
09.01.2025 14:36:26;3.33;
09.01.2025 14:36:27;3.32;
09.01.2025 14:36:28;3.33;
09.01.2025 14:36:29;3.33;
09.01.2025 14:36:30;3.32;
09.01.2025 14:36:31;3.33;
09.01.2025 14:36:34;3.33;
09.01.2025 14:36:35;3.32;
09.01.2025 14:36:36;3.33;
09.01.2025 14:36:39;3.33;
09.01.2025 14:36:40;3.34;
09.01.2025 14:36:41;3.33;
09.01.2025 14:36:42;3.32;
09.01.2025 14:36:43;3.33;
09.01.2025 14:36:44;3.33;
09.01.2025 14:36:45;3.32;
09.01.2025 14:36:46;3.32;
09.01.2025 14:36:47;3.33;
09.01.2025 14:36:48;3.33;
09.01.2025 14:36:49;3.34;
09.01.2025 14:36:50;3.32;
09.01.2025 14:36:51;3.32;
09.01.2025 14:36:52;3.33;
09.01.2025 14:36:53;3.32;
09.01.2025 14:36:54;3.33;
09.01.2025 14:36:57;3.33;
09.01.2025 14:36:58;3.32;
09.01.2025 14:36:59;3.33;
09.01.2025 14:37:07;3.33;
09.01.2025 14:37:08;3.32;
09.01.2025 14:37:09;3.33;
09.01.2025 14:37:17;3.33;
09.01.2025 14:37:18;3.32;
09.01.2025 14:37:20;3.32;
09.01.2025 14:37:21;3.33;
09.01.2025 14:37:22;3.32;
09.01.2025 14:37:23;3.33;
09.01.2025 14:37:24;3.33;
09.01.2025 14:37:25;3.32;
09.01.2025 14:37:27;3.32;
09.01.2025 14:37:28;3.34;
09.01.2025 14:37:29;3.32;
09.01.2025 14:37:30;3.33;
09.01.2025 14:37:35;3.33;
09.01.2025 14:37:36;3.32;
09.01.2025 14:37:37;3.33;
09.01.2025 14:37:40;3.33;
09.01.2025 14:37:41;3.34;
09.01.2025 14:37:42;3.33;
09.01.2025 14:37:50;3.33;
09.01.2025 14:37:51;3.32;
09.01.2025 14:37:52;3.33;
09.01.2025 14:37:53;3.32;
09.01.2025 14:37:56;3.32;
09.01.2025 14:37:57;3.33;
09.01.2025 14:37:59;3.33;
09.01.2025 14:38:00;3.32;
09.01.2025 14:38:01;3.32;
09.01.2025 14:38:02;3.34;
09.01.2025 14:38:03;3.33;
09.01.2025 14:38:05;3.33;
09.01.2025 14:38:06;3.32;
09.01.2025 14:38:07;3.33;
09.01.2025 14:38:08;3.32;
09.01.2025 14:38:11;3.32;
09.01.2025 14:38:12;3.33;
09.01.2025 14:38:13;3.32;
09.01.2025 14:38:14;3.33;
09.01.2025 14:38:17;3.33;
09.01.2025 14:38:18;3.32;
09.01.2025 14:38:19;3.33;
09.01.2025 14:38:22;3.33;
09.01.2025 14:38:23;3.32;
09.01.2025 14:38:24;3.33;
09.01.2025 14:38:32;3.33;
09.01.2025 14:38:33;3.32;
09.01.2025 14:38:34;3.33;
09.01.2025 14:38:43;3.33;
09.01.2025 14:38:44;3.32;
09.01.2025 14:38:45;3.32;
09.01.2025 14:38:46;3.33;
09.01.2025 14:38:47;3.33;
09.01.2025 14:38:48;3.32;
09.01.2025 14:38:49;3.33;
09.01.2025 14:38:55;3.33;
09.01.2025 14:38:56;3.32;
09.01.2025 14:38:57;3.32;
09.01.2025 14:38:58;3.33;
09.01.2025 14:38:59;3.32;
09.01.2025 14:39:00;3.33;
09.01.2025 14:39:01;3.33;
09.01.2025 14:39:02;3.32;
09.01.2025 14:39:03;3.33;
09.01.2025 14:39:04;3.32;
09.01.2025 14:39:05;3.33;
09.01.2025 14:39:07;3.33;
09.01.2025 14:39:08;3.34;
09.01.2025 14:39:09;3.33;
09.01.2025 14:39:10;3.33;
09.01.2025 14:39:11;3.32;
09.01.2025 14:39:12;3.33;
09.01.2025 14:39:23;3.33;
09.01.2025 14:39:24;3.34;
09.01.2025 14:39:25;3.33;
09.01.2025 14:39:36;3.33;
09.01.2025 14:39:37;3.34;
09.01.2025 14:39:38;3.33;
09.01.2025 14:39:41;3.33;
09.01.2025 14:39:42;3.34;
09.01.2025 14:39:43;3.33;
09.01.2025 14:39:48;3.33;
09.01.2025 14:39:49;3.34;
09.01.2025 14:39:50;3.33;
09.01.2025 14:39:51;3.32;
09.01.2025 14:39:52;3.33;
09.01.2025 14:39:53;3.32;
09.01.2025 14:39:54;3.34;
09.01.2025 14:39:55;3.33;
09.01.2025 14:39:56;3.33;
09.01.2025 14:39:57;3.32;
09.01.2025 14:39:58;3.33;
09.01.2025 14:39:59;3.34;
09.01.2025 14:40:00;3.33;
09.01.2025 14:40:01;3.33;
09.01.2025 14:40:02;3.32;
09.01.2025 14:40:03;3.33;
09.01.2025 14:40:09;3.33;
09.01.2025 14:40:10;3.34;
09.01.2025 14:40:11;3.33;
09.01.2025 14:40:14;3.33;
09.01.2025 14:40:15;3.32;
09.01.2025 14:40:16;3.33;
09.01.2025 14:40:24;3.33;
09.01.2025 14:40:25;3.34;
09.01.2025 14:40:26;3.33;
09.01.2025 14:40:27;3.33;
09.01.2025 14:40:28;3.34;
09.01.2025 14:40:29;3.33;
09.01.2025 14:40:30;3.32;
09.01.2025 14:40:31;3.33;
09.01.2025 14:40:32;3.34;
09.01.2025 14:40:33;3.34;
09.01.2025 14:40:34;3.33;
09.01.2025 14:40:35;3.33;
09.01.2025 14:40:36;3.32;
09.01.2025 14:40:37;3.33;
09.01.2025 14:40:38;3.33;
09.01.2025 14:40:39;3.34;
09.01.2025 14:40:40;3.32;
09.01.2025 14:40:41;3.33;
09.01.2025 14:40:43;3.33;
09.01.2025 14:40:44;3.32;
09.01.2025 14:40:46;3.32;
09.01.2025 14:40:47;3.33;
09.01.2025 14:40:52;3.33;
09.01.2025 14:40:53;3.32;
09.01.2025 14:40:54;3.33;
09.01.2025 14:41:04;3.33;
09.01.2025 14:41:05;3.34;
09.01.2025 14:41:06;3.33;
09.01.2025 14:41:09;3.33;
09.01.2025 14:41:10;3.34;
09.01.2025 14:41:11;3.33;
09.01.2025 14:41:19;3.33;
09.01.2025 14:41:20;3.34;
09.01.2025 14:41:21;3.33;
09.01.2025 14:41:27;3.33;
09.01.2025 14:41:28;3.32;
09.01.2025 14:41:29;3.33;
09.01.2025 14:41:32;3.33;
09.01.2025 14:41:33;3.32;
09.01.2025 14:41:34;3.33;
09.01.2025 14:41:37;3.33;
09.01.2025 14:41:38;3.34;
09.01.2025 14:41:39;3.33;
09.01.2025 14:41:40;3.33;
09.01.2025 14:41:41;3.32;
09.01.2025 14:41:42;3.33;
09.01.2025 14:41:54;3.33;
09.01.2025 14:41:55;3.34;
09.01.2025 14:41:56;3.33;
09.01.2025 14:41:57;3.33;
09.01.2025 14:41:58;3.34;
09.01.2025 14:41:59;3.33;
09.01.2025 14:42:00;3.34;
09.01.2025 14:42:01;3.33;
09.01.2025 14:42:03;3.33;
09.01.2025 14:42:04;3.34;
09.01.2025 14:42:05;3.33;
09.01.2025 14:42:07;3.33;
09.01.2025 14:42:08;3.34;
09.01.2025 14:42:09;3.33;
09.01.2025 14:42:10;3.33;
09.01.2025 14:42:11;3.34;
09.01.2025 14:42:12;3.33;
09.01.2025 14:42:13;3.34;
09.01.2025 14:42:14;3.33;
09.01.2025 14:42:15;3.34;
09.01.2025 14:42:16;3.33;
09.01.2025 14:42:17;3.32;
09.01.2025 14:42:18;3.32;
09.01.2025 14:42:19;3.34;
09.01.2025 14:42:20;3.33;
09.01.2025 14:42:22;3.33;
09.01.2025 14:42:23;3.34;
09.01.2025 14:42:24;3.34;
09.01.2025 14:42:25;3.33;
09.01.2025 14:42:26;3.34;
09.01.2025 14:42:27;3.34;
09.01.2025 14:42:28;3.33;
09.01.2025 14:42:30;3.33;
09.01.2025 14:42:31;3.34;
09.01.2025 14:42:32;3.33;
09.01.2025 14:42:33;3.34;
09.01.2025 14:42:34;3.33;
09.01.2025 14:42:35;3.34;
09.01.2025 14:42:36;3.33;
09.01.2025 14:42:37;3.34;
09.01.2025 14:42:38;3.34;
09.01.2025 14:42:39;3.33;
09.01.2025 14:42:40;3.33;
09.01.2025 14:42:41;3.34;
09.01.2025 14:42:42;3.33;
09.01.2025 14:42:46;3.33;
09.01.2025 14:42:47;3.34;
09.01.2025 14:42:48;3.33;
09.01.2025 14:42:49;3.34;
09.01.2025 14:42:50;3.33;
09.01.2025 14:42:55;3.33;
09.01.2025 14:42:56;3.32;
09.01.2025 14:42:57;3.32;
09.01.2025 14:42:58;3.33;
09.01.2025 14:42:59;3.33;
09.01.2025 14:43:00;3.34;
09.01.2025 14:43:01;3.33;
09.01.2025 14:43:02;3.34;
09.01.2025 14:43:04;3.34;
09.01.2025 14:43:05;3.33;
09.01.2025 14:43:13;3.33;
09.01.2025 14:43:14;3.32;
09.01.2025 14:43:15;3.33;
09.01.2025 14:43:16;3.32;
09.01.2025 14:43:17;3.32;
09.01.2025 14:43:18;3.33;
09.01.2025 14:43:19;3.32;
09.01.2025 14:43:20;3.33;
09.01.2025 14:43:23;3.33;
09.01.2025 14:43:24;3.32;
09.01.2025 14:43:26;3.32;
09.01.2025 14:43:27;3.33;
09.01.2025 14:43:29;3.33;
09.01.2025 14:43:30;3.32;
09.01.2025 14:43:31;3.33;
09.01.2025 14:43:32;3.32;
09.01.2025 14:43:33;3.33;
09.01.2025 14:43:35;3.33;
09.01.2025 14:43:36;3.32;
09.01.2025 14:43:37;3.33;
09.01.2025 14:43:51;3.33;
09.01.2025 14:43:52;3.32;
09.01.2025 14:43:53;3.32;
09.01.2025 14:43:54;3.33;
09.01.2025 14:43:55;3.32;
09.01.2025 14:43:56;3.33;
09.01.2025 14:43:58;3.33;
09.01.2025 14:43:59;3.32;
09.01.2025 14:44:00;3.33;
09.01.2025 14:44:01;3.33;
09.01.2025 14:44:02;3.34;
09.01.2025 14:44:03;3.33;
09.01.2025 14:44:04;3.33;
09.01.2025 14:44:05;3.34;
09.01.2025 14:44:07;3.34;
09.01.2025 14:44:08;3.33;
09.01.2025 14:44:10;3.33;
09.01.2025 14:44:11;3.34;
09.01.2025 14:44:12;3.33;
09.01.2025 14:44:13;3.34;
09.01.2025 14:44:15;3.34;
09.01.2025 14:44:16;3.33;
09.01.2025 14:44:19;3.33;
09.01.2025 14:44:20;3.32;
09.01.2025 14:44:21;3.33;
09.01.2025 14:44:23;3.33;
09.01.2025 14:44:24;3.34;
09.01.2025 14:44:25;3.33;
09.01.2025 14:44:27;3.33;
09.01.2025 14:44:28;3.34;
09.01.2025 14:44:29;3.33;
09.01.2025 14:44:31;3.33;
09.01.2025 14:44:32;3.34;
09.01.2025 14:44:33;3.33;
09.01.2025 14:44:40;3.33;
09.01.2025 14:44:41;3.34;
09.01.2025 14:44:42;3.32;
09.01.2025 14:44:43;3.33;
09.01.2025 14:44:45;3.33;
09.01.2025 14:44:46;3.32;
09.01.2025 14:44:47;3.33;
09.01.2025 14:44:48;3.33;
09.01.2025 14:44:49;3.32;
09.01.2025 14:44:50;3.33;
09.01.2025 14:44:54;3.33;
09.01.2025 14:44:55;3.32;
09.01.2025 14:44:56;3.34;
09.01.2025 14:44:57;3.33;
09.01.2025 14:44:58;3.33;
09.01.2025 14:44:59;3.32;
09.01.2025 14:45:00;3.33;
09.01.2025 14:45:11;3.33;
09.01.2025 14:45:12;3.32;
09.01.2025 14:45:13;3.33;
09.01.2025 14:45:15;3.33;
09.01.2025 14:45:16;3.34;
09.01.2025 14:45:17;3.33;
09.01.2025 14:45:22;3.33;
09.01.2025 14:45:23;3.32;
09.01.2025 14:45:24;3.34;
09.01.2025 14:45:25;3.32;
09.01.2025 14:45:26;3.33;
09.01.2025 14:45:27;3.33;
09.01.2025 14:45:28;3.34;
09.01.2025 14:45:29;3.33;
09.01.2025 14:45:30;3.34;
09.01.2025 14:45:31;3.33;
09.01.2025 14:45:32;3.34;
09.01.2025 14:45:34;3.34;
09.01.2025 14:45:35;3.33;
09.01.2025 14:45:36;3.34;
09.01.2025 14:45:37;3.33;
09.01.2025 14:45:38;3.34;
09.01.2025 14:45:39;3.33;
09.01.2025 14:45:40;3.33;
09.01.2025 14:45:41;3.34;
09.01.2025 14:45:42;3.33;
09.01.2025 14:45:44;3.33;
09.01.2025 14:45:45;3.34;
09.01.2025 14:45:46;3.33;
09.01.2025 14:45:47;3.34;
09.01.2025 14:45:48;3.33;
09.01.2025 14:45:53;3.33;
09.01.2025 14:45:54;3.34;
09.01.2025 14:45:55;3.33;
09.01.2025 14:45:56;3.34;
09.01.2025 14:45:57;3.33;
09.01.2025 14:46:00;3.33;
09.01.2025 14:46:01;3.34;
09.01.2025 14:46:02;3.33;
09.01.2025 14:46:05;3.33;
09.01.2025 14:46:06;3.34;
09.01.2025 14:46:07;3.33;
09.01.2025 14:46:09;3.33;
09.01.2025 14:46:10;3.34;
09.01.2025 14:46:11;3.34;
09.01.2025 14:46:12;3.33;
09.01.2025 14:46:15;3.33;
09.01.2025 14:46:16;3.32;
09.01.2025 14:46:18;3.32;
09.01.2025 14:46:19;3.33;
09.01.2025 14:46:20;3.33;
09.01.2025 14:46:21;3.32;
09.01.2025 14:46:22;3.33;
09.01.2025 14:46:29;3.33;
09.01.2025 14:46:30;3.34;
09.01.2025 14:46:31;3.33;
09.01.2025 14:46:32;3.34;
09.01.2025 14:46:33;3.33;
09.01.2025 14:46:35;3.33;
09.01.2025 14:46:36;3.34;
09.01.2025 14:46:37;3.33;
09.01.2025 14:46:41;3.33;
09.01.2025 14:46:42;3.32;
09.01.2025 14:46:43;3.34;
09.01.2025 14:46:46;3.34;
09.01.2025 14:46:47;3.33;
09.01.2025 14:46:48;3.34;
09.01.2025 14:46:49;3.33;
09.01.2025 14:46:57;3.33;
09.01.2025 14:46:58;3.34;
09.01.2025 14:46:59;3.33;
09.01.2025 14:47:02;3.33;
09.01.2025 14:47:03;3.32;
09.01.2025 14:47:04;3.32;
09.01.2025 14:47:05;3.33;
09.01.2025 14:47:06;3.34;
09.01.2025 14:47:07;3.33;
09.01.2025 14:47:12;3.33;
09.01.2025 14:47:13;3.32;
09.01.2025 14:47:14;3.32;
09.01.2025 14:47:15;3.34;
09.01.2025 14:47:16;3.33;
09.01.2025 14:47:23;3.33;
09.01.2025 14:47:24;3.34;
09.01.2025 14:47:25;3.33;
09.01.2025 14:47:26;3.34;
09.01.2025 14:47:27;3.33;
09.01.2025 14:47:30;3.33;
09.01.2025 14:47:31;3.34;
09.01.2025 14:47:32;3.33;
09.01.2025 14:47:36;3.33;
09.01.2025 14:47:37;3.34;
09.01.2025 14:47:38;3.33;
09.01.2025 14:47:42;3.33;
09.01.2025 14:47:43;3.34;
09.01.2025 14:47:44;3.33;
09.01.2025 14:47:45;3.34;
09.01.2025 14:47:46;3.33;
09.01.2025 14:47:48;3.33;
09.01.2025 14:47:49;3.34;
09.01.2025 14:47:50;3.33;
09.01.2025 14:47:52;3.33;
09.01.2025 14:47:53;3.34;
09.01.2025 14:47:54;3.33;
09.01.2025 14:47:55;3.34;
09.01.2025 14:47:57;3.34;
09.01.2025 14:47:58;3.33;
09.01.2025 14:47:59;3.32;
09.01.2025 14:48:00;3.33;
09.01.2025 14:48:01;3.34;
09.01.2025 14:48:02;3.33;
09.01.2025 14:48:04;3.33;
09.01.2025 14:48:05;3.34;
09.01.2025 14:48:06;3.33;
09.01.2025 14:48:07;3.33;
09.01.2025 14:48:08;3.34;
09.01.2025 14:48:09;3.33;
09.01.2025 14:48:10;3.33;
09.01.2025 14:48:11;3.34;
09.01.2025 14:48:12;3.33;
09.01.2025 14:48:19;3.33;
09.01.2025 14:48:20;3.34;
09.01.2025 14:48:21;3.33;
09.01.2025 14:48:23;3.33;
09.01.2025 14:48:24;3.34;
09.01.2025 14:48:25;3.33;
09.01.2025 14:48:26;3.34;
09.01.2025 14:48:26;3.33;
09.01.2025 14:48:33;3.33;
09.01.2025 14:48:34;3.34;
09.01.2025 14:48:35;3.33;
09.01.2025 14:48:37;3.33;
09.01.2025 14:48:38;3.32;
09.01.2025 14:48:39;3.34;
09.01.2025 14:48:40;3.33;
09.01.2025 14:48:46;3.33;
09.01.2025 14:48:47;3.32;
09.01.2025 14:48:48;3.32;
09.01.2025 14:48:49;3.34;
09.01.2025 14:48:50;3.34;
09.01.2025 14:48:51;3.33;
09.01.2025 14:48:52;3.33;
09.01.2025 14:48:53;3.34;
09.01.2025 14:48:54;3.33;
09.01.2025 14:48:55;3.33;
09.01.2025 14:48:56;3.32;
09.01.2025 14:48:57;3.33;
09.01.2025 14:48:58;3.32;
09.01.2025 14:48:59;3.33;
09.01.2025 14:49:02;3.33;
09.01.2025 14:49:03;3.34;
09.01.2025 14:49:04;3.33;
09.01.2025 14:49:08;3.33;
09.01.2025 14:49:09;3.34;
09.01.2025 14:49:10;3.33;
09.01.2025 14:49:11;3.34;
09.01.2025 14:49:12;3.33;
09.01.2025 14:49:13;3.33;
09.01.2025 14:49:14;3.34;
09.01.2025 14:49:15;3.33;
09.01.2025 14:49:18;3.33;
09.01.2025 14:49:19;3.34;
09.01.2025 14:49:20;3.32;
09.01.2025 14:49:21;3.33;
09.01.2025 14:49:28;3.33;
09.01.2025 14:49:29;3.34;
09.01.2025 14:49:30;3.33;
09.01.2025 14:49:31;3.34;
09.01.2025 14:49:32;3.33;
09.01.2025 14:49:35;3.33;
09.01.2025 14:49:36;3.32;
09.01.2025 14:49:37;3.32;
09.01.2025 14:49:38;3.34;
09.01.2025 14:49:39;3.33;
09.01.2025 14:49:40;3.34;
09.01.2025 14:49:41;3.33;
09.01.2025 14:49:42;3.34;
09.01.2025 14:49:44;3.34;
09.01.2025 14:49:45;3.33;
09.01.2025 14:49:46;3.34;
09.01.2025 14:49:48;3.34;
09.01.2025 14:49:49;3.32;
09.01.2025 14:49:50;3.33;
09.01.2025 14:49:51;3.34;
09.01.2025 14:49:52;3.33;
09.01.2025 14:49:54;3.33;
09.01.2025 14:49:55;3.34;
09.01.2025 14:49:56;3.33;
09.01.2025 14:49:57;3.33;
09.01.2025 14:49:58;3.34;
09.01.2025 14:50:00;3.34;
09.01.2025 14:50:01;3.33;
09.01.2025 14:50:02;3.34;
09.01.2025 14:50:04;3.34;
09.01.2025 14:50:05;3.33;
09.01.2025 14:50:06;3.34;
09.01.2025 14:50:07;3.33;
09.01.2025 14:50:08;3.34;
09.01.2025 14:50:09;3.33;
09.01.2025 14:50:15;3.33;
09.01.2025 14:50:16;3.34;
09.01.2025 14:50:17;3.34;
09.01.2025 14:50:18;3.33;
09.01.2025 14:50:19;3.33;
09.01.2025 14:50:20;3.34;
09.01.2025 14:50:21;3.33;
09.01.2025 14:50:22;3.33;
09.01.2025 14:50:23;3.34;
09.01.2025 14:50:24;3.34;
09.01.2025 14:50:25;3.33;
09.01.2025 14:50:26;3.34;
09.01.2025 14:50:27;3.33;
09.01.2025 14:50:29;3.33;
09.01.2025 14:50:30;3.32;
09.01.2025 14:50:31;3.33;
09.01.2025 14:50:32;3.33;
09.01.2025 14:50:33;3.34;
09.01.2025 14:50:34;3.33;
09.01.2025 14:50:41;3.33;
09.01.2025 14:50:42;3.34;
09.01.2025 14:50:43;3.33;
09.01.2025 14:50:48;3.33;
09.01.2025 14:50:49;3.34;
09.01.2025 14:50:50;3.34;
09.01.2025 14:50:51;3.33;
09.01.2025 14:50:52;3.34;
09.01.2025 14:50:53;3.33;
09.01.2025 14:50:58;3.33;
09.01.2025 14:50:59;3.34;
09.01.2025 14:51:00;3.33;
09.01.2025 14:51:01;3.33;
09.01.2025 14:51:02;3.34;
09.01.2025 14:51:03;3.33;
09.01.2025 14:51:04;3.33;
09.01.2025 14:51:05;3.34;
09.01.2025 14:51:06;3.33;
09.01.2025 14:51:07;3.34;
09.01.2025 14:51:08;3.33;
09.01.2025 14:51:09;3.34;
09.01.2025 14:51:10;3.33;
09.01.2025 14:51:11;3.34;
09.01.2025 14:51:12;3.33;
09.01.2025 14:51:13;3.33;
09.01.2025 14:51:14;3.32;
09.01.2025 14:51:15;3.33;
09.01.2025 14:51:21;3.33;
09.01.2025 14:51:22;3.34;
09.01.2025 14:51:23;3.33;
09.01.2025 14:51:24;3.33;
09.01.2025 14:51:25;3.34;
09.01.2025 14:51:26;3.33;
09.01.2025 14:51:31;3.33;
09.01.2025 14:51:32;3.32;
09.01.2025 14:51:33;3.33;
09.01.2025 14:51:46;3.33;
09.01.2025 14:51:47;3.34;
09.01.2025 14:51:48;3.34;
09.01.2025 14:51:49;3.33;
09.01.2025 14:51:52;3.33;
09.01.2025 14:51:53;3.34;
09.01.2025 14:51:54;3.33;
09.01.2025 14:51:56;3.33;
09.01.2025 14:51:57;3.32;
09.01.2025 14:51:58;3.33;
09.01.2025 14:52:02;3.33;
09.01.2025 14:52:03;3.32;
09.01.2025 14:52:04;3.33;
09.01.2025 14:52:11;3.33;
09.01.2025 14:52:12;3.34;
09.01.2025 14:52:13;3.33;
09.01.2025 14:52:14;3.33;
09.01.2025 14:52:15;3.34;
09.01.2025 14:52:16;3.33;
09.01.2025 14:52:19;3.33;
09.01.2025 14:52:20;3.32;
09.01.2025 14:52:21;3.32;
09.01.2025 14:52:22;3.33;
09.01.2025 14:52:23;3.34;
09.01.2025 14:52:24;3.33;
09.01.2025 14:52:25;3.33;
09.01.2025 14:52:26;3.34;
09.01.2025 14:52:27;3.34;
09.01.2025 14:52:28;3.33;
09.01.2025 14:52:29;3.33;
09.01.2025 14:52:30;3.34;
09.01.2025 14:52:31;3.33;
09.01.2025 14:52:37;3.33;
09.01.2025 14:52:38;3.34;
09.01.2025 14:52:39;3.33;
09.01.2025 14:52:40;3.34;
09.01.2025 14:52:41;3.33;
09.01.2025 14:52:45;3.33;
09.01.2025 14:52:46;3.34;
09.01.2025 14:52:48;3.34;
09.01.2025 14:52:49;3.33;
09.01.2025 14:52:50;3.34;
09.01.2025 14:52:51;3.33;
09.01.2025 14:52:52;3.33;
09.01.2025 14:52:53;3.34;
09.01.2025 14:52:54;3.34;
09.01.2025 14:52:55;3.33;
09.01.2025 14:52:56;3.33;
09.01.2025 14:52:57;3.34;
09.01.2025 14:52:58;3.34;
09.01.2025 14:52:59;3.33;
09.01.2025 14:53:00;3.34;
09.01.2025 14:53:02;3.34;
09.01.2025 14:53:03;3.33;
09.01.2025 14:53:06;3.33;
09.01.2025 14:53:07;3.34;
09.01.2025 14:53:09;3.34;
09.01.2025 14:53:10;3.33;
09.01.2025 14:53:11;3.34;
09.01.2025 14:53:12;3.33;
09.01.2025 14:53:13;3.33;
09.01.2025 14:53:14;3.34;
09.01.2025 14:53:15;3.34;
09.01.2025 14:53:16;3.33;
09.01.2025 14:53:19;3.33;
09.01.2025 14:53:20;3.34;
09.01.2025 14:53:21;3.33;
09.01.2025 14:53:23;3.33;
09.01.2025 14:53:24;3.34;
09.01.2025 14:53:25;3.34;
09.01.2025 14:53:26;3.33;
09.01.2025 14:53:32;3.33;
09.01.2025 14:53:33;3.34;
09.01.2025 14:53:34;3.33;
09.01.2025 14:53:35;3.34;
09.01.2025 14:53:36;3.32;
09.01.2025 14:53:37;3.34;
09.01.2025 14:53:38;3.33;
09.01.2025 14:53:42;3.33;
09.01.2025 14:53:43;3.34;
09.01.2025 14:53:48;3.34;
09.01.2025 14:53:49;3.33;
09.01.2025 14:53:50;3.33;
09.01.2025 14:53:51;3.34;
09.01.2025 14:53:52;3.33;
09.01.2025 14:53:59;3.33;
09.01.2025 14:54:00;3.34;
09.01.2025 14:54:01;3.33;
09.01.2025 14:54:03;3.33;
09.01.2025 14:54:04;3.34;
09.01.2025 14:54:05;3.33;
09.01.2025 14:54:06;3.32;
09.01.2025 14:54:07;3.33;
09.01.2025 14:54:08;3.32;
09.01.2025 14:54:09;3.33;
09.01.2025 14:54:10;3.32;
09.01.2025 14:54:11;3.34;
09.01.2025 14:54:12;3.34;
09.01.2025 14:54:13;3.33;
09.01.2025 14:54:14;3.32;
09.01.2025 14:54:15;3.33;
09.01.2025 14:54:19;3.33;
09.01.2025 14:54:20;3.32;
09.01.2025 14:54:21;3.33;
09.01.2025 14:54:27;3.33;
09.01.2025 14:54:28;3.34;
09.01.2025 14:54:29;3.33;
09.01.2025 14:54:44;3.33;
09.01.2025 14:54:45;3.32;
09.01.2025 14:54:46;3.33;
09.01.2025 14:54:48;3.33;
09.01.2025 14:54:49;3.34;
09.01.2025 14:54:50;3.34;
09.01.2025 14:54:51;3.33;
09.01.2025 14:54:52;3.32;
09.01.2025 14:54:53;3.33;
09.01.2025 14:54:54;3.34;
09.01.2025 14:54:55;3.33;
09.01.2025 14:54:57;3.33;
09.01.2025 14:54:58;3.34;
09.01.2025 14:55:01;3.34;
09.01.2025 14:55:02;3.33;
09.01.2025 14:55:04;3.33;
09.01.2025 14:55:05;3.34;
09.01.2025 14:55:06;3.34;
09.01.2025 14:55:07;3.33;
09.01.2025 14:55:08;3.33;
09.01.2025 14:55:09;3.34;
09.01.2025 14:55:10;3.33;
09.01.2025 14:55:12;3.33;
09.01.2025 14:55:13;3.34;
09.01.2025 14:55:17;3.34;
09.01.2025 14:55:18;3.33;
09.01.2025 14:55:19;3.34;
09.01.2025 14:55:20;3.34;
09.01.2025 14:55:21;3.32;
09.01.2025 14:55:22;3.33;
09.01.2025 14:55:25;3.33;
09.01.2025 14:55:26;3.34;
09.01.2025 14:55:27;3.33;
09.01.2025 14:55:28;3.34;
09.01.2025 14:55:29;3.33;
09.01.2025 14:55:30;3.34;
09.01.2025 14:55:31;3.33;
09.01.2025 14:55:41;3.33;
09.01.2025 14:55:42;3.34;
09.01.2025 14:55:43;3.32;
09.01.2025 14:55:44;3.34;
09.01.2025 14:55:45;3.32;
09.01.2025 14:55:46;3.33;
09.01.2025 14:55:47;3.34;
09.01.2025 14:55:49;3.34;
09.01.2025 14:55:50;3.33;
09.01.2025 14:55:52;3.33;
09.01.2025 14:55:53;3.34;
09.01.2025 14:55:54;3.33;
09.01.2025 14:55:55;3.34;
09.01.2025 14:55:56;3.32;
09.01.2025 14:55:57;3.33;
09.01.2025 14:55:58;3.34;
09.01.2025 14:55:59;3.34;
09.01.2025 14:56:00;3.33;
09.01.2025 14:56:01;3.34;
09.01.2025 14:56:02;3.34;
09.01.2025 14:56:03;3.33;
09.01.2025 14:56:04;3.32;
09.01.2025 14:56:05;3.33;
09.01.2025 14:56:08;3.33;
09.01.2025 14:56:09;3.34;
09.01.2025 14:56:10;3.33;
09.01.2025 14:56:11;3.33;
09.01.2025 14:56:12;3.34;
09.01.2025 14:56:13;3.33;
09.01.2025 14:56:14;3.34;
09.01.2025 14:56:15;3.34;
09.01.2025 14:56:16;3.33;
09.01.2025 14:56:18;3.33;
09.01.2025 14:56:19;3.32;
09.01.2025 14:56:20;3.34;
09.01.2025 14:56:21;3.34;
09.01.2025 14:56:22;3.33;
09.01.2025 14:56:23;3.32;
09.01.2025 14:56:24;3.33;
09.01.2025 14:56:25;3.33;
09.01.2025 14:56:26;3.32;
09.01.2025 14:56:27;3.33;
09.01.2025 14:56:28;3.34;
09.01.2025 14:56:29;3.34;
09.01.2025 14:56:30;3.33;
09.01.2025 14:56:32;3.33;
09.01.2025 14:56:33;3.34;
09.01.2025 14:56:34;3.34;
09.01.2025 14:56:35;3.33;
09.01.2025 14:56:36;3.34;
09.01.2025 14:56:37;3.33;
09.01.2025 14:56:39;3.33;
09.01.2025 14:56:40;3.32;
09.01.2025 14:56:41;3.33;
09.01.2025 14:56:42;3.34;
09.01.2025 14:56:44;3.34;
09.01.2025 14:56:45;3.33;
09.01.2025 14:56:46;3.32;
09.01.2025 14:56:47;3.34;
09.01.2025 14:56:48;3.33;
09.01.2025 14:56:49;3.34;
09.01.2025 14:56:50;3.33;
09.01.2025 14:56:52;3.33;
09.01.2025 14:56:53;3.34;
09.01.2025 14:56:55;3.34;
09.01.2025 14:56:56;3.33;
09.01.2025 14:56:57;3.33;
09.01.2025 14:56:58;3.34;
09.01.2025 14:56:59;3.33;
09.01.2025 14:57:02;3.33;
09.01.2025 14:57:03;3.34;
09.01.2025 14:57:04;3.33;
09.01.2025 14:57:05;3.33;
09.01.2025 14:57:06;3.34;
09.01.2025 14:57:07;3.33;
09.01.2025 14:57:08;3.34;
09.01.2025 14:57:09;3.34;
09.01.2025 14:57:10;3.33;
09.01.2025 14:57:18;3.33;
09.01.2025 14:57:19;3.34;
09.01.2025 14:57:20;3.33;
09.01.2025 14:57:21;3.34;
09.01.2025 14:57:22;3.32;
09.01.2025 14:57:23;3.33;
09.01.2025 14:57:24;3.34;
09.01.2025 14:57:25;3.33;
09.01.2025 14:57:29;3.33;
09.01.2025 14:57:30;3.34;
09.01.2025 14:57:31;3.33;
09.01.2025 14:57:32;3.33;
09.01.2025 14:57:33;3.34;
09.01.2025 14:57:34;3.33;
09.01.2025 14:57:37;3.33;
09.01.2025 14:57:38;3.34;
09.01.2025 14:57:39;3.33;
09.01.2025 14:57:42;3.33;
09.01.2025 14:57:43;3.34;
09.01.2025 14:57:44;3.34;
09.01.2025 14:57:45;3.33;
09.01.2025 14:57:51;3.33;
09.01.2025 14:57:52;3.34;
09.01.2025 14:57:53;3.33;
09.01.2025 14:57:54;3.33;
09.01.2025 14:57:55;3.34;
09.01.2025 14:57:56;3.33;
09.01.2025 14:58:01;3.33;
09.01.2025 14:58:02;3.34;
09.01.2025 14:58:03;3.33;
09.01.2025 14:58:10;3.33;
09.01.2025 14:58:11;3.34;
09.01.2025 14:58:12;3.33;
09.01.2025 14:58:13;3.34;
09.01.2025 14:58:14;3.33;
09.01.2025 14:58:20;3.33;
09.01.2025 14:58:21;3.34;
09.01.2025 14:58:22;3.33;
09.01.2025 14:58:23;3.34;
09.01.2025 14:58:24;3.33;
09.01.2025 14:58:25;3.33;
09.01.2025 14:58:26;3.34;
09.01.2025 14:58:27;3.33;
09.01.2025 14:58:29;3.33;
09.01.2025 14:58:30;3.34;
09.01.2025 14:58:31;3.33;
09.01.2025 14:58:33;3.33;
09.01.2025 14:58:34;3.32;
09.01.2025 14:58:35;3.33;
09.01.2025 14:58:36;3.32;
09.01.2025 14:58:37;3.33;
09.01.2025 14:58:38;3.33;
09.01.2025 14:58:39;3.34;
09.01.2025 14:58:40;3.33;
09.01.2025 14:58:42;3.33;
09.01.2025 14:58:43;3.34;
09.01.2025 14:58:44;3.33;
09.01.2025 14:58:45;3.34;
09.01.2025 14:58:46;3.33;
09.01.2025 14:58:47;3.33;
09.01.2025 14:58:48;3.34;
09.01.2025 14:58:49;3.33;
09.01.2025 14:58:53;3.33;
09.01.2025 14:58:54;3.32;
09.01.2025 14:58:55;3.32;
09.01.2025 14:58:56;3.34;
09.01.2025 14:58:57;3.34;
09.01.2025 14:58:58;3.33;
09.01.2025 14:58:59;3.32;
09.01.2025 14:59:00;3.33;
09.01.2025 14:59:01;3.34;
09.01.2025 14:59:02;3.33;
09.01.2025 14:59:10;3.33;
09.01.2025 14:59:11;3.34;
09.01.2025 14:59:12;3.33;
09.01.2025 14:59:13;3.33;
09.01.2025 14:59:14;3.34;
09.01.2025 14:59:15;3.34;
09.01.2025 14:59:16;3.33;
09.01.2025 14:59:19;3.33;
09.01.2025 14:59:20;3.34;
09.01.2025 14:59:21;3.33;
09.01.2025 14:59:22;3.32;
09.01.2025 14:59:23;3.33;
09.01.2025 14:59:25;3.33;
09.01.2025 14:59:26;3.32;
09.01.2025 14:59:27;3.33;
09.01.2025 14:59:28;3.34;
09.01.2025 14:59:29;3.34;
09.01.2025 14:59:30;3.32;
09.01.2025 14:59:31;3.33;
09.01.2025 14:59:39;3.33;
09.01.2025 14:59:40;3.32;
09.01.2025 14:59:41;3.32;
09.01.2025 14:59:42;3.33;
09.01.2025 14:59:45;3.33;
09.01.2025 14:59:46;3.34;
09.01.2025 14:59:47;3.33;
09.01.2025 14:59:52;3.33;
09.01.2025 14:59:53;3.34;
09.01.2025 14:59:57;3.34;
09.01.2025 14:59:58;3.33;
09.01.2025 14:59:59;3.34;
09.01.2025 15:00:00;3.33;
09.01.2025 15:00:01;3.34;
09.01.2025 15:00:02;3.33;
09.01.2025 15:00:03;3.33;
09.01.2025 15:00:04;3.34;
09.01.2025 15:00:05;3.33;
09.01.2025 15:00:06;3.34;
09.01.2025 15:00:07;3.34;
09.01.2025 15:00:08;3.33;
09.01.2025 15:00:10;3.33;
09.01.2025 15:00:11;3.34;
09.01.2025 15:00:12;3.32;
09.01.2025 15:00:13;3.33;
09.01.2025 15:00:14;3.33;
09.01.2025 15:00:15;3.34;
09.01.2025 15:00:16;3.33;
09.01.2025 15:00:17;3.33;
09.01.2025 15:00:18;3.34;
09.01.2025 15:00:19;3.33;
09.01.2025 15:00:20;3.33;
09.01.2025 15:00:21;3.32;
09.01.2025 15:00:22;3.32;
09.01.2025 15:00:23;3.34;
09.01.2025 15:00:24;3.33;
09.01.2025 15:00:28;3.33;
09.01.2025 15:00:29;3.32;
09.01.2025 15:00:30;3.33;
09.01.2025 15:00:31;3.33;
09.01.2025 15:00:32;3.32;
09.01.2025 15:00:33;3.34;
09.01.2025 15:00:34;3.33;
09.01.2025 15:00:35;3.33;
09.01.2025 15:00:36;3.34;
09.01.2025 15:00:37;3.33;
09.01.2025 15:00:43;3.33;
09.01.2025 15:00:44;3.32;
09.01.2025 15:00:45;3.33;
09.01.2025 15:00:46;3.33;
09.01.2025 15:00:47;3.34;
09.01.2025 15:00:48;3.33;
09.01.2025 15:00:49;3.34;
09.01.2025 15:00:50;3.33;
09.01.2025 15:00:55;3.33;
09.01.2025 15:00:56;3.34;
09.01.2025 15:00:57;3.33;
09.01.2025 15:00:58;3.32;
09.01.2025 15:00:59;3.33;
09.01.2025 15:01:03;3.33;
09.01.2025 15:01:04;3.34;
09.01.2025 15:01:06;3.34;
09.01.2025 15:01:07;3.33;
09.01.2025 15:01:08;3.34;
09.01.2025 15:01:09;3.33;
09.01.2025 15:01:11;3.33;
09.01.2025 15:01:12;3.34;
09.01.2025 15:01:13;3.33;
09.01.2025 15:01:16;3.33;
09.01.2025 15:01:17;3.34;
09.01.2025 15:01:20;3.34;
09.01.2025 15:01:21;3.33;
09.01.2025 15:01:23;3.33;
09.01.2025 15:01:24;3.34;
09.01.2025 15:01:29;3.34;
09.01.2025 15:01:30;3.33;
09.01.2025 15:01:32;3.33;
09.01.2025 15:01:33;3.34;
09.01.2025 15:01:34;3.33;
09.01.2025 15:01:35;3.33;
09.01.2025 15:01:36;3.34;
09.01.2025 15:01:37;3.33;
09.01.2025 15:01:38;3.34;
09.01.2025 15:01:39;3.33;
09.01.2025 15:01:43;3.33;
09.01.2025 15:01:44;3.34;
09.01.2025 15:01:45;3.34;
09.01.2025 15:01:46;3.33;
09.01.2025 15:01:47;3.33;
09.01.2025 15:01:48;3.34;
09.01.2025 15:01:51;3.34;
09.01.2025 15:01:52;3.33;
09.01.2025 15:01:53;3.33;
09.01.2025 15:01:54;3.34;
09.01.2025 15:01:55;3.34;
09.01.2025 15:01:56;3.33;
09.01.2025 15:01:57;3.34;
09.01.2025 15:01:58;3.34;
09.01.2025 15:01:59;3.33;
09.01.2025 15:02:00;3.34;
09.01.2025 15:02:01;3.33;
09.01.2025 15:02:02;3.34;
09.01.2025 15:02:03;3.33;
09.01.2025 15:02:04;3.34;
09.01.2025 15:02:05;3.33;
09.01.2025 15:02:06;3.34;
09.01.2025 15:02:07;3.35;
09.01.2025 15:02:08;3.34;
09.01.2025 15:02:09;3.34;
09.01.2025 15:02:10;3.33;
09.01.2025 15:02:11;3.34;
09.01.2025 15:02:12;3.33;
09.01.2025 15:02:13;3.34;
09.01.2025 15:02:14;3.33;
09.01.2025 15:02:15;3.34;
09.01.2025 15:02:18;3.34;
09.01.2025 15:02:19;3.33;
09.01.2025 15:02:20;3.34;
09.01.2025 15:02:21;3.34;
09.01.2025 15:02:22;3.33;
09.01.2025 15:02:23;3.34;
09.01.2025 15:02:24;3.32;
09.01.2025 15:02:25;3.34;
09.01.2025 15:02:26;3.34;
09.01.2025 15:02:27;3.33;
09.01.2025 15:02:33;3.33;
09.01.2025 15:02:34;3.34;
09.01.2025 15:02:38;3.34;
09.01.2025 15:02:39;3.33;
09.01.2025 15:02:40;3.34;
09.01.2025 15:02:41;3.33;
09.01.2025 15:02:42;3.34;
09.01.2025 15:02:43;3.33;
09.01.2025 15:02:44;3.34;
09.01.2025 15:02:45;3.33;
09.01.2025 15:02:50;3.33;
09.01.2025 15:02:51;3.34;
09.01.2025 15:02:52;3.34;
09.01.2025 15:02:53;3.33;
09.01.2025 15:02:54;3.34;
09.01.2025 15:02:55;3.33;
09.01.2025 15:02:56;3.34;
09.01.2025 15:02:59;3.34;
09.01.2025 15:03:00;3.33;
09.01.2025 15:03:01;3.33;
09.01.2025 15:03:02;3.34;
09.01.2025 15:03:06;3.34;
09.01.2025 15:03:07;3.33;
09.01.2025 15:03:08;3.34;
09.01.2025 15:03:10;3.34;
09.01.2025 15:03:11;3.33;
09.01.2025 15:03:12;3.34;
09.01.2025 15:03:14;3.34;
09.01.2025 15:03:15;3.33;
09.01.2025 15:03:16;3.33;
09.01.2025 15:03:17;3.34;
09.01.2025 15:03:18;3.34;
09.01.2025 15:03:19;3.33;
09.01.2025 15:03:20;3.34;
09.01.2025 15:03:21;3.33;
09.01.2025 15:03:22;3.34;
09.01.2025 15:03:23;3.33;
09.01.2025 15:03:24;3.33;
09.01.2025 15:03:25;3.34;
09.01.2025 15:03:27;3.34;
09.01.2025 15:03:28;3.33;
09.01.2025 15:03:29;3.34;
09.01.2025 15:03:30;3.33;
09.01.2025 15:03:31;3.33;
09.01.2025 15:03:32;3.34;
09.01.2025 15:03:33;3.33;
09.01.2025 15:03:36;3.33;
09.01.2025 15:03:37;3.34;
09.01.2025 15:03:39;3.34;
09.01.2025 15:03:40;3.32;
09.01.2025 15:03:41;3.33;
09.01.2025 15:03:42;3.34;
09.01.2025 15:03:43;3.32;
09.01.2025 15:03:44;3.33;
09.01.2025 15:03:45;3.33;
09.01.2025 15:03:46;3.34;
09.01.2025 15:03:48;3.34;
09.01.2025 15:03:49;3.33;
09.01.2025 15:03:50;3.34;
09.01.2025 15:03:51;3.34;
09.01.2025 15:03:52;3.33;
09.01.2025 15:03:53;3.34;
09.01.2025 15:03:54;3.33;
09.01.2025 15:03:55;3.33;
09.01.2025 15:03:56;3.34;
09.01.2025 15:03:58;3.34;
09.01.2025 15:03:59;3.33;
09.01.2025 15:04:00;3.34;
09.01.2025 15:04:01;3.33;
09.01.2025 15:04:03;3.33;
09.01.2025 15:04:04;3.34;
09.01.2025 15:04:08;3.34;
09.01.2025 15:04:09;3.33;
09.01.2025 15:04:10;3.33;
09.01.2025 15:04:11;3.34;
09.01.2025 15:04:12;3.33;
09.01.2025 15:04:15;3.33;
09.01.2025 15:04:16;3.34;
09.01.2025 15:04:17;3.33;
09.01.2025 15:04:18;3.34;
09.01.2025 15:04:19;3.33;
09.01.2025 15:04:24;3.33;
09.01.2025 15:04:25;3.34;
09.01.2025 15:04:26;3.33;
09.01.2025 15:04:27;3.34;
09.01.2025 15:04:28;3.34;
09.01.2025 15:04:29;3.33;
09.01.2025 15:04:30;3.34;
09.01.2025 15:04:31;3.34;
09.01.2025 15:04:32;3.33;
09.01.2025 15:04:34;3.33;
09.01.2025 15:04:35;3.34;
09.01.2025 15:04:36;3.33;
09.01.2025 15:04:37;3.34;
09.01.2025 15:04:38;3.33;
09.01.2025 15:04:39;3.34;
09.01.2025 15:04:40;3.33;
09.01.2025 15:04:41;3.33;
09.01.2025 15:04:42;3.34;
09.01.2025 15:04:43;3.33;
09.01.2025 15:04:44;3.34;
09.01.2025 15:04:45;3.33;
09.01.2025 15:04:46;3.34;
09.01.2025 15:04:47;3.35;
09.01.2025 15:04:48;3.34;
09.01.2025 15:04:49;3.33;
09.01.2025 15:04:50;3.34;
09.01.2025 15:04:51;3.34;
09.01.2025 15:04:52;3.33;
09.01.2025 15:04:53;3.34;
09.01.2025 15:04:54;3.33;
09.01.2025 15:04:57;3.33;
09.01.2025 15:04:58;3.34;
09.01.2025 15:04:59;3.34;
09.01.2025 15:05:00;3.33;
09.01.2025 15:05:01;3.34;
09.01.2025 15:05:02;3.34;
09.01.2025 15:05:03;3.33;
09.01.2025 15:05:04;3.33;
09.01.2025 15:05:05;3.34;
09.01.2025 15:05:06;3.34;
09.01.2025 15:05:07;3.33;
09.01.2025 15:05:08;3.34;
09.01.2025 15:05:09;3.33;
09.01.2025 15:05:10;3.34;
09.01.2025 15:05:11;3.33;
09.01.2025 15:05:12;3.33;
09.01.2025 15:05:13;3.34;
09.01.2025 15:05:14;3.33;
09.01.2025 15:05:16;3.33;
09.01.2025 15:05:17;3.34;
09.01.2025 15:05:18;3.33;
09.01.2025 15:05:19;3.33;
09.01.2025 15:05:20;3.32;
09.01.2025 15:05:21;3.34;
09.01.2025 15:05:22;3.33;
09.01.2025 15:05:23;3.34;
09.01.2025 15:05:25;3.34;
09.01.2025 15:05:26;3.33;
09.01.2025 15:05:29;3.33;
09.01.2025 15:05:30;3.34;
09.01.2025 15:05:31;3.34;
09.01.2025 15:05:32;3.33;
09.01.2025 15:05:33;3.34;
09.01.2025 15:05:40;3.34;
09.01.2025 15:05:41;3.33;
09.01.2025 15:05:42;3.34;
09.01.2025 15:05:48;3.34;
09.01.2025 15:05:49;3.33;
09.01.2025 15:05:50;3.34;
09.01.2025 15:05:52;3.34;
09.01.2025 15:05:53;3.33;
09.01.2025 15:05:55;3.33;
09.01.2025 15:05:56;3.34;
09.01.2025 15:05:57;3.34;
09.01.2025 15:05:58;3.33;
09.01.2025 15:05:59;3.34;
09.01.2025 15:06:00;3.34;
09.01.2025 15:06:01;3.33;
09.01.2025 15:06:02;3.34;
09.01.2025 15:06:05;3.34;
09.01.2025 15:06:06;3.33;
09.01.2025 15:06:07;3.34;
09.01.2025 15:06:08;3.34;
09.01.2025 15:06:09;3.33;
09.01.2025 15:06:10;3.34;
09.01.2025 15:06:12;3.34;
09.01.2025 15:06:13;3.33;
09.01.2025 15:06:14;3.33;
09.01.2025 15:06:15;3.34;
09.01.2025 15:06:29;3.34;
09.01.2025 15:06:30;3.35;
09.01.2025 15:06:31;3.34;
09.01.2025 15:06:32;3.33;
09.01.2025 15:06:33;3.34;
09.01.2025 15:06:34;3.33;
09.01.2025 15:06:35;3.35;
09.01.2025 15:06:36;3.34;
09.01.2025 15:06:38;3.34;
09.01.2025 15:06:39;3.35;
09.01.2025 15:06:40;3.34;
09.01.2025 15:06:41;3.34;
09.01.2025 15:06:42;3.33;
09.01.2025 15:06:43;3.34;
09.01.2025 15:06:55;3.34;
09.01.2025 15:06:56;3.33;
09.01.2025 15:06:57;3.34;
09.01.2025 15:06:58;3.33;
09.01.2025 15:06:59;3.33;
09.01.2025 15:07:00;3.34;
09.01.2025 15:07:01;3.34;
09.01.2025 15:07:02;3.35;
09.01.2025 15:07:03;3.34;
09.01.2025 15:07:14;3.34;
09.01.2025 15:07:15;3.35;
09.01.2025 15:07:16;3.34;
09.01.2025 15:07:17;3.33;
09.01.2025 15:07:18;3.34;
09.01.2025 15:07:19;3.33;
09.01.2025 15:07:20;3.34;
09.01.2025 15:07:21;3.33;
09.01.2025 15:07:22;3.34;
09.01.2025 15:07:27;3.34;
09.01.2025 15:07:28;3.33;
09.01.2025 15:07:29;3.34;
09.01.2025 15:07:33;3.34;
09.01.2025 15:07:34;3.33;
09.01.2025 15:07:35;3.34;
09.01.2025 15:07:36;3.33;
09.01.2025 15:07:37;3.34;
09.01.2025 15:07:38;3.33;
09.01.2025 15:07:39;3.34;
09.01.2025 15:07:42;3.34;
09.01.2025 15:07:43;3.33;
09.01.2025 15:07:44;3.33;
09.01.2025 15:07:45;3.34;
09.01.2025 15:07:46;3.33;
09.01.2025 15:07:47;3.34;
09.01.2025 15:07:48;3.34;
09.01.2025 15:07:49;3.35;
09.01.2025 15:07:50;3.34;
09.01.2025 15:07:56;3.34;
09.01.2025 15:07:57;3.33;
09.01.2025 15:07:58;3.34;
09.01.2025 15:08:03;3.34;
09.01.2025 15:08:04;3.35;
09.01.2025 15:08:05;3.33;
09.01.2025 15:08:06;3.34;
09.01.2025 15:08:08;3.34;
09.01.2025 15:08:09;3.33;
09.01.2025 15:08:10;3.34;
09.01.2025 15:08:22;3.34;
09.01.2025 15:08:23;3.33;
09.01.2025 15:08:24;3.34;
09.01.2025 15:08:31;3.34;
09.01.2025 15:08:32;3.33;
09.01.2025 15:08:33;3.34;
09.01.2025 15:08:38;3.34;
09.01.2025 15:08:39;3.33;
09.01.2025 15:08:40;3.34;
09.01.2025 15:08:41;3.33;
09.01.2025 15:08:42;3.34;
09.01.2025 15:08:43;3.34;
09.01.2025 15:08:44;3.33;
09.01.2025 15:08:45;3.34;
09.01.2025 15:08:48;3.34;
09.01.2025 15:08:49;3.33;
09.01.2025 15:08:50;3.33;
09.01.2025 15:08:51;3.34;
09.01.2025 15:08:52;3.34;
09.01.2025 15:08:53;3.33;
09.01.2025 15:08:54;3.34;
09.01.2025 15:08:59;3.34;
09.01.2025 15:09:00;3.35;
09.01.2025 15:09:01;3.34;
09.01.2025 15:09:08;3.34;
09.01.2025 15:09:09;3.33;
09.01.2025 15:09:10;3.34;
09.01.2025 15:09:11;3.33;
09.01.2025 15:09:12;3.34;
09.01.2025 15:09:13;3.33;
09.01.2025 15:09:14;3.34;
09.01.2025 15:09:15;3.34;
09.01.2025 15:09:16;3.33;
09.01.2025 15:09:17;3.34;
09.01.2025 15:09:18;3.34;
09.01.2025 15:09:19;3.33;
09.01.2025 15:09:20;3.34;
09.01.2025 15:09:26;3.34;
09.01.2025 15:09:27;3.35;
09.01.2025 15:09:28;3.34;
09.01.2025 15:09:33;3.34;
09.01.2025 15:09:34;3.33;
09.01.2025 15:09:35;3.34;
09.01.2025 15:09:36;3.33;
09.01.2025 15:09:37;3.34;
09.01.2025 15:09:41;3.34;
09.01.2025 15:09:42;3.33;
09.01.2025 15:09:43;3.34;
09.01.2025 15:09:47;3.34;
09.01.2025 15:09:48;3.35;
09.01.2025 15:09:49;3.34;
09.01.2025 15:09:53;3.34;
09.01.2025 15:09:54;3.33;
09.01.2025 15:09:55;3.34;
09.01.2025 15:09:56;3.33;
09.01.2025 15:09:57;3.33;
09.01.2025 15:09:58;3.34;
09.01.2025 15:09:59;3.33;
09.01.2025 15:10:00;3.34;
09.01.2025 15:10:01;3.33;
09.01.2025 15:10:02;3.34;
09.01.2025 15:10:03;3.34;
09.01.2025 15:10:04;3.33;
09.01.2025 15:10:05;3.34;
09.01.2025 15:10:07;3.34;
09.01.2025 15:10:08;3.33;
09.01.2025 15:10:09;3.34;
09.01.2025 15:10:11;3.34;
09.01.2025 15:10:12;3.33;
09.01.2025 15:10:13;3.34;
09.01.2025 15:10:16;3.34;
09.01.2025 15:10:17;3.35;
09.01.2025 15:10:18;3.33;
09.01.2025 15:10:19;3.33;
09.01.2025 15:10:20;3.34;
09.01.2025 15:10:23;3.34;
09.01.2025 15:10:24;3.33;
09.01.2025 15:10:25;3.34;
09.01.2025 15:10:26;3.34;
09.01.2025 15:10:27;3.33;
09.01.2025 15:10:28;3.34;
09.01.2025 15:10:31;3.34;
09.01.2025 15:10:32;3.33;
09.01.2025 15:10:33;3.34;
09.01.2025 15:10:36;3.34;
09.01.2025 15:10:37;3.33;
09.01.2025 15:10:38;3.34;
09.01.2025 15:10:42;3.34;
09.01.2025 15:10:43;3.33;
09.01.2025 15:10:44;3.34;
09.01.2025 15:10:49;3.34;
09.01.2025 15:10:50;3.33;
09.01.2025 15:10:51;3.34;
09.01.2025 15:10:52;3.34;
09.01.2025 15:10:53;3.33;
09.01.2025 15:10:54;3.34;
09.01.2025 15:10:59;3.34;
09.01.2025 15:11:00;3.35;
09.01.2025 15:11:01;3.34;
09.01.2025 15:11:10;3.34;
09.01.2025 15:11:11;3.35;
09.01.2025 15:11:12;3.34;
09.01.2025 15:11:13;3.35;
09.01.2025 15:11:14;3.35;
09.01.2025 15:11:15;3.34;
09.01.2025 15:11:18;3.34;
09.01.2025 15:11:19;3.33;
09.01.2025 15:11:20;3.34;
09.01.2025 15:11:22;3.34;
09.01.2025 15:11:23;3.33;
09.01.2025 15:11:24;3.34;
09.01.2025 15:11:30;3.34;
09.01.2025 15:11:31;3.33;
09.01.2025 15:11:32;3.34;
09.01.2025 15:11:51;3.34;
09.01.2025 15:11:52;3.33;
09.01.2025 15:11:53;3.34;
09.01.2025 15:11:55;3.34;
09.01.2025 15:11:56;3.33;
09.01.2025 15:11:57;3.34;
09.01.2025 15:11:58;3.34;
09.01.2025 15:11:59;3.35;
09.01.2025 15:12:00;3.34;
09.01.2025 15:12:01;3.34;
09.01.2025 15:12:02;3.33;
09.01.2025 15:12:03;3.34;
09.01.2025 15:12:04;3.34;
09.01.2025 15:12:05;3.33;
09.01.2025 15:12:06;3.33;
09.01.2025 15:12:07;3.34;
09.01.2025 15:12:10;3.34;
09.01.2025 15:12:11;3.33;
09.01.2025 15:12:12;3.34;
09.01.2025 15:12:13;3.33;
09.01.2025 15:12:14;3.34;
09.01.2025 15:12:15;3.34;
09.01.2025 15:12:16;3.33;
09.01.2025 15:12:17;3.34;
09.01.2025 15:12:18;3.34;
09.01.2025 15:12:19;3.33;
09.01.2025 15:12:20;3.33;
09.01.2025 15:12:21;3.34;
09.01.2025 15:12:22;3.33;
09.01.2025 15:12:23;3.34;
09.01.2025 15:12:26;3.34;
09.01.2025 15:12:27;3.33;
09.01.2025 15:12:28;3.34;
09.01.2025 15:12:29;3.33;
09.01.2025 15:12:30;3.34;
09.01.2025 15:12:31;3.34;
09.01.2025 15:12:32;3.33;
09.01.2025 15:12:33;3.34;
09.01.2025 15:12:34;3.34;
09.01.2025 15:12:35;3.33;
09.01.2025 15:12:36;3.34;
09.01.2025 15:12:37;3.34;
09.01.2025 15:12:38;3.33;
09.01.2025 15:12:39;3.34;
09.01.2025 15:12:43;3.34;
09.01.2025 15:12:44;3.33;
09.01.2025 15:12:45;3.34;
09.01.2025 15:12:53;3.34;
09.01.2025 15:12:54;3.35;
09.01.2025 15:12:55;3.34;
09.01.2025 15:12:56;3.33;
09.01.2025 15:12:57;3.34;
09.01.2025 15:13:01;3.34;
09.01.2025 15:13:02;3.35;
09.01.2025 15:13:03;3.34;
09.01.2025 15:13:14;3.34;
09.01.2025 15:13:15;3.33;
09.01.2025 15:13:16;3.34;
09.01.2025 15:13:17;3.33;
09.01.2025 15:13:18;3.34;
09.01.2025 15:13:19;3.34;
09.01.2025 15:13:20;3.33;
09.01.2025 15:13:21;3.33;
09.01.2025 15:13:22;3.34;
09.01.2025 15:13:23;3.33;
09.01.2025 15:13:24;3.33;
09.01.2025 15:13:25;3.34;
09.01.2025 15:13:36;3.34;
09.01.2025 15:13:37;3.35;
09.01.2025 15:13:38;3.34;
09.01.2025 15:13:39;3.33;
09.01.2025 15:13:40;3.34;
09.01.2025 15:13:41;3.35;
09.01.2025 15:13:42;3.34;
09.01.2025 15:13:50;3.34;
09.01.2025 15:13:51;3.35;
09.01.2025 15:13:52;3.34;
09.01.2025 15:13:53;3.35;
09.01.2025 15:13:54;3.34;
09.01.2025 15:14:05;3.34;
09.01.2025 15:14:06;3.35;
09.01.2025 15:14:07;3.35;
09.01.2025 15:14:08;3.33;
09.01.2025 15:14:09;3.34;
09.01.2025 15:14:12;3.34;
09.01.2025 15:14:13;3.33;
09.01.2025 15:14:14;3.34;
09.01.2025 15:14:15;3.33;
09.01.2025 15:14:17;3.33;
09.01.2025 15:14:18;3.34;
09.01.2025 15:14:19;3.34;
09.01.2025 15:14:20;3.33;
09.01.2025 15:14:21;3.33;
09.01.2025 15:14:22;3.34;
09.01.2025 15:14:31;3.34;
09.01.2025 15:14:32;3.33;
09.01.2025 15:14:33;3.33;
09.01.2025 15:14:34;3.34;
09.01.2025 15:14:37;3.34;
09.01.2025 15:14:38;3.35;
09.01.2025 15:14:39;3.34;
09.01.2025 15:14:40;3.34;
09.01.2025 15:14:41;3.33;
09.01.2025 15:14:42;3.34;
09.01.2025 15:14:47;3.34;
09.01.2025 15:14:48;3.35;
09.01.2025 15:14:49;3.35;
09.01.2025 15:14:50;3.33;
09.01.2025 15:14:51;3.34;
09.01.2025 15:14:54;3.34;
09.01.2025 15:14:55;3.35;
09.01.2025 15:14:56;3.34;
09.01.2025 15:14:57;3.35;
09.01.2025 15:14:58;3.34;
09.01.2025 15:15:02;3.34;
09.01.2025 15:15:03;3.35;
09.01.2025 15:15:04;3.33;
09.01.2025 15:15:05;3.34;
09.01.2025 15:15:17;3.34;
09.01.2025 15:15:18;3.33;
09.01.2025 15:15:20;3.33;
09.01.2025 15:15:21;3.34;
09.01.2025 15:15:22;3.33;
09.01.2025 15:15:23;3.34;
09.01.2025 15:15:29;3.34;
09.01.2025 15:15:30;3.33;
09.01.2025 15:15:31;3.34;
09.01.2025 15:15:37;3.34;
09.01.2025 15:15:38;3.35;
09.01.2025 15:15:39;3.34;
09.01.2025 15:15:40;3.33;
09.01.2025 15:15:41;3.34;
09.01.2025 15:15:46;3.34;
09.01.2025 15:15:47;3.33;
09.01.2025 15:15:48;3.35;
09.01.2025 15:15:49;3.33;
09.01.2025 15:15:50;3.34;
09.01.2025 15:15:51;3.33;
09.01.2025 15:15:52;3.34;
09.01.2025 15:16:02;3.34;
09.01.2025 15:16:03;3.35;
09.01.2025 15:16:04;3.34;
09.01.2025 15:16:33;3.34;
09.01.2025 15:16:34;3.33;
09.01.2025 15:16:35;3.35;
09.01.2025 15:16:36;3.35;
09.01.2025 15:16:37;3.34;
09.01.2025 15:16:40;3.34;
09.01.2025 15:16:41;3.33;
09.01.2025 15:16:42;3.35;
09.01.2025 15:16:43;3.34;
09.01.2025 15:16:44;3.33;
09.01.2025 15:16:45;3.33;
09.01.2025 15:16:46;3.34;
09.01.2025 15:16:48;3.34;
09.01.2025 15:16:49;3.33;
09.01.2025 15:16:50;3.33;
09.01.2025 15:16:51;3.34;
09.01.2025 15:17:02;3.34;
09.01.2025 15:17:03;3.35;
09.01.2025 15:17:04;3.34;
09.01.2025 15:17:13;3.34;
09.01.2025 15:17:14;3.35;
09.01.2025 15:17:15;3.33;
09.01.2025 15:17:16;3.35;
09.01.2025 15:17:17;3.34;
09.01.2025 15:17:30;3.34;
09.01.2025 15:17:31;3.33;
09.01.2025 15:17:32;3.34;
09.01.2025 15:17:33;3.35;
09.01.2025 15:17:34;3.33;
09.01.2025 15:17:35;3.34;
09.01.2025 15:17:39;3.34;
09.01.2025 15:17:40;3.35;
09.01.2025 15:17:41;3.34;
09.01.2025 15:17:42;3.35;
09.01.2025 15:17:43;3.34;
09.01.2025 15:17:44;3.34;
09.01.2025 15:17:45;3.35;
09.01.2025 15:17:46;3.34;
09.01.2025 15:17:47;3.35;
09.01.2025 15:17:48;3.34;
09.01.2025 15:17:59;3.34;
09.01.2025 15:18:00;3.33;
09.01.2025 15:18:01;3.34;
09.01.2025 15:18:02;3.34;
09.01.2025 15:18:03;3.35;
09.01.2025 15:18:04;3.35;
09.01.2025 15:18:05;3.34;
09.01.2025 15:18:12;3.34;
09.01.2025 15:18:13;3.35;
09.01.2025 15:18:14;3.34;
09.01.2025 15:18:23;3.34;
09.01.2025 15:18:24;3.33;
09.01.2025 15:18:25;3.34;
09.01.2025 15:18:28;3.34;
09.01.2025 15:18:29;3.35;
09.01.2025 15:18:30;3.34;
09.01.2025 15:18:37;3.34;
09.01.2025 15:18:38;3.35;
09.01.2025 15:18:39;3.34;
09.01.2025 15:18:40;3.34;
09.01.2025 15:18:41;3.35;
09.01.2025 15:18:42;3.34;
09.01.2025 15:18:43;3.34;
09.01.2025 15:18:44;3.35;
09.01.2025 15:18:45;3.34;
09.01.2025 15:18:46;3.34;
09.01.2025 15:18:47;3.35;
09.01.2025 15:18:48;3.34;
09.01.2025 15:18:57;3.34;
09.01.2025 15:18:58;3.35;
09.01.2025 15:18:59;3.35;
09.01.2025 15:19:00;3.34;
09.01.2025 15:19:01;3.35;
09.01.2025 15:19:02;3.34;
09.01.2025 15:19:03;3.35;
09.01.2025 15:19:04;3.34;
09.01.2025 15:19:07;3.34;
09.01.2025 15:19:08;3.35;
09.01.2025 15:19:09;3.34;
09.01.2025 15:19:17;3.34;
09.01.2025 15:19:18;3.35;
09.01.2025 15:19:19;3.35;
09.01.2025 15:19:20;3.34;
09.01.2025 15:19:24;3.34;
09.01.2025 15:19:25;3.35;
09.01.2025 15:19:26;3.34;
09.01.2025 15:19:31;3.34;
09.01.2025 15:19:32;3.35;
09.01.2025 15:19:34;3.35;
09.01.2025 15:19:35;3.34;
09.01.2025 15:19:40;3.34;
09.01.2025 15:19:41;3.35;
09.01.2025 15:19:42;3.34;
09.01.2025 15:19:43;3.35;
09.01.2025 15:19:44;3.34;
09.01.2025 15:19:47;3.34;
09.01.2025 15:19:48;3.35;
09.01.2025 15:19:49;3.35;
09.01.2025 15:19:50;3.34;
09.01.2025 15:19:51;3.35;
09.01.2025 15:19:52;3.34;
09.01.2025 15:19:53;3.34;
09.01.2025 15:19:54;3.35;
09.01.2025 15:19:55;3.35;
09.01.2025 15:19:56;3.34;
09.01.2025 15:19:57;3.34;
09.01.2025 15:19:58;3.35;
09.01.2025 15:19:59;3.34;
09.01.2025 15:20:00;3.35;
09.01.2025 15:20:01;3.34;
09.01.2025 15:20:06;3.34;
09.01.2025 15:20:07;3.35;
09.01.2025 15:20:08;3.34;
09.01.2025 15:20:09;3.34;
09.01.2025 15:20:10;3.35;
09.01.2025 15:20:11;3.34;
09.01.2025 15:20:13;3.34;
09.01.2025 15:20:14;3.35;
09.01.2025 15:20:15;3.34;
09.01.2025 15:20:17;3.34;
09.01.2025 15:20:18;3.33;
09.01.2025 15:20:19;3.34;
09.01.2025 15:20:24;3.34;
09.01.2025 15:20:25;3.35;
09.01.2025 15:20:26;3.34;
09.01.2025 15:20:28;3.34;
09.01.2025 15:20:29;3.36;
09.01.2025 15:20:30;3.34;
09.01.2025 15:20:31;3.34;
09.01.2025 15:20:32;3.33;
09.01.2025 15:20:33;3.34;
09.01.2025 15:20:34;3.35;
09.01.2025 15:20:35;3.34;
09.01.2025 15:20:37;3.34;
09.01.2025 15:20:38;3.35;
09.01.2025 15:20:39;3.34;
09.01.2025 15:20:40;3.35;
09.01.2025 15:20:41;3.34;
09.01.2025 15:20:42;3.35;
09.01.2025 15:20:43;3.34;
09.01.2025 15:20:45;3.34;
09.01.2025 15:20:46;3.35;
09.01.2025 15:20:47;3.34;
09.01.2025 15:20:48;3.34;
09.01.2025 15:20:49;3.35;
09.01.2025 15:20:50;3.34;
09.01.2025 15:20:56;3.34;
09.01.2025 15:20:57;3.35;
09.01.2025 15:20:58;3.34;
09.01.2025 15:21:07;3.34;
09.01.2025 15:21:08;3.35;
09.01.2025 15:21:13;3.35;
09.01.2025 15:21:14;3.34;
09.01.2025 15:21:15;3.35;
09.01.2025 15:21:16;3.34;
09.01.2025 15:21:17;3.34;
09.01.2025 15:21:18;3.35;
09.01.2025 15:21:19;3.34;
09.01.2025 15:21:20;3.35;
09.01.2025 15:21:22;3.35;
09.01.2025 15:21:23;3.34;
09.01.2025 15:21:29;3.34;
09.01.2025 15:21:30;3.35;
09.01.2025 15:21:33;3.35;
09.01.2025 15:21:34;3.34;
09.01.2025 15:21:35;3.35;
09.01.2025 15:21:36;3.34;
09.01.2025 15:21:40;3.34;
09.01.2025 15:21:41;3.35;
09.01.2025 15:21:42;3.34;
09.01.2025 15:21:43;3.35;
09.01.2025 15:21:45;3.35;
09.01.2025 15:21:46;3.34;
09.01.2025 15:21:47;3.35;
09.01.2025 15:21:48;3.34;
09.01.2025 15:21:49;3.34;
09.01.2025 15:21:50;3.35;
09.01.2025 15:21:51;3.35;
09.01.2025 15:21:52;3.34;
09.01.2025 15:21:53;3.34;
09.01.2025 15:21:54;3.35;
09.01.2025 15:21:55;3.34;
09.01.2025 15:22:09;3.34;
09.01.2025 15:22:10;3.33;
09.01.2025 15:22:11;3.34;
09.01.2025 15:22:13;3.34;
09.01.2025 15:22:14;3.33;
09.01.2025 15:22:15;3.34;
09.01.2025 15:22:16;3.34;
09.01.2025 15:22:17;3.33;
09.01.2025 15:22:18;3.34;
09.01.2025 15:22:21;3.34;
09.01.2025 15:22:22;3.35;
09.01.2025 15:22:23;3.34;
09.01.2025 15:22:24;3.34;
09.01.2025 15:22:25;3.33;
09.01.2025 15:22:26;3.35;
09.01.2025 15:22:27;3.34;
09.01.2025 15:22:29;3.34;
09.01.2025 15:22:30;3.35;
09.01.2025 15:22:31;3.35;
09.01.2025 15:22:32;3.34;
09.01.2025 15:22:33;3.33;
09.01.2025 15:22:34;3.34;
09.01.2025 15:22:35;3.35;
09.01.2025 15:22:36;3.34;
09.01.2025 15:22:37;3.34;
09.01.2025 15:22:38;3.35;
09.01.2025 15:22:39;3.34;
09.01.2025 15:22:43;3.34;
09.01.2025 15:22:44;3.35;
09.01.2025 15:22:45;3.35;
09.01.2025 15:22:46;3.34;
09.01.2025 15:22:47;3.33;
09.01.2025 15:22:48;3.34;
09.01.2025 15:22:50;3.34;
09.01.2025 15:22:51;3.33;
09.01.2025 15:22:52;3.34;
09.01.2025 15:22:53;3.34;
09.01.2025 15:22:54;3.35;
09.01.2025 15:22:55;3.34;
09.01.2025 15:23:08;3.34;
09.01.2025 15:23:09;3.33;
09.01.2025 15:23:10;3.34;
09.01.2025 15:23:13;3.34;
09.01.2025 15:23:14;3.33;
09.01.2025 15:23:15;3.34;
09.01.2025 15:23:21;3.34;
09.01.2025 15:23:22;3.35;
09.01.2025 15:23:23;3.34;
09.01.2025 15:23:24;3.34;
09.01.2025 15:23:25;3.35;
09.01.2025 15:23:27;3.35;
09.01.2025 15:23:28;3.34;
09.01.2025 15:23:29;3.35;
09.01.2025 15:23:30;3.34;
09.01.2025 15:23:38;3.34;
09.01.2025 15:23:39;3.33;
09.01.2025 15:23:40;3.33;
09.01.2025 15:23:41;3.34;
09.01.2025 15:23:44;3.34;
09.01.2025 15:23:45;3.33;
09.01.2025 15:23:46;3.34;
09.01.2025 15:23:47;3.33;
09.01.2025 15:23:48;3.34;
09.01.2025 15:23:51;3.34;
09.01.2025 15:23:52;3.35;
09.01.2025 15:23:53;3.33;
09.01.2025 15:23:54;3.34;
09.01.2025 15:23:55;3.33;
09.01.2025 15:23:56;3.33;
09.01.2025 15:23:57;3.34;
09.01.2025 15:24:04;3.34;
09.01.2025 15:24:05;3.33;
09.01.2025 15:24:06;3.34;
09.01.2025 15:24:11;3.34;
09.01.2025 15:24:12;3.33;
09.01.2025 15:24:13;3.33;
09.01.2025 15:24:14;3.34;
09.01.2025 15:24:20;3.34;
09.01.2025 15:24:21;3.33;
09.01.2025 15:24:22;3.33;
09.01.2025 15:24:23;3.35;
09.01.2025 15:24:24;3.34;
09.01.2025 15:24:25;3.35;
09.01.2025 15:24:26;3.34;
09.01.2025 15:24:28;3.34;
09.01.2025 15:24:29;3.33;
09.01.2025 15:24:30;3.34;
09.01.2025 15:24:33;3.34;
09.01.2025 15:24:34;3.35;
09.01.2025 15:24:35;3.34;
09.01.2025 15:24:36;3.34;
09.01.2025 15:24:37;3.35;
09.01.2025 15:24:38;3.34;
09.01.2025 15:24:40;3.34;
09.01.2025 15:24:41;3.33;
09.01.2025 15:24:42;3.34;
09.01.2025 15:24:44;3.34;
09.01.2025 15:24:45;3.33;
09.01.2025 15:24:46;3.33;
09.01.2025 15:24:47;3.34;
09.01.2025 15:24:48;3.34;
09.01.2025 15:24:49;3.33;
09.01.2025 15:24:50;3.34;
09.01.2025 15:25:01;3.34;
09.01.2025 15:25:02;3.33;
09.01.2025 15:25:03;3.34;
09.01.2025 15:25:04;3.33;
09.01.2025 15:25:05;3.34;
09.01.2025 15:25:06;3.33;
09.01.2025 15:25:07;3.34;
09.01.2025 15:25:12;3.34;
09.01.2025 15:25:13;3.35;
09.01.2025 15:25:14;3.34;
09.01.2025 15:25:16;3.34;
09.01.2025 15:25:17;3.35;
09.01.2025 15:25:18;3.34;
09.01.2025 15:25:20;3.34;
09.01.2025 15:25:21;3.35;
09.01.2025 15:25:22;3.34;
09.01.2025 15:25:23;3.35;
09.01.2025 15:25:24;3.34;
09.01.2025 15:25:25;3.33;
09.01.2025 15:25:26;3.34;
09.01.2025 15:25:30;3.34;
09.01.2025 15:25:31;3.33;
09.01.2025 15:25:32;3.34;
09.01.2025 15:25:37;3.34;
09.01.2025 15:25:38;3.35;
09.01.2025 15:25:39;3.34;
09.01.2025 15:25:41;3.34;
09.01.2025 15:25:42;3.35;
09.01.2025 15:25:43;3.35;
09.01.2025 15:25:44;3.34;
09.01.2025 15:25:45;3.34;
09.01.2025 15:25:46;3.35;
09.01.2025 15:25:47;3.34;
09.01.2025 15:25:48;3.34;
09.01.2025 15:25:49;3.35;
09.01.2025 15:25:50;3.34;
09.01.2025 15:25:52;3.34;
09.01.2025 15:25:53;3.35;
09.01.2025 15:25:54;3.34;
09.01.2025 15:25:56;3.34;
09.01.2025 15:25:57;3.35;
09.01.2025 15:25:58;3.35;
09.01.2025 15:25:59;3.34;
09.01.2025 15:26:01;3.34;
09.01.2025 15:26:02;3.35;
09.01.2025 15:26:03;3.34;
09.01.2025 15:26:10;3.34;
09.01.2025 15:26:11;3.33;
09.01.2025 15:26:12;3.34;
09.01.2025 15:26:15;3.34;
09.01.2025 15:26:16;3.33;
09.01.2025 15:26:17;3.34;
09.01.2025 15:26:19;3.34;
09.01.2025 15:26:20;3.35;
09.01.2025 15:26:21;3.34;
09.01.2025 15:26:33;3.34;
09.01.2025 15:26:34;3.35;
09.01.2025 15:26:35;3.34;
09.01.2025 15:26:36;3.34;
09.01.2025 15:26:37;3.35;
09.01.2025 15:26:38;3.34;
09.01.2025 15:26:50;3.34;
09.01.2025 15:26:51;3.35;
09.01.2025 15:26:52;3.34;
09.01.2025 15:26:55;3.34;
09.01.2025 15:26:56;3.33;
09.01.2025 15:26:57;3.34;
09.01.2025 15:26:58;3.33;
09.01.2025 15:26:59;3.34;
09.01.2025 15:27:00;3.34;
09.01.2025 15:27:01;3.33;
09.01.2025 15:27:02;3.34;
09.01.2025 15:27:04;3.34;
09.01.2025 15:27:05;3.35;
09.01.2025 15:27:06;3.34;
09.01.2025 15:27:18;3.34;
09.01.2025 15:27:19;3.35;
09.01.2025 15:27:20;3.34;
09.01.2025 15:27:21;3.35;
09.01.2025 15:27:22;3.33;
09.01.2025 15:27:23;3.34;
09.01.2025 15:27:27;3.34;
09.01.2025 15:27:28;3.35;
09.01.2025 15:27:29;3.33;
09.01.2025 15:27:30;3.34;
09.01.2025 15:27:41;3.34;
09.01.2025 15:27:42;3.33;
09.01.2025 15:27:43;3.34;
09.01.2025 15:27:44;3.34;
09.01.2025 15:27:45;3.33;
09.01.2025 15:27:46;3.33;
09.01.2025 15:27:47;3.34;
09.01.2025 15:27:49;3.34;
09.01.2025 15:27:50;3.33;
09.01.2025 15:27:51;3.33;
09.01.2025 15:27:52;3.35;
09.01.2025 15:27:53;3.34;
09.01.2025 15:27:54;3.34;
09.01.2025 15:27:55;3.33;
09.01.2025 15:27:56;3.34;
09.01.2025 15:27:59;3.34;
09.01.2025 15:28:00;3.35;
09.01.2025 15:28:01;3.34;
09.01.2025 15:28:02;3.33;
09.01.2025 15:28:03;3.34;
09.01.2025 15:28:04;3.33;
09.01.2025 15:28:05;3.34;
09.01.2025 15:28:07;3.34;
09.01.2025 15:28:08;3.33;
09.01.2025 15:28:09;3.34;
09.01.2025 15:28:10;3.34;
09.01.2025 15:28:11;3.33;
09.01.2025 15:28:12;3.33;
09.01.2025 15:28:13;3.34;
09.01.2025 15:28:16;3.34;
09.01.2025 15:28:17;3.33;
09.01.2025 15:28:18;3.35;
09.01.2025 15:28:19;3.34;
09.01.2025 15:28:21;3.34;
09.01.2025 15:28:22;3.33;
09.01.2025 15:28:23;3.34;
09.01.2025 15:28:26;3.34;
09.01.2025 15:28:27;3.33;
09.01.2025 15:28:28;3.33;
09.01.2025 15:28:29;3.34;
09.01.2025 15:28:30;3.34;
09.01.2025 15:28:31;3.33;
09.01.2025 15:28:32;3.34;
09.01.2025 15:28:36;3.34;
09.01.2025 15:28:37;3.35;
09.01.2025 15:28:38;3.34;
09.01.2025 15:28:39;3.33;
09.01.2025 15:28:40;3.34;
09.01.2025 15:28:42;3.34;
09.01.2025 15:28:43;3.35;
09.01.2025 15:28:44;3.34;
09.01.2025 15:28:49;3.34;
09.01.2025 15:28:50;3.33;
09.01.2025 15:28:51;3.34;
09.01.2025 15:28:56;3.34;
09.01.2025 15:28:57;3.35;
09.01.2025 15:28:58;3.34;
09.01.2025 15:28:59;3.35;
09.01.2025 15:29:00;3.34;
09.01.2025 15:29:01;3.35;
09.01.2025 15:29:02;3.34;
09.01.2025 15:29:03;3.34;
09.01.2025 15:29:04;3.35;
09.01.2025 15:29:05;3.34;
09.01.2025 15:29:06;3.34;
09.01.2025 15:29:07;3.35;
09.01.2025 15:29:08;3.35;
09.01.2025 15:29:09;3.34;
09.01.2025 15:29:10;3.35;
09.01.2025 15:29:11;3.34;
09.01.2025 15:29:12;3.34;
09.01.2025 15:29:13;3.35;
09.01.2025 15:29:14;3.34;
09.01.2025 15:29:19;3.34;
09.01.2025 15:29:20;3.35;
09.01.2025 15:29:21;3.34;
09.01.2025 15:29:22;3.34;
09.01.2025 15:29:23;3.35;
09.01.2025 15:29:24;3.34;
09.01.2025 15:29:25;3.35;
09.01.2025 15:29:26;3.34;
09.01.2025 15:29:27;3.35;
09.01.2025 15:29:28;3.34;
09.01.2025 15:29:29;3.34;
09.01.2025 15:29:30;3.35;
09.01.2025 15:29:31;3.34;
09.01.2025 15:29:32;3.35;
09.01.2025 15:29:33;3.35;
09.01.2025 15:29:34;3.34;
09.01.2025 15:29:35;3.35;
09.01.2025 15:29:36;3.34;
09.01.2025 15:29:37;3.35;
09.01.2025 15:29:38;3.34;
09.01.2025 15:29:39;3.35;
09.01.2025 15:29:40;3.35;
09.01.2025 15:29:41;3.34;
09.01.2025 15:29:42;3.34;
09.01.2025 15:29:43;3.35;
09.01.2025 15:29:47;3.35;
09.01.2025 15:29:48;3.34;
09.01.2025 15:29:49;3.35;
09.01.2025 15:29:51;3.35;
09.01.2025 15:29:52;3.34;
09.01.2025 15:29:53;3.34;
09.01.2025 15:29:54;3.35;
09.01.2025 15:29:58;3.35;
09.01.2025 15:29:59;3.34;
09.01.2025 15:30:00;3.35;
09.01.2025 15:30:03;3.35;
09.01.2025 15:30:04;3.36;
09.01.2025 15:30:05;3.35;
09.01.2025 15:30:06;3.34;
09.01.2025 15:30:07;3.34;
09.01.2025 15:30:08;3.35;
09.01.2025 15:30:09;3.34;
09.01.2025 15:30:11;3.34;
09.01.2025 15:30:12;3.35;
09.01.2025 15:30:13;3.34;
09.01.2025 15:30:14;3.35;
09.01.2025 15:30:15;3.33;
09.01.2025 15:30:16;3.34;
09.01.2025 15:30:18;3.34;
09.01.2025 15:30:19;3.35;
09.01.2025 15:30:20;3.34;
09.01.2025 15:30:23;3.34;
09.01.2025 15:30:24;3.35;
09.01.2025 15:30:25;3.34;
09.01.2025 15:30:26;3.34;
09.01.2025 15:30:27;3.35;
09.01.2025 15:30:28;3.34;
09.01.2025 15:30:29;3.35;
09.01.2025 15:30:30;3.34;
09.01.2025 15:30:32;3.34;
09.01.2025 15:30:33;3.35;
09.01.2025 15:30:34;3.33;
09.01.2025 15:30:35;3.34;
09.01.2025 15:30:36;3.34;
09.01.2025 15:30:37;3.35;
09.01.2025 15:30:38;3.34;
09.01.2025 15:30:41;3.34;
09.01.2025 15:30:42;3.35;
09.01.2025 15:30:44;3.35;
09.01.2025 15:30:45;3.34;
09.01.2025 15:30:48;3.34;
09.01.2025 15:30:49;3.35;
09.01.2025 15:30:50;3.34;
09.01.2025 15:30:51;3.35;
09.01.2025 15:30:52;3.34;
09.01.2025 15:30:54;3.34;
09.01.2025 15:30:55;3.35;
09.01.2025 15:30:58;3.35;
09.01.2025 15:30:59;3.34;
09.01.2025 15:31:00;3.35;
09.01.2025 15:31:01;3.34;
09.01.2025 15:31:02;3.34;
09.01.2025 15:31:03;3.36;
09.01.2025 15:31:04;3.34;
09.01.2025 15:31:05;3.35;
09.01.2025 15:31:06;3.34;
09.01.2025 15:31:07;3.35;
09.01.2025 15:31:08;3.34;
09.01.2025 15:31:10;3.34;
09.01.2025 15:31:11;3.35;
09.01.2025 15:31:12;3.34;
09.01.2025 15:31:13;3.34;
09.01.2025 15:31:14;3.35;
09.01.2025 15:31:15;3.35;
09.01.2025 15:31:16;3.34;
09.01.2025 15:31:17;3.35;
09.01.2025 15:31:18;3.36;
09.01.2025 15:31:19;3.34;
09.01.2025 15:31:20;3.34;
09.01.2025 15:31:21;3.35;
09.01.2025 15:31:24;3.35;
09.01.2025 15:31:25;3.34;
09.01.2025 15:31:26;3.34;
09.01.2025 15:31:27;3.35;
09.01.2025 15:31:28;3.35;
09.01.2025 15:31:29;3.34;
09.01.2025 15:31:32;3.34;
09.01.2025 15:31:33;3.35;
09.01.2025 15:31:34;3.34;
09.01.2025 15:31:37;3.34;
09.01.2025 15:31:38;3.35;
09.01.2025 15:31:39;3.34;
09.01.2025 15:31:43;3.34;
09.01.2025 15:31:44;3.35;
09.01.2025 15:31:45;3.35;
09.01.2025 15:31:46;3.34;
09.01.2025 15:31:47;3.34;
09.01.2025 15:31:48;3.35;
09.01.2025 15:31:49;3.35;
09.01.2025 15:31:50;3.34;
09.01.2025 15:31:53;3.34;
09.01.2025 15:31:54;3.35;
09.01.2025 15:31:56;3.35;
09.01.2025 15:31:57;3.34;
09.01.2025 15:31:58;3.35;
09.01.2025 15:31:59;3.34;
09.01.2025 15:32:00;3.35;
09.01.2025 15:32:01;3.35;
09.01.2025 15:32:02;3.34;
09.01.2025 15:32:04;3.34;
09.01.2025 15:32:05;3.35;
09.01.2025 15:32:07;3.35;
09.01.2025 15:32:08;3.34;
09.01.2025 15:32:09;3.34;
09.01.2025 15:32:10;3.35;
09.01.2025 15:32:11;3.34;
09.01.2025 15:32:12;3.34;
09.01.2025 15:32:13;3.35;
09.01.2025 15:32:14;3.34;
09.01.2025 15:32:15;3.34;
09.01.2025 15:32:16;3.35;
09.01.2025 15:32:21;3.35;
09.01.2025 15:32:22;3.34;
09.01.2025 15:32:23;3.35;
09.01.2025 15:32:24;3.34;
09.01.2025 15:32:25;3.34;
09.01.2025 15:32:26;3.35;
09.01.2025 15:32:28;3.35;
09.01.2025 15:32:29;3.34;
09.01.2025 15:32:30;3.35;
09.01.2025 15:32:31;3.35;
09.01.2025 15:32:32;3.34;
09.01.2025 15:32:36;3.34;
09.01.2025 15:32:37;3.35;
09.01.2025 15:32:38;3.34;
09.01.2025 15:32:39;3.34;
09.01.2025 15:32:40;3.35;
09.01.2025 15:32:41;3.34;
09.01.2025 15:32:44;3.34;
09.01.2025 15:32:45;3.35;
09.01.2025 15:32:46;3.34;
09.01.2025 15:32:50;3.34;
09.01.2025 15:32:51;3.35;
09.01.2025 15:32:54;3.35;
09.01.2025 15:32:55;3.34;
09.01.2025 15:32:56;3.34;
09.01.2025 15:32:57;3.35;
09.01.2025 15:32:58;3.34;
09.01.2025 15:33:00;3.34;
09.01.2025 15:33:01;3.35;
09.01.2025 15:33:02;3.34;
09.01.2025 15:33:05;3.34;
09.01.2025 15:33:06;3.35;
09.01.2025 15:33:07;3.34;
09.01.2025 15:33:08;3.35;
09.01.2025 15:33:09;3.34;
09.01.2025 15:33:10;3.34;
09.01.2025 15:33:11;3.35;
09.01.2025 15:33:12;3.34;
09.01.2025 15:33:14;3.34;
09.01.2025 15:33:15;3.35;
09.01.2025 15:33:16;3.34;
09.01.2025 15:33:17;3.34;
09.01.2025 15:33:18;3.33;
09.01.2025 15:33:19;3.34;
09.01.2025 15:33:21;3.34;
09.01.2025 15:33:22;3.35;
09.01.2025 15:33:23;3.34;
09.01.2025 15:33:24;3.35;
09.01.2025 15:33:25;3.34;
09.01.2025 15:33:27;3.34;
09.01.2025 15:33:28;3.35;
09.01.2025 15:33:30;3.35;
09.01.2025 15:33:31;3.34;
09.01.2025 15:33:34;3.34;
09.01.2025 15:33:35;3.35;
09.01.2025 15:33:36;3.35;
09.01.2025 15:33:37;3.34;
09.01.2025 15:33:38;3.33;
09.01.2025 15:33:39;3.34;
09.01.2025 15:33:40;3.34;
09.01.2025 15:33:41;3.35;
09.01.2025 15:33:43;3.35;
09.01.2025 15:33:44;3.34;
09.01.2025 15:33:45;3.35;
09.01.2025 15:33:46;3.35;
09.01.2025 15:33:47;3.34;
09.01.2025 15:33:52;3.34;
09.01.2025 15:33:53;3.35;
09.01.2025 15:33:54;3.34;
09.01.2025 15:33:57;3.34;
09.01.2025 15:33:58;3.35;
09.01.2025 15:33:59;3.34;
09.01.2025 15:34:00;3.35;
09.01.2025 15:34:01;3.34;
09.01.2025 15:34:02;3.34;
09.01.2025 15:34:03;3.35;
09.01.2025 15:34:04;3.34;
09.01.2025 15:34:05;3.35;
09.01.2025 15:34:06;3.34;
09.01.2025 15:34:07;3.35;
09.01.2025 15:34:08;3.34;
09.01.2025 15:34:09;3.34;
09.01.2025 15:34:10;3.35;
09.01.2025 15:34:13;3.35;
09.01.2025 15:34:14;3.34;
09.01.2025 15:34:15;3.35;
09.01.2025 15:34:20;3.35;
09.01.2025 15:34:21;3.34;
09.01.2025 15:34:22;3.35;
09.01.2025 15:34:23;3.34;
09.01.2025 15:34:24;3.35;
09.01.2025 15:34:26;3.35;
09.01.2025 15:34:27;3.34;
09.01.2025 15:34:28;3.35;
09.01.2025 15:34:29;3.34;
09.01.2025 15:34:31;3.34;
09.01.2025 15:34:32;3.35;
09.01.2025 15:34:33;3.34;
09.01.2025 15:34:35;3.34;
09.01.2025 15:34:36;3.35;
09.01.2025 15:34:37;3.34;
09.01.2025 15:34:38;3.34;
09.01.2025 15:34:39;3.35;
09.01.2025 15:34:40;3.34;
09.01.2025 15:34:41;3.35;
09.01.2025 15:34:42;3.35;
09.01.2025 15:34:43;3.34;
09.01.2025 15:34:44;3.35;
09.01.2025 15:34:45;3.34;
09.01.2025 15:34:46;3.34;
09.01.2025 15:34:47;3.35;
09.01.2025 15:34:48;3.35;
09.01.2025 15:34:49;3.34;
09.01.2025 15:34:50;3.35;
09.01.2025 15:34:51;3.34;
09.01.2025 15:34:52;3.34;
09.01.2025 15:34:53;3.35;
09.01.2025 15:34:54;3.35;
09.01.2025 15:34:55;3.34;
09.01.2025 15:34:56;3.34;
09.01.2025 15:34:57;3.35;
09.01.2025 15:34:58;3.35;
09.01.2025 15:34:59;3.34;
09.01.2025 15:35:00;3.35;
09.01.2025 15:35:01;3.34;
09.01.2025 15:35:02;3.35;
09.01.2025 15:35:03;3.34;
09.01.2025 15:35:04;3.35;
09.01.2025 15:35:06;3.35;
09.01.2025 15:35:07;3.34;
09.01.2025 15:35:09;3.34;
09.01.2025 15:35:10;3.35;
09.01.2025 15:35:11;3.34;
09.01.2025 15:35:12;3.34;
09.01.2025 15:35:13;3.33;
09.01.2025 15:35:14;3.35;
09.01.2025 15:35:16;3.35;
09.01.2025 15:35:17;3.34;
09.01.2025 15:35:18;3.35;
09.01.2025 15:35:19;3.36;
09.01.2025 15:35:20;3.34;
09.01.2025 15:35:21;3.35;
09.01.2025 15:35:23;3.35;
09.01.2025 15:35:24;3.34;
09.01.2025 15:35:25;3.34;
09.01.2025 15:35:26;3.35;
09.01.2025 15:35:29;3.35;
09.01.2025 15:35:30;3.34;
09.01.2025 15:35:31;3.34;
09.01.2025 15:35:32;3.35;
09.01.2025 15:35:33;3.35;
09.01.2025 15:35:34;3.34;
09.01.2025 15:35:37;3.34;
09.01.2025 15:35:38;3.35;
09.01.2025 15:35:45;3.35;
09.01.2025 15:35:46;3.34;
09.01.2025 15:35:50;3.34;
09.01.2025 15:35:51;3.35;
09.01.2025 15:35:52;3.34;
09.01.2025 15:35:53;3.34;
09.01.2025 15:35:54;3.35;
09.01.2025 15:35:55;3.34;
09.01.2025 15:36:05;3.34;
09.01.2025 15:36:06;3.35;
09.01.2025 15:36:07;3.34;
09.01.2025 15:36:10;3.34;
09.01.2025 15:36:11;3.35;
09.01.2025 15:36:12;3.34;
09.01.2025 15:36:13;3.35;
09.01.2025 15:36:15;3.35;
09.01.2025 15:36:16;3.34;
09.01.2025 15:36:17;3.35;
09.01.2025 15:36:18;3.33;
09.01.2025 15:36:19;3.34;
09.01.2025 15:36:22;3.34;
09.01.2025 15:36:23;3.35;
09.01.2025 15:36:24;3.34;
09.01.2025 15:36:26;3.34;
09.01.2025 15:36:27;3.33;
09.01.2025 15:36:28;3.34;
09.01.2025 15:36:29;3.34;
09.01.2025 15:36:30;3.35;
09.01.2025 15:36:31;3.34;
09.01.2025 15:36:32;3.35;
09.01.2025 15:36:33;3.34;
09.01.2025 15:36:36;3.34;
09.01.2025 15:36:37;3.33;
09.01.2025 15:36:38;3.34;
09.01.2025 15:36:40;3.34;
09.01.2025 15:36:41;3.35;
09.01.2025 15:36:42;3.34;
09.01.2025 15:36:43;3.34;
09.01.2025 15:36:44;3.35;
09.01.2025 15:36:45;3.34;
09.01.2025 15:36:47;3.34;
09.01.2025 15:36:48;3.35;
09.01.2025 15:36:49;3.34;
09.01.2025 15:36:50;3.35;
09.01.2025 15:36:51;3.34;
09.01.2025 15:36:52;3.34;
09.01.2025 15:36:53;3.35;
09.01.2025 15:36:54;3.34;
09.01.2025 15:36:55;3.34;
09.01.2025 15:36:56;3.35;
09.01.2025 15:36:57;3.34;
09.01.2025 15:36:59;3.34;
09.01.2025 15:37:00;3.35;
09.01.2025 15:37:01;3.33;
09.01.2025 15:37:02;3.35;
09.01.2025 15:37:03;3.34;
09.01.2025 15:37:22;3.34;
09.01.2025 15:37:23;3.35;
09.01.2025 15:37:24;3.34;
09.01.2025 15:37:25;3.33;
09.01.2025 15:37:26;3.34;
09.01.2025 15:37:28;3.34;
09.01.2025 15:37:29;3.35;
09.01.2025 15:37:30;3.34;
09.01.2025 15:37:35;3.34;
09.01.2025 15:37:36;3.35;
09.01.2025 15:37:38;3.35;
09.01.2025 15:37:39;3.34;
09.01.2025 15:37:40;3.34;
09.01.2025 15:37:41;3.35;
09.01.2025 15:37:42;3.34;
09.01.2025 15:37:44;3.34;
09.01.2025 15:37:45;3.35;
09.01.2025 15:37:46;3.35;
09.01.2025 15:37:47;3.34;
09.01.2025 15:37:50;3.34;
09.01.2025 15:37:51;3.35;
09.01.2025 15:37:52;3.34;
09.01.2025 15:37:53;3.34;
09.01.2025 15:37:54;3.35;
09.01.2025 15:37:55;3.35;
09.01.2025 15:37:56;3.34;
09.01.2025 15:37:58;3.34;
09.01.2025 15:37:59;3.35;
09.01.2025 15:38:00;3.35;
09.01.2025 15:38:01;3.34;
09.01.2025 15:38:02;3.34;
09.01.2025 15:38:03;3.35;
09.01.2025 15:38:04;3.34;
09.01.2025 15:38:08;3.34;
09.01.2025 15:38:09;3.35;
09.01.2025 15:38:10;3.34;
09.01.2025 15:38:20;3.34;
09.01.2025 15:38:21;3.35;
09.01.2025 15:38:22;3.36;
09.01.2025 15:38:23;3.35;
09.01.2025 15:38:24;3.34;
09.01.2025 15:38:25;3.35;
09.01.2025 15:38:26;3.34;
09.01.2025 15:38:27;3.34;
09.01.2025 15:38:28;3.33;
09.01.2025 15:38:29;3.34;
09.01.2025 15:38:30;3.35;
09.01.2025 15:38:31;3.35;
09.01.2025 15:38:32;3.34;
09.01.2025 15:38:33;3.34;
09.01.2025 15:38:34;3.35;
09.01.2025 15:38:35;3.34;
09.01.2025 15:38:36;3.35;
09.01.2025 15:38:37;3.35;
09.01.2025 15:38:38;3.34;
09.01.2025 15:38:39;3.34;
09.01.2025 15:38:40;3.33;
09.01.2025 15:38:41;3.34;
09.01.2025 15:38:44;3.34;
09.01.2025 15:38:45;3.35;
09.01.2025 15:38:46;3.36;
09.01.2025 15:38:47;3.35;
09.01.2025 15:38:48;3.34;
09.01.2025 15:38:49;3.35;
09.01.2025 15:38:50;3.34;
09.01.2025 15:38:51;3.35;
09.01.2025 15:38:52;3.34;
09.01.2025 15:38:53;3.35;
09.01.2025 15:38:54;3.34;
09.01.2025 15:39:01;3.34;
09.01.2025 15:39:02;3.35;
09.01.2025 15:39:03;3.34;
09.01.2025 15:39:06;3.34;
09.01.2025 15:39:07;3.35;
09.01.2025 15:39:08;3.35;
09.01.2025 15:39:09;3.34;
09.01.2025 15:39:11;3.34;
09.01.2025 15:39:12;3.35;
09.01.2025 15:39:13;3.34;
09.01.2025 15:39:14;3.35;
09.01.2025 15:39:15;3.35;
09.01.2025 15:39:16;3.34;
09.01.2025 15:39:21;3.34;
09.01.2025 15:39:22;3.35;
09.01.2025 15:39:23;3.34;
09.01.2025 15:39:24;3.34;
09.01.2025 15:39:25;3.35;
09.01.2025 15:39:26;3.35;
09.01.2025 15:39:27;3.34;
09.01.2025 15:39:28;3.34;
09.01.2025 15:39:29;3.35;
09.01.2025 15:39:30;3.34;
09.01.2025 15:39:31;3.35;
09.01.2025 15:39:32;3.35;
09.01.2025 15:39:33;3.34;
09.01.2025 15:39:34;3.35;
09.01.2025 15:39:39;3.35;
09.01.2025 15:39:40;3.34;
09.01.2025 15:39:41;3.35;
09.01.2025 15:39:42;3.34;
09.01.2025 15:39:43;3.35;
09.01.2025 15:39:44;3.35;
09.01.2025 15:39:45;3.34;
09.01.2025 15:39:46;3.35;
09.01.2025 15:39:47;3.34;
09.01.2025 15:39:48;3.34;
09.01.2025 15:39:49;3.35;
09.01.2025 15:39:50;3.35;
09.01.2025 15:39:51;3.36;
09.01.2025 15:39:52;3.34;
09.01.2025 15:39:56;3.34;
09.01.2025 15:39:57;3.35;
09.01.2025 15:39:58;3.35;
09.01.2025 15:39:59;3.34;
09.01.2025 15:40:00;3.34;
09.01.2025 15:40:01;3.35;
09.01.2025 15:40:02;3.34;
09.01.2025 15:40:05;3.34;
09.01.2025 15:40:06;3.33;
09.01.2025 15:40:07;3.34;
09.01.2025 15:40:09;3.34;
09.01.2025 15:40:10;3.35;
09.01.2025 15:40:11;3.34;
09.01.2025 15:40:13;3.34;
09.01.2025 15:40:14;3.35;
09.01.2025 15:40:15;3.34;
09.01.2025 15:40:17;3.34;
09.01.2025 15:40:18;3.35;
09.01.2025 15:40:19;3.34;
09.01.2025 15:40:21;3.34;
09.01.2025 15:40:22;3.35;
09.01.2025 15:40:23;3.34;
09.01.2025 15:40:25;3.34;
09.01.2025 15:40:26;3.35;
09.01.2025 15:40:27;3.35;
09.01.2025 15:40:28;3.34;
09.01.2025 15:40:29;3.35;
09.01.2025 15:40:30;3.34;
09.01.2025 15:40:31;3.34;
09.01.2025 15:40:32;3.35;
09.01.2025 15:40:33;3.34;
09.01.2025 15:40:35;3.34;
09.01.2025 15:40:36;3.35;
09.01.2025 15:40:37;3.34;
09.01.2025 15:40:38;3.35;
09.01.2025 15:40:40;3.35;
09.01.2025 15:40:41;3.34;
09.01.2025 15:40:43;3.34;
09.01.2025 15:40:44;3.35;
09.01.2025 15:40:46;3.35;
09.01.2025 15:40:47;3.34;
09.01.2025 15:40:48;3.35;
09.01.2025 15:40:49;3.34;
09.01.2025 15:40:50;3.34;
09.01.2025 15:40:51;3.35;
09.01.2025 15:40:53;3.35;
09.01.2025 15:40:54;3.34;
09.01.2025 15:40:55;3.35;
09.01.2025 15:40:57;3.35;
09.01.2025 15:40:58;3.34;
09.01.2025 15:40:59;3.34;
09.01.2025 15:41:00;3.35;
09.01.2025 15:41:01;3.34;
09.01.2025 15:41:04;3.34;
09.01.2025 15:41:05;3.35;
09.01.2025 15:41:06;3.34;
09.01.2025 15:41:10;3.34;
09.01.2025 15:41:11;3.33;
09.01.2025 15:41:12;3.34;
09.01.2025 15:41:22;3.34;
09.01.2025 15:41:23;3.35;
09.01.2025 15:41:24;3.34;
09.01.2025 15:41:28;3.34;
09.01.2025 15:41:29;3.35;
09.01.2025 15:41:31;3.35;
09.01.2025 15:41:32;3.34;
09.01.2025 15:41:33;3.34;
09.01.2025 15:41:34;3.35;
09.01.2025 15:41:35;3.34;
09.01.2025 15:41:36;3.35;
09.01.2025 15:41:37;3.34;
09.01.2025 15:41:38;3.35;
09.01.2025 15:41:40;3.35;
09.01.2025 15:41:41;3.34;
09.01.2025 15:41:42;3.34;
09.01.2025 15:41:43;3.35;
09.01.2025 15:41:44;3.34;
09.01.2025 15:41:46;3.34;
09.01.2025 15:41:47;3.35;
09.01.2025 15:41:48;3.33;
09.01.2025 15:41:49;3.34;
09.01.2025 15:41:50;3.34;
09.01.2025 15:41:51;3.35;
09.01.2025 15:41:53;3.35;
09.01.2025 15:41:54;3.34;
09.01.2025 15:41:55;3.34;
09.01.2025 15:41:56;3.35;
09.01.2025 15:41:57;3.34;
09.01.2025 15:41:58;3.34;
09.01.2025 15:41:59;3.35;
09.01.2025 15:42:00;3.34;
09.01.2025 15:42:03;3.34;
09.01.2025 15:42:04;3.35;
09.01.2025 15:42:05;3.34;
09.01.2025 15:42:06;3.34;
09.01.2025 15:42:07;3.33;
09.01.2025 15:42:08;3.34;
09.01.2025 15:42:09;3.34;
09.01.2025 15:42:10;3.35;
09.01.2025 15:42:11;3.34;
09.01.2025 15:42:17;3.34;
09.01.2025 15:42:18;3.35;
09.01.2025 15:42:19;3.34;
09.01.2025 15:42:20;3.35;
09.01.2025 15:42:21;3.34;
09.01.2025 15:42:22;3.34;
09.01.2025 15:42:23;3.35;
09.01.2025 15:42:24;3.34;
09.01.2025 15:42:27;3.34;
09.01.2025 15:42:28;3.35;
09.01.2025 15:42:29;3.35;
09.01.2025 15:42:30;3.34;
09.01.2025 15:42:31;3.35;
09.01.2025 15:42:32;3.35;
09.01.2025 15:42:33;3.34;
09.01.2025 15:42:34;3.35;
09.01.2025 15:42:35;3.35;
09.01.2025 15:42:36;3.34;
09.01.2025 15:42:37;3.35;
09.01.2025 15:42:38;3.35;
09.01.2025 15:42:39;3.34;
09.01.2025 15:42:41;3.34;
09.01.2025 15:42:42;3.35;
09.01.2025 15:42:43;3.34;
09.01.2025 15:42:46;3.34;
09.01.2025 15:42:47;3.35;
09.01.2025 15:42:48;3.34;
09.01.2025 15:42:53;3.34;
09.01.2025 15:42:54;3.33;
09.01.2025 15:42:55;3.34;
09.01.2025 15:42:56;3.34;
09.01.2025 15:42:57;3.35;
09.01.2025 15:42:58;3.35;
09.01.2025 15:42:59;3.34;
09.01.2025 15:43:00;3.35;
09.01.2025 15:43:01;3.35;
09.01.2025 15:43:02;3.34;
09.01.2025 15:43:08;3.34;
09.01.2025 15:43:09;3.35;
09.01.2025 15:43:10;3.35;
09.01.2025 15:43:11;3.34;
09.01.2025 15:43:13;3.34;
09.01.2025 15:43:14;3.35;
09.01.2025 15:43:15;3.35;
09.01.2025 15:43:16;3.34;
09.01.2025 15:43:17;3.35;
09.01.2025 15:43:20;3.35;
09.01.2025 15:43:21;3.33;
09.01.2025 15:43:22;3.34;
09.01.2025 15:43:31;3.34;
09.01.2025 15:43:32;3.35;
09.01.2025 15:43:33;3.34;
09.01.2025 15:43:34;3.34;
09.01.2025 15:43:35;3.35;
09.01.2025 15:43:36;3.35;
09.01.2025 15:43:37;3.34;
09.01.2025 15:43:40;3.34;
09.01.2025 15:43:41;3.35;
09.01.2025 15:43:42;3.34;
09.01.2025 15:43:44;3.34;
09.01.2025 15:43:45;3.35;
09.01.2025 15:43:46;3.34;
09.01.2025 15:43:47;3.35;
09.01.2025 15:43:48;3.34;
09.01.2025 15:43:49;3.35;
09.01.2025 15:43:50;3.35;
09.01.2025 15:43:51;3.34;
09.01.2025 15:43:52;3.35;
09.01.2025 15:43:53;3.34;
09.01.2025 15:43:54;3.34;
09.01.2025 15:43:55;3.35;
09.01.2025 15:43:56;3.35;
09.01.2025 15:43:57;3.34;
09.01.2025 15:43:58;3.34;
09.01.2025 15:43:59;3.35;
09.01.2025 15:44:00;3.34;
09.01.2025 15:44:01;3.34;
09.01.2025 15:44:02;3.35;
09.01.2025 15:44:03;3.34;
09.01.2025 15:44:04;3.35;
09.01.2025 15:44:05;3.34;
09.01.2025 15:44:06;3.35;
09.01.2025 15:44:07;3.34;
09.01.2025 15:44:12;3.34;
09.01.2025 15:44:13;3.35;
09.01.2025 15:44:14;3.34;
09.01.2025 15:44:15;3.35;
09.01.2025 15:44:16;3.34;
09.01.2025 15:44:17;3.35;
09.01.2025 15:44:18;3.35;
09.01.2025 15:44:19;3.34;
09.01.2025 15:44:20;3.35;
09.01.2025 15:44:21;3.34;
09.01.2025 15:44:22;3.34;
09.01.2025 15:44:23;3.35;
09.01.2025 15:44:26;3.35;
09.01.2025 15:44:27;3.34;
09.01.2025 15:44:29;3.34;
09.01.2025 15:44:30;3.35;
09.01.2025 15:44:37;3.35;
09.01.2025 15:44:38;3.34;
09.01.2025 15:44:39;3.35;
09.01.2025 15:44:42;3.35;
09.01.2025 15:44:43;3.34;
09.01.2025 15:44:44;3.35;
09.01.2025 15:44:46;3.35;
09.01.2025 15:44:47;3.34;
09.01.2025 15:44:48;3.34;
09.01.2025 15:44:49;3.35;
09.01.2025 15:44:51;3.35;
09.01.2025 15:44:52;3.34;
09.01.2025 15:44:53;3.34;
09.01.2025 15:44:54;3.35;
09.01.2025 15:44:55;3.35;
09.01.2025 15:44:56;3.34;
09.01.2025 15:45:04;3.34;
09.01.2025 15:45:05;3.35;
09.01.2025 15:45:06;3.34;
09.01.2025 15:45:08;3.34;
09.01.2025 15:45:09;3.35;
09.01.2025 15:45:10;3.34;
09.01.2025 15:45:12;3.34;
09.01.2025 15:45:13;3.35;
09.01.2025 15:45:14;3.34;
09.01.2025 15:45:22;3.34;
09.01.2025 15:45:23;3.35;
09.01.2025 15:45:24;3.35;
09.01.2025 15:45:25;3.34;
09.01.2025 15:45:26;3.34;
09.01.2025 15:45:27;3.35;
09.01.2025 15:45:28;3.35;
09.01.2025 15:45:29;3.34;
09.01.2025 15:45:30;3.35;
09.01.2025 15:45:31;3.35;
09.01.2025 15:45:32;3.34;
09.01.2025 15:45:33;3.35;
09.01.2025 15:45:34;3.34;
09.01.2025 15:45:35;3.34;
09.01.2025 15:45:36;3.35;
09.01.2025 15:45:38;3.35;
09.01.2025 15:45:39;3.34;
09.01.2025 15:45:40;3.34;
09.01.2025 15:45:41;3.35;
09.01.2025 15:45:42;3.35;
09.01.2025 15:45:43;3.34;
09.01.2025 15:46:01;3.34;
09.01.2025 15:46:02;3.35;
09.01.2025 15:46:03;3.35;
09.01.2025 15:46:04;3.34;
09.01.2025 15:46:05;3.34;
09.01.2025 15:46:06;3.35;
09.01.2025 15:46:07;3.35;
09.01.2025 15:46:08;3.34;
09.01.2025 15:46:09;3.35;
09.01.2025 15:46:12;3.35;
09.01.2025 15:46:13;3.34;
09.01.2025 15:46:14;3.35;
09.01.2025 15:46:15;3.35;
09.01.2025 15:46:16;3.34;
09.01.2025 15:46:18;3.34;
09.01.2025 15:46:19;3.35;
09.01.2025 15:46:20;3.35;
09.01.2025 15:46:21;3.34;
09.01.2025 15:46:22;3.35;
09.01.2025 15:46:23;3.34;
09.01.2025 15:46:32;3.34;
09.01.2025 15:46:33;3.35;
09.01.2025 15:46:34;3.35;
09.01.2025 15:46:35;3.34;
09.01.2025 15:46:36;3.34;
09.01.2025 15:46:37;3.35;
09.01.2025 15:46:38;3.35;
09.01.2025 15:46:39;3.36;
09.01.2025 15:46:40;3.35;
09.01.2025 15:46:41;3.34;
09.01.2025 15:46:43;3.34;
09.01.2025 15:46:44;3.35;
09.01.2025 15:46:45;3.33;
09.01.2025 15:46:46;3.34;
09.01.2025 15:47:00;3.34;
09.01.2025 15:47:01;3.35;
09.01.2025 15:47:02;3.35;
09.01.2025 15:47:03;3.34;
09.01.2025 15:47:04;3.34;
09.01.2025 15:47:05;3.35;
09.01.2025 15:47:06;3.34;
09.01.2025 15:47:07;3.34;
09.01.2025 15:47:08;3.35;
09.01.2025 15:47:09;3.35;
09.01.2025 15:47:10;3.34;
09.01.2025 15:47:11;3.35;
09.01.2025 15:47:12;3.34;
09.01.2025 15:47:13;3.34;
09.01.2025 15:47:14;3.35;
09.01.2025 15:47:15;3.34;
09.01.2025 15:47:17;3.34;
09.01.2025 15:47:18;3.35;
09.01.2025 15:47:21;3.35;
09.01.2025 15:47:22;3.34;
09.01.2025 15:47:23;3.35;
09.01.2025 15:47:24;3.34;
09.01.2025 15:47:28;3.34;
09.01.2025 15:47:29;3.35;
09.01.2025 15:47:30;3.34;
09.01.2025 15:47:32;3.34;
09.01.2025 15:47:33;3.35;
09.01.2025 15:47:34;3.34;
09.01.2025 15:47:36;3.34;
09.01.2025 15:47:37;3.35;
09.01.2025 15:47:38;3.35;
09.01.2025 15:47:39;3.34;
09.01.2025 15:47:40;3.34;
09.01.2025 15:47:41;3.35;
09.01.2025 15:47:42;3.34;
09.01.2025 15:47:43;3.34;
09.01.2025 15:47:44;3.35;
09.01.2025 15:47:45;3.34;
09.01.2025 15:47:46;3.35;
09.01.2025 15:47:47;3.34;
09.01.2025 15:47:48;3.35;
09.01.2025 15:47:49;3.34;
09.01.2025 15:47:50;3.35;
09.01.2025 15:47:52;3.35;
09.01.2025 15:47:53;3.34;
09.01.2025 15:47:54;3.34;
09.01.2025 15:47:55;3.35;
09.01.2025 15:47:56;3.35;
09.01.2025 15:47:57;3.34;
09.01.2025 15:47:58;3.35;
09.01.2025 15:47:59;3.34;
09.01.2025 15:48:01;3.34;
09.01.2025 15:48:02;3.35;
09.01.2025 15:48:03;3.34;
09.01.2025 15:48:04;3.34;
09.01.2025 15:48:05;3.35;
09.01.2025 15:48:06;3.34;
09.01.2025 15:48:07;3.35;
09.01.2025 15:48:08;3.35;
09.01.2025 15:48:09;3.34;
09.01.2025 15:48:11;3.34;
09.01.2025 15:48:12;3.35;
09.01.2025 15:48:13;3.34;
09.01.2025 15:48:14;3.35;
09.01.2025 15:48:15;3.34;
09.01.2025 15:48:20;3.34;
09.01.2025 15:48:21;3.35;
09.01.2025 15:48:22;3.35;
09.01.2025 15:48:23;3.34;
09.01.2025 15:48:24;3.34;
09.01.2025 15:48:25;3.35;
09.01.2025 15:48:26;3.34;
09.01.2025 15:48:28;3.34;
09.01.2025 15:48:29;3.35;
09.01.2025 15:48:30;3.36;
09.01.2025 15:48:31;3.34;
09.01.2025 15:48:32;3.35;
09.01.2025 15:48:36;3.35;
09.01.2025 15:48:37;3.34;
09.01.2025 15:48:38;3.35;
09.01.2025 15:48:39;3.35;
09.01.2025 15:48:40;3.34;
09.01.2025 15:48:41;3.35;
09.01.2025 15:48:42;3.35;
09.01.2025 15:48:43;3.34;
09.01.2025 15:48:44;3.36;
09.01.2025 15:48:45;3.35;
09.01.2025 15:48:46;3.34;
09.01.2025 15:48:47;3.35;
09.01.2025 15:48:49;3.35;
09.01.2025 15:48:50;3.34;
09.01.2025 15:48:51;3.35;
09.01.2025 15:48:55;3.35;
09.01.2025 15:48:56;3.34;
09.01.2025 15:48:58;3.34;
09.01.2025 15:48:59;3.35;
09.01.2025 15:49:03;3.35;
09.01.2025 15:49:04;3.34;
09.01.2025 15:49:05;3.35;
09.01.2025 15:49:06;3.36;
09.01.2025 15:49:07;3.35;
09.01.2025 15:49:08;3.35;
09.01.2025 15:49:09;3.34;
09.01.2025 15:49:10;3.35;
09.01.2025 15:49:16;3.35;
09.01.2025 15:49:17;3.34;
09.01.2025 15:49:18;3.35;
09.01.2025 15:49:21;3.35;
09.01.2025 15:49:22;3.36;
09.01.2025 15:49:23;3.35;
09.01.2025 15:49:24;3.36;
09.01.2025 15:49:25;3.34;
09.01.2025 15:49:27;3.34;
09.01.2025 15:49:28;3.35;
09.01.2025 15:49:29;3.35;
09.01.2025 15:49:30;3.34;
09.01.2025 15:49:31;3.35;
09.01.2025 15:49:32;3.34;
09.01.2025 15:49:33;3.35;
09.01.2025 15:49:34;3.34;
09.01.2025 15:49:35;3.34;
09.01.2025 15:49:36;3.35;
09.01.2025 15:49:37;3.35;
09.01.2025 15:49:38;3.34;
09.01.2025 15:49:39;3.34;
09.01.2025 15:49:40;3.35;
09.01.2025 15:49:41;3.35;
09.01.2025 15:49:42;3.34;
09.01.2025 15:49:43;3.35;
09.01.2025 15:49:44;3.35;
09.01.2025 15:49:45;3.34;
09.01.2025 15:49:46;3.35;
09.01.2025 15:49:56;3.35;
09.01.2025 15:49:57;3.34;
09.01.2025 15:49:58;3.35;
09.01.2025 15:49:59;3.35;
09.01.2025 15:50:00;3.34;
09.01.2025 15:50:01;3.35;
09.01.2025 15:50:03;3.35;
09.01.2025 15:50:04;3.34;
09.01.2025 15:50:05;3.35;
09.01.2025 15:50:12;3.35;
09.01.2025 15:50:13;3.34;
09.01.2025 15:50:14;3.35;
09.01.2025 15:50:16;3.35;
09.01.2025 15:50:17;3.34;
09.01.2025 15:50:19;3.34;
09.01.2025 15:50:20;3.35;
09.01.2025 15:50:21;3.34;
09.01.2025 15:50:22;3.35;
09.01.2025 15:50:25;3.35;
09.01.2025 15:50:26;3.36;
09.01.2025 15:50:27;3.34;
09.01.2025 15:50:28;3.35;
09.01.2025 15:50:30;3.35;
09.01.2025 15:50:31;3.34;
09.01.2025 15:50:33;3.34;
09.01.2025 15:50:34;3.35;
09.01.2025 15:50:35;3.34;
09.01.2025 15:50:36;3.34;
09.01.2025 15:50:37;3.35;
09.01.2025 15:50:38;3.34;
09.01.2025 15:50:42;3.34;
09.01.2025 15:50:43;3.35;
09.01.2025 15:50:45;3.35;
09.01.2025 15:50:46;3.34;
09.01.2025 15:50:47;3.34;
09.01.2025 15:50:48;3.35;
09.01.2025 15:50:49;3.34;
09.01.2025 15:50:51;3.34;
09.01.2025 15:50:52;3.35;
09.01.2025 15:50:53;3.34;
09.01.2025 15:50:54;3.35;
09.01.2025 15:50:55;3.34;
09.01.2025 15:50:57;3.34;
09.01.2025 15:50:58;3.35;
09.01.2025 15:50:59;3.34;
09.01.2025 15:51:00;3.35;
09.01.2025 15:51:01;3.35;
09.01.2025 15:51:02;3.34;
09.01.2025 15:51:03;3.35;
09.01.2025 15:51:04;3.35;
09.01.2025 15:51:05;3.34;
09.01.2025 15:51:06;3.36;
09.01.2025 15:51:07;3.35;
09.01.2025 15:51:08;3.35;
09.01.2025 15:51:09;3.34;
09.01.2025 15:51:10;3.35;
09.01.2025 15:51:11;3.33;
09.01.2025 15:51:12;3.34;
09.01.2025 15:51:16;3.34;
09.01.2025 15:51:17;3.35;
09.01.2025 15:51:18;3.34;
09.01.2025 15:51:19;3.34;
09.01.2025 15:51:20;3.35;
09.01.2025 15:51:21;3.34;
09.01.2025 15:51:22;3.35;
09.01.2025 15:51:25;3.35;
09.01.2025 15:51:26;3.34;
09.01.2025 15:51:27;3.35;
09.01.2025 15:51:28;3.35;
09.01.2025 15:51:29;3.34;
09.01.2025 15:51:30;3.35;
09.01.2025 15:51:31;3.34;
09.01.2025 15:51:32;3.35;
09.01.2025 15:51:33;3.35;
09.01.2025 15:51:34;3.34;
09.01.2025 15:51:35;3.34;
09.01.2025 15:51:36;3.35;
09.01.2025 15:51:37;3.34;
09.01.2025 15:51:43;3.34;
09.01.2025 15:51:44;3.35;
09.01.2025 15:51:51;3.35;
09.01.2025 15:51:52;3.34;
09.01.2025 15:51:53;3.35;
09.01.2025 15:51:54;3.35;
09.01.2025 15:51:55;3.34;
09.01.2025 15:51:56;3.34;
09.01.2025 15:51:57;3.35;
09.01.2025 15:51:58;3.34;
09.01.2025 15:51:59;3.35;
09.01.2025 15:52:00;3.34;
09.01.2025 15:52:01;3.34;
09.01.2025 15:52:02;3.35;
09.01.2025 15:52:03;3.35;
09.01.2025 15:52:04;3.34;
09.01.2025 15:52:05;3.35;
09.01.2025 15:52:06;3.34;
09.01.2025 15:52:07;3.35;
09.01.2025 15:52:08;3.35;
09.01.2025 15:52:09;3.34;
09.01.2025 15:52:10;3.34;
09.01.2025 15:52:11;3.35;
09.01.2025 15:52:12;3.34;
09.01.2025 15:52:14;3.34;
09.01.2025 15:52:15;3.35;
09.01.2025 15:52:16;3.34;
09.01.2025 15:52:17;3.35;
09.01.2025 15:52:18;3.35;
09.01.2025 15:52:19;3.34;
09.01.2025 15:52:20;3.35;
09.01.2025 15:52:21;3.34;
09.01.2025 15:52:22;3.34;
09.01.2025 15:52:23;3.35;
09.01.2025 15:52:31;3.35;
09.01.2025 15:52:32;3.34;
09.01.2025 15:52:33;3.34;
09.01.2025 15:52:34;3.35;
09.01.2025 15:52:35;3.34;
09.01.2025 15:52:40;3.34;
09.01.2025 15:52:41;3.35;
09.01.2025 15:52:43;3.35;
09.01.2025 15:52:44;3.34;
09.01.2025 15:52:45;3.35;
09.01.2025 15:52:47;3.35;
09.01.2025 15:52:48;3.34;
09.01.2025 15:52:49;3.35;
09.01.2025 15:52:50;3.34;
09.01.2025 15:52:51;3.35;
09.01.2025 15:52:52;3.34;
09.01.2025 15:52:53;3.35;
09.01.2025 15:52:54;3.34;
09.01.2025 15:52:55;3.35;
09.01.2025 15:52:56;3.34;
09.01.2025 15:52:57;3.35;
09.01.2025 15:52:58;3.34;
09.01.2025 15:52:59;3.35;
09.01.2025 15:53:01;3.35;
09.01.2025 15:53:02;3.34;
09.01.2025 15:53:03;3.35;
09.01.2025 15:53:06;3.35;
09.01.2025 15:53:07;3.34;
09.01.2025 15:53:08;3.35;
09.01.2025 15:53:09;3.34;
09.01.2025 15:53:10;3.35;
09.01.2025 15:53:11;3.34;
09.01.2025 15:53:13;3.34;
09.01.2025 15:53:14;3.35;
09.01.2025 15:53:15;3.34;
09.01.2025 15:53:18;3.34;
09.01.2025 15:53:19;3.33;
09.01.2025 15:53:20;3.35;
09.01.2025 15:53:25;3.35;
09.01.2025 15:53:26;3.34;
09.01.2025 15:53:27;3.35;
09.01.2025 15:53:29;3.35;
09.01.2025 15:53:30;3.34;
09.01.2025 15:53:33;3.34;
09.01.2025 15:53:34;3.35;
09.01.2025 15:53:35;3.34;
09.01.2025 15:53:36;3.35;
09.01.2025 15:53:37;3.34;
09.01.2025 15:53:38;3.35;
09.01.2025 15:53:39;3.34;
09.01.2025 15:53:40;3.35;
09.01.2025 15:53:41;3.34;
09.01.2025 15:53:42;3.35;
09.01.2025 15:53:45;3.35;
09.01.2025 15:53:46;3.34;
09.01.2025 15:53:47;3.35;
09.01.2025 15:53:48;3.35;
09.01.2025 15:53:49;3.34;
09.01.2025 15:53:50;3.35;
09.01.2025 15:53:51;3.34;
09.01.2025 15:53:52;3.34;
09.01.2025 15:53:53;3.35;
09.01.2025 15:53:54;3.34;
09.01.2025 15:53:55;3.34;
09.01.2025 15:53:56;3.35;
09.01.2025 15:53:57;3.34;
09.01.2025 15:53:58;3.35;
09.01.2025 15:53:59;3.34;
09.01.2025 15:54:00;3.35;
09.01.2025 15:54:01;3.35;
09.01.2025 15:54:02;3.34;
09.01.2025 15:54:11;3.34;
09.01.2025 15:54:12;3.35;
09.01.2025 15:54:13;3.35;
09.01.2025 15:54:14;3.34;
09.01.2025 15:54:15;3.35;
09.01.2025 15:54:22;3.35;
09.01.2025 15:54:23;3.34;
09.01.2025 15:54:24;3.35;
09.01.2025 15:54:25;3.34;
09.01.2025 15:54:26;3.35;
09.01.2025 15:54:27;3.34;
09.01.2025 15:54:29;3.34;
09.01.2025 15:54:30;3.35;
09.01.2025 15:54:33;3.35;
09.01.2025 15:54:34;3.34;
09.01.2025 15:54:35;3.35;
09.01.2025 15:54:36;3.34;
09.01.2025 15:54:37;3.35;
09.01.2025 15:54:38;3.35;
09.01.2025 15:54:39;3.34;
09.01.2025 15:54:40;3.35;
09.01.2025 15:54:41;3.35;
09.01.2025 15:54:42;3.34;
09.01.2025 15:54:49;3.34;
09.01.2025 15:54:50;3.35;
09.01.2025 15:54:51;3.34;
09.01.2025 15:54:52;3.35;
09.01.2025 15:54:53;3.35;
09.01.2025 15:54:54;3.34;
09.01.2025 15:55:00;3.34;
09.01.2025 15:55:01;3.35;
09.01.2025 15:55:03;3.35;
09.01.2025 15:55:04;3.34;
09.01.2025 15:55:05;3.34;
09.01.2025 15:55:06;3.35;
09.01.2025 15:55:07;3.34;
09.01.2025 15:55:08;3.35;
09.01.2025 15:55:09;3.34;
09.01.2025 15:55:10;3.35;
09.01.2025 15:55:11;3.34;
09.01.2025 15:55:12;3.35;
09.01.2025 15:55:13;3.34;
09.01.2025 15:55:14;3.34;
09.01.2025 15:55:15;3.35;
09.01.2025 15:55:16;3.34;
09.01.2025 15:55:19;3.34;
09.01.2025 15:55:20;3.35;
09.01.2025 15:55:21;3.34;
09.01.2025 15:55:27;3.34;
09.01.2025 15:55:28;3.35;
09.01.2025 15:55:29;3.34;
09.01.2025 15:55:30;3.34;
09.01.2025 15:55:31;3.35;
09.01.2025 15:55:32;3.34;
09.01.2025 15:55:34;3.34;
09.01.2025 15:55:35;3.35;
09.01.2025 15:55:36;3.34;
09.01.2025 15:55:37;3.34;
09.01.2025 15:55:38;3.35;
09.01.2025 15:55:39;3.34;
09.01.2025 15:55:41;3.34;
09.01.2025 15:55:42;3.35;
09.01.2025 15:55:43;3.35;
09.01.2025 15:55:44;3.34;
09.01.2025 15:55:45;3.35;
09.01.2025 15:55:46;3.34;
09.01.2025 15:55:47;3.35;
09.01.2025 15:55:48;3.34;
09.01.2025 15:55:49;3.35;
09.01.2025 15:55:50;3.34;
09.01.2025 15:55:53;3.34;
09.01.2025 15:55:54;3.35;
09.01.2025 15:55:57;3.35;
09.01.2025 15:55:58;3.34;
09.01.2025 15:55:59;3.35;
09.01.2025 15:56:03;3.35;
09.01.2025 15:56:04;3.34;
09.01.2025 15:56:05;3.35;
09.01.2025 15:56:07;3.35;
09.01.2025 15:56:08;3.33;
09.01.2025 15:56:09;3.34;
09.01.2025 15:56:10;3.34;
09.01.2025 15:56:11;3.35;
09.01.2025 15:56:14;3.35;
09.01.2025 15:56:15;3.34;
09.01.2025 15:56:16;3.35;
09.01.2025 15:56:17;3.34;
09.01.2025 15:56:18;3.34;
09.01.2025 15:56:19;3.33;
09.01.2025 15:56:20;3.35;
09.01.2025 15:56:23;3.35;
09.01.2025 15:56:24;3.34;
09.01.2025 15:56:25;3.34;
09.01.2025 15:56:26;3.35;
09.01.2025 15:56:27;3.34;
09.01.2025 15:56:28;3.34;
09.01.2025 15:56:29;3.35;
09.01.2025 15:56:30;3.35;
09.01.2025 15:56:31;3.34;
09.01.2025 15:56:32;3.34;
09.01.2025 15:56:33;3.35;
09.01.2025 15:56:34;3.34;
09.01.2025 15:56:35;3.35;
09.01.2025 15:56:36;3.34;
09.01.2025 15:56:37;3.34;
09.01.2025 15:56:38;3.35;
09.01.2025 15:56:39;3.34;
09.01.2025 15:56:40;3.35;
09.01.2025 15:56:41;3.34;
09.01.2025 15:56:42;3.35;
09.01.2025 15:56:43;3.35;
09.01.2025 15:56:44;3.34;
09.01.2025 15:56:45;3.34;
09.01.2025 15:56:46;3.35;
09.01.2025 15:56:47;3.35;
09.01.2025 15:56:48;3.34;
09.01.2025 15:56:49;3.35;
09.01.2025 15:56:50;3.35;
09.01.2025 15:56:51;3.34;
09.01.2025 15:56:52;3.35;
09.01.2025 15:56:53;3.34;
09.01.2025 15:56:54;3.34;
09.01.2025 15:56:55;3.35;
09.01.2025 15:56:56;3.34;
09.01.2025 15:56:57;3.34;
09.01.2025 15:56:58;3.35;
09.01.2025 15:56:59;3.35;
09.01.2025 15:57:00;3.34;
09.01.2025 15:57:01;3.35;
09.01.2025 15:57:02;3.35;
09.01.2025 15:57:03;3.36;
09.01.2025 15:57:04;3.35;
09.01.2025 15:57:05;3.35;
09.01.2025 15:57:06;3.34;
09.01.2025 15:57:07;3.36;
09.01.2025 15:57:08;3.36;
09.01.2025 15:57:09;3.35;
09.01.2025 15:57:13;3.35;
09.01.2025 15:57:14;3.36;
09.01.2025 15:57:15;3.35;
09.01.2025 15:57:18;3.35;
09.01.2025 15:57:19;3.34;
09.01.2025 15:57:20;3.35;
09.01.2025 15:57:22;3.35;
09.01.2025 15:57:23;3.34;
09.01.2025 15:57:24;3.35;
09.01.2025 15:57:31;3.35;
09.01.2025 15:57:32;3.34;
09.01.2025 15:57:33;3.35;
09.01.2025 15:57:34;3.35;
09.01.2025 15:57:35;3.36;
09.01.2025 15:57:36;3.35;
09.01.2025 15:57:38;3.35;
09.01.2025 15:57:39;3.34;
09.01.2025 15:57:40;3.35;
09.01.2025 15:57:43;3.35;
09.01.2025 15:57:44;3.34;
09.01.2025 15:57:46;3.34;
09.01.2025 15:57:47;3.35;
09.01.2025 15:57:48;3.34;
09.01.2025 15:57:49;3.35;
09.01.2025 15:57:50;3.34;
09.01.2025 15:57:51;3.35;
09.01.2025 15:57:52;3.36;
09.01.2025 15:57:53;3.35;
09.01.2025 15:57:54;3.34;
09.01.2025 15:57:55;3.34;
09.01.2025 15:57:56;3.35;
09.01.2025 15:57:57;3.34;
09.01.2025 15:57:59;3.34;
09.01.2025 15:58:00;3.35;
09.01.2025 15:58:01;3.34;
09.01.2025 15:58:02;3.34;
09.01.2025 15:58:03;3.35;
09.01.2025 15:58:04;3.34;
09.01.2025 15:58:05;3.35;
09.01.2025 15:58:06;3.34;
09.01.2025 15:58:08;3.34;
09.01.2025 15:58:09;3.35;
09.01.2025 15:58:10;3.34;
09.01.2025 15:58:11;3.35;
09.01.2025 15:58:12;3.34;
09.01.2025 15:58:13;3.35;
09.01.2025 15:58:14;3.35;
09.01.2025 15:58:15;3.34;
09.01.2025 15:58:16;3.34;
09.01.2025 15:58:17;3.35;
09.01.2025 15:58:18;3.35;
09.01.2025 15:58:19;3.34;
09.01.2025 15:58:20;3.35;
09.01.2025 15:58:21;3.35;
09.01.2025 15:58:22;3.34;
09.01.2025 15:58:27;3.34;
09.01.2025 15:58:28;3.35;
09.01.2025 15:58:29;3.34;
09.01.2025 15:58:30;3.34;
09.01.2025 15:58:31;3.35;
09.01.2025 15:58:32;3.34;
09.01.2025 15:58:33;3.35;
09.01.2025 15:58:42;3.35;
09.01.2025 15:58:43;3.34;
09.01.2025 15:58:44;3.35;
09.01.2025 15:58:47;3.35;
09.01.2025 15:58:48;3.34;
09.01.2025 15:58:49;3.34;
09.01.2025 15:58:50;3.35;
09.01.2025 15:58:51;3.34;
09.01.2025 15:58:52;3.34;
09.01.2025 15:58:53;3.35;
09.01.2025 15:58:54;3.35;
09.01.2025 15:58:55;3.34;
09.01.2025 15:59:07;3.34;
09.01.2025 15:59:08;3.35;
09.01.2025 15:59:09;3.34;
09.01.2025 15:59:10;3.35;
09.01.2025 15:59:11;3.34;
09.01.2025 15:59:12;3.35;
09.01.2025 15:59:13;3.35;
09.01.2025 15:59:14;3.34;
09.01.2025 15:59:16;3.34;
09.01.2025 15:59:17;3.35;
09.01.2025 15:59:19;3.35;
09.01.2025 15:59:20;3.34;
09.01.2025 15:59:21;3.35;
09.01.2025 15:59:25;3.35;
09.01.2025 15:59:26;3.34;
09.01.2025 15:59:27;3.35;
09.01.2025 15:59:29;3.35;
09.01.2025 15:59:30;3.34;
09.01.2025 15:59:31;3.33;
09.01.2025 15:59:32;3.35;
09.01.2025 15:59:34;3.35;
09.01.2025 15:59:35;3.34;
09.01.2025 15:59:41;3.34;
09.01.2025 15:59:42;3.35;
09.01.2025 15:59:43;3.34;
09.01.2025 15:59:44;3.35;
09.01.2025 15:59:45;3.34;
09.01.2025 15:59:47;3.34;
09.01.2025 15:59:48;3.35;
09.01.2025 15:59:49;3.36;
09.01.2025 15:59:50;3.34;
09.01.2025 15:59:51;3.35;
09.01.2025 15:59:53;3.35;
09.01.2025 15:59:54;3.34;
09.01.2025 15:59:55;3.34;
09.01.2025 15:59:56;3.35;
09.01.2025 15:59:57;3.34;
09.01.2025 15:59:58;3.35;
09.01.2025 15:59:59;3.35;
09.01.2025 16:00:00;3.34;
09.01.2025 16:00:02;3.34;
09.01.2025 16:00:03;3.35;
09.01.2025 16:00:04;3.34;
09.01.2025 16:00:05;3.35;
09.01.2025 16:00:06;3.35;
09.01.2025 16:00:07;3.34;
09.01.2025 16:00:09;3.34;
09.01.2025 16:00:10;3.35;
09.01.2025 16:00:11;3.34;
09.01.2025 16:00:12;3.35;
09.01.2025 16:00:13;3.34;
09.01.2025 16:00:14;3.34;
09.01.2025 16:00:15;3.35;
09.01.2025 16:00:16;3.35;
09.01.2025 16:00:17;3.34;
09.01.2025 16:00:18;3.34;
09.01.2025 16:00:19;3.35;
09.01.2025 16:00:20;3.35;
09.01.2025 16:00:21;3.34;
09.01.2025 16:00:22;3.35;
09.01.2025 16:00:23;3.34;
09.01.2025 16:00:28;3.34;
09.01.2025 16:00:29;3.35;
09.01.2025 16:00:30;3.34;
09.01.2025 16:00:32;3.34;
09.01.2025 16:00:33;3.35;
09.01.2025 16:00:34;3.33;
09.01.2025 16:00:35;3.34;
09.01.2025 16:00:37;3.34;
09.01.2025 16:00:38;3.33;
09.01.2025 16:00:39;3.34;
09.01.2025 16:00:40;3.34;
09.01.2025 16:00:41;3.35;
09.01.2025 16:00:42;3.34;
09.01.2025 16:00:49;3.34;
09.01.2025 16:00:50;3.35;
09.01.2025 16:00:51;3.34;
09.01.2025 16:00:52;3.33;
09.01.2025 16:00:53;3.34;
09.01.2025 16:00:54;3.34;
09.01.2025 16:00:55;3.35;
09.01.2025 16:00:56;3.34;
09.01.2025 16:00:57;3.34;
09.01.2025 16:00:58;3.33;
09.01.2025 16:00:59;3.34;
09.01.2025 16:01:00;3.33;
09.01.2025 16:01:01;3.34;
09.01.2025 16:01:02;3.34;
09.01.2025 16:01:03;3.35;
09.01.2025 16:01:04;3.34;
09.01.2025 16:01:05;3.34;
09.01.2025 16:01:06;3.35;
09.01.2025 16:01:09;3.35;
09.01.2025 16:01:10;3.34;
09.01.2025 16:01:13;3.34;
09.01.2025 16:01:14;3.35;
09.01.2025 16:01:15;3.35;
09.01.2025 16:01:16;3.34;
09.01.2025 16:01:18;3.34;
09.01.2025 16:01:19;3.35;
09.01.2025 16:01:20;3.34;
09.01.2025 16:01:21;3.34;
09.01.2025 16:01:22;3.35;
09.01.2025 16:01:24;3.35;
09.01.2025 16:01:25;3.34;
09.01.2025 16:01:26;3.35;
09.01.2025 16:01:27;3.35;
09.01.2025 16:01:28;3.34;
09.01.2025 16:01:34;3.34;
09.01.2025 16:01:35;3.35;
09.01.2025 16:01:36;3.35;
09.01.2025 16:01:37;3.34;
09.01.2025 16:01:38;3.34;
09.01.2025 16:01:39;3.35;
09.01.2025 16:01:40;3.34;
09.01.2025 16:01:42;3.34;
09.01.2025 16:01:43;3.35;
09.01.2025 16:01:44;3.34;
09.01.2025 16:01:46;3.34;
09.01.2025 16:01:47;3.35;
09.01.2025 16:01:48;3.34;
09.01.2025 16:01:50;3.34;
09.01.2025 16:01:51;3.35;
09.01.2025 16:01:52;3.35;
09.01.2025 16:01:53;3.34;
09.01.2025 16:01:54;3.35;
09.01.2025 16:01:55;3.34;
09.01.2025 16:01:56;3.34;
09.01.2025 16:01:57;3.35;
09.01.2025 16:01:58;3.35;
09.01.2025 16:01:59;3.34;
09.01.2025 16:02:01;3.34;
09.01.2025 16:02:02;3.35;
09.01.2025 16:02:03;3.34;
09.01.2025 16:02:04;3.35;
09.01.2025 16:02:07;3.35;
09.01.2025 16:02:08;3.34;
09.01.2025 16:02:10;3.34;
09.01.2025 16:02:11;3.35;
09.01.2025 16:02:13;3.35;
09.01.2025 16:02:14;3.34;
09.01.2025 16:02:15;3.34;
09.01.2025 16:02:16;3.35;
09.01.2025 16:02:17;3.34;
09.01.2025 16:02:19;3.34;
09.01.2025 16:02:20;3.35;
09.01.2025 16:02:21;3.35;
09.01.2025 16:02:22;3.34;
09.01.2025 16:02:23;3.34;
09.01.2025 16:02:24;3.35;
09.01.2025 16:02:27;3.35;
09.01.2025 16:02:28;3.34;
09.01.2025 16:02:29;3.35;
09.01.2025 16:02:32;3.35;
09.01.2025 16:02:33;3.34;
09.01.2025 16:02:34;3.35;
09.01.2025 16:02:36;3.35;
09.01.2025 16:02:37;3.34;
09.01.2025 16:02:38;3.35;
09.01.2025 16:02:40;3.35;
09.01.2025 16:02:41;3.34;
09.01.2025 16:02:42;3.34;
09.01.2025 16:02:43;3.35;
09.01.2025 16:02:44;3.34;
09.01.2025 16:02:45;3.34;
09.01.2025 16:02:46;3.35;
09.01.2025 16:02:47;3.34;
09.01.2025 16:02:48;3.34;
09.01.2025 16:02:49;3.35;
09.01.2025 16:02:50;3.35;
09.01.2025 16:02:51;3.34;
09.01.2025 16:02:52;3.34;
09.01.2025 16:02:53;3.35;
09.01.2025 16:02:55;3.35;
09.01.2025 16:02:56;3.34;
09.01.2025 16:02:58;3.34;
09.01.2025 16:02:59;3.35;
09.01.2025 16:03:00;3.34;
09.01.2025 16:03:01;3.35;
09.01.2025 16:03:02;3.35;
09.01.2025 16:03:03;3.34;
09.01.2025 16:03:04;3.33;
09.01.2025 16:03:05;3.36;
09.01.2025 16:03:06;3.35;
09.01.2025 16:03:11;3.35;
09.01.2025 16:03:12;3.34;
09.01.2025 16:03:13;3.34;
09.01.2025 16:03:14;3.35;
09.01.2025 16:03:15;3.35;
09.01.2025 16:03:16;3.34;
09.01.2025 16:03:17;3.34;
09.01.2025 16:03:18;3.35;
09.01.2025 16:03:21;3.35;
09.01.2025 16:03:22;3.34;
09.01.2025 16:03:24;3.34;
09.01.2025 16:03:25;3.35;
09.01.2025 16:03:28;3.35;
09.01.2025 16:03:29;3.34;
09.01.2025 16:03:30;3.34;
09.01.2025 16:03:31;3.35;
09.01.2025 16:03:33;3.35;
09.01.2025 16:03:34;3.34;
09.01.2025 16:03:35;3.34;
09.01.2025 16:03:36;3.35;
09.01.2025 16:03:37;3.34;
09.01.2025 16:03:38;3.35;
09.01.2025 16:03:39;3.34;
09.01.2025 16:03:41;3.34;
09.01.2025 16:03:42;3.33;
09.01.2025 16:03:43;3.35;
09.01.2025 16:03:44;3.34;
09.01.2025 16:03:45;3.35;
09.01.2025 16:03:47;3.35;
09.01.2025 16:03:48;3.34;
09.01.2025 16:03:49;3.34;
09.01.2025 16:03:50;3.35;
09.01.2025 16:03:53;3.35;
09.01.2025 16:03:54;3.34;
09.01.2025 16:03:55;3.34;
09.01.2025 16:03:56;3.35;
09.01.2025 16:03:57;3.34;
09.01.2025 16:04:00;3.34;
09.01.2025 16:04:01;3.35;
09.01.2025 16:04:03;3.35;
09.01.2025 16:04:04;3.34;
09.01.2025 16:04:05;3.35;
09.01.2025 16:04:06;3.35;
09.01.2025 16:04:07;3.34;
09.01.2025 16:04:08;3.35;
09.01.2025 16:04:09;3.35;
09.01.2025 16:04:10;3.34;
09.01.2025 16:04:11;3.35;
09.01.2025 16:04:12;3.34;
09.01.2025 16:04:13;3.34;
09.01.2025 16:04:14;3.35;
09.01.2025 16:04:16;3.35;
09.01.2025 16:04:17;3.34;
09.01.2025 16:04:18;3.35;
09.01.2025 16:04:31;3.35;
09.01.2025 16:04:32;3.34;
09.01.2025 16:04:33;3.35;
09.01.2025 16:04:34;3.35;
09.01.2025 16:04:35;3.34;
09.01.2025 16:04:36;3.35;
09.01.2025 16:04:37;3.35;
09.01.2025 16:04:38;3.34;
09.01.2025 16:04:39;3.34;
09.01.2025 16:04:40;3.35;
09.01.2025 16:04:41;3.34;
09.01.2025 16:04:42;3.35;
09.01.2025 16:04:43;3.34;
09.01.2025 16:04:44;3.35;
09.01.2025 16:04:46;3.35;
09.01.2025 16:04:47;3.34;
09.01.2025 16:04:50;3.34;
09.01.2025 16:04:51;3.35;
09.01.2025 16:04:52;3.34;
09.01.2025 16:04:53;3.34;
09.01.2025 16:04:54;3.35;
09.01.2025 16:04:57;3.35;
09.01.2025 16:04:58;3.34;
09.01.2025 16:05:00;3.34;
09.01.2025 16:05:01;3.35;
09.01.2025 16:05:06;3.35;
09.01.2025 16:05:07;3.34;
09.01.2025 16:05:08;3.35;
09.01.2025 16:05:09;3.35;
09.01.2025 16:05:10;3.34;
09.01.2025 16:05:11;3.35;
09.01.2025 16:05:12;3.35;
09.01.2025 16:05:13;3.34;
09.01.2025 16:05:14;3.34;
09.01.2025 16:05:15;3.35;
09.01.2025 16:05:17;3.35;
09.01.2025 16:05:18;3.34;
09.01.2025 16:05:19;3.34;
09.01.2025 16:05:20;3.35;
09.01.2025 16:05:37;3.35;
09.01.2025 16:05:38;3.34;
09.01.2025 16:05:39;3.35;
09.01.2025 16:05:40;3.35;
09.01.2025 16:05:41;3.34;
09.01.2025 16:05:42;3.35;
09.01.2025 16:05:44;3.35;
09.01.2025 16:05:45;3.34;
09.01.2025 16:05:46;3.36;
09.01.2025 16:05:47;3.34;
09.01.2025 16:05:48;3.34;
09.01.2025 16:05:49;3.35;
09.01.2025 16:05:50;3.35;
09.01.2025 16:05:51;3.34;
09.01.2025 16:05:52;3.34;
09.01.2025 16:05:53;3.35;
09.01.2025 16:05:54;3.35;
09.01.2025 16:05:55;3.34;
09.01.2025 16:05:59;3.34;
09.01.2025 16:06:00;3.35;
09.01.2025 16:06:01;3.35;
09.01.2025 16:06:02;3.34;
09.01.2025 16:06:03;3.34;
09.01.2025 16:06:04;3.35;
09.01.2025 16:06:11;3.35;
09.01.2025 16:06:12;3.34;
09.01.2025 16:06:13;3.35;
09.01.2025 16:06:14;3.35;
09.01.2025 16:06:15;3.34;
09.01.2025 16:06:16;3.35;
09.01.2025 16:06:17;3.34;
09.01.2025 16:06:18;3.34;
09.01.2025 16:06:19;3.35;
09.01.2025 16:06:20;3.34;
09.01.2025 16:06:21;3.35;
09.01.2025 16:06:22;3.34;
09.01.2025 16:06:23;3.35;
09.01.2025 16:06:24;3.34;
09.01.2025 16:06:25;3.35;
09.01.2025 16:06:26;3.35;
09.01.2025 16:06:27;3.34;
09.01.2025 16:06:29;3.34;
09.01.2025 16:06:30;3.35;
09.01.2025 16:06:32;3.35;
09.01.2025 16:06:33;3.34;
09.01.2025 16:06:34;3.35;
09.01.2025 16:06:37;3.35;
09.01.2025 16:06:38;3.34;
09.01.2025 16:06:39;3.35;
09.01.2025 16:06:44;3.35;
09.01.2025 16:06:45;3.34;
09.01.2025 16:06:46;3.35;
09.01.2025 16:06:47;3.35;
09.01.2025 16:06:48;3.34;
09.01.2025 16:06:50;3.34;
09.01.2025 16:06:51;3.35;
09.01.2025 16:06:52;3.34;
09.01.2025 16:06:53;3.34;
09.01.2025 16:06:54;3.35;
09.01.2025 16:06:56;3.35;
09.01.2025 16:06:57;3.34;
09.01.2025 16:06:58;3.35;
09.01.2025 16:06:59;3.34;
09.01.2025 16:07:03;3.34;
09.01.2025 16:07:04;3.35;
09.01.2025 16:07:05;3.34;
09.01.2025 16:07:07;3.34;
09.01.2025 16:07:08;3.35;
09.01.2025 16:07:09;3.34;
09.01.2025 16:07:10;3.34;
09.01.2025 16:07:11;3.33;
09.01.2025 16:07:12;3.35;
09.01.2025 16:07:13;3.35;
09.01.2025 16:07:14;3.34;
09.01.2025 16:07:15;3.35;
09.01.2025 16:07:19;3.35;
09.01.2025 16:07:20;3.34;
09.01.2025 16:07:21;3.34;
09.01.2025 16:07:22;3.35;
09.01.2025 16:07:24;3.35;
09.01.2025 16:07:25;3.34;
09.01.2025 16:07:26;3.35;
09.01.2025 16:07:29;3.35;
09.01.2025 16:07:30;3.34;
09.01.2025 16:07:32;3.34;
09.01.2025 16:07:33;3.35;
09.01.2025 16:07:38;3.35;
09.01.2025 16:07:39;3.34;
09.01.2025 16:07:40;3.34;
09.01.2025 16:07:41;3.35;
09.01.2025 16:07:44;3.35;
09.01.2025 16:07:45;3.34;
09.01.2025 16:07:46;3.34;
09.01.2025 16:07:47;3.35;
09.01.2025 16:07:56;3.35;
09.01.2025 16:07:57;3.34;
09.01.2025 16:07:58;3.35;
09.01.2025 16:07:59;3.35;
09.01.2025 16:08:00;3.34;
09.01.2025 16:08:01;3.35;
09.01.2025 16:08:04;3.35;
09.01.2025 16:08:05;3.34;
09.01.2025 16:08:06;3.34;
09.01.2025 16:08:07;3.35;
09.01.2025 16:08:09;3.35;
09.01.2025 16:08:10;3.34;
09.01.2025 16:08:11;3.34;
09.01.2025 16:08:12;3.35;
09.01.2025 16:08:13;3.36;
09.01.2025 16:08:14;3.34;
09.01.2025 16:08:15;3.35;
09.01.2025 16:08:21;3.35;
09.01.2025 16:08:22;3.34;
09.01.2025 16:08:23;3.34;
09.01.2025 16:08:24;3.35;
09.01.2025 16:08:27;3.35;
09.01.2025 16:08:28;3.34;
09.01.2025 16:08:29;3.35;
09.01.2025 16:08:31;3.35;
09.01.2025 16:08:32;3.34;
09.01.2025 16:08:33;3.35;
09.01.2025 16:08:37;3.35;
09.01.2025 16:08:38;3.34;
09.01.2025 16:08:39;3.35;
09.01.2025 16:08:40;3.34;
09.01.2025 16:08:43;3.34;
09.01.2025 16:08:44;3.35;
09.01.2025 16:08:45;3.35;
09.01.2025 16:08:46;3.34;
09.01.2025 16:08:47;3.34;
09.01.2025 16:08:48;3.35;
09.01.2025 16:08:50;3.35;
09.01.2025 16:08:51;3.36;
09.01.2025 16:08:52;3.34;
09.01.2025 16:08:53;3.35;
09.01.2025 16:08:54;3.34;
09.01.2025 16:08:55;3.35;
09.01.2025 16:08:56;3.35;
09.01.2025 16:08:57;3.34;
09.01.2025 16:09:00;3.34;
09.01.2025 16:09:01;3.33;
09.01.2025 16:09:02;3.34;
09.01.2025 16:09:03;3.34;
09.01.2025 16:09:04;3.35;
09.01.2025 16:09:06;3.35;
09.01.2025 16:09:07;3.34;
09.01.2025 16:09:08;3.35;
09.01.2025 16:09:10;3.35;
09.01.2025 16:09:11;3.34;
09.01.2025 16:09:13;3.34;
09.01.2025 16:09:14;3.35;
09.01.2025 16:09:15;3.33;
09.01.2025 16:09:16;3.34;
09.01.2025 16:09:17;3.35;
09.01.2025 16:09:18;3.34;
09.01.2025 16:09:21;3.34;
09.01.2025 16:09:22;3.35;
09.01.2025 16:09:23;3.34;
09.01.2025 16:09:24;3.35;
09.01.2025 16:09:25;3.34;
09.01.2025 16:09:27;3.34;
09.01.2025 16:09:28;3.35;
09.01.2025 16:09:33;3.35;
09.01.2025 16:09:34;3.34;
09.01.2025 16:09:35;3.34;
09.01.2025 16:09:36;3.35;
09.01.2025 16:09:38;3.35;
09.01.2025 16:09:39;3.34;
09.01.2025 16:09:40;3.35;
09.01.2025 16:09:46;3.35;
09.01.2025 16:09:47;3.34;
09.01.2025 16:09:48;3.35;
09.01.2025 16:09:49;3.34;
09.01.2025 16:09:50;3.34;
09.01.2025 16:09:51;3.35;
09.01.2025 16:09:52;3.34;
09.01.2025 16:09:53;3.35;
09.01.2025 16:09:54;3.34;
09.01.2025 16:09:56;3.34;
09.01.2025 16:09:57;3.35;
09.01.2025 16:09:59;3.35;
09.01.2025 16:10:00;3.34;
09.01.2025 16:10:01;3.35;
09.01.2025 16:10:02;3.35;
09.01.2025 16:10:03;3.34;
09.01.2025 16:10:04;3.35;
09.01.2025 16:10:05;3.34;
09.01.2025 16:10:06;3.34;
09.01.2025 16:10:07;3.35;
09.01.2025 16:10:08;3.34;
09.01.2025 16:10:09;3.35;
09.01.2025 16:10:12;3.35;
09.01.2025 16:10:13;3.34;
09.01.2025 16:10:14;3.34;
09.01.2025 16:10:15;3.35;
09.01.2025 16:10:16;3.34;
09.01.2025 16:10:17;3.35;
09.01.2025 16:10:19;3.35;
09.01.2025 16:10:20;3.34;
09.01.2025 16:10:24;3.34;
09.01.2025 16:10:25;3.33;
09.01.2025 16:10:26;3.34;
09.01.2025 16:10:29;3.34;
09.01.2025 16:10:30;3.35;
09.01.2025 16:10:32;3.35;
09.01.2025 16:10:33;3.34;
09.01.2025 16:10:35;3.34;
09.01.2025 16:10:36;3.35;
09.01.2025 16:10:37;3.35;
09.01.2025 16:10:38;3.34;
09.01.2025 16:10:39;3.34;
09.01.2025 16:10:40;3.35;
09.01.2025 16:10:41;3.35;
09.01.2025 16:10:42;3.34;
09.01.2025 16:10:44;3.34;
09.01.2025 16:10:45;3.35;
09.01.2025 16:10:54;3.35;
09.01.2025 16:10:55;3.34;
09.01.2025 16:10:58;3.34;
09.01.2025 16:10:59;3.33;
09.01.2025 16:11:00;3.35;
09.01.2025 16:11:01;3.35;
09.01.2025 16:11:02;3.34;
09.01.2025 16:11:03;3.35;
09.01.2025 16:11:04;3.35;
09.01.2025 16:11:05;3.34;
09.01.2025 16:11:06;3.35;
09.01.2025 16:11:12;3.35;
09.01.2025 16:11:13;3.34;
09.01.2025 16:11:14;3.34;
09.01.2025 16:11:15;3.35;
09.01.2025 16:11:17;3.35;
09.01.2025 16:11:18;3.34;
09.01.2025 16:11:19;3.35;
09.01.2025 16:11:22;3.35;
09.01.2025 16:11:23;3.34;
09.01.2025 16:11:24;3.35;
09.01.2025 16:11:25;3.35;
09.01.2025 16:11:26;3.34;
09.01.2025 16:11:27;3.34;
09.01.2025 16:11:28;3.35;
09.01.2025 16:11:29;3.34;
09.01.2025 16:11:30;3.34;
09.01.2025 16:11:31;3.35;
09.01.2025 16:11:38;3.35;
09.01.2025 16:11:39;3.34;
09.01.2025 16:11:40;3.35;
09.01.2025 16:11:41;3.34;
09.01.2025 16:11:42;3.34;
09.01.2025 16:11:43;3.35;
09.01.2025 16:11:44;3.35;
09.01.2025 16:11:45;3.34;
09.01.2025 16:11:50;3.34;
09.01.2025 16:11:51;3.35;
09.01.2025 16:11:52;3.34;
09.01.2025 16:11:53;3.34;
09.01.2025 16:11:54;3.35;
09.01.2025 16:11:57;3.35;
09.01.2025 16:11:58;3.34;
09.01.2025 16:11:59;3.34;
09.01.2025 16:12:00;3.35;
09.01.2025 16:12:01;3.34;
09.01.2025 16:12:02;3.35;
09.01.2025 16:12:04;3.35;
09.01.2025 16:12:05;3.34;
09.01.2025 16:12:07;3.34;
09.01.2025 16:12:08;3.35;
09.01.2025 16:12:09;3.34;
09.01.2025 16:12:10;3.34;
09.01.2025 16:12:11;3.35;
09.01.2025 16:12:12;3.34;
09.01.2025 16:12:13;3.35;
09.01.2025 16:12:14;3.34;
09.01.2025 16:12:15;3.35;
09.01.2025 16:12:16;3.35;
09.01.2025 16:12:17;3.34;
09.01.2025 16:12:18;3.35;
09.01.2025 16:12:20;3.35;
09.01.2025 16:12:21;3.34;
09.01.2025 16:12:23;3.34;
09.01.2025 16:12:24;3.35;
09.01.2025 16:12:25;3.35;
09.01.2025 16:12:26;3.34;
09.01.2025 16:12:27;3.35;
09.01.2025 16:12:28;3.35;
09.01.2025 16:12:29;3.34;
09.01.2025 16:12:32;3.34;
09.01.2025 16:12:33;3.35;
09.01.2025 16:12:34;3.34;
09.01.2025 16:12:36;3.34;
09.01.2025 16:12:37;3.35;
09.01.2025 16:12:38;3.34;
09.01.2025 16:12:39;3.34;
09.01.2025 16:12:40;3.35;
09.01.2025 16:12:41;3.35;
09.01.2025 16:12:42;3.34;
09.01.2025 16:12:43;3.34;
09.01.2025 16:12:44;3.35;
09.01.2025 16:12:47;3.35;
09.01.2025 16:12:48;3.34;
09.01.2025 16:12:49;3.34;
09.01.2025 16:12:50;3.35;
09.01.2025 16:12:51;3.34;
09.01.2025 16:12:52;3.34;
09.01.2025 16:12:53;3.35;
09.01.2025 16:12:54;3.34;
09.01.2025 16:12:55;3.35;
09.01.2025 16:12:56;3.35;
09.01.2025 16:12:57;3.34;
09.01.2025 16:12:58;3.36;
09.01.2025 16:12:59;3.35;
09.01.2025 16:13:01;3.35;
09.01.2025 16:13:02;3.34;
09.01.2025 16:13:03;3.34;
09.01.2025 16:13:04;3.35;
09.01.2025 16:13:05;3.34;
09.01.2025 16:13:06;3.34;
09.01.2025 16:13:07;3.35;
09.01.2025 16:13:14;3.35;
09.01.2025 16:13:15;3.34;
09.01.2025 16:13:16;3.35;
09.01.2025 16:13:17;3.36;
09.01.2025 16:13:18;3.35;
09.01.2025 16:13:21;3.35;
09.01.2025 16:13:22;3.34;
09.01.2025 16:13:23;3.34;
09.01.2025 16:13:24;3.35;
09.01.2025 16:13:25;3.34;
09.01.2025 16:13:26;3.34;
09.01.2025 16:13:27;3.35;
09.01.2025 16:13:28;3.34;
09.01.2025 16:13:29;3.35;
09.01.2025 16:13:30;3.35;
09.01.2025 16:13:31;3.33;
09.01.2025 16:13:32;3.34;
09.01.2025 16:13:33;3.35;
09.01.2025 16:13:34;3.34;
09.01.2025 16:13:35;3.35;
09.01.2025 16:13:38;3.35;
09.01.2025 16:13:39;3.34;
09.01.2025 16:13:40;3.34;
09.01.2025 16:13:41;3.35;
09.01.2025 16:13:42;3.35;
09.01.2025 16:13:43;3.34;
09.01.2025 16:13:44;3.35;
09.01.2025 16:13:47;3.35;
09.01.2025 16:13:48;3.34;
09.01.2025 16:13:49;3.34;
09.01.2025 16:13:50;3.35;
09.01.2025 16:13:57;3.35;
09.01.2025 16:13:58;3.34;
09.01.2025 16:13:59;3.35;
09.01.2025 16:14:00;3.35;
09.01.2025 16:14:01;3.34;
09.01.2025 16:14:04;3.34;
09.01.2025 16:14:05;3.35;
09.01.2025 16:14:06;3.35;
09.01.2025 16:14:07;3.34;
09.01.2025 16:14:08;3.35;
09.01.2025 16:14:10;3.35;
09.01.2025 16:14:11;3.34;
09.01.2025 16:14:12;3.35;
09.01.2025 16:14:21;3.35;
09.01.2025 16:14:22;3.34;
09.01.2025 16:14:23;3.35;
09.01.2025 16:14:24;3.34;
09.01.2025 16:14:25;3.35;
09.01.2025 16:14:28;3.35;
09.01.2025 16:14:29;3.34;
09.01.2025 16:14:30;3.34;
09.01.2025 16:14:31;3.35;
09.01.2025 16:14:32;3.34;
09.01.2025 16:14:33;3.34;
09.01.2025 16:14:34;3.35;
09.01.2025 16:14:35;3.36;
09.01.2025 16:14:36;3.35;
09.01.2025 16:14:39;3.35;
09.01.2025 16:14:40;3.34;
09.01.2025 16:14:41;3.35;
09.01.2025 16:14:47;3.35;
09.01.2025 16:14:48;3.36;
09.01.2025 16:14:49;3.34;
09.01.2025 16:14:50;3.35;
09.01.2025 16:14:51;3.35;
09.01.2025 16:14:52;3.34;
09.01.2025 16:14:53;3.35;
09.01.2025 16:15:01;3.35;
09.01.2025 16:15:02;3.34;
09.01.2025 16:15:03;3.35;
09.01.2025 16:15:05;3.35;
09.01.2025 16:15:06;3.36;
09.01.2025 16:15:07;3.35;
09.01.2025 16:15:13;3.35;
09.01.2025 16:15:14;3.34;
09.01.2025 16:15:15;3.34;
09.01.2025 16:15:16;3.35;
09.01.2025 16:15:17;3.34;
09.01.2025 16:15:18;3.35;
09.01.2025 16:15:19;3.36;
09.01.2025 16:15:20;3.35;
09.01.2025 16:15:21;3.34;
09.01.2025 16:15:22;3.35;
09.01.2025 16:15:24;3.35;
09.01.2025 16:15:25;3.36;
09.01.2025 16:15:26;3.35;
09.01.2025 16:15:28;3.35;
09.01.2025 16:15:29;3.36;
09.01.2025 16:15:30;3.35;
09.01.2025 16:15:31;3.35;
09.01.2025 16:15:32;3.36;
09.01.2025 16:15:33;3.36;
09.01.2025 16:15:34;3.35;
09.01.2025 16:15:35;3.36;
09.01.2025 16:15:36;3.35;
09.01.2025 16:15:37;3.35;
09.01.2025 16:15:38;3.34;
09.01.2025 16:15:39;3.35;
09.01.2025 16:15:40;3.34;
09.01.2025 16:15:41;3.35;
09.01.2025 16:15:42;3.34;
09.01.2025 16:15:43;3.36;
09.01.2025 16:15:44;3.35;
09.01.2025 16:15:45;3.35;
09.01.2025 16:15:46;3.34;
09.01.2025 16:15:47;3.34;
09.01.2025 16:15:48;3.35;
09.01.2025 16:15:50;3.35;
09.01.2025 16:15:51;3.34;
09.01.2025 16:15:52;3.35;
09.01.2025 16:15:56;3.35;
09.01.2025 16:15:57;3.36;
09.01.2025 16:15:58;3.35;
09.01.2025 16:16:02;3.35;
09.01.2025 16:16:03;3.36;
09.01.2025 16:16:04;3.35;
09.01.2025 16:16:05;3.36;
09.01.2025 16:16:06;3.35;
09.01.2025 16:16:10;3.35;
09.01.2025 16:16:11;3.36;
09.01.2025 16:16:12;3.35;
09.01.2025 16:16:22;3.35;
09.01.2025 16:16:23;3.34;
09.01.2025 16:16:24;3.34;
09.01.2025 16:16:25;3.35;
09.01.2025 16:16:26;3.35;
09.01.2025 16:16:27;3.36;
09.01.2025 16:16:28;3.35;
09.01.2025 16:16:30;3.35;
09.01.2025 16:16:31;3.36;
09.01.2025 16:16:32;3.35;
09.01.2025 16:16:33;3.35;
09.01.2025 16:16:34;3.34;
09.01.2025 16:16:35;3.36;
09.01.2025 16:16:36;3.35;
09.01.2025 16:16:37;3.36;
09.01.2025 16:16:38;3.35;
09.01.2025 16:16:40;3.35;
09.01.2025 16:16:41;3.36;
09.01.2025 16:16:42;3.34;
09.01.2025 16:16:43;3.35;
09.01.2025 16:16:46;3.35;
09.01.2025 16:16:47;3.34;
09.01.2025 16:16:48;3.35;
09.01.2025 16:16:51;3.35;
09.01.2025 16:16:52;3.34;
09.01.2025 16:16:53;3.36;
09.01.2025 16:16:54;3.35;
09.01.2025 16:17:05;3.35;
09.01.2025 16:17:06;3.36;
09.01.2025 16:17:07;3.35;
09.01.2025 16:17:09;3.35;
09.01.2025 16:17:10;3.34;
09.01.2025 16:17:11;3.35;
09.01.2025 16:17:12;3.34;
09.01.2025 16:17:13;3.35;
09.01.2025 16:17:15;3.35;
09.01.2025 16:17:16;3.36;
09.01.2025 16:17:17;3.35;
09.01.2025 16:17:19;3.35;
09.01.2025 16:17:20;3.34;
09.01.2025 16:17:21;3.35;
09.01.2025 16:17:22;3.35;
09.01.2025 16:17:23;3.34;
09.01.2025 16:17:24;3.34;
09.01.2025 16:17:25;3.35;
09.01.2025 16:17:29;3.35;
09.01.2025 16:17:30;3.34;
09.01.2025 16:17:31;3.35;
09.01.2025 16:17:32;3.34;
09.01.2025 16:17:33;3.35;
09.01.2025 16:17:37;3.35;
09.01.2025 16:17:38;3.34;
09.01.2025 16:17:39;3.35;
09.01.2025 16:17:40;3.35;
09.01.2025 16:17:41;3.34;
09.01.2025 16:17:42;3.35;
09.01.2025 16:17:53;3.35;
09.01.2025 16:17:54;3.34;
09.01.2025 16:17:55;3.35;
09.01.2025 16:17:56;3.35;
09.01.2025 16:17:57;3.36;
09.01.2025 16:17:58;3.34;
09.01.2025 16:18:00;3.34;
09.01.2025 16:18:01;3.35;
09.01.2025 16:18:03;3.35;
09.01.2025 16:18:04;3.34;
09.01.2025 16:18:05;3.35;
09.01.2025 16:18:12;3.35;
09.01.2025 16:18:13;3.34;
09.01.2025 16:18:14;3.35;
09.01.2025 16:18:15;3.35;
09.01.2025 16:18:16;3.34;
09.01.2025 16:18:17;3.35;
09.01.2025 16:18:19;3.35;
09.01.2025 16:18:20;3.34;
09.01.2025 16:18:21;3.34;
09.01.2025 16:18:22;3.35;
09.01.2025 16:18:33;3.35;
09.01.2025 16:18:34;3.36;
09.01.2025 16:18:35;3.35;
09.01.2025 16:18:47;3.35;
09.01.2025 16:18:48;3.36;
09.01.2025 16:18:49;3.35;
09.01.2025 16:18:55;3.35;
09.01.2025 16:18:56;3.34;
09.01.2025 16:18:57;3.34;
09.01.2025 16:18:58;3.35;
09.01.2025 16:18:59;3.36;
09.01.2025 16:19:00;3.35;
09.01.2025 16:19:01;3.34;
09.01.2025 16:19:02;3.35;
09.01.2025 16:19:03;3.34;
09.01.2025 16:19:04;3.35;
09.01.2025 16:19:12;3.35;
09.01.2025 16:19:13;3.34;
09.01.2025 16:19:14;3.35;
09.01.2025 16:19:29;3.35;
09.01.2025 16:19:30;3.34;
09.01.2025 16:19:31;3.35;
09.01.2025 16:19:38;3.35;
09.01.2025 16:19:39;3.34;
09.01.2025 16:19:40;3.35;
09.01.2025 16:19:41;3.34;
09.01.2025 16:19:42;3.34;
09.01.2025 16:19:43;3.35;
09.01.2025 16:19:44;3.36;
09.01.2025 16:19:45;3.35;
09.01.2025 16:19:46;3.34;
09.01.2025 16:19:47;3.34;
09.01.2025 16:19:48;3.35;
09.01.2025 16:19:54;3.35;
09.01.2025 16:19:55;3.34;
09.01.2025 16:19:56;3.35;
09.01.2025 16:19:57;3.34;
09.01.2025 16:19:58;3.35;
09.01.2025 16:20:03;3.35;
09.01.2025 16:20:04;3.34;
09.01.2025 16:20:05;3.35;
09.01.2025 16:20:13;3.35;
09.01.2025 16:20:14;3.36;
09.01.2025 16:20:15;3.35;
09.01.2025 16:20:22;3.35;
09.01.2025 16:20:23;3.36;
09.01.2025 16:20:24;3.35;
09.01.2025 16:20:25;3.35;
09.01.2025 16:20:26;3.36;
09.01.2025 16:20:27;3.34;
09.01.2025 16:20:28;3.35;
09.01.2025 16:20:31;3.35;
09.01.2025 16:20:32;3.34;
09.01.2025 16:20:35;3.34;
09.01.2025 16:20:36;3.35;
09.01.2025 16:20:37;3.34;
09.01.2025 16:20:38;3.34;
09.01.2025 16:20:39;3.35;
09.01.2025 16:20:40;3.35;
09.01.2025 16:20:41;3.34;
09.01.2025 16:20:42;3.34;
09.01.2025 16:20:43;3.35;
09.01.2025 16:20:45;3.35;
09.01.2025 16:20:46;3.34;
09.01.2025 16:20:48;3.34;
09.01.2025 16:20:49;3.35;
09.01.2025 16:20:51;3.35;
09.01.2025 16:20:52;3.34;
09.01.2025 16:20:53;3.35;
09.01.2025 16:20:56;3.35;
09.01.2025 16:20:57;3.34;
09.01.2025 16:20:58;3.34;
09.01.2025 16:20:59;3.35;
09.01.2025 16:21:03;3.35;
09.01.2025 16:21:04;3.36;
09.01.2025 16:21:05;3.35;
09.01.2025 16:21:06;3.34;
09.01.2025 16:21:07;3.35;
09.01.2025 16:21:08;3.35;
09.01.2025 16:21:09;3.34;
09.01.2025 16:21:10;3.34;
09.01.2025 16:21:11;3.35;
09.01.2025 16:21:17;3.35;
09.01.2025 16:21:18;3.34;
09.01.2025 16:21:19;3.34;
09.01.2025 16:21:20;3.36;
09.01.2025 16:21:21;3.35;
09.01.2025 16:21:30;3.35;
09.01.2025 16:21:31;3.34;
09.01.2025 16:21:32;3.35;
09.01.2025 16:21:34;3.35;
09.01.2025 16:21:35;3.34;
09.01.2025 16:21:36;3.35;
09.01.2025 16:21:38;3.35;
09.01.2025 16:21:39;3.34;
09.01.2025 16:21:41;3.34;
09.01.2025 16:21:42;3.35;
09.01.2025 16:22:00;3.35;
09.01.2025 16:22:01;3.34;
09.01.2025 16:22:02;3.35;
09.01.2025 16:22:07;3.35;
09.01.2025 16:22:08;3.34;
09.01.2025 16:22:09;3.34;
09.01.2025 16:22:10;3.35;
09.01.2025 16:22:11;3.34;
09.01.2025 16:22:12;3.34;
09.01.2025 16:22:13;3.35;
09.01.2025 16:22:15;3.35;
09.01.2025 16:22:16;3.34;
09.01.2025 16:22:17;3.34;
09.01.2025 16:22:18;3.35;
09.01.2025 16:22:19;3.35;
09.01.2025 16:22:20;3.34;
09.01.2025 16:22:21;3.35;
09.01.2025 16:22:27;3.35;
09.01.2025 16:22:28;3.36;
09.01.2025 16:22:29;3.35;
09.01.2025 16:22:31;3.35;
09.01.2025 16:22:32;3.34;
09.01.2025 16:22:33;3.35;
09.01.2025 16:22:34;3.34;
09.01.2025 16:22:35;3.35;
09.01.2025 16:22:38;3.35;
09.01.2025 16:22:39;3.34;
09.01.2025 16:22:40;3.35;
09.01.2025 16:22:41;3.34;
09.01.2025 16:22:42;3.35;
09.01.2025 16:22:44;3.35;
09.01.2025 16:22:45;3.34;
09.01.2025 16:22:46;3.35;
09.01.2025 16:22:51;3.35;
09.01.2025 16:22:52;3.34;
09.01.2025 16:22:53;3.34;
09.01.2025 16:22:54;3.35;
09.01.2025 16:22:55;3.34;
09.01.2025 16:22:56;3.35;
09.01.2025 16:22:57;3.35;
09.01.2025 16:22:58;3.34;
09.01.2025 16:22:59;3.36;
09.01.2025 16:23:00;3.35;
09.01.2025 16:23:02;3.35;
09.01.2025 16:23:03;3.34;
09.01.2025 16:23:04;3.35;
09.01.2025 16:23:06;3.35;
09.01.2025 16:23:07;3.34;
09.01.2025 16:23:08;3.35;
09.01.2025 16:23:10;3.35;
09.01.2025 16:23:11;3.34;
09.01.2025 16:23:12;3.34;
09.01.2025 16:23:13;3.35;
09.01.2025 16:23:19;3.35;
09.01.2025 16:23:20;3.34;
09.01.2025 16:23:21;3.35;
09.01.2025 16:23:24;3.35;
09.01.2025 16:23:25;3.34;
09.01.2025 16:23:27;3.34;
09.01.2025 16:23:28;3.35;
09.01.2025 16:23:29;3.34;
09.01.2025 16:23:30;3.35;
09.01.2025 16:23:31;3.34;
09.01.2025 16:23:32;3.34;
09.01.2025 16:23:33;3.35;
09.01.2025 16:23:37;3.35;
09.01.2025 16:23:38;3.36;
09.01.2025 16:23:39;3.35;
09.01.2025 16:23:40;3.35;
09.01.2025 16:23:41;3.36;
09.01.2025 16:23:42;3.36;
09.01.2025 16:23:43;3.35;
09.01.2025 16:23:44;3.34;
09.01.2025 16:23:45;3.35;
09.01.2025 16:23:47;3.35;
09.01.2025 16:23:48;3.34;
09.01.2025 16:23:49;3.35;
09.01.2025 16:23:50;3.34;
09.01.2025 16:23:51;3.35;
09.01.2025 16:23:53;3.35;
09.01.2025 16:23:54;3.34;
09.01.2025 16:23:55;3.35;
09.01.2025 16:23:57;3.35;
09.01.2025 16:23:58;3.34;
09.01.2025 16:23:59;3.35;
09.01.2025 16:24:00;3.36;
09.01.2025 16:24:01;3.34;
09.01.2025 16:24:02;3.35;
09.01.2025 16:24:03;3.33;
09.01.2025 16:24:04;3.34;
09.01.2025 16:24:07;3.34;
09.01.2025 16:24:08;3.35;
09.01.2025 16:24:14;3.35;
09.01.2025 16:24:15;3.34;
09.01.2025 16:24:18;3.34;
09.01.2025 16:24:19;3.35;
09.01.2025 16:24:20;3.34;
09.01.2025 16:24:21;3.35;
09.01.2025 16:24:24;3.35;
09.01.2025 16:24:25;3.34;
09.01.2025 16:24:26;3.35;
09.01.2025 16:24:27;3.34;
09.01.2025 16:24:28;3.35;
09.01.2025 16:24:29;3.35;
09.01.2025 16:24:30;3.36;
09.01.2025 16:24:31;3.34;
09.01.2025 16:24:32;3.34;
09.01.2025 16:24:33;3.35;
09.01.2025 16:24:34;3.34;
09.01.2025 16:24:38;3.34;
09.01.2025 16:24:39;3.35;
09.01.2025 16:24:44;3.35;
09.01.2025 16:24:45;3.34;
09.01.2025 16:24:48;3.34;
09.01.2025 16:24:49;3.33;
09.01.2025 16:24:50;3.35;
09.01.2025 16:24:51;3.34;
09.01.2025 16:24:52;3.35;
09.01.2025 16:24:53;3.34;
09.01.2025 16:24:54;3.35;
09.01.2025 16:24:55;3.34;
09.01.2025 16:24:56;3.34;
09.01.2025 16:24:57;3.35;
09.01.2025 16:24:58;3.34;
09.01.2025 16:25:00;3.34;
09.01.2025 16:25:01;3.33;
09.01.2025 16:25:02;3.34;
09.01.2025 16:25:03;3.35;
09.01.2025 16:25:04;3.34;
09.01.2025 16:25:05;3.35;
09.01.2025 16:25:06;3.34;
09.01.2025 16:25:08;3.34;
09.01.2025 16:25:09;3.35;
09.01.2025 16:25:10;3.35;
09.01.2025 16:25:11;3.34;
09.01.2025 16:25:12;3.35;
09.01.2025 16:25:13;3.34;
09.01.2025 16:25:15;3.34;
09.01.2025 16:25:16;3.35;
09.01.2025 16:25:17;3.34;
09.01.2025 16:25:18;3.35;
09.01.2025 16:25:19;3.34;
09.01.2025 16:25:20;3.34;
09.01.2025 16:25:21;3.35;
09.01.2025 16:25:22;3.34;
09.01.2025 16:25:24;3.34;
09.01.2025 16:25:25;3.35;
09.01.2025 16:25:26;3.35;
09.01.2025 16:25:27;3.34;
09.01.2025 16:25:29;3.34;
09.01.2025 16:25:30;3.35;
09.01.2025 16:25:31;3.34;
09.01.2025 16:25:32;3.35;
09.01.2025 16:25:33;3.35;
09.01.2025 16:25:34;3.34;
09.01.2025 16:25:35;3.33;
09.01.2025 16:25:36;3.34;
09.01.2025 16:25:37;3.35;
09.01.2025 16:25:38;3.33;
09.01.2025 16:25:39;3.34;
09.01.2025 16:25:40;3.35;
09.01.2025 16:25:41;3.34;
09.01.2025 16:25:44;3.34;
09.01.2025 16:25:45;3.35;
09.01.2025 16:25:47;3.35;
09.01.2025 16:25:48;3.34;
09.01.2025 16:25:49;3.35;
09.01.2025 16:25:51;3.35;
09.01.2025 16:25:52;3.34;
09.01.2025 16:25:55;3.34;
09.01.2025 16:25:56;3.35;
09.01.2025 16:25:57;3.35;
09.01.2025 16:25:58;3.34;
09.01.2025 16:25:59;3.34;
09.01.2025 16:26:00;3.35;
09.01.2025 16:26:01;3.34;
09.01.2025 16:26:04;3.34;
09.01.2025 16:26:05;3.35;
09.01.2025 16:26:06;3.34;
09.01.2025 16:26:07;3.34;
09.01.2025 16:26:08;3.35;
09.01.2025 16:26:10;3.35;
09.01.2025 16:26:11;3.34;
09.01.2025 16:26:12;3.35;
09.01.2025 16:26:13;3.34;
09.01.2025 16:26:14;3.35;
09.01.2025 16:26:15;3.34;
09.01.2025 16:26:16;3.36;
09.01.2025 16:26:17;3.35;
09.01.2025 16:26:18;3.35;
09.01.2025 16:26:19;3.34;
09.01.2025 16:26:20;3.34;
09.01.2025 16:26:21;3.35;
09.01.2025 16:26:26;3.35;
09.01.2025 16:26:27;3.34;
09.01.2025 16:26:28;3.35;
09.01.2025 16:26:29;3.35;
09.01.2025 16:26:30;3.34;
09.01.2025 16:26:31;3.35;
09.01.2025 16:26:32;3.35;
09.01.2025 16:26:33;3.34;
09.01.2025 16:26:34;3.35;
09.01.2025 16:26:36;3.35;
09.01.2025 16:26:37;3.34;
09.01.2025 16:26:38;3.35;
09.01.2025 16:26:39;3.35;
09.01.2025 16:26:40;3.34;
09.01.2025 16:26:41;3.35;
09.01.2025 16:26:42;3.35;
09.01.2025 16:26:43;3.34;
09.01.2025 16:26:44;3.35;
09.01.2025 16:26:45;3.35;
09.01.2025 16:26:46;3.34;
09.01.2025 16:26:47;3.35;
09.01.2025 16:26:48;3.35;
09.01.2025 16:26:49;3.34;
09.01.2025 16:26:52;3.34;
09.01.2025 16:26:53;3.35;
09.01.2025 16:26:54;3.34;
09.01.2025 16:26:55;3.35;
09.01.2025 16:26:57;3.35;
09.01.2025 16:26:58;3.34;
09.01.2025 16:26:59;3.34;
09.01.2025 16:27:00;3.35;
09.01.2025 16:27:02;3.35;
09.01.2025 16:27:03;3.34;
09.01.2025 16:27:04;3.35;
09.01.2025 16:27:05;3.36;
09.01.2025 16:27:06;3.35;
09.01.2025 16:27:14;3.35;
09.01.2025 16:27:15;3.34;
09.01.2025 16:27:16;3.34;
09.01.2025 16:27:17;3.35;
09.01.2025 16:27:18;3.36;
09.01.2025 16:27:19;3.35;
09.01.2025 16:27:20;3.35;
09.01.2025 16:27:21;3.34;
09.01.2025 16:27:22;3.35;
09.01.2025 16:27:26;3.35;
09.01.2025 16:27:27;3.34;
09.01.2025 16:27:28;3.35;
09.01.2025 16:27:31;3.35;
09.01.2025 16:27:32;3.34;
09.01.2025 16:27:33;3.35;
09.01.2025 16:27:42;3.35;
09.01.2025 16:27:43;3.34;
09.01.2025 16:27:44;3.34;
09.01.2025 16:27:45;3.35;
09.01.2025 16:27:46;3.35;
09.01.2025 16:27:47;3.34;
09.01.2025 16:27:49;3.34;
09.01.2025 16:27:50;3.35;
09.01.2025 16:27:51;3.36;
09.01.2025 16:27:52;3.34;
09.01.2025 16:27:53;3.35;
09.01.2025 16:27:54;3.34;
09.01.2025 16:27:55;3.35;
09.01.2025 16:27:56;3.34;
09.01.2025 16:27:57;3.35;
09.01.2025 16:28:00;3.35;
09.01.2025 16:28:01;3.34;
09.01.2025 16:28:02;3.35;
09.01.2025 16:28:03;3.35;
09.01.2025 16:28:04;3.34;
09.01.2025 16:28:05;3.34;
09.01.2025 16:28:06;3.35;
09.01.2025 16:28:07;3.34;
09.01.2025 16:28:08;3.35;
09.01.2025 16:28:09;3.34;
09.01.2025 16:28:10;3.35;
09.01.2025 16:28:13;3.35;
09.01.2025 16:28:14;3.34;
09.01.2025 16:28:16;3.34;
09.01.2025 16:28:17;3.35;
09.01.2025 16:28:22;3.35;
09.01.2025 16:28:23;3.34;
09.01.2025 16:28:24;3.35;
09.01.2025 16:28:25;3.35;
09.01.2025 16:28:26;3.36;
09.01.2025 16:28:27;3.35;
09.01.2025 16:28:28;3.34;
09.01.2025 16:28:29;3.35;
09.01.2025 16:28:31;3.35;
09.01.2025 16:28:32;3.34;
09.01.2025 16:28:33;3.34;
09.01.2025 16:28:34;3.35;
09.01.2025 16:28:36;3.35;
09.01.2025 16:28:37;3.34;
09.01.2025 16:28:38;3.35;
09.01.2025 16:28:39;3.34;
09.01.2025 16:28:40;3.35;
09.01.2025 16:28:41;3.34;
09.01.2025 16:28:42;3.35;
09.01.2025 16:28:43;3.35;
09.01.2025 16:28:44;3.34;
09.01.2025 16:28:45;3.35;
09.01.2025 16:28:46;3.35;
09.01.2025 16:28:47;3.34;
09.01.2025 16:28:48;3.34;
09.01.2025 16:28:49;3.35;
09.01.2025 16:28:53;3.35;
09.01.2025 16:28:54;3.34;
09.01.2025 16:28:55;3.35;
09.01.2025 16:28:56;3.34;
09.01.2025 16:28:57;3.36;
09.01.2025 16:28:58;3.35;
09.01.2025 16:29:01;3.35;
09.01.2025 16:29:02;3.36;
09.01.2025 16:29:03;3.35;
09.01.2025 16:29:06;3.35;
09.01.2025 16:29:07;3.34;
09.01.2025 16:29:08;3.34;
09.01.2025 16:29:09;3.36;
09.01.2025 16:29:10;3.35;
09.01.2025 16:29:15;3.35;
09.01.2025 16:29:16;3.36;
09.01.2025 16:29:17;3.35;
09.01.2025 16:29:21;3.35;
09.01.2025 16:29:22;3.34;
09.01.2025 16:29:23;3.35;
09.01.2025 16:29:37;3.35;
09.01.2025 16:29:38;3.34;
09.01.2025 16:29:39;3.35;
09.01.2025 16:29:42;3.35;
09.01.2025 16:29:43;3.34;
09.01.2025 16:29:44;3.36;
09.01.2025 16:29:45;3.35;
09.01.2025 16:29:47;3.35;
09.01.2025 16:29:48;3.36;
09.01.2025 16:29:49;3.35;
09.01.2025 16:29:50;3.34;
09.01.2025 16:29:51;3.34;
09.01.2025 16:29:52;3.35;
09.01.2025 16:29:53;3.35;
09.01.2025 16:29:54;3.34;
09.01.2025 16:29:55;3.35;
09.01.2025 16:29:56;3.34;
09.01.2025 16:29:57;3.35;
09.01.2025 16:29:58;3.34;
09.01.2025 16:29:59;3.34;
09.01.2025 16:30:00;3.35;
09.01.2025 16:30:01;3.35;
09.01.2025 16:30:02;3.34;
09.01.2025 16:30:03;3.35;
09.01.2025 16:30:04;3.34;
09.01.2025 16:30:05;3.34;
09.01.2025 16:30:06;3.35;
09.01.2025 16:30:10;3.35;
09.01.2025 16:30:11;3.34;
09.01.2025 16:30:12;3.35;
09.01.2025 16:30:13;3.35;
09.01.2025 16:30:14;3.36;
09.01.2025 16:30:15;3.34;
09.01.2025 16:30:16;3.35;
09.01.2025 16:30:17;3.34;
09.01.2025 16:30:18;3.35;
09.01.2025 16:30:19;3.34;
09.01.2025 16:30:22;3.34;
09.01.2025 16:30:23;3.35;
09.01.2025 16:30:24;3.34;
09.01.2025 16:30:25;3.34;
09.01.2025 16:30:26;3.35;
09.01.2025 16:30:27;3.34;
09.01.2025 16:30:28;3.35;
09.01.2025 16:30:30;3.35;
09.01.2025 16:30:31;3.34;
09.01.2025 16:30:32;3.35;
09.01.2025 16:30:33;3.35;
09.01.2025 16:30:34;3.34;
09.01.2025 16:30:35;3.34;
09.01.2025 16:30:36;3.35;
09.01.2025 16:30:37;3.35;
09.01.2025 16:30:38;3.34;
09.01.2025 16:30:39;3.35;
09.01.2025 16:30:40;3.36;
09.01.2025 16:30:41;3.35;
09.01.2025 16:30:42;3.34;
09.01.2025 16:30:43;3.35;
09.01.2025 16:30:44;3.35;
09.01.2025 16:30:45;3.34;
09.01.2025 16:30:46;3.35;
09.01.2025 16:30:47;3.36;
09.01.2025 16:30:48;3.35;
09.01.2025 16:30:51;3.35;
09.01.2025 16:30:52;3.34;
09.01.2025 16:30:53;3.34;
09.01.2025 16:30:54;3.35;
09.01.2025 16:30:59;3.35;
09.01.2025 16:31:00;3.34;
09.01.2025 16:31:01;3.35;
09.01.2025 16:31:05;3.35;
09.01.2025 16:31:06;3.34;
09.01.2025 16:31:07;3.35;
09.01.2025 16:31:08;3.34;
09.01.2025 16:31:09;3.35;
09.01.2025 16:31:12;3.35;
09.01.2025 16:31:13;3.34;
09.01.2025 16:31:14;3.35;
09.01.2025 16:31:15;3.35;
09.01.2025 16:31:16;3.34;
09.01.2025 16:31:19;3.34;
09.01.2025 16:31:20;3.35;
09.01.2025 16:31:21;3.34;
09.01.2025 16:31:22;3.35;
09.01.2025 16:31:23;3.34;
09.01.2025 16:31:24;3.35;
09.01.2025 16:31:25;3.35;
09.01.2025 16:31:26;3.34;
09.01.2025 16:31:27;3.35;
09.01.2025 16:31:28;3.35;
09.01.2025 16:31:29;3.34;
09.01.2025 16:31:30;3.36;
09.01.2025 16:31:31;3.35;
09.01.2025 16:31:44;3.35;
09.01.2025 16:31:45;3.36;
09.01.2025 16:31:46;3.35;
09.01.2025 16:31:48;3.35;
09.01.2025 16:31:49;3.36;
09.01.2025 16:31:50;3.35;
09.01.2025 16:31:51;3.35;
09.01.2025 16:31:52;3.34;
09.01.2025 16:31:53;3.35;
09.01.2025 16:31:56;3.35;
09.01.2025 16:31:57;3.34;
09.01.2025 16:31:58;3.35;
09.01.2025 16:31:59;3.35;
09.01.2025 16:32:00;3.36;
09.01.2025 16:32:01;3.35;
09.01.2025 16:32:02;3.34;
09.01.2025 16:32:03;3.35;
09.01.2025 16:32:06;3.35;
09.01.2025 16:32:07;3.36;
09.01.2025 16:32:08;3.35;
09.01.2025 16:32:12;3.35;
09.01.2025 16:32:13;3.36;
09.01.2025 16:32:14;3.35;
09.01.2025 16:32:17;3.35;
09.01.2025 16:32:18;3.34;
09.01.2025 16:32:19;3.34;
09.01.2025 16:32:20;3.35;
09.01.2025 16:32:22;3.35;
09.01.2025 16:32:23;3.34;
09.01.2025 16:32:24;3.35;
09.01.2025 16:32:26;3.35;
09.01.2025 16:32:27;3.34;
09.01.2025 16:32:28;3.35;
09.01.2025 16:32:29;3.34;
09.01.2025 16:32:30;3.35;
09.01.2025 16:32:34;3.35;
09.01.2025 16:32:35;3.36;
09.01.2025 16:32:36;3.35;
09.01.2025 16:32:38;3.35;
09.01.2025 16:32:39;3.36;
09.01.2025 16:32:40;3.35;
09.01.2025 16:32:41;3.35;
09.01.2025 16:32:42;3.36;
09.01.2025 16:32:43;3.35;
09.01.2025 16:32:44;3.35;
09.01.2025 16:32:45;3.34;
09.01.2025 16:32:46;3.35;
09.01.2025 16:32:47;3.34;
09.01.2025 16:32:48;3.35;
09.01.2025 16:32:52;3.35;
09.01.2025 16:32:53;3.34;
09.01.2025 16:32:54;3.35;
09.01.2025 16:32:55;3.36;
09.01.2025 16:32:56;3.35;
09.01.2025 16:33:03;3.35;
09.01.2025 16:33:04;3.34;
09.01.2025 16:33:05;3.35;
09.01.2025 16:33:07;3.35;
09.01.2025 16:33:08;3.36;
09.01.2025 16:33:09;3.35;
09.01.2025 16:33:10;3.34;
09.01.2025 16:33:11;3.35;
09.01.2025 16:33:12;3.36;
09.01.2025 16:33:13;3.35;
09.01.2025 16:33:21;3.35;
09.01.2025 16:33:22;3.34;
09.01.2025 16:33:23;3.35;
09.01.2025 16:33:32;3.35;
09.01.2025 16:33:33;3.36;
09.01.2025 16:33:34;3.36;
09.01.2025 16:33:35;3.34;
09.01.2025 16:33:36;3.35;
09.01.2025 16:33:42;3.35;
09.01.2025 16:33:43;3.34;
09.01.2025 16:33:44;3.35;
09.01.2025 16:33:47;3.35;
09.01.2025 16:33:48;3.34;
09.01.2025 16:33:49;3.35;
09.01.2025 16:33:52;3.35;
09.01.2025 16:33:53;3.36;
09.01.2025 16:33:54;3.35;
09.01.2025 16:33:55;3.36;
09.01.2025 16:33:56;3.35;
09.01.2025 16:34:03;3.35;
09.01.2025 16:34:04;3.36;
09.01.2025 16:34:05;3.35;
09.01.2025 16:34:13;3.35;
09.01.2025 16:34:14;3.36;
09.01.2025 16:34:15;3.35;
09.01.2025 16:34:16;3.34;
09.01.2025 16:34:17;3.35;
09.01.2025 16:34:33;3.35;
09.01.2025 16:34:34;3.34;
09.01.2025 16:34:35;3.34;
09.01.2025 16:34:36;3.35;
09.01.2025 16:34:38;3.35;
09.01.2025 16:34:39;3.34;
09.01.2025 16:34:40;3.35;
09.01.2025 16:34:41;3.34;
09.01.2025 16:34:42;3.35;
09.01.2025 16:34:44;3.35;
09.01.2025 16:34:45;3.34;
09.01.2025 16:34:46;3.35;
09.01.2025 16:34:54;3.35;
09.01.2025 16:34:55;3.34;
09.01.2025 16:34:56;3.35;
09.01.2025 16:35:00;3.35;
09.01.2025 16:35:01;3.36;
09.01.2025 16:35:02;3.35;
09.01.2025 16:35:03;3.36;
09.01.2025 16:35:04;3.36;
09.01.2025 16:35:05;3.35;
09.01.2025 16:35:06;3.35;
09.01.2025 16:35:07;3.36;
09.01.2025 16:35:08;3.35;
09.01.2025 16:35:14;3.35;
09.01.2025 16:35:15;3.36;
09.01.2025 16:35:16;3.36;
09.01.2025 16:35:17;3.35;
09.01.2025 16:35:19;3.35;
09.01.2025 16:35:20;3.36;
09.01.2025 16:35:21;3.34;
09.01.2025 16:35:22;3.36;
09.01.2025 16:35:23;3.36;
09.01.2025 16:35:24;3.35;
09.01.2025 16:35:38;3.35;
09.01.2025 16:35:39;3.34;
09.01.2025 16:35:40;3.34;
09.01.2025 16:35:41;3.35;
09.01.2025 16:35:43;3.35;
09.01.2025 16:35:44;3.34;
09.01.2025 16:35:45;3.35;
09.01.2025 16:35:47;3.35;
09.01.2025 16:35:48;3.34;
09.01.2025 16:35:49;3.35;
09.01.2025 16:35:52;3.35;
09.01.2025 16:35:53;3.36;
09.01.2025 16:35:56;3.36;
09.01.2025 16:35:57;3.35;
09.01.2025 16:35:59;3.35;
09.01.2025 16:36:00;3.36;
09.01.2025 16:36:01;3.35;
09.01.2025 16:36:02;3.34;
09.01.2025 16:36:03;3.35;
09.01.2025 16:36:04;3.36;
09.01.2025 16:36:05;3.36;
09.01.2025 16:36:06;3.35;
09.01.2025 16:36:07;3.36;
09.01.2025 16:36:08;3.36;
09.01.2025 16:36:09;3.35;
09.01.2025 16:36:10;3.36;
09.01.2025 16:36:13;3.36;
09.01.2025 16:36:14;3.35;
09.01.2025 16:36:16;3.35;
09.01.2025 16:36:17;3.36;
09.01.2025 16:36:19;3.36;
09.01.2025 16:36:20;3.35;
09.01.2025 16:36:21;3.36;
09.01.2025 16:36:22;3.35;
09.01.2025 16:36:23;3.35;
09.01.2025 16:36:24;3.36;
09.01.2025 16:36:25;3.35;
09.01.2025 16:36:28;3.35;
09.01.2025 16:36:29;3.34;
09.01.2025 16:36:30;3.35;
09.01.2025 16:36:37;3.35;
09.01.2025 16:36:38;3.36;
09.01.2025 16:36:39;3.35;
09.01.2025 16:36:44;3.35;
09.01.2025 16:36:45;3.36;
09.01.2025 16:36:46;3.35;
09.01.2025 16:36:47;3.35;
09.01.2025 16:36:48;3.36;
09.01.2025 16:36:49;3.35;
09.01.2025 16:36:50;3.36;
09.01.2025 16:36:51;3.35;
09.01.2025 16:36:52;3.36;
09.01.2025 16:36:54;3.36;
09.01.2025 16:36:55;3.35;
09.01.2025 16:36:56;3.35;
09.01.2025 16:36:57;3.36;
09.01.2025 16:36:58;3.36;
09.01.2025 16:36:59;3.34;
09.01.2025 16:37:00;3.36;
09.01.2025 16:37:01;3.35;
09.01.2025 16:37:04;3.35;
09.01.2025 16:37:05;3.36;
09.01.2025 16:37:06;3.34;
09.01.2025 16:37:07;3.35;
09.01.2025 16:37:08;3.35;
09.01.2025 16:37:09;3.34;
09.01.2025 16:37:10;3.35;
09.01.2025 16:37:11;3.34;
09.01.2025 16:37:12;3.34;
09.01.2025 16:37:13;3.35;
09.01.2025 16:37:17;3.35;
09.01.2025 16:37:18;3.34;
09.01.2025 16:37:19;3.35;
09.01.2025 16:37:22;3.35;
09.01.2025 16:37:23;3.34;
09.01.2025 16:37:24;3.35;
09.01.2025 16:37:25;3.34;
09.01.2025 16:37:26;3.35;
09.01.2025 16:37:31;3.35;
09.01.2025 16:37:32;3.34;
09.01.2025 16:37:33;3.36;
09.01.2025 16:37:34;3.35;
09.01.2025 16:37:38;3.35;
09.01.2025 16:37:39;3.34;
09.01.2025 16:37:40;3.35;
09.01.2025 16:37:44;3.35;
09.01.2025 16:37:45;3.34;
09.01.2025 16:37:46;3.35;
09.01.2025 16:37:51;3.35;
09.01.2025 16:37:52;3.34;
09.01.2025 16:37:54;3.34;
09.01.2025 16:37:55;3.35;
09.01.2025 16:38:00;3.35;
09.01.2025 16:38:01;3.36;
09.01.2025 16:38:02;3.35;
09.01.2025 16:38:05;3.35;
09.01.2025 16:38:06;3.34;
09.01.2025 16:38:07;3.35;
09.01.2025 16:38:08;3.34;
09.01.2025 16:38:09;3.35;
09.01.2025 16:38:12;3.35;
09.01.2025 16:38:13;3.34;
09.01.2025 16:38:14;3.35;
09.01.2025 16:38:15;3.34;
09.01.2025 16:38:16;3.35;
09.01.2025 16:38:18;3.35;
09.01.2025 16:38:19;3.34;
09.01.2025 16:38:20;3.35;
09.01.2025 16:38:21;3.35;
09.01.2025 16:38:22;3.34;
09.01.2025 16:38:23;3.35;
09.01.2025 16:38:24;3.34;
09.01.2025 16:38:25;3.35;
09.01.2025 16:38:26;3.34;
09.01.2025 16:38:27;3.34;
09.01.2025 16:38:28;3.35;
09.01.2025 16:38:31;3.35;
09.01.2025 16:38:32;3.34;
09.01.2025 16:38:33;3.35;
09.01.2025 16:38:34;3.34;
09.01.2025 16:38:35;3.35;
09.01.2025 16:38:36;3.34;
09.01.2025 16:38:39;3.34;
09.01.2025 16:38:40;3.35;
09.01.2025 16:38:41;3.34;
09.01.2025 16:38:42;3.35;
09.01.2025 16:38:43;3.34;
09.01.2025 16:38:47;3.34;
09.01.2025 16:38:48;3.35;
09.01.2025 16:38:49;3.34;
09.01.2025 16:38:50;3.35;
09.01.2025 16:38:51;3.34;
09.01.2025 16:38:52;3.35;
09.01.2025 16:38:53;3.34;
09.01.2025 16:38:54;3.35;
09.01.2025 16:39:09;3.35;
09.01.2025 16:39:10;3.34;
09.01.2025 16:39:11;3.35;
09.01.2025 16:39:12;3.34;
09.01.2025 16:39:13;3.34;
09.01.2025 16:39:14;3.35;
09.01.2025 16:39:16;3.35;
09.01.2025 16:39:17;3.34;
09.01.2025 16:39:18;3.35;
09.01.2025 16:39:19;3.34;
09.01.2025 16:39:20;3.34;
09.01.2025 16:39:21;3.35;
09.01.2025 16:39:22;3.35;
09.01.2025 16:39:23;3.34;
09.01.2025 16:39:25;3.34;
09.01.2025 16:39:26;3.35;
09.01.2025 16:39:27;3.34;
09.01.2025 16:39:28;3.35;
09.01.2025 16:39:31;3.35;
09.01.2025 16:39:32;3.34;
09.01.2025 16:39:33;3.34;
09.01.2025 16:39:34;3.35;
09.01.2025 16:39:35;3.34;
09.01.2025 16:39:36;3.34;
09.01.2025 16:39:37;3.35;
09.01.2025 16:39:39;3.35;
09.01.2025 16:39:40;3.34;
09.01.2025 16:39:41;3.35;
09.01.2025 16:39:42;3.36;
09.01.2025 16:39:43;3.35;
09.01.2025 16:39:44;3.34;
09.01.2025 16:39:45;3.35;
09.01.2025 16:39:46;3.34;
09.01.2025 16:39:47;3.35;
09.01.2025 16:39:48;3.35;
09.01.2025 16:39:49;3.34;
09.01.2025 16:39:50;3.35;
09.01.2025 16:39:58;3.35;
09.01.2025 16:39:59;3.34;
09.01.2025 16:40:00;3.35;
09.01.2025 16:40:01;3.34;
09.01.2025 16:40:06;3.34;
09.01.2025 16:40:07;3.35;
09.01.2025 16:40:08;3.34;
09.01.2025 16:40:09;3.35;
09.01.2025 16:40:10;3.35;
09.01.2025 16:40:11;3.34;
09.01.2025 16:40:12;3.35;
09.01.2025 16:40:13;3.34;
09.01.2025 16:40:19;3.34;
09.01.2025 16:40:20;3.35;
09.01.2025 16:40:21;3.35;
09.01.2025 16:40:22;3.34;
09.01.2025 16:40:24;3.34;
09.01.2025 16:40:25;3.35;
09.01.2025 16:40:27;3.35;
09.01.2025 16:40:28;3.34;
09.01.2025 16:40:29;3.35;
09.01.2025 16:40:30;3.35;
09.01.2025 16:40:31;3.34;
09.01.2025 16:40:32;3.35;
09.01.2025 16:40:33;3.34;
09.01.2025 16:40:34;3.34;
09.01.2025 16:40:35;3.35;
09.01.2025 16:40:36;3.34;
09.01.2025 16:40:38;3.34;
09.01.2025 16:40:39;3.35;
09.01.2025 16:40:40;3.35;
09.01.2025 16:40:41;3.34;
09.01.2025 16:40:43;3.34;
09.01.2025 16:40:44;3.35;
09.01.2025 16:40:45;3.35;
09.01.2025 16:40:46;3.34;
09.01.2025 16:40:47;3.35;
09.01.2025 16:40:48;3.34;
09.01.2025 16:40:49;3.35;
09.01.2025 16:40:53;3.35;
09.01.2025 16:40:54;3.34;
09.01.2025 16:40:55;3.34;
09.01.2025 16:40:56;3.35;
09.01.2025 16:40:59;3.35;
09.01.2025 16:41:00;3.34;
09.01.2025 16:41:01;3.35;
09.01.2025 16:41:02;3.35;
09.01.2025 16:41:03;3.34;
09.01.2025 16:41:04;3.35;
09.01.2025 16:41:05;3.34;
09.01.2025 16:41:06;3.35;
09.01.2025 16:41:08;3.35;
09.01.2025 16:41:09;3.34;
09.01.2025 16:41:10;3.35;
09.01.2025 16:41:11;3.34;
09.01.2025 16:41:13;3.34;
09.01.2025 16:41:14;3.35;
09.01.2025 16:41:16;3.35;
09.01.2025 16:41:17;3.34;
09.01.2025 16:41:18;3.34;
09.01.2025 16:41:19;3.35;
09.01.2025 16:41:20;3.35;
09.01.2025 16:41:21;3.34;
09.01.2025 16:41:22;3.35;
09.01.2025 16:41:24;3.35;
09.01.2025 16:41:25;3.34;
09.01.2025 16:41:26;3.34;
09.01.2025 16:41:27;3.35;
09.01.2025 16:41:28;3.34;
09.01.2025 16:41:29;3.35;
09.01.2025 16:41:30;3.35;
09.01.2025 16:41:31;3.34;
09.01.2025 16:41:32;3.35;
09.01.2025 16:41:33;3.34;
09.01.2025 16:41:35;3.34;
09.01.2025 16:41:36;3.35;
09.01.2025 16:41:39;3.35;
09.01.2025 16:41:40;3.34;
09.01.2025 16:41:41;3.35;
09.01.2025 16:41:42;3.34;
09.01.2025 16:41:43;3.35;
09.01.2025 16:41:44;3.35;
09.01.2025 16:41:45;3.34;
09.01.2025 16:41:47;3.34;
09.01.2025 16:41:48;3.35;
09.01.2025 16:41:49;3.34;
09.01.2025 16:41:50;3.34;
09.01.2025 16:41:51;3.35;
09.01.2025 16:41:52;3.34;
09.01.2025 16:41:53;3.35;
09.01.2025 16:41:57;3.35;
09.01.2025 16:41:58;3.34;
09.01.2025 16:41:59;3.35;
09.01.2025 16:42:00;3.34;
09.01.2025 16:42:01;3.35;
09.01.2025 16:42:05;3.35;
09.01.2025 16:42:06;3.34;
09.01.2025 16:42:07;3.34;
09.01.2025 16:42:08;3.35;
09.01.2025 16:42:10;3.35;
09.01.2025 16:42:11;3.34;
09.01.2025 16:42:12;3.35;
09.01.2025 16:42:13;3.34;
09.01.2025 16:42:14;3.35;
09.01.2025 16:42:17;3.35;
09.01.2025 16:42:18;3.34;
09.01.2025 16:42:19;3.36;
09.01.2025 16:42:20;3.34;
09.01.2025 16:42:21;3.34;
09.01.2025 16:42:22;3.35;
09.01.2025 16:42:23;3.35;
09.01.2025 16:42:24;3.34;
09.01.2025 16:42:25;3.34;
09.01.2025 16:42:26;3.35;
09.01.2025 16:42:29;3.35;
09.01.2025 16:42:30;3.34;
09.01.2025 16:42:31;3.35;
09.01.2025 16:42:32;3.35;
09.01.2025 16:42:33;3.34;
09.01.2025 16:42:34;3.35;
09.01.2025 16:42:35;3.34;
09.01.2025 16:42:36;3.35;
09.01.2025 16:42:41;3.35;
09.01.2025 16:42:42;3.34;
09.01.2025 16:42:44;3.34;
09.01.2025 16:42:45;3.36;
09.01.2025 16:42:46;3.35;
09.01.2025 16:42:47;3.34;
09.01.2025 16:42:48;3.35;
09.01.2025 16:42:49;3.34;
09.01.2025 16:42:50;3.35;
09.01.2025 16:42:51;3.35;
09.01.2025 16:42:52;3.34;
09.01.2025 16:42:53;3.35;
09.01.2025 16:42:54;3.34;
09.01.2025 16:42:55;3.34;
09.01.2025 16:42:56;3.35;
09.01.2025 16:43:00;3.35;
09.01.2025 16:43:01;3.34;
09.01.2025 16:43:02;3.35;
09.01.2025 16:43:03;3.34;
09.01.2025 16:43:04;3.35;
09.01.2025 16:43:12;3.35;
09.01.2025 16:43:13;3.34;
09.01.2025 16:43:14;3.34;
09.01.2025 16:43:15;3.35;
09.01.2025 16:43:16;3.34;
09.01.2025 16:43:17;3.35;
09.01.2025 16:43:18;3.34;
09.01.2025 16:43:19;3.35;
09.01.2025 16:43:20;3.34;
09.01.2025 16:43:21;3.35;
09.01.2025 16:43:22;3.33;
09.01.2025 16:43:23;3.34;
09.01.2025 16:43:26;3.34;
09.01.2025 16:43:27;3.35;
09.01.2025 16:43:30;3.35;
09.01.2025 16:43:31;3.34;
09.01.2025 16:43:33;3.34;
09.01.2025 16:43:34;3.35;
09.01.2025 16:43:37;3.35;
09.01.2025 16:43:38;3.34;
09.01.2025 16:43:39;3.35;
09.01.2025 16:43:40;3.35;
09.01.2025 16:43:41;3.34;
09.01.2025 16:43:42;3.34;
09.01.2025 16:43:43;3.35;
09.01.2025 16:43:50;3.35;
09.01.2025 16:43:51;3.34;
09.01.2025 16:43:52;3.34;
09.01.2025 16:43:53;3.35;
09.01.2025 16:43:57;3.35;
09.01.2025 16:43:58;3.34;
09.01.2025 16:43:59;3.35;
09.01.2025 16:44:00;3.34;
09.01.2025 16:44:01;3.35;
09.01.2025 16:44:02;3.34;
09.01.2025 16:44:03;3.34;
09.01.2025 16:44:04;3.35;
09.01.2025 16:44:05;3.34;
09.01.2025 16:44:06;3.35;
09.01.2025 16:44:07;3.34;
09.01.2025 16:44:08;3.35;
09.01.2025 16:44:09;3.34;
09.01.2025 16:44:10;3.35;
09.01.2025 16:44:11;3.34;
09.01.2025 16:44:12;3.35;
09.01.2025 16:44:16;3.35;
09.01.2025 16:44:17;3.34;
09.01.2025 16:44:20;3.34;
09.01.2025 16:44:21;3.35;
09.01.2025 16:44:22;3.35;
09.01.2025 16:44:23;3.34;
09.01.2025 16:44:24;3.35;
09.01.2025 16:44:25;3.35;
09.01.2025 16:44:26;3.34;
09.01.2025 16:44:27;3.35;
09.01.2025 16:44:28;3.34;
09.01.2025 16:44:29;3.34;
09.01.2025 16:44:30;3.35;
09.01.2025 16:44:31;3.35;
09.01.2025 16:44:32;3.34;
09.01.2025 16:44:33;3.34;
09.01.2025 16:44:34;3.35;
09.01.2025 16:44:35;3.35;
09.01.2025 16:44:36;3.34;
09.01.2025 16:44:39;3.34;
09.01.2025 16:44:40;3.35;
09.01.2025 16:44:41;3.35;
09.01.2025 16:44:42;3.34;
09.01.2025 16:44:43;3.35;
09.01.2025 16:44:44;3.34;
09.01.2025 16:44:45;3.35;
09.01.2025 16:44:51;3.35;
09.01.2025 16:44:52;3.34;
09.01.2025 16:44:53;3.35;
09.01.2025 16:44:54;3.35;
09.01.2025 16:44:55;3.34;
09.01.2025 16:44:56;3.34;
09.01.2025 16:44:57;3.35;
09.01.2025 16:44:59;3.35;
09.01.2025 16:45:00;3.34;
09.01.2025 16:45:01;3.34;
09.01.2025 16:45:02;3.35;
09.01.2025 16:45:03;3.35;
09.01.2025 16:45:04;3.34;
09.01.2025 16:45:05;3.35;
09.01.2025 16:45:06;3.34;
09.01.2025 16:45:07;3.34;
09.01.2025 16:45:08;3.35;
09.01.2025 16:45:09;3.34;
09.01.2025 16:45:10;3.34;
09.01.2025 16:45:11;3.35;
09.01.2025 16:45:12;3.34;
09.01.2025 16:45:14;3.34;
09.01.2025 16:45:15;3.35;
09.01.2025 16:45:16;3.34;
09.01.2025 16:45:17;3.35;
09.01.2025 16:45:19;3.35;
09.01.2025 16:45:20;3.34;
09.01.2025 16:45:21;3.35;
09.01.2025 16:45:22;3.35;
09.01.2025 16:45:23;3.36;
09.01.2025 16:45:24;3.35;
09.01.2025 16:45:25;3.36;
09.01.2025 16:45:26;3.35;
09.01.2025 16:45:31;3.35;
09.01.2025 16:45:32;3.34;
09.01.2025 16:45:34;3.34;
09.01.2025 16:45:35;3.33;
09.01.2025 16:45:36;3.34;
09.01.2025 16:45:37;3.35;
09.01.2025 16:45:40;3.35;
09.01.2025 16:45:41;3.34;
09.01.2025 16:45:42;3.35;
09.01.2025 16:45:43;3.35;
09.01.2025 16:45:44;3.34;
09.01.2025 16:45:45;3.35;
09.01.2025 16:45:47;3.35;
09.01.2025 16:45:48;3.34;
09.01.2025 16:45:49;3.35;
09.01.2025 16:45:51;3.35;
09.01.2025 16:45:52;3.34;
09.01.2025 16:45:53;3.35;
09.01.2025 16:45:55;3.35;
09.01.2025 16:45:56;3.34;
09.01.2025 16:45:57;3.34;
09.01.2025 16:45:58;3.35;
09.01.2025 16:45:59;3.35;
09.01.2025 16:46:00;3.34;
09.01.2025 16:46:01;3.35;
09.01.2025 16:46:04;3.35;
09.01.2025 16:46:05;3.34;
09.01.2025 16:46:06;3.35;
09.01.2025 16:46:09;3.35;
09.01.2025 16:46:10;3.36;
09.01.2025 16:46:11;3.35;
09.01.2025 16:46:12;3.34;
09.01.2025 16:46:13;3.34;
09.01.2025 16:46:14;3.35;
09.01.2025 16:46:16;3.35;
09.01.2025 16:46:17;3.34;
09.01.2025 16:46:19;3.34;
09.01.2025 16:46:20;3.35;
09.01.2025 16:46:21;3.35;
09.01.2025 16:46:22;3.34;
09.01.2025 16:46:23;3.34;
09.01.2025 16:46:24;3.35;
09.01.2025 16:46:27;3.35;
09.01.2025 16:46:28;3.34;
09.01.2025 16:46:29;3.35;
09.01.2025 16:46:30;3.35;
09.01.2025 16:46:31;3.34;
09.01.2025 16:46:32;3.35;
09.01.2025 16:46:34;3.35;
09.01.2025 16:46:35;3.34;
09.01.2025 16:46:37;3.34;
09.01.2025 16:46:38;3.35;
09.01.2025 16:46:40;3.35;
09.01.2025 16:46:41;3.34;
09.01.2025 16:46:42;3.35;
09.01.2025 16:46:43;3.34;
09.01.2025 16:46:44;3.35;
09.01.2025 16:46:45;3.35;
09.01.2025 16:46:46;3.34;
09.01.2025 16:46:50;3.34;
09.01.2025 16:46:51;3.35;
09.01.2025 16:46:52;3.35;
09.01.2025 16:46:53;3.34;
09.01.2025 16:46:55;3.34;
09.01.2025 16:46:56;3.35;
09.01.2025 16:46:57;3.34;
09.01.2025 16:47:00;3.34;
09.01.2025 16:47:01;3.35;
09.01.2025 16:47:02;3.34;
09.01.2025 16:47:03;3.34;
09.01.2025 16:47:04;3.35;
09.01.2025 16:47:05;3.35;
09.01.2025 16:47:06;3.34;
09.01.2025 16:47:07;3.35;
09.01.2025 16:47:08;3.34;
09.01.2025 16:47:09;3.35;
09.01.2025 16:47:10;3.35;
09.01.2025 16:47:11;3.33;
09.01.2025 16:47:12;3.35;
09.01.2025 16:47:13;3.35;
09.01.2025 16:47:14;3.34;
09.01.2025 16:47:16;3.34;
09.01.2025 16:47:17;3.35;
09.01.2025 16:47:18;3.34;
09.01.2025 16:47:19;3.35;
09.01.2025 16:47:20;3.34;
09.01.2025 16:47:23;3.34;
09.01.2025 16:47:24;3.33;
09.01.2025 16:47:25;3.34;
09.01.2025 16:47:26;3.35;
09.01.2025 16:47:27;3.34;
09.01.2025 16:47:28;3.34;
09.01.2025 16:47:29;3.35;
09.01.2025 16:47:30;3.35;
09.01.2025 16:47:31;3.34;
09.01.2025 16:47:32;3.35;
09.01.2025 16:47:33;3.34;
09.01.2025 16:47:37;3.34;
09.01.2025 16:47:38;3.35;
09.01.2025 16:47:39;3.34;
09.01.2025 16:47:44;3.34;
09.01.2025 16:47:45;3.35;
09.01.2025 16:47:46;3.34;
09.01.2025 16:47:47;3.34;
09.01.2025 16:47:48;3.35;
09.01.2025 16:47:49;3.35;
09.01.2025 16:47:50;3.34;
09.01.2025 16:47:56;3.34;
09.01.2025 16:47:57;3.35;
09.01.2025 16:47:58;3.34;
09.01.2025 16:48:01;3.34;
09.01.2025 16:48:02;3.35;
09.01.2025 16:48:03;3.34;
09.01.2025 16:48:05;3.34;
09.01.2025 16:48:06;3.35;
09.01.2025 16:48:09;3.35;
09.01.2025 16:48:10;3.34;
09.01.2025 16:48:14;3.34;
09.01.2025 16:48:15;3.35;
09.01.2025 16:48:17;3.35;
09.01.2025 16:48:18;3.34;
09.01.2025 16:48:19;3.35;
09.01.2025 16:48:20;3.35;
09.01.2025 16:48:21;3.34;
09.01.2025 16:48:22;3.35;
09.01.2025 16:48:24;3.35;
09.01.2025 16:48:25;3.34;
09.01.2025 16:48:28;3.34;
09.01.2025 16:48:29;3.35;
09.01.2025 16:48:30;3.34;
09.01.2025 16:48:33;3.34;
09.01.2025 16:48:34;3.35;
09.01.2025 16:48:35;3.34;
09.01.2025 16:48:38;3.34;
09.01.2025 16:48:39;3.35;
09.01.2025 16:48:40;3.34;
09.01.2025 16:48:41;3.35;
09.01.2025 16:48:42;3.34;
09.01.2025 16:48:43;3.35;
09.01.2025 16:48:44;3.34;
09.01.2025 16:48:45;3.33;
09.01.2025 16:48:46;3.35;
09.01.2025 16:48:49;3.35;
09.01.2025 16:48:50;3.34;
09.01.2025 16:48:52;3.34;
09.01.2025 16:48:53;3.33;
09.01.2025 16:48:54;3.33;
09.01.2025 16:48:55;3.35;
09.01.2025 16:48:56;3.34;
09.01.2025 16:48:57;3.34;
09.01.2025 16:48:58;3.35;
09.01.2025 16:48:59;3.34;
09.01.2025 16:49:00;3.35;
09.01.2025 16:49:01;3.34;
09.01.2025 16:49:04;3.34;
09.01.2025 16:49:05;3.35;
09.01.2025 16:49:08;3.35;
09.01.2025 16:49:09;3.34;
09.01.2025 16:49:17;3.34;
09.01.2025 16:49:18;3.35;
09.01.2025 16:49:19;3.34;
09.01.2025 16:49:20;3.35;
09.01.2025 16:49:21;3.34;
09.01.2025 16:49:26;3.34;
09.01.2025 16:49:27;3.35;
09.01.2025 16:49:34;3.35;
09.01.2025 16:49:35;3.34;
09.01.2025 16:49:36;3.35;
09.01.2025 16:49:37;3.35;
09.01.2025 16:49:38;3.34;
09.01.2025 16:49:39;3.35;
09.01.2025 16:49:40;3.35;
09.01.2025 16:49:41;3.34;
09.01.2025 16:49:42;3.35;
09.01.2025 16:49:43;3.34;
09.01.2025 16:49:44;3.35;
09.01.2025 16:49:45;3.34;
09.01.2025 16:49:46;3.35;
09.01.2025 16:49:48;3.35;
09.01.2025 16:49:49;3.34;
09.01.2025 16:49:50;3.35;
09.01.2025 16:49:51;3.35;
09.01.2025 16:49:52;3.34;
09.01.2025 16:49:57;3.34;
09.01.2025 16:49:58;3.35;
09.01.2025 16:49:59;3.34;
09.01.2025 16:50:00;3.35;
09.01.2025 16:50:01;3.34;
09.01.2025 16:50:02;3.35;
09.01.2025 16:50:03;3.35;
09.01.2025 16:50:04;3.34;
09.01.2025 16:50:13;3.34;
09.01.2025 16:50:14;3.35;
09.01.2025 16:50:15;3.34;
09.01.2025 16:50:18;3.34;
09.01.2025 16:50:19;3.35;
09.01.2025 16:50:20;3.35;
09.01.2025 16:50:21;3.34;
09.01.2025 16:50:22;3.34;
09.01.2025 16:50:23;3.35;
09.01.2025 16:50:24;3.35;
09.01.2025 16:50:25;3.34;
09.01.2025 16:50:26;3.34;
09.01.2025 16:50:27;3.33;
09.01.2025 16:50:28;3.35;
09.01.2025 16:50:29;3.34;
09.01.2025 16:50:34;3.34;
09.01.2025 16:50:35;3.35;
09.01.2025 16:50:36;3.35;
09.01.2025 16:50:37;3.34;
09.01.2025 16:50:38;3.34;
09.01.2025 16:50:39;3.35;
09.01.2025 16:50:41;3.35;
09.01.2025 16:50:42;3.33;
09.01.2025 16:50:43;3.35;
09.01.2025 16:50:45;3.35;
09.01.2025 16:50:46;3.34;
09.01.2025 16:50:49;3.34;
09.01.2025 16:50:50;3.35;
09.01.2025 16:50:52;3.35;
09.01.2025 16:50:53;3.34;
09.01.2025 16:50:54;3.35;
09.01.2025 16:50:57;3.35;
09.01.2025 16:50:58;3.34;
09.01.2025 16:50:59;3.35;
09.01.2025 16:51:00;3.33;
09.01.2025 16:51:01;3.35;
09.01.2025 16:51:02;3.34;
09.01.2025 16:51:07;3.34;
09.01.2025 16:51:08;3.35;
09.01.2025 16:51:09;3.33;
09.01.2025 16:51:10;3.34;
09.01.2025 16:51:11;3.35;
09.01.2025 16:51:12;3.35;
09.01.2025 16:51:13;3.34;
09.01.2025 16:51:14;3.35;
09.01.2025 16:51:15;3.34;
09.01.2025 16:51:17;3.34;
09.01.2025 16:51:18;3.33;
09.01.2025 16:51:19;3.34;
09.01.2025 16:51:28;3.34;
09.01.2025 16:51:29;3.35;
09.01.2025 16:51:30;3.34;
09.01.2025 16:51:41;3.34;
09.01.2025 16:51:42;3.35;
09.01.2025 16:51:43;3.34;
09.01.2025 16:51:44;3.34;
09.01.2025 16:51:45;3.35;
09.01.2025 16:51:48;3.35;
09.01.2025 16:51:49;3.34;
09.01.2025 16:51:50;3.35;
09.01.2025 16:51:51;3.35;
09.01.2025 16:51:52;3.34;
09.01.2025 16:51:53;3.35;
09.01.2025 16:51:56;3.35;
09.01.2025 16:51:57;3.34;
09.01.2025 16:51:58;3.35;
09.01.2025 16:51:59;3.34;
09.01.2025 16:52:03;3.34;
09.01.2025 16:52:04;3.35;
09.01.2025 16:52:08;3.35;
09.01.2025 16:52:09;3.34;
09.01.2025 16:52:10;3.35;
09.01.2025 16:52:11;3.34;
09.01.2025 16:52:12;3.35;
09.01.2025 16:52:13;3.35;
09.01.2025 16:52:14;3.34;
09.01.2025 16:52:15;3.35;
09.01.2025 16:52:16;3.34;
09.01.2025 16:52:17;3.35;
09.01.2025 16:52:19;3.35;
09.01.2025 16:52:20;3.34;
09.01.2025 16:52:24;3.34;
09.01.2025 16:52:25;3.35;
09.01.2025 16:52:26;3.34;
09.01.2025 16:52:28;3.34;
09.01.2025 16:52:29;3.35;
09.01.2025 16:52:33;3.35;
09.01.2025 16:52:34;3.34;
09.01.2025 16:52:35;3.35;
09.01.2025 16:52:36;3.34;
09.01.2025 16:52:37;3.34;
09.01.2025 16:52:38;3.35;
09.01.2025 16:52:40;3.35;
09.01.2025 16:52:41;3.36;
09.01.2025 16:52:42;3.35;
09.01.2025 16:52:46;3.35;
09.01.2025 16:52:47;3.34;
09.01.2025 16:52:48;3.35;
09.01.2025 16:52:53;3.35;
09.01.2025 16:52:54;3.34;
09.01.2025 16:52:55;3.34;
09.01.2025 16:52:56;3.35;
09.01.2025 16:52:58;3.35;
09.01.2025 16:52:59;3.34;
09.01.2025 16:53:00;3.35;
09.01.2025 16:53:02;3.35;
09.01.2025 16:53:03;3.34;
09.01.2025 16:53:04;3.34;
09.01.2025 16:53:05;3.35;
09.01.2025 16:53:06;3.34;
09.01.2025 16:53:07;3.34;
09.01.2025 16:53:08;3.35;
09.01.2025 16:53:12;3.35;
09.01.2025 16:53:13;3.34;
09.01.2025 16:53:14;3.35;
09.01.2025 16:53:15;3.35;
09.01.2025 16:53:16;3.34;
09.01.2025 16:53:17;3.35;
09.01.2025 16:53:18;3.34;
09.01.2025 16:53:20;3.34;
09.01.2025 16:53:21;3.35;
09.01.2025 16:53:23;3.35;
09.01.2025 16:53:24;3.34;
09.01.2025 16:53:25;3.34;
09.01.2025 16:53:26;3.35;
09.01.2025 16:53:27;3.35;
09.01.2025 16:53:28;3.34;
09.01.2025 16:53:31;3.34;
09.01.2025 16:53:32;3.35;
09.01.2025 16:53:36;3.35;
09.01.2025 16:53:37;3.34;
09.01.2025 16:53:38;3.35;
09.01.2025 16:53:39;3.34;
09.01.2025 16:53:40;3.34;
09.01.2025 16:53:41;3.35;
09.01.2025 16:53:42;3.34;
09.01.2025 16:53:43;3.34;
09.01.2025 16:53:44;3.35;
09.01.2025 16:53:47;3.35;
09.01.2025 16:53:48;3.34;
09.01.2025 16:53:49;3.35;
09.01.2025 16:53:51;3.35;
09.01.2025 16:53:52;3.34;
09.01.2025 16:53:53;3.34;
09.01.2025 16:53:54;3.35;
09.01.2025 16:53:55;3.35;
09.01.2025 16:53:56;3.34;
09.01.2025 16:53:59;3.34;
09.01.2025 16:54:00;3.35;
09.01.2025 16:54:01;3.34;
09.01.2025 16:54:02;3.35;
09.01.2025 16:54:03;3.34;
09.01.2025 16:54:04;3.35;
09.01.2025 16:54:05;3.35;
09.01.2025 16:54:06;3.34;
09.01.2025 16:54:07;3.35;
09.01.2025 16:54:08;3.34;
09.01.2025 16:54:10;3.34;
09.01.2025 16:54:11;3.35;
09.01.2025 16:54:12;3.35;
09.01.2025 16:54:13;3.34;
09.01.2025 16:54:15;3.34;
09.01.2025 16:54:16;3.35;
09.01.2025 16:54:17;3.34;
09.01.2025 16:54:18;3.35;
09.01.2025 16:54:19;3.34;
09.01.2025 16:54:22;3.34;
09.01.2025 16:54:23;3.35;
09.01.2025 16:54:24;3.34;
09.01.2025 16:54:25;3.35;
09.01.2025 16:54:26;3.35;
09.01.2025 16:54:27;3.34;
09.01.2025 16:54:28;3.35;
09.01.2025 16:54:29;3.35;
09.01.2025 16:54:30;3.34;
09.01.2025 16:54:31;3.35;
09.01.2025 16:54:32;3.34;
09.01.2025 16:54:33;3.35;
09.01.2025 16:54:34;3.34;
09.01.2025 16:54:35;3.34;
09.01.2025 16:54:36;3.35;
09.01.2025 16:54:38;3.35;
09.01.2025 16:54:39;3.34;
09.01.2025 16:54:40;3.35;
09.01.2025 16:54:44;3.35;
09.01.2025 16:54:45;3.34;
09.01.2025 16:54:46;3.35;
09.01.2025 16:54:47;3.35;
09.01.2025 16:54:48;3.34;
09.01.2025 16:54:49;3.35;
09.01.2025 16:54:50;3.34;
09.01.2025 16:54:52;3.34;
09.01.2025 16:54:53;3.35;
09.01.2025 16:54:54;3.35;
09.01.2025 16:54:55;3.34;
09.01.2025 16:54:56;3.35;
09.01.2025 16:54:57;3.35;
09.01.2025 16:54:58;3.34;
09.01.2025 16:55:00;3.34;
09.01.2025 16:55:01;3.35;
09.01.2025 16:55:02;3.34;
09.01.2025 16:55:03;3.35;
09.01.2025 16:55:04;3.34;
09.01.2025 16:55:05;3.35;
09.01.2025 16:55:06;3.34;
09.01.2025 16:55:09;3.34;
09.01.2025 16:55:10;3.35;
09.01.2025 16:55:11;3.35;
09.01.2025 16:55:12;3.34;
09.01.2025 16:55:13;3.35;
09.01.2025 16:55:15;3.35;
09.01.2025 16:55:16;3.34;
09.01.2025 16:55:18;3.34;
09.01.2025 16:55:19;3.35;
09.01.2025 16:55:20;3.34;
09.01.2025 16:55:21;3.35;
09.01.2025 16:55:23;3.35;
09.01.2025 16:55:24;3.34;
09.01.2025 16:55:25;3.35;
09.01.2025 16:55:28;3.35;
09.01.2025 16:55:29;3.34;
09.01.2025 16:55:30;3.35;
09.01.2025 16:55:36;3.35;
09.01.2025 16:55:37;3.33;
09.01.2025 16:55:38;3.35;
09.01.2025 16:55:39;3.34;
09.01.2025 16:55:40;3.35;
09.01.2025 16:55:41;3.35;
09.01.2025 16:55:42;3.34;
09.01.2025 16:55:43;3.35;
09.01.2025 16:55:44;3.35;
09.01.2025 16:55:45;3.34;
09.01.2025 16:55:48;3.34;
09.01.2025 16:55:49;3.35;
09.01.2025 16:55:52;3.35;
09.01.2025 16:55:53;3.34;
09.01.2025 16:55:55;3.34;
09.01.2025 16:55:56;3.35;
09.01.2025 16:55:58;3.35;
09.01.2025 16:55:59;3.34;
09.01.2025 16:56:00;3.34;
09.01.2025 16:56:01;3.35;
09.01.2025 16:56:03;3.35;
09.01.2025 16:56:04;3.34;
09.01.2025 16:56:09;3.34;
09.01.2025 16:56:10;3.35;
09.01.2025 16:56:12;3.35;
09.01.2025 16:56:13;3.34;
09.01.2025 16:56:14;3.34;
09.01.2025 16:56:15;3.35;
09.01.2025 16:56:16;3.35;
09.01.2025 16:56:17;3.34;
09.01.2025 16:56:18;3.34;
09.01.2025 16:56:19;3.35;
09.01.2025 16:56:20;3.35;
09.01.2025 16:56:21;3.36;
09.01.2025 16:56:22;3.34;
09.01.2025 16:56:25;3.34;
09.01.2025 16:56:26;3.35;
09.01.2025 16:56:34;3.35;
09.01.2025 16:56:35;3.34;
09.01.2025 16:56:37;3.34;
09.01.2025 16:56:38;3.35;
09.01.2025 16:56:40;3.35;
09.01.2025 16:56:41;3.34;
09.01.2025 16:56:42;3.34;
09.01.2025 16:56:43;3.35;
09.01.2025 16:56:44;3.34;
09.01.2025 16:56:45;3.35;
09.01.2025 16:56:47;3.35;
09.01.2025 16:56:48;3.34;
09.01.2025 16:56:49;3.35;
09.01.2025 16:56:50;3.34;
09.01.2025 16:56:51;3.35;
09.01.2025 16:56:52;3.34;
09.01.2025 16:56:53;3.35;
09.01.2025 16:56:54;3.34;
09.01.2025 16:56:55;3.34;
09.01.2025 16:56:56;3.35;
09.01.2025 16:56:57;3.34;
09.01.2025 16:56:58;3.35;
09.01.2025 16:56:59;3.34;
09.01.2025 16:57:00;3.35;
09.01.2025 16:57:01;3.34;
09.01.2025 16:57:02;3.35;
09.01.2025 16:57:03;3.34;
09.01.2025 16:57:04;3.34;
09.01.2025 16:57:05;3.35;
09.01.2025 16:57:09;3.35;
09.01.2025 16:57:10;3.34;
09.01.2025 16:57:11;3.35;
09.01.2025 16:57:15;3.35;
09.01.2025 16:57:16;3.34;
09.01.2025 16:57:17;3.35;
09.01.2025 16:57:18;3.34;
09.01.2025 16:57:25;3.34;
09.01.2025 16:57:26;3.35;
09.01.2025 16:57:27;3.34;
09.01.2025 16:57:30;3.34;
09.01.2025 16:57:31;3.35;
09.01.2025 16:57:32;3.36;
09.01.2025 16:57:33;3.35;
09.01.2025 16:57:36;3.35;
09.01.2025 16:57:37;3.34;
09.01.2025 16:57:38;3.35;
09.01.2025 16:57:39;3.34;
09.01.2025 16:57:40;3.35;
09.01.2025 16:57:41;3.34;
09.01.2025 16:57:42;3.34;
09.01.2025 16:57:43;3.35;
09.01.2025 16:57:45;3.35;
09.01.2025 16:57:46;3.34;
09.01.2025 16:57:47;3.35;
09.01.2025 16:57:48;3.35;
09.01.2025 16:57:49;3.34;
09.01.2025 16:57:50;3.34;
09.01.2025 16:57:51;3.35;
09.01.2025 16:57:52;3.35;
09.01.2025 16:57:53;3.34;
09.01.2025 16:57:54;3.34;
09.01.2025 16:57:55;3.35;
09.01.2025 16:57:56;3.34;
09.01.2025 16:57:57;3.35;
09.01.2025 16:57:58;3.34;
09.01.2025 16:57:59;3.35;
09.01.2025 16:58:00;3.35;
09.01.2025 16:58:01;3.34;
09.01.2025 16:58:02;3.35;
09.01.2025 16:58:03;3.34;
09.01.2025 16:58:04;3.34;
09.01.2025 16:58:05;3.35;
09.01.2025 16:58:06;3.35;
09.01.2025 16:58:07;3.34;
09.01.2025 16:58:08;3.35;
09.01.2025 16:58:09;3.34;
09.01.2025 16:58:11;3.34;
09.01.2025 16:58:12;3.35;
09.01.2025 16:58:13;3.35;
09.01.2025 16:58:14;3.34;
09.01.2025 16:58:15;3.34;
09.01.2025 16:58:16;3.35;
09.01.2025 16:58:19;3.35;
09.01.2025 16:58:20;3.34;
09.01.2025 16:58:22;3.34;
09.01.2025 16:58:23;3.35;
09.01.2025 16:58:24;3.34;
09.01.2025 16:58:25;3.35;
09.01.2025 16:58:26;3.35;
09.01.2025 16:58:27;3.33;
09.01.2025 16:58:28;3.34;
09.01.2025 16:58:31;3.34;
09.01.2025 16:58:32;3.35;
09.01.2025 16:58:33;3.34;
09.01.2025 16:58:34;3.35;
09.01.2025 16:58:35;3.34;
09.01.2025 16:58:36;3.35;
09.01.2025 16:58:42;3.35;
09.01.2025 16:58:43;3.34;
09.01.2025 16:58:44;3.34;
09.01.2025 16:58:45;3.35;
09.01.2025 16:58:46;3.35;
09.01.2025 16:58:47;3.34;
09.01.2025 16:58:48;3.35;
09.01.2025 16:58:49;3.34;
09.01.2025 16:58:50;3.35;
09.01.2025 16:58:51;3.34;
09.01.2025 16:58:52;3.35;
09.01.2025 16:58:53;3.34;
09.01.2025 16:58:54;3.35;
09.01.2025 16:58:55;3.34;
09.01.2025 16:58:59;3.34;
09.01.2025 16:59:00;3.35;
09.01.2025 16:59:05;3.35;
09.01.2025 16:59:06;3.34;
09.01.2025 16:59:07;3.35;
09.01.2025 16:59:08;3.34;
09.01.2025 16:59:09;3.35;
09.01.2025 16:59:10;3.35;
09.01.2025 16:59:11;3.34;
09.01.2025 16:59:12;3.35;
09.01.2025 16:59:16;3.35;
09.01.2025 16:59:17;3.34;
09.01.2025 16:59:18;3.35;
09.01.2025 16:59:21;3.35;
09.01.2025 16:59:22;3.34;
09.01.2025 16:59:23;3.34;
09.01.2025 16:59:24;3.35;
09.01.2025 16:59:26;3.35;
09.01.2025 16:59:27;3.34;
09.01.2025 16:59:28;3.34;
09.01.2025 16:59:29;3.35;
09.01.2025 16:59:30;3.34;
09.01.2025 16:59:33;3.34;
09.01.2025 16:59:34;3.35;
09.01.2025 16:59:35;3.34;
09.01.2025 16:59:36;3.34;
09.01.2025 16:59:37;3.35;
09.01.2025 16:59:38;3.34;
09.01.2025 16:59:42;3.34;
09.01.2025 16:59:43;3.35;
09.01.2025 16:59:44;3.34;
09.01.2025 16:59:45;3.35;
09.01.2025 16:59:46;3.34;
09.01.2025 16:59:48;3.34;
09.01.2025 16:59:49;3.35;
09.01.2025 16:59:53;3.35;
09.01.2025 16:59:54;3.34;
09.01.2025 16:59:55;3.35;
09.01.2025 16:59:58;3.35;
09.01.2025 16:59:59;3.34;
09.01.2025 17:00:02;3.34;
09.01.2025 17:00:03;3.35;
09.01.2025 17:00:04;3.35;
09.01.2025 17:00:05;3.34;
09.01.2025 17:00:06;3.34;
09.01.2025 17:00:07;3.35;
09.01.2025 17:00:10;3.35;
09.01.2025 17:00:11;3.34;
09.01.2025 17:00:12;3.35;
09.01.2025 17:00:13;3.34;
09.01.2025 17:00:14;3.35;
09.01.2025 17:00:16;3.35;
09.01.2025 17:00:17;3.34;
09.01.2025 17:00:18;3.34;
09.01.2025 17:00:19;3.35;
09.01.2025 17:00:21;3.35;
09.01.2025 17:00:22;3.34;
09.01.2025 17:00:23;3.35;
09.01.2025 17:00:24;3.34;
09.01.2025 17:00:25;3.35;
09.01.2025 17:00:33;3.35;
09.01.2025 17:00:34;3.34;
09.01.2025 17:00:35;3.34;
09.01.2025 17:00:36;3.35;
09.01.2025 17:00:37;3.34;
09.01.2025 17:00:38;3.35;
09.01.2025 17:00:39;3.34;
09.01.2025 17:00:40;3.35;
09.01.2025 17:00:41;3.34;
09.01.2025 17:00:42;3.35;
09.01.2025 17:00:44;3.35;
09.01.2025 17:00:45;3.34;
09.01.2025 17:00:46;3.34;
09.01.2025 17:00:47;3.35;
09.01.2025 17:00:53;3.35;
09.01.2025 17:00:54;3.34;
09.01.2025 17:00:55;3.34;
09.01.2025 17:00:56;3.35;
09.01.2025 17:00:57;3.34;
09.01.2025 17:00:58;3.35;
09.01.2025 17:01:00;3.35;
09.01.2025 17:01:01;3.34;
09.01.2025 17:01:02;3.34;
09.01.2025 17:01:03;3.35;
09.01.2025 17:01:04;3.34;
09.01.2025 17:01:05;3.35;
09.01.2025 17:01:06;3.34;
09.01.2025 17:01:08;3.34;
09.01.2025 17:01:09;3.35;
09.01.2025 17:01:10;3.34;
09.01.2025 17:01:11;3.35;
09.01.2025 17:01:12;3.34;
09.01.2025 17:01:14;3.34;
09.01.2025 17:01:15;3.35;
09.01.2025 17:01:16;3.35;
09.01.2025 17:01:17;3.34;
09.01.2025 17:01:18;3.35;
09.01.2025 17:01:19;3.35;
09.01.2025 17:01:20;3.36;
09.01.2025 17:01:21;3.35;
09.01.2025 17:01:22;3.34;
09.01.2025 17:01:23;3.34;
09.01.2025 17:01:24;3.36;
09.01.2025 17:01:25;3.34;
09.01.2025 17:01:26;3.35;
09.01.2025 17:01:27;3.35;
09.01.2025 17:01:28;3.34;
09.01.2025 17:01:29;3.35;
09.01.2025 17:01:30;3.35;
09.01.2025 17:01:31;3.34;
09.01.2025 17:01:33;3.34;
09.01.2025 17:01:34;3.35;
09.01.2025 17:01:35;3.35;
09.01.2025 17:01:36;3.34;
09.01.2025 17:01:38;3.34;
09.01.2025 17:01:39;3.35;
09.01.2025 17:01:40;3.35;
09.01.2025 17:01:41;3.34;
09.01.2025 17:01:42;3.35;
09.01.2025 17:01:43;3.34;
09.01.2025 17:01:45;3.34;
09.01.2025 17:01:46;3.35;
09.01.2025 17:01:47;3.33;
09.01.2025 17:01:48;3.35;
09.01.2025 17:01:49;3.34;
09.01.2025 17:01:50;3.34;
09.01.2025 17:01:51;3.35;
09.01.2025 17:01:54;3.35;
09.01.2025 17:01:55;3.34;
09.01.2025 17:01:56;3.35;
09.01.2025 17:01:57;3.36;
09.01.2025 17:01:58;3.35;
09.01.2025 17:02:05;3.35;
09.01.2025 17:02:06;3.34;
09.01.2025 17:02:07;3.35;
09.01.2025 17:02:14;3.35;
09.01.2025 17:02:15;3.34;
09.01.2025 17:02:16;3.35;
09.01.2025 17:02:18;3.35;
09.01.2025 17:02:19;3.34;
09.01.2025 17:02:20;3.35;
09.01.2025 17:02:23;3.35;
09.01.2025 17:02:24;3.34;
09.01.2025 17:02:25;3.34;
09.01.2025 17:02:26;3.35;
09.01.2025 17:02:27;3.34;
09.01.2025 17:02:28;3.35;
09.01.2025 17:02:38;3.35;
09.01.2025 17:02:39;3.34;
09.01.2025 17:02:40;3.35;
09.01.2025 17:02:43;3.35;
09.01.2025 17:02:44;3.34;
09.01.2025 17:02:45;3.35;
09.01.2025 17:02:47;3.35;
09.01.2025 17:02:48;3.36;
09.01.2025 17:02:49;3.35;
09.01.2025 17:02:50;3.34;
09.01.2025 17:02:51;3.35;
09.01.2025 17:02:52;3.34;
09.01.2025 17:02:53;3.34;
09.01.2025 17:02:54;3.35;
09.01.2025 17:02:55;3.34;
09.01.2025 17:02:56;3.35;
09.01.2025 17:02:57;3.35;
09.01.2025 17:02:58;3.34;
09.01.2025 17:02:59;3.34;
09.01.2025 17:03:00;3.35;
09.01.2025 17:03:07;3.35;
09.01.2025 17:03:08;3.34;
09.01.2025 17:03:09;3.35;
09.01.2025 17:03:10;3.35;
09.01.2025 17:03:11;3.36;
09.01.2025 17:03:12;3.35;
09.01.2025 17:03:13;3.35;
09.01.2025 17:03:14;3.34;
09.01.2025 17:03:15;3.35;
09.01.2025 17:03:16;3.36;
09.01.2025 17:03:17;3.35;
09.01.2025 17:03:18;3.34;
09.01.2025 17:03:19;3.35;
09.01.2025 17:03:21;3.35;
09.01.2025 17:03:22;3.36;
09.01.2025 17:03:23;3.35;
09.01.2025 17:03:25;3.35;
09.01.2025 17:03:26;3.34;
09.01.2025 17:03:27;3.35;
09.01.2025 17:03:41;3.35;
09.01.2025 17:03:42;3.36;
09.01.2025 17:03:43;3.35;
09.01.2025 17:03:44;3.36;
09.01.2025 17:03:45;3.36;
09.01.2025 17:03:46;3.35;
09.01.2025 17:03:49;3.35;
09.01.2025 17:03:50;3.34;
09.01.2025 17:03:51;3.36;
09.01.2025 17:03:52;3.35;
09.01.2025 17:03:56;3.35;
09.01.2025 17:03:57;3.36;
09.01.2025 17:03:58;3.35;
09.01.2025 17:03:59;3.35;
09.01.2025 17:04:00;3.36;
09.01.2025 17:04:01;3.35;
09.01.2025 17:04:02;3.35;
09.01.2025 17:04:03;3.34;
09.01.2025 17:04:04;3.35;
09.01.2025 17:04:08;3.35;
09.01.2025 17:04:09;3.34;
09.01.2025 17:04:10;3.35;
09.01.2025 17:04:13;3.35;
09.01.2025 17:04:14;3.34;
09.01.2025 17:04:15;3.36;
09.01.2025 17:04:16;3.35;
09.01.2025 17:04:17;3.34;
09.01.2025 17:04:18;3.35;
09.01.2025 17:04:19;3.34;
09.01.2025 17:04:20;3.34;
09.01.2025 17:04:21;3.35;
09.01.2025 17:04:26;3.35;
09.01.2025 17:04:27;3.34;
09.01.2025 17:04:28;3.35;
09.01.2025 17:04:33;3.35;
09.01.2025 17:04:34;3.34;
09.01.2025 17:04:35;3.35;
09.01.2025 17:04:36;3.35;
09.01.2025 17:04:37;3.34;
09.01.2025 17:04:38;3.35;
09.01.2025 17:04:39;3.35;
09.01.2025 17:04:40;3.34;
09.01.2025 17:04:41;3.33;
09.01.2025 17:04:42;3.35;
09.01.2025 17:04:43;3.35;
09.01.2025 17:04:44;3.34;
09.01.2025 17:04:45;3.35;
09.01.2025 17:04:49;3.35;
09.01.2025 17:04:49;3.34;
09.01.2025 17:04:51;3.35;
09.01.2025 17:04:54;3.35;
09.01.2025 17:04:55;3.36;
09.01.2025 17:04:56;3.35;
09.01.2025 17:04:57;3.35;
09.01.2025 17:04:58;3.34;
09.01.2025 17:04:59;3.34;
09.01.2025 17:05:00;3.35;
09.01.2025 17:05:01;3.35;
09.01.2025 17:05:02;3.34;
09.01.2025 17:05:03;3.35;
09.01.2025 17:05:04;3.35;
09.01.2025 17:05:05;3.34;
09.01.2025 17:05:06;3.35;
09.01.2025 17:05:07;3.34;
09.01.2025 17:05:08;3.34;
09.01.2025 17:05:09;3.35;
09.01.2025 17:05:10;3.34;
09.01.2025 17:05:12;3.34;
09.01.2025 17:05:13;3.35;
09.01.2025 17:05:14;3.34;
09.01.2025 17:05:15;3.33;
09.01.2025 17:05:16;3.35;
09.01.2025 17:05:18;3.35;
09.01.2025 17:05:19;3.34;
09.01.2025 17:05:20;3.35;
09.01.2025 17:05:23;3.35;
09.01.2025 17:05:24;3.34;
09.01.2025 17:05:25;3.35;
09.01.2025 17:05:26;3.34;
09.01.2025 17:05:31;3.34;
09.01.2025 17:05:32;3.35;
09.01.2025 17:05:35;3.35;
09.01.2025 17:05:36;3.34;
09.01.2025 17:05:37;3.34;
09.01.2025 17:05:38;3.35;
09.01.2025 17:05:40;3.35;
09.01.2025 17:05:41;3.34;
09.01.2025 17:05:42;3.35;
09.01.2025 17:05:44;3.35;
09.01.2025 17:05:45;3.34;
09.01.2025 17:05:46;3.35;
09.01.2025 17:05:47;3.34;
09.01.2025 17:05:48;3.35;
09.01.2025 17:05:49;3.35;
09.01.2025 17:05:50;3.34;
09.01.2025 17:05:54;3.34;
09.01.2025 17:05:55;3.35;
09.01.2025 17:05:56;3.34;
09.01.2025 17:05:57;3.34;
09.01.2025 17:05:58;3.35;
09.01.2025 17:06:00;3.35;
09.01.2025 17:06:01;3.34;
09.01.2025 17:06:02;3.34;
09.01.2025 17:06:03;3.35;
09.01.2025 17:06:04;3.34;
09.01.2025 17:06:05;3.35;
09.01.2025 17:06:06;3.35;
09.01.2025 17:06:07;3.34;
09.01.2025 17:06:08;3.35;
09.01.2025 17:06:09;3.34;
09.01.2025 17:06:10;3.35;
09.01.2025 17:06:11;3.34;
09.01.2025 17:06:12;3.36;
09.01.2025 17:06:13;3.35;
09.01.2025 17:06:14;3.34;
09.01.2025 17:06:15;3.35;
09.01.2025 17:06:18;3.35;
09.01.2025 17:06:19;3.34;
09.01.2025 17:06:20;3.35;
09.01.2025 17:06:22;3.35;
09.01.2025 17:06:23;3.34;
09.01.2025 17:06:24;3.35;
09.01.2025 17:06:25;3.34;
09.01.2025 17:06:29;3.34;
09.01.2025 17:06:30;3.35;
09.01.2025 17:06:31;3.34;
09.01.2025 17:06:32;3.34;
09.01.2025 17:06:33;3.35;
09.01.2025 17:06:34;3.35;
09.01.2025 17:06:35;3.34;
09.01.2025 17:06:36;3.35;
09.01.2025 17:06:37;3.35;
09.01.2025 17:06:38;3.34;
09.01.2025 17:06:39;3.35;
09.01.2025 17:06:40;3.34;
09.01.2025 17:06:41;3.34;
09.01.2025 17:06:42;3.35;
09.01.2025 17:06:43;3.35;
09.01.2025 17:06:44;3.34;
09.01.2025 17:06:45;3.34;
09.01.2025 17:06:46;3.35;
09.01.2025 17:06:47;3.34;
09.01.2025 17:06:54;3.34;
09.01.2025 17:06:55;3.35;
09.01.2025 17:06:56;3.34;
09.01.2025 17:06:57;3.34;
09.01.2025 17:06:58;3.33;
09.01.2025 17:06:59;3.34;
09.01.2025 17:07:00;3.34;
09.01.2025 17:07:01;3.33;
09.01.2025 17:07:02;3.33;
09.01.2025 17:07:03;3.34;
09.01.2025 17:07:04;3.34;
09.01.2025 17:07:05;3.35;
09.01.2025 17:07:06;3.34;
09.01.2025 17:07:11;3.34;
09.01.2025 17:07:12;3.35;
09.01.2025 17:07:13;3.34;
09.01.2025 17:07:14;3.34;
09.01.2025 17:07:15;3.35;
09.01.2025 17:07:16;3.35;
09.01.2025 17:07:17;3.34;
09.01.2025 17:07:21;3.34;
09.01.2025 17:07:22;3.35;
09.01.2025 17:07:23;3.35;
09.01.2025 17:07:24;3.34;
09.01.2025 17:07:25;3.35;
09.01.2025 17:07:26;3.35;
09.01.2025 17:07:27;3.34;
09.01.2025 17:07:33;3.34;
09.01.2025 17:07:34;3.35;
09.01.2025 17:07:35;3.35;
09.01.2025 17:07:36;3.34;
09.01.2025 17:07:37;3.34;
09.01.2025 17:07:38;3.35;
09.01.2025 17:07:39;3.34;
09.01.2025 17:07:40;3.35;
09.01.2025 17:07:44;3.35;
09.01.2025 17:07:45;3.34;
09.01.2025 17:07:46;3.35;
09.01.2025 17:07:47;3.34;
09.01.2025 17:07:48;3.34;
09.01.2025 17:07:49;3.35;
09.01.2025 17:07:50;3.34;
09.01.2025 17:07:51;3.34;
09.01.2025 17:07:52;3.35;
09.01.2025 17:07:53;3.34;
09.01.2025 17:07:54;3.34;
09.01.2025 17:07:55;3.35;
09.01.2025 17:07:56;3.35;
09.01.2025 17:07:57;3.33;
09.01.2025 17:07:58;3.34;
09.01.2025 17:07:59;3.34;
09.01.2025 17:08:00;3.35;
09.01.2025 17:08:01;3.34;
09.01.2025 17:08:08;3.34;
09.01.2025 17:08:09;3.35;
09.01.2025 17:08:10;3.34;
09.01.2025 17:08:12;3.34;
09.01.2025 17:08:13;3.35;
09.01.2025 17:08:14;3.34;
09.01.2025 17:08:15;3.34;
09.01.2025 17:08:16;3.35;
09.01.2025 17:08:17;3.34;
09.01.2025 17:08:18;3.35;
09.01.2025 17:08:19;3.35;
09.01.2025 17:08:20;3.34;
09.01.2025 17:08:21;3.35;
09.01.2025 17:08:22;3.35;
09.01.2025 17:08:23;3.34;
09.01.2025 17:08:24;3.35;
09.01.2025 17:08:25;3.34;
09.01.2025 17:08:26;3.35;
09.01.2025 17:08:27;3.34;
09.01.2025 17:08:28;3.34;
09.01.2025 17:08:29;3.35;
09.01.2025 17:08:30;3.34;
09.01.2025 17:08:33;3.34;
09.01.2025 17:08:34;3.35;
09.01.2025 17:08:35;3.34;
09.01.2025 17:08:37;3.34;
09.01.2025 17:08:38;3.35;
09.01.2025 17:08:44;3.35;
09.01.2025 17:08:45;3.34;
09.01.2025 17:08:46;3.35;
09.01.2025 17:08:47;3.34;
09.01.2025 17:08:48;3.34;
09.01.2025 17:08:49;3.35;
09.01.2025 17:08:50;3.34;
09.01.2025 17:08:54;3.34;
09.01.2025 17:08:55;3.35;
09.01.2025 17:08:56;3.34;
09.01.2025 17:08:57;3.34;
09.01.2025 17:08:58;3.35;
09.01.2025 17:08:59;3.35;
09.01.2025 17:09:00;3.34;
09.01.2025 17:09:01;3.34;
09.01.2025 17:09:02;3.35;
09.01.2025 17:09:03;3.34;
09.01.2025 17:09:04;3.35;
09.01.2025 17:09:05;3.35;
09.01.2025 17:09:06;3.34;
09.01.2025 17:09:07;3.35;
09.01.2025 17:09:08;3.34;
09.01.2025 17:09:09;3.34;
09.01.2025 17:09:10;3.35;
09.01.2025 17:09:12;3.35;
09.01.2025 17:09:13;3.34;
09.01.2025 17:09:14;3.35;
09.01.2025 17:09:16;3.35;
09.01.2025 17:09:17;3.34;
09.01.2025 17:09:18;3.34;
09.01.2025 17:09:19;3.35;
09.01.2025 17:09:20;3.34;
09.01.2025 17:09:21;3.34;
09.01.2025 17:09:22;3.35;
09.01.2025 17:09:23;3.34;
09.01.2025 17:09:24;3.35;
09.01.2025 17:09:25;3.35;
09.01.2025 17:09:26;3.34;
09.01.2025 17:09:27;3.35;
09.01.2025 17:09:28;3.35;
09.01.2025 17:09:29;3.34;
09.01.2025 17:09:30;3.35;
09.01.2025 17:09:31;3.34;
09.01.2025 17:09:32;3.35;
09.01.2025 17:09:33;3.35;
09.01.2025 17:09:34;3.33;
09.01.2025 17:09:35;3.35;
09.01.2025 17:09:36;3.36;
09.01.2025 17:09:37;3.34;
09.01.2025 17:09:38;3.35;
09.01.2025 17:09:39;3.34;
09.01.2025 17:09:40;3.34;
09.01.2025 17:09:41;3.35;
09.01.2025 17:09:42;3.35;
09.01.2025 17:09:43;3.34;
09.01.2025 17:09:44;3.34;
09.01.2025 17:09:45;3.35;
09.01.2025 17:09:47;3.35;
09.01.2025 17:09:48;3.34;
09.01.2025 17:09:52;3.34;
09.01.2025 17:09:53;3.35;
09.01.2025 17:09:54;3.35;
09.01.2025 17:09:55;3.34;
09.01.2025 17:09:56;3.34;
09.01.2025 17:09:57;3.35;
09.01.2025 17:09:58;3.35;
09.01.2025 17:09:59;3.34;
09.01.2025 17:10:00;3.34;
09.01.2025 17:10:01;3.35;
09.01.2025 17:10:02;3.35;
09.01.2025 17:10:03;3.34;
09.01.2025 17:10:05;3.34;
09.01.2025 17:10:06;3.35;
09.01.2025 17:10:07;3.35;
09.01.2025 17:10:08;3.34;
09.01.2025 17:10:13;3.34;
09.01.2025 17:10:14;3.35;
09.01.2025 17:10:18;3.35;
09.01.2025 17:10:19;3.34;
09.01.2025 17:10:20;3.35;
09.01.2025 17:10:21;3.35;
09.01.2025 17:10:22;3.34;
09.01.2025 17:10:23;3.35;
09.01.2025 17:10:31;3.35;
09.01.2025 17:10:32;3.34;
09.01.2025 17:10:33;3.35;
09.01.2025 17:10:34;3.35;
09.01.2025 17:10:35;3.34;
09.01.2025 17:10:36;3.35;
09.01.2025 17:10:39;3.35;
09.01.2025 17:10:40;3.34;
09.01.2025 17:10:41;3.36;
09.01.2025 17:10:42;3.35;
09.01.2025 17:10:50;3.35;
09.01.2025 17:10:51;3.36;
09.01.2025 17:10:52;3.35;
09.01.2025 17:10:56;3.35;
09.01.2025 17:10:57;3.34;
09.01.2025 17:10:58;3.35;
09.01.2025 17:10:59;3.34;
09.01.2025 17:11:00;3.35;
09.01.2025 17:11:04;3.35;
09.01.2025 17:11:05;3.34;
09.01.2025 17:11:06;3.34;
09.01.2025 17:11:07;3.36;
09.01.2025 17:11:08;3.35;
09.01.2025 17:11:15;3.35;
09.01.2025 17:11:16;3.34;
09.01.2025 17:11:17;3.35;
09.01.2025 17:11:18;3.35;
09.01.2025 17:11:19;3.34;
09.01.2025 17:11:20;3.35;
09.01.2025 17:11:28;3.35;
09.01.2025 17:11:29;3.34;
09.01.2025 17:11:30;3.35;
09.01.2025 17:11:32;3.35;
09.01.2025 17:11:33;3.34;
09.01.2025 17:11:34;3.35;
09.01.2025 17:11:35;3.34;
09.01.2025 17:11:36;3.35;
09.01.2025 17:11:37;3.34;
09.01.2025 17:11:38;3.34;
09.01.2025 17:11:39;3.35;
09.01.2025 17:11:45;3.35;
09.01.2025 17:11:46;3.34;
09.01.2025 17:11:47;3.34;
09.01.2025 17:11:48;3.35;
09.01.2025 17:11:49;3.34;
09.01.2025 17:11:50;3.35;
09.01.2025 17:11:52;3.35;
09.01.2025 17:11:53;3.34;
09.01.2025 17:11:54;3.35;
09.01.2025 17:11:58;3.35;
09.01.2025 17:11:59;3.34;
09.01.2025 17:12:01;3.34;
09.01.2025 17:12:02;3.35;
09.01.2025 17:12:05;3.35;
09.01.2025 17:12:06;3.34;
09.01.2025 17:12:07;3.35;
09.01.2025 17:12:18;3.35;
09.01.2025 17:12:19;3.36;
09.01.2025 17:12:20;3.35;
09.01.2025 17:12:21;3.34;
09.01.2025 17:12:22;3.35;
09.01.2025 17:12:23;3.35;
09.01.2025 17:12:24;3.34;
09.01.2025 17:12:25;3.35;
09.01.2025 17:12:30;3.35;
09.01.2025 17:12:31;3.36;
09.01.2025 17:12:32;3.35;
09.01.2025 17:12:35;3.35;
09.01.2025 17:12:36;3.34;
09.01.2025 17:12:37;3.35;
09.01.2025 17:12:43;3.35;
09.01.2025 17:12:44;3.34;
09.01.2025 17:12:45;3.35;
09.01.2025 17:12:47;3.35;
09.01.2025 17:12:48;3.34;
09.01.2025 17:12:49;3.35;
09.01.2025 17:12:50;3.34;
09.01.2025 17:12:51;3.35;
09.01.2025 17:12:52;3.35;
09.01.2025 17:12:53;3.34;
09.01.2025 17:12:55;3.34;
09.01.2025 17:12:56;3.35;
09.01.2025 17:13:00;3.35;
09.01.2025 17:13:01;3.34;
09.01.2025 17:13:02;3.35;
09.01.2025 17:13:05;3.35;
09.01.2025 17:13:06;3.34;
09.01.2025 17:13:07;3.34;
09.01.2025 17:13:08;3.35;
09.01.2025 17:13:09;3.35;
09.01.2025 17:13:10;3.34;
09.01.2025 17:13:11;3.35;
09.01.2025 17:13:12;3.34;
09.01.2025 17:13:14;3.34;
09.01.2025 17:13:15;3.35;
09.01.2025 17:13:17;3.35;
09.01.2025 17:13:18;3.34;
09.01.2025 17:13:19;3.34;
09.01.2025 17:13:20;3.35;
09.01.2025 17:13:26;3.35;
09.01.2025 17:13:27;3.34;
09.01.2025 17:13:28;3.35;
09.01.2025 17:13:29;3.35;
09.01.2025 17:13:30;3.36;
09.01.2025 17:13:31;3.35;
09.01.2025 17:13:33;3.35;
09.01.2025 17:13:34;3.34;
09.01.2025 17:13:37;3.34;
09.01.2025 17:13:38;3.35;
09.01.2025 17:13:40;3.35;
09.01.2025 17:13:41;3.34;
09.01.2025 17:13:43;3.34;
09.01.2025 17:13:44;3.35;
09.01.2025 17:13:45;3.35;
09.01.2025 17:13:46;3.34;
09.01.2025 17:13:47;3.35;
09.01.2025 17:13:48;3.34;
09.01.2025 17:13:49;3.35;
09.01.2025 17:13:50;3.34;
09.01.2025 17:13:51;3.35;
09.01.2025 17:13:52;3.34;
09.01.2025 17:13:53;3.35;
09.01.2025 17:13:54;3.34;
09.01.2025 17:13:55;3.34;
09.01.2025 17:13:56;3.35;
09.01.2025 17:13:58;3.35;
09.01.2025 17:13:59;3.34;
09.01.2025 17:14:00;3.34;
09.01.2025 17:14:01;3.35;
09.01.2025 17:14:02;3.34;
09.01.2025 17:14:03;3.35;
09.01.2025 17:14:04;3.34;
09.01.2025 17:14:08;3.34;
09.01.2025 17:14:09;3.35;
09.01.2025 17:14:13;3.35;
09.01.2025 17:14:14;3.34;
09.01.2025 17:14:15;3.35;
09.01.2025 17:14:17;3.35;
09.01.2025 17:14:18;3.34;
09.01.2025 17:14:19;3.35;
09.01.2025 17:14:20;3.34;
09.01.2025 17:14:21;3.35;
09.01.2025 17:14:22;3.35;
09.01.2025 17:14:23;3.34;
09.01.2025 17:14:24;3.35;
09.01.2025 17:14:25;3.34;
09.01.2025 17:14:26;3.35;
09.01.2025 17:14:27;3.35;
09.01.2025 17:14:28;3.34;
09.01.2025 17:14:30;3.34;
09.01.2025 17:14:31;3.35;
09.01.2025 17:14:33;3.35;
09.01.2025 17:14:34;3.34;
09.01.2025 17:14:35;3.35;
09.01.2025 17:14:36;3.34;
09.01.2025 17:14:38;3.34;
09.01.2025 17:14:39;3.35;
09.01.2025 17:14:40;3.34;
09.01.2025 17:14:41;3.33;
09.01.2025 17:14:42;3.34;
09.01.2025 17:14:43;3.34;
09.01.2025 17:14:44;3.35;
09.01.2025 17:14:45;3.34;
09.01.2025 17:14:46;3.35;
09.01.2025 17:14:47;3.34;
09.01.2025 17:14:48;3.35;
09.01.2025 17:14:49;3.33;
09.01.2025 17:14:50;3.35;
09.01.2025 17:14:51;3.34;
09.01.2025 17:14:52;3.34;
09.01.2025 17:14:53;3.35;
09.01.2025 17:14:54;3.34;
09.01.2025 17:14:58;3.34;
09.01.2025 17:14:59;3.35;
09.01.2025 17:15:01;3.35;
09.01.2025 17:15:02;3.34;
09.01.2025 17:15:03;3.34;
09.01.2025 17:15:04;3.33;
09.01.2025 17:15:05;3.33;
09.01.2025 17:15:06;3.35;
09.01.2025 17:15:07;3.34;
09.01.2025 17:15:13;3.34;
09.01.2025 17:15:14;3.35;
09.01.2025 17:15:15;3.34;
09.01.2025 17:15:17;3.34;
09.01.2025 17:15:18;3.35;
09.01.2025 17:15:19;3.34;
09.01.2025 17:15:20;3.34;
09.01.2025 17:15:21;3.35;
09.01.2025 17:15:23;3.35;
09.01.2025 17:15:24;3.34;
09.01.2025 17:15:26;3.34;
09.01.2025 17:15:27;3.35;
09.01.2025 17:15:29;3.35;
09.01.2025 17:15:30;3.34;
09.01.2025 17:15:34;3.34;
09.01.2025 17:15:35;3.35;
09.01.2025 17:15:36;3.34;
09.01.2025 17:15:37;3.35;
09.01.2025 17:15:38;3.34;
09.01.2025 17:15:39;3.35;
09.01.2025 17:15:40;3.34;
09.01.2025 17:15:41;3.36;
09.01.2025 17:15:42;3.35;
09.01.2025 17:15:44;3.35;
09.01.2025 17:15:45;3.34;
09.01.2025 17:15:46;3.34;
09.01.2025 17:15:47;3.35;
09.01.2025 17:15:48;3.34;
09.01.2025 17:15:49;3.35;
09.01.2025 17:15:51;3.35;
09.01.2025 17:15:52;3.34;
09.01.2025 17:15:53;3.35;
09.01.2025 17:15:55;3.35;
09.01.2025 17:15:56;3.34;
09.01.2025 17:15:58;3.34;
09.01.2025 17:15:59;3.35;
09.01.2025 17:16:00;3.35;
09.01.2025 17:16:01;3.34;
09.01.2025 17:16:02;3.35;
09.01.2025 17:16:03;3.34;
09.01.2025 17:16:04;3.35;
09.01.2025 17:16:06;3.35;
09.01.2025 17:16:07;3.34;
09.01.2025 17:16:10;3.34;
09.01.2025 17:16:11;3.35;
09.01.2025 17:16:14;3.35;
09.01.2025 17:16:15;3.34;
09.01.2025 17:16:16;3.35;
09.01.2025 17:16:17;3.35;
09.01.2025 17:16:18;3.34;
09.01.2025 17:16:19;3.35;
09.01.2025 17:16:20;3.34;
09.01.2025 17:16:21;3.34;
09.01.2025 17:16:22;3.35;
09.01.2025 17:16:24;3.35;
09.01.2025 17:16:25;3.34;
09.01.2025 17:16:26;3.35;
09.01.2025 17:16:28;3.35;
09.01.2025 17:16:29;3.34;
09.01.2025 17:16:30;3.35;
09.01.2025 17:16:32;3.35;
09.01.2025 17:16:33;3.34;
09.01.2025 17:16:34;3.35;
09.01.2025 17:16:35;3.35;
09.01.2025 17:16:36;3.34;
09.01.2025 17:16:40;3.34;
09.01.2025 17:16:41;3.35;
09.01.2025 17:16:44;3.35;
09.01.2025 17:16:45;3.34;
09.01.2025 17:16:46;3.35;
09.01.2025 17:16:47;3.34;
09.01.2025 17:16:54;3.34;
09.01.2025 17:16:55;3.35;
09.01.2025 17:16:56;3.34;
09.01.2025 17:16:57;3.35;
09.01.2025 17:16:58;3.34;
09.01.2025 17:16:59;3.34;
09.01.2025 17:17:00;3.35;
09.01.2025 17:17:02;3.35;
09.01.2025 17:17:03;3.34;
09.01.2025 17:17:06;3.34;
09.01.2025 17:17:07;3.35;
09.01.2025 17:17:08;3.34;
09.01.2025 17:17:09;3.34;
09.01.2025 17:17:10;3.35;
09.01.2025 17:17:11;3.34;
09.01.2025 17:17:13;3.34;
09.01.2025 17:17:14;3.35;
09.01.2025 17:17:15;3.34;
09.01.2025 17:17:17;3.34;
09.01.2025 17:17:18;3.35;
09.01.2025 17:17:20;3.35;
09.01.2025 17:17:21;3.34;
09.01.2025 17:17:26;3.34;
09.01.2025 17:17:27;3.35;
09.01.2025 17:17:28;3.34;
09.01.2025 17:17:32;3.34;
09.01.2025 17:17:33;3.35;
09.01.2025 17:17:35;3.35;
09.01.2025 17:17:36;3.34;
09.01.2025 17:17:37;3.35;
09.01.2025 17:17:38;3.34;
09.01.2025 17:17:39;3.34;
09.01.2025 17:17:40;3.35;
09.01.2025 17:17:41;3.34;
09.01.2025 17:17:42;3.35;
09.01.2025 17:17:43;3.35;
09.01.2025 17:17:44;3.34;
09.01.2025 17:17:45;3.34;
09.01.2025 17:17:46;3.35;
09.01.2025 17:17:47;3.35;
09.01.2025 17:17:48;3.34;
09.01.2025 17:17:49;3.35;
09.01.2025 17:17:51;3.35;
09.01.2025 17:17:52;3.34;
09.01.2025 17:17:53;3.35;
09.01.2025 17:17:54;3.34;
09.01.2025 17:17:55;3.35;
09.01.2025 17:17:56;3.34;
09.01.2025 17:17:57;3.34;
09.01.2025 17:17:58;3.35;
09.01.2025 17:18:03;3.35;
09.01.2025 17:18:04;3.34;
09.01.2025 17:18:05;3.35;
09.01.2025 17:18:06;3.34;
09.01.2025 17:18:07;3.34;
09.01.2025 17:18:08;3.35;
09.01.2025 17:18:09;3.34;
09.01.2025 17:18:13;3.34;
09.01.2025 17:18:14;3.35;
09.01.2025 17:18:15;3.34;
09.01.2025 17:18:16;3.35;
09.01.2025 17:18:17;3.34;
09.01.2025 17:18:19;3.34;
09.01.2025 17:18:20;3.35;
09.01.2025 17:18:21;3.35;
09.01.2025 17:18:22;3.34;
09.01.2025 17:18:23;3.35;
09.01.2025 17:18:24;3.35;
09.01.2025 17:18:25;3.34;
09.01.2025 17:18:26;3.35;
09.01.2025 17:18:27;3.34;
09.01.2025 17:18:34;3.34;
09.01.2025 17:18:35;3.35;
09.01.2025 17:18:36;3.34;
09.01.2025 17:18:37;3.34;
09.01.2025 17:18:38;3.35;
09.01.2025 17:18:39;3.34;
09.01.2025 17:18:41;3.34;
09.01.2025 17:18:42;3.35;
09.01.2025 17:18:43;3.35;
09.01.2025 17:18:44;3.34;
09.01.2025 17:18:45;3.34;
09.01.2025 17:18:46;3.35;
09.01.2025 17:18:47;3.35;
09.01.2025 17:18:48;3.34;
09.01.2025 17:18:49;3.34;
09.01.2025 17:18:50;3.33;
09.01.2025 17:18:51;3.33;
09.01.2025 17:18:52;3.34;
09.01.2025 17:18:58;3.34;
09.01.2025 17:18:59;3.35;
09.01.2025 17:19:00;3.34;
09.01.2025 17:19:01;3.35;
09.01.2025 17:19:02;3.34;
09.01.2025 17:19:03;3.34;
09.01.2025 17:19:04;3.35;
09.01.2025 17:19:05;3.34;
09.01.2025 17:19:08;3.34;
09.01.2025 17:19:09;3.35;
09.01.2025 17:19:10;3.35;
09.01.2025 17:19:11;3.34;
09.01.2025 17:19:12;3.35;
09.01.2025 17:19:13;3.34;
09.01.2025 17:19:14;3.34;
09.01.2025 17:19:15;3.35;
09.01.2025 17:19:16;3.35;
09.01.2025 17:19:17;3.34;
09.01.2025 17:19:20;3.34;
09.01.2025 17:19:21;3.35;
09.01.2025 17:19:22;3.34;
09.01.2025 17:19:23;3.35;
09.01.2025 17:19:24;3.34;
09.01.2025 17:19:25;3.35;
09.01.2025 17:19:26;3.34;
09.01.2025 17:19:27;3.35;
09.01.2025 17:19:28;3.35;
09.01.2025 17:19:29;3.34;
09.01.2025 17:19:30;3.35;
09.01.2025 17:19:31;3.35;
09.01.2025 17:19:32;3.34;
09.01.2025 17:19:33;3.34;
09.01.2025 17:19:34;3.35;
09.01.2025 17:19:35;3.34;
09.01.2025 17:19:40;3.34;
09.01.2025 17:19:41;3.35;
09.01.2025 17:19:42;3.35;
09.01.2025 17:19:43;3.34;
09.01.2025 17:19:44;3.35;
09.01.2025 17:19:52;3.35;
09.01.2025 17:19:53;3.34;
09.01.2025 17:19:54;3.35;
09.01.2025 17:19:55;3.34;
09.01.2025 17:19:58;3.34;
09.01.2025 17:19:59;3.35;
09.01.2025 17:20:01;3.35;
09.01.2025 17:20:02;3.34;
09.01.2025 17:20:03;3.35;
09.01.2025 17:20:04;3.34;
09.01.2025 17:20:06;3.34;
09.01.2025 17:20:07;3.35;
09.01.2025 17:20:08;3.35;
09.01.2025 17:20:09;3.34;
09.01.2025 17:20:11;3.34;
09.01.2025 17:20:12;3.35;
09.01.2025 17:20:13;3.34;
09.01.2025 17:20:14;3.35;
09.01.2025 17:20:17;3.35;
09.01.2025 17:20:18;3.34;
09.01.2025 17:20:19;3.35;
09.01.2025 17:20:20;3.34;
09.01.2025 17:20:21;3.35;
09.01.2025 17:20:26;3.35;
09.01.2025 17:20:27;3.34;
09.01.2025 17:20:28;3.35;
09.01.2025 17:20:29;3.34;
09.01.2025 17:20:30;3.34;
09.01.2025 17:20:31;3.35;
09.01.2025 17:20:38;3.35;
09.01.2025 17:20:39;3.34;
09.01.2025 17:20:40;3.35;
09.01.2025 17:20:43;3.35;
09.01.2025 17:20:44;3.34;
09.01.2025 17:20:45;3.34;
09.01.2025 17:20:46;3.35;
09.01.2025 17:20:47;3.34;
09.01.2025 17:20:48;3.35;
09.01.2025 17:20:49;3.35;
09.01.2025 17:20:50;3.34;
09.01.2025 17:20:52;3.34;
09.01.2025 17:20:53;3.35;
09.01.2025 17:20:54;3.34;
09.01.2025 17:20:56;3.34;
09.01.2025 17:20:57;3.35;
09.01.2025 17:20:58;3.35;
09.01.2025 17:20:59;3.34;
09.01.2025 17:21:00;3.35;
09.01.2025 17:21:03;3.35;
09.01.2025 17:21:04;3.34;
09.01.2025 17:21:05;3.34;
09.01.2025 17:21:06;3.35;
09.01.2025 17:21:08;3.35;
09.01.2025 17:21:09;3.34;
09.01.2025 17:21:10;3.35;
09.01.2025 17:21:11;3.35;
09.01.2025 17:21:12;3.34;
09.01.2025 17:21:13;3.34;
09.01.2025 17:21:14;3.35;
09.01.2025 17:21:15;3.35;
09.01.2025 17:21:16;3.34;
09.01.2025 17:21:17;3.34;
09.01.2025 17:21:18;3.35;
09.01.2025 17:21:19;3.34;
09.01.2025 17:21:20;3.34;
09.01.2025 17:21:21;3.35;
09.01.2025 17:21:23;3.35;
09.01.2025 17:21:24;3.34;
09.01.2025 17:21:26;3.34;
09.01.2025 17:21:27;3.35;
09.01.2025 17:21:29;3.35;
09.01.2025 17:21:30;3.34;
09.01.2025 17:21:31;3.34;
09.01.2025 17:21:32;3.36;
09.01.2025 17:21:33;3.34;
09.01.2025 17:21:34;3.34;
09.01.2025 17:21:35;3.35;
09.01.2025 17:21:41;3.35;
09.01.2025 17:21:42;3.34;
09.01.2025 17:21:43;3.35;
09.01.2025 17:21:45;3.35;
09.01.2025 17:21:46;3.34;
09.01.2025 17:21:51;3.34;
09.01.2025 17:21:52;3.35;
09.01.2025 17:21:53;3.34;
09.01.2025 17:21:54;3.35;
09.01.2025 17:21:55;3.34;
09.01.2025 17:21:56;3.35;
09.01.2025 17:21:58;3.35;
09.01.2025 17:21:59;3.34;
09.01.2025 17:22:00;3.34;
09.01.2025 17:22:01;3.35;
09.01.2025 17:22:02;3.35;
09.01.2025 17:22:03;3.34;
09.01.2025 17:22:06;3.34;
09.01.2025 17:22:07;3.35;
09.01.2025 17:22:10;3.35;
09.01.2025 17:22:11;3.34;
09.01.2025 17:22:12;3.34;
09.01.2025 17:22:13;3.35;
09.01.2025 17:22:14;3.34;
09.01.2025 17:22:15;3.35;
09.01.2025 17:22:16;3.34;
09.01.2025 17:22:17;3.35;
09.01.2025 17:22:23;3.35;
09.01.2025 17:22:24;3.34;
09.01.2025 17:22:25;3.35;
09.01.2025 17:22:26;3.34;
09.01.2025 17:22:27;3.35;
09.01.2025 17:22:29;3.35;
09.01.2025 17:22:30;3.36;
09.01.2025 17:22:31;3.35;
09.01.2025 17:22:32;3.35;
09.01.2025 17:22:33;3.34;
09.01.2025 17:22:34;3.35;
09.01.2025 17:22:35;3.35;
09.01.2025 17:22:36;3.34;
09.01.2025 17:22:38;3.34;
09.01.2025 17:22:39;3.35;
09.01.2025 17:22:40;3.35;
09.01.2025 17:22:41;3.34;
09.01.2025 17:22:42;3.35;
09.01.2025 17:22:43;3.34;
09.01.2025 17:22:44;3.36;
09.01.2025 17:22:45;3.35;
09.01.2025 17:22:46;3.34;
09.01.2025 17:22:48;3.34;
09.01.2025 17:22:49;3.33;
09.01.2025 17:22:50;3.34;
09.01.2025 17:22:51;3.35;
09.01.2025 17:22:56;3.35;
09.01.2025 17:22:57;3.34;
09.01.2025 17:22:58;3.34;
09.01.2025 17:22:59;3.35;
09.01.2025 17:23:02;3.35;
09.01.2025 17:23:03;3.34;
09.01.2025 17:23:04;3.34;
09.01.2025 17:23:05;3.35;
09.01.2025 17:23:06;3.34;
09.01.2025 17:23:07;3.35;
09.01.2025 17:23:09;3.35;
09.01.2025 17:23:10;3.34;
09.01.2025 17:23:11;3.35;
09.01.2025 17:23:12;3.34;
09.01.2025 17:23:14;3.34;
09.01.2025 17:23:15;3.35;
09.01.2025 17:23:17;3.35;
09.01.2025 17:23:18;3.34;
09.01.2025 17:23:20;3.34;
09.01.2025 17:23:21;3.35;
09.01.2025 17:23:22;3.35;
09.01.2025 17:23:23;3.34;
09.01.2025 17:23:24;3.34;
09.01.2025 17:23:25;3.35;
09.01.2025 17:23:26;3.34;
09.01.2025 17:23:28;3.34;
09.01.2025 17:23:29;3.35;
09.01.2025 17:23:30;3.34;
09.01.2025 17:23:38;3.34;
09.01.2025 17:23:39;3.35;
09.01.2025 17:23:40;3.34;
09.01.2025 17:23:47;3.34;
09.01.2025 17:23:48;3.35;
09.01.2025 17:23:49;3.34;
09.01.2025 17:23:55;3.34;
09.01.2025 17:23:56;3.35;
09.01.2025 17:23:57;3.35;
09.01.2025 17:23:58;3.34;
09.01.2025 17:23:59;3.35;
09.01.2025 17:24:00;3.34;
09.01.2025 17:24:01;3.35;
09.01.2025 17:24:03;3.35;
09.01.2025 17:24:04;3.34;
09.01.2025 17:24:05;3.35;
09.01.2025 17:24:14;3.35;
09.01.2025 17:24:15;3.34;
09.01.2025 17:24:19;3.34;
09.01.2025 17:24:20;3.35;
09.01.2025 17:24:21;3.34;
09.01.2025 17:24:24;3.34;
09.01.2025 17:24:25;3.33;
09.01.2025 17:24:26;3.34;
09.01.2025 17:24:28;3.34;
09.01.2025 17:24:29;3.35;
09.01.2025 17:24:33;3.35;
09.01.2025 17:24:34;3.34;
09.01.2025 17:24:35;3.35;
09.01.2025 17:24:36;3.35;
09.01.2025 17:24:37;3.34;
09.01.2025 17:24:38;3.35;
09.01.2025 17:24:40;3.35;
09.01.2025 17:24:41;3.34;
09.01.2025 17:24:42;3.35;
09.01.2025 17:24:44;3.35;
09.01.2025 17:24:45;3.34;
09.01.2025 17:24:46;3.35;
09.01.2025 17:24:48;3.35;
09.01.2025 17:24:49;3.34;
09.01.2025 17:24:50;3.35;
09.01.2025 17:24:54;3.35;
09.01.2025 17:24:55;3.36;
09.01.2025 17:24:56;3.35;
09.01.2025 17:24:57;3.34;
09.01.2025 17:24:58;3.34;
09.01.2025 17:24:59;3.35;
09.01.2025 17:25:01;3.35;
09.01.2025 17:25:02;3.34;
09.01.2025 17:25:03;3.35;
09.01.2025 17:25:06;3.35;
09.01.2025 17:25:07;3.34;
09.01.2025 17:25:10;3.34;
09.01.2025 17:25:11;3.35;
09.01.2025 17:25:12;3.34;
09.01.2025 17:25:13;3.35;
09.01.2025 17:25:16;3.35;
09.01.2025 17:25:17;3.34;
09.01.2025 17:25:18;3.34;
09.01.2025 17:25:19;3.35;
09.01.2025 17:25:20;3.34;
09.01.2025 17:25:21;3.35;
09.01.2025 17:25:24;3.35;
09.01.2025 17:25:25;3.34;
09.01.2025 17:25:26;3.35;
09.01.2025 17:25:29;3.35;
09.01.2025 17:25:30;3.36;
09.01.2025 17:25:31;3.35;
09.01.2025 17:25:32;3.35;
09.01.2025 17:25:33;3.36;
09.01.2025 17:25:34;3.35;
09.01.2025 17:25:41;3.35;
09.01.2025 17:25:42;3.34;
09.01.2025 17:25:43;3.35;
09.01.2025 17:25:44;3.35;
09.01.2025 17:25:45;3.34;
09.01.2025 17:25:46;3.35;
09.01.2025 17:25:47;3.35;
09.01.2025 17:25:48;3.34;
09.01.2025 17:25:49;3.36;
09.01.2025 17:25:50;3.35;
09.01.2025 17:25:51;3.34;
09.01.2025 17:25:52;3.35;
09.01.2025 17:25:53;3.34;
09.01.2025 17:25:54;3.35;
09.01.2025 17:25:55;3.35;
09.01.2025 17:25:56;3.34;
09.01.2025 17:25:58;3.34;
09.01.2025 17:25:59;3.35;
09.01.2025 17:26:07;3.35;
09.01.2025 17:26:08;3.34;
09.01.2025 17:26:09;3.34;
09.01.2025 17:26:10;3.35;
09.01.2025 17:26:12;3.35;
09.01.2025 17:26:13;3.34;
09.01.2025 17:26:15;3.34;
09.01.2025 17:26:16;3.35;
09.01.2025 17:26:19;3.35;
09.01.2025 17:26:20;3.34;
09.01.2025 17:26:21;3.35;
09.01.2025 17:26:22;3.34;
09.01.2025 17:26:23;3.35;
09.01.2025 17:26:24;3.36;
09.01.2025 17:26:25;3.35;
09.01.2025 17:26:30;3.35;
09.01.2025 17:26:31;3.34;
09.01.2025 17:26:32;3.35;
09.01.2025 17:26:37;3.35;
09.01.2025 17:26:38;3.34;
09.01.2025 17:26:39;3.34;
09.01.2025 17:26:40;3.35;
09.01.2025 17:26:41;3.36;
09.01.2025 17:26:42;3.35;
09.01.2025 17:26:43;3.34;
09.01.2025 17:26:44;3.35;
09.01.2025 17:26:46;3.35;
09.01.2025 17:26:47;3.34;
09.01.2025 17:26:49;3.34;
09.01.2025 17:26:50;3.35;
09.01.2025 17:26:51;3.34;
09.01.2025 17:26:52;3.35;
09.01.2025 17:26:53;3.34;
09.01.2025 17:26:54;3.35;
09.01.2025 17:26:55;3.34;
09.01.2025 17:26:59;3.34;
09.01.2025 17:27:00;3.35;
09.01.2025 17:27:01;3.35;
09.01.2025 17:27:02;3.34;
09.01.2025 17:27:03;3.35;
09.01.2025 17:27:04;3.34;
09.01.2025 17:27:07;3.34;
09.01.2025 17:27:08;3.35;
09.01.2025 17:27:10;3.35;
09.01.2025 17:27:11;3.34;
09.01.2025 17:27:12;3.35;
09.01.2025 17:27:14;3.35;
09.01.2025 17:27:15;3.34;
09.01.2025 17:27:16;3.35;
09.01.2025 17:27:17;3.35;
09.01.2025 17:27:18;3.34;
09.01.2025 17:27:23;3.34;
09.01.2025 17:27:24;3.35;
09.01.2025 17:27:25;3.34;
09.01.2025 17:27:27;3.34;
09.01.2025 17:27:28;3.35;
09.01.2025 17:27:33;3.35;
09.01.2025 17:27:34;3.34;
09.01.2025 17:27:35;3.35;
09.01.2025 17:27:36;3.35;
09.01.2025 17:27:37;3.34;
09.01.2025 17:27:39;3.34;
09.01.2025 17:27:40;3.35;
09.01.2025 17:27:41;3.35;
09.01.2025 17:27:42;3.34;
09.01.2025 17:27:43;3.35;
09.01.2025 17:27:45;3.35;
09.01.2025 17:27:46;3.34;
09.01.2025 17:27:47;3.35;
09.01.2025 17:27:48;3.35;
09.01.2025 17:27:49;3.36;
09.01.2025 17:27:50;3.35;
09.01.2025 17:27:51;3.34;
09.01.2025 17:27:52;3.35;
09.01.2025 17:27:54;3.35;
09.01.2025 17:27:55;3.36;
09.01.2025 17:27:56;3.35;
09.01.2025 17:27:57;3.35;
09.01.2025 17:27:58;3.34;
09.01.2025 17:27:59;3.35;
09.01.2025 17:28:03;3.35;
09.01.2025 17:28:04;3.34;
09.01.2025 17:28:05;3.34;
09.01.2025 17:28:06;3.35;
09.01.2025 17:28:09;3.35;
09.01.2025 17:28:10;3.34;
09.01.2025 17:28:12;3.34;
09.01.2025 17:28:13;3.35;
09.01.2025 17:28:14;3.34;
09.01.2025 17:28:15;3.34;
09.01.2025 17:28:16;3.35;
09.01.2025 17:28:20;3.35;
09.01.2025 17:28:21;3.34;
09.01.2025 17:28:22;3.34;
09.01.2025 17:28:23;3.35;
09.01.2025 17:28:24;3.34;
09.01.2025 17:28:25;3.35;
09.01.2025 17:28:27;3.35;
09.01.2025 17:28:28;3.34;
09.01.2025 17:28:29;3.35;
09.01.2025 17:28:30;3.34;
09.01.2025 17:28:31;3.35;
09.01.2025 17:28:32;3.34;
09.01.2025 17:28:34;3.34;
09.01.2025 17:28:35;3.35;
09.01.2025 17:28:37;3.35;
09.01.2025 17:28:38;3.34;
09.01.2025 17:28:39;3.34;
09.01.2025 17:28:40;3.35;
09.01.2025 17:28:48;3.35;
09.01.2025 17:28:49;3.34;
09.01.2025 17:28:50;3.35;
09.01.2025 17:28:52;3.35;
09.01.2025 17:28:53;3.34;
09.01.2025 17:28:54;3.36;
09.01.2025 17:28:55;3.35;
09.01.2025 17:29:02;3.35;
09.01.2025 17:29:03;3.34;
09.01.2025 17:29:04;3.35;
09.01.2025 17:29:05;3.34;
09.01.2025 17:29:06;3.34;
09.01.2025 17:29:07;3.35;
09.01.2025 17:29:08;3.34;
09.01.2025 17:29:10;3.34;
09.01.2025 17:29:11;3.35;
09.01.2025 17:29:19;3.35;
09.01.2025 17:29:20;3.34;
09.01.2025 17:29:21;3.35;
09.01.2025 17:29:22;3.34;
09.01.2025 17:29:23;3.35;
09.01.2025 17:29:30;3.35;
09.01.2025 17:29:31;3.34;
09.01.2025 17:29:32;3.35;
09.01.2025 17:29:34;3.35;
09.01.2025 17:29:35;3.34;
09.01.2025 17:29:36;3.35;
09.01.2025 17:29:37;3.34;
09.01.2025 17:29:38;3.34;
09.01.2025 17:29:39;3.35;
09.01.2025 17:29:41;3.35;
09.01.2025 17:29:42;3.34;
09.01.2025 17:29:43;3.35;
09.01.2025 17:29:45;3.35;
09.01.2025 17:29:46;3.34;
09.01.2025 17:29:47;3.35;
09.01.2025 17:29:49;3.35;
09.01.2025 17:29:50;3.34;
09.01.2025 17:29:51;3.35;
09.01.2025 17:29:54;3.35;
09.01.2025 17:29:55;3.34;
09.01.2025 17:29:58;3.34;
09.01.2025 17:29:59;3.35;
09.01.2025 17:30:00;3.34;
09.01.2025 17:30:01;3.35;
09.01.2025 17:30:02;3.34;
09.01.2025 17:30:03;3.35;
09.01.2025 17:30:07;3.35;
09.01.2025 17:30:08;3.34;
09.01.2025 17:30:09;3.35;
09.01.2025 17:30:10;3.34;
09.01.2025 17:30:11;3.34;
09.01.2025 17:30:12;3.35;
09.01.2025 17:30:13;3.34;
09.01.2025 17:30:16;3.34;
09.01.2025 17:30:17;3.35;
09.01.2025 17:30:18;3.35;
09.01.2025 17:30:19;3.34;
09.01.2025 17:30:20;3.35;
09.01.2025 17:30:23;3.35;
09.01.2025 17:30:24;3.34;
09.01.2025 17:30:25;3.34;
09.01.2025 17:30:26;3.35;
09.01.2025 17:30:30;3.35;
09.01.2025 17:30:31;3.34;
09.01.2025 17:30:32;3.35;
09.01.2025 17:30:34;3.35;
09.01.2025 17:30:35;3.36;
09.01.2025 17:30:36;3.34;
09.01.2025 17:30:37;3.34;
09.01.2025 17:30:38;3.35;
09.01.2025 17:30:39;3.35;
09.01.2025 17:30:40;3.34;
09.01.2025 17:30:41;3.34;
09.01.2025 17:30:42;3.35;
09.01.2025 17:30:43;3.35;
09.01.2025 17:30:44;3.34;
09.01.2025 17:30:45;3.35;
09.01.2025 17:30:46;3.35;
09.01.2025 17:30:47;3.34;
09.01.2025 17:30:48;3.34;
09.01.2025 17:30:49;3.35;
09.01.2025 17:30:53;3.35;
09.01.2025 17:30:54;3.34;
09.01.2025 17:30:57;3.34;
09.01.2025 17:30:58;3.35;
09.01.2025 17:30:59;3.34;
09.01.2025 17:31:00;3.35;
09.01.2025 17:31:06;3.35;
09.01.2025 17:31:07;3.34;
09.01.2025 17:31:08;3.35;
09.01.2025 17:31:09;3.34;
09.01.2025 17:31:10;3.35;
09.01.2025 17:31:12;3.35;
09.01.2025 17:31:13;3.34;
09.01.2025 17:31:14;3.35;
09.01.2025 17:31:15;3.35;
09.01.2025 17:31:16;3.34;
09.01.2025 17:31:17;3.34;
09.01.2025 17:31:18;3.35;
09.01.2025 17:31:20;3.35;
09.01.2025 17:31:21;3.34;
09.01.2025 17:31:22;3.35;
09.01.2025 17:31:23;3.35;
09.01.2025 17:31:24;3.34;
09.01.2025 17:31:25;3.34;
09.01.2025 17:31:26;3.35;
09.01.2025 17:31:27;3.35;
09.01.2025 17:31:28;3.34;
09.01.2025 17:31:29;3.34;
09.01.2025 17:31:30;3.35;
09.01.2025 17:31:34;3.35;
09.01.2025 17:31:35;3.34;
09.01.2025 17:31:36;3.34;
09.01.2025 17:31:37;3.35;
09.01.2025 17:31:38;3.34;
09.01.2025 17:31:39;3.34;
09.01.2025 17:31:40;3.35;
09.01.2025 17:31:41;3.34;
09.01.2025 17:31:42;3.35;
09.01.2025 17:31:45;3.35;
09.01.2025 17:31:46;3.36;
09.01.2025 17:31:47;3.35;
09.01.2025 17:31:48;3.35;
09.01.2025 17:31:49;3.34;
09.01.2025 17:31:50;3.34;
09.01.2025 17:31:51;3.35;
09.01.2025 17:32:02;3.35;
09.01.2025 17:32:03;3.34;
09.01.2025 17:32:04;3.34;
09.01.2025 17:32:05;3.35;
09.01.2025 17:32:12;3.35;
09.01.2025 17:32:13;3.34;
09.01.2025 17:32:14;3.35;
09.01.2025 17:32:15;3.35;
09.01.2025 17:32:16;3.34;
09.01.2025 17:32:17;3.35;
09.01.2025 17:32:18;3.35;
09.01.2025 17:32:19;3.34;
09.01.2025 17:32:20;3.35;
09.01.2025 17:32:23;3.35;
09.01.2025 17:32:24;3.34;
09.01.2025 17:32:25;3.34;
09.01.2025 17:32:26;3.35;
09.01.2025 17:32:27;3.34;
09.01.2025 17:32:28;3.35;
09.01.2025 17:32:29;3.35;
09.01.2025 17:32:30;3.34;
09.01.2025 17:32:31;3.35;
09.01.2025 17:32:32;3.34;
09.01.2025 17:32:33;3.35;
09.01.2025 17:32:34;3.34;
09.01.2025 17:32:35;3.35;
09.01.2025 17:32:36;3.34;
09.01.2025 17:32:37;3.34;
09.01.2025 17:32:38;3.35;
09.01.2025 17:32:39;3.34;
09.01.2025 17:32:40;3.35;
09.01.2025 17:32:41;3.34;
09.01.2025 17:32:47;3.34;
09.01.2025 17:32:48;3.35;
09.01.2025 17:32:49;3.35;
09.01.2025 17:32:50;3.34;
09.01.2025 17:32:53;3.34;
09.01.2025 17:32:54;3.35;
09.01.2025 17:32:55;3.35;
09.01.2025 17:32:56;3.34;
09.01.2025 17:32:57;3.35;
09.01.2025 17:32:58;3.34;
09.01.2025 17:32:59;3.34;
09.01.2025 17:33:00;3.35;
09.01.2025 17:33:04;3.35;
09.01.2025 17:33:05;3.34;
09.01.2025 17:33:06;3.34;
09.01.2025 17:33:07;3.35;
09.01.2025 17:33:08;3.36;
09.01.2025 17:33:09;3.34;
09.01.2025 17:33:10;3.35;
09.01.2025 17:33:11;3.35;
09.01.2025 17:33:12;3.34;
09.01.2025 17:33:13;3.35;
09.01.2025 17:33:14;3.34;
09.01.2025 17:33:15;3.35;
09.01.2025 17:33:16;3.34;
09.01.2025 17:33:17;3.35;
09.01.2025 17:33:18;3.35;
09.01.2025 17:33:19;3.34;
09.01.2025 17:33:20;3.35;
09.01.2025 17:33:21;3.35;
09.01.2025 17:33:22;3.34;
09.01.2025 17:33:24;3.34;
09.01.2025 17:33:25;3.35;
09.01.2025 17:33:29;3.35;
09.01.2025 17:33:30;3.34;
09.01.2025 17:33:33;3.34;
09.01.2025 17:33:34;3.35;
09.01.2025 17:33:35;3.35;
09.01.2025 17:33:36;3.33;
09.01.2025 17:33:37;3.34;
09.01.2025 17:33:38;3.34;
09.01.2025 17:33:39;3.35;
09.01.2025 17:33:40;3.35;
09.01.2025 17:33:41;3.34;
09.01.2025 17:33:42;3.35;
09.01.2025 17:33:43;3.35;
09.01.2025 17:33:44;3.34;
09.01.2025 17:33:45;3.35;
09.01.2025 17:33:46;3.34;
09.01.2025 17:33:47;3.35;
09.01.2025 17:33:48;3.34;
09.01.2025 17:33:49;3.35;
09.01.2025 17:33:52;3.35;
09.01.2025 17:33:53;3.34;
09.01.2025 17:33:54;3.35;
09.01.2025 17:33:55;3.35;
09.01.2025 17:33:56;3.34;
09.01.2025 17:33:57;3.34;
09.01.2025 17:33:58;3.35;
09.01.2025 17:34:00;3.35;
09.01.2025 17:34:01;3.34;
09.01.2025 17:34:02;3.35;
09.01.2025 17:34:03;3.34;
09.01.2025 17:34:04;3.34;
09.01.2025 17:34:05;3.35;
09.01.2025 17:34:06;3.34;
09.01.2025 17:34:07;3.34;
09.01.2025 17:34:08;3.35;
09.01.2025 17:34:16;3.35;
09.01.2025 17:34:17;3.34;
09.01.2025 17:34:18;3.35;
09.01.2025 17:34:19;3.34;
09.01.2025 17:34:20;3.35;
09.01.2025 17:34:21;3.35;
09.01.2025 17:34:22;3.34;
09.01.2025 17:34:23;3.34;
09.01.2025 17:34:24;3.35;
09.01.2025 17:34:25;3.35;
09.01.2025 17:34:26;3.34;
09.01.2025 17:34:27;3.34;
09.01.2025 17:34:28;3.35;
09.01.2025 17:34:30;3.35;
09.01.2025 17:34:31;3.34;
09.01.2025 17:34:35;3.34;
09.01.2025 17:34:36;3.35;
09.01.2025 17:34:37;3.34;
09.01.2025 17:34:44;3.34;
09.01.2025 17:34:45;3.35;
09.01.2025 17:34:46;3.35;
09.01.2025 17:34:47;3.34;
09.01.2025 17:34:49;3.34;
09.01.2025 17:34:50;3.35;
09.01.2025 17:34:51;3.34;
09.01.2025 17:34:52;3.34;
09.01.2025 17:34:53;3.33;
09.01.2025 17:34:54;3.34;
09.01.2025 17:34:55;3.35;
09.01.2025 17:34:56;3.34;
09.01.2025 17:34:57;3.34;
09.01.2025 17:34:58;3.35;
09.01.2025 17:34:59;3.33;
09.01.2025 17:35:00;3.34;
09.01.2025 17:35:10;3.34;
09.01.2025 17:35:11;3.33;
09.01.2025 17:35:12;3.34;
09.01.2025 17:35:13;3.34;
09.01.2025 17:35:14;3.33;
09.01.2025 17:35:15;3.34;
09.01.2025 17:35:46;3.34;
09.01.2025 17:35:47;3.35;
09.01.2025 17:35:49;3.35;
09.01.2025 17:35:50;3.34;
09.01.2025 17:35:51;3.35;
09.01.2025 17:35:53;3.35;
09.01.2025 17:35:54;3.34;
09.01.2025 17:35:55;3.35;
09.01.2025 17:35:56;3.35;
09.01.2025 17:35:57;3.34;
09.01.2025 17:35:58;3.35;
09.01.2025 17:35:59;3.34;
09.01.2025 17:36:00;3.35;
09.01.2025 17:36:01;3.34;
09.01.2025 17:36:02;3.34;
09.01.2025 17:36:03;3.35;
09.01.2025 17:36:04;3.35;
09.01.2025 17:36:05;3.34;
09.01.2025 17:36:06;3.35;
09.01.2025 17:36:07;3.34;
09.01.2025 17:36:11;3.34;
09.01.2025 17:36:12;3.35;
09.01.2025 17:36:14;3.35;
09.01.2025 17:36:15;3.34;
09.01.2025 17:36:16;3.34;
09.01.2025 17:36:17;3.35;
09.01.2025 17:36:18;3.34;
09.01.2025 17:36:24;3.34;
09.01.2025 17:36:25;3.35;
09.01.2025 17:36:27;3.35;
09.01.2025 17:36:28;3.34;
09.01.2025 17:36:29;3.35;
09.01.2025 17:36:30;3.35;
09.01.2025 17:36:31;3.34;
09.01.2025 17:36:32;3.34;
09.01.2025 17:36:33;3.35;
09.01.2025 17:36:34;3.34;
09.01.2025 17:36:36;3.34;
09.01.2025 17:36:37;3.35;
09.01.2025 17:36:41;3.35;
09.01.2025 17:36:42;3.34;
09.01.2025 17:36:43;3.34;
09.01.2025 17:36:44;3.35;
09.01.2025 17:36:45;3.33;
09.01.2025 17:36:46;3.34;
09.01.2025 17:36:47;3.34;
09.01.2025 17:36:48;3.35;
09.01.2025 17:36:49;3.34;
09.01.2025 17:36:52;3.34;
09.01.2025 17:36:53;3.35;
09.01.2025 17:36:54;3.34;
09.01.2025 17:36:55;3.35;
09.01.2025 17:36:56;3.35;
09.01.2025 17:36:57;3.34;
09.01.2025 17:36:58;3.35;
09.01.2025 17:36:59;3.34;
09.01.2025 17:37:00;3.35;
09.01.2025 17:37:02;3.35;
09.01.2025 17:37:03;3.34;
09.01.2025 17:37:04;3.34;
09.01.2025 17:37:05;3.35;
09.01.2025 17:37:06;3.35;
09.01.2025 17:37:07;3.34;
09.01.2025 17:37:08;3.34;
09.01.2025 17:37:09;3.35;
09.01.2025 17:37:10;3.34;
09.01.2025 17:37:11;3.34;
09.01.2025 17:37:12;3.35;
09.01.2025 17:37:13;3.34;
09.01.2025 17:37:14;3.34;
09.01.2025 17:37:15;3.35;
09.01.2025 17:37:16;3.34;
09.01.2025 17:37:17;3.35;
09.01.2025 17:37:18;3.34;
09.01.2025 17:37:28;3.34;
09.01.2025 17:37:29;3.35;
09.01.2025 17:37:30;3.34;
09.01.2025 17:37:31;3.35;
09.01.2025 17:37:32;3.33;
09.01.2025 17:37:33;3.34;
09.01.2025 17:37:36;3.34;
09.01.2025 17:37:37;3.35;
09.01.2025 17:37:42;3.35;
09.01.2025 17:37:43;3.34;
09.01.2025 17:37:51;3.34;
09.01.2025 17:37:52;3.35;
09.01.2025 17:37:53;3.35;
09.01.2025 17:37:54;3.34;
09.01.2025 17:37:55;3.35;
09.01.2025 17:37:56;3.35;
09.01.2025 17:37:57;3.34;
09.01.2025 17:37:58;3.35;
09.01.2025 17:38:02;3.35;
09.01.2025 17:38:03;3.34;
09.01.2025 17:38:05;3.34;
09.01.2025 17:38:06;3.35;
09.01.2025 17:38:07;3.35;
09.01.2025 17:38:08;3.34;
09.01.2025 17:38:09;3.35;
09.01.2025 17:38:10;3.34;
09.01.2025 17:38:13;3.34;
09.01.2025 17:38:14;3.35;
09.01.2025 17:38:15;3.34;
09.01.2025 17:38:18;3.34;
09.01.2025 17:38:19;3.35;
09.01.2025 17:38:20;3.35;
09.01.2025 17:38:21;3.34;
09.01.2025 17:38:22;3.35;
09.01.2025 17:38:23;3.35;
09.01.2025 17:38:24;3.34;
09.01.2025 17:38:25;3.35;
09.01.2025 17:38:26;3.34;
09.01.2025 17:38:27;3.35;
09.01.2025 17:38:28;3.34;
09.01.2025 17:38:30;3.34;
09.01.2025 17:38:31;3.35;
09.01.2025 17:38:32;3.35;
09.01.2025 17:38:33;3.34;
09.01.2025 17:38:34;3.35;
09.01.2025 17:38:36;3.35;
09.01.2025 17:38:37;3.34;
09.01.2025 17:38:38;3.35;
09.01.2025 17:38:43;3.35;
09.01.2025 17:38:44;3.34;
09.01.2025 17:38:47;3.34;
09.01.2025 17:38:48;3.35;
09.01.2025 17:38:54;3.35;
09.01.2025 17:38:55;3.36;
09.01.2025 17:38:56;3.35;
09.01.2025 17:38:59;3.35;
09.01.2025 17:39:00;3.34;
09.01.2025 17:39:01;3.35;
09.01.2025 17:39:03;3.35;
09.01.2025 17:39:04;3.34;
09.01.2025 17:39:05;3.35;
09.01.2025 17:39:06;3.35;
09.01.2025 17:39:07;3.36;
09.01.2025 17:39:08;3.35;
09.01.2025 17:39:09;3.35;
09.01.2025 17:39:10;3.34;
09.01.2025 17:39:11;3.34;
09.01.2025 17:39:12;3.35;
09.01.2025 17:39:13;3.34;
09.01.2025 17:39:14;3.35;
09.01.2025 17:39:16;3.35;
09.01.2025 17:39:17;3.34;
09.01.2025 17:39:19;3.34;
09.01.2025 17:39:20;3.35;
09.01.2025 17:39:22;3.35;
09.01.2025 17:39:23;3.34;
09.01.2025 17:39:24;3.34;
09.01.2025 17:39:25;3.35;
09.01.2025 17:39:27;3.35;
09.01.2025 17:39:28;3.34;
09.01.2025 17:39:29;3.35;
09.01.2025 17:39:32;3.35;
09.01.2025 17:39:33;3.34;
09.01.2025 17:39:34;3.35;
09.01.2025 17:39:35;3.34;
09.01.2025 17:39:38;3.34;
09.01.2025 17:39:39;3.35;
09.01.2025 17:39:40;3.35;
09.01.2025 17:39:41;3.34;
09.01.2025 17:39:42;3.34;
09.01.2025 17:39:43;3.35;
09.01.2025 17:39:46;3.35;
09.01.2025 17:39:47;3.36;
09.01.2025 17:39:48;3.34;
09.01.2025 17:39:49;3.35;
09.01.2025 17:39:50;3.34;
09.01.2025 17:39:51;3.35;
09.01.2025 17:39:52;3.34;
09.01.2025 17:39:54;3.34;
09.01.2025 17:39:55;3.35;
09.01.2025 17:39:56;3.34;
09.01.2025 17:39:57;3.35;
09.01.2025 17:39:58;3.34;
09.01.2025 17:39:59;3.34;
09.01.2025 17:40:00;3.35;
09.01.2025 17:40:01;3.34;
09.01.2025 17:40:17;3.34;
09.01.2025 17:40:18;3.35;
09.01.2025 17:40:19;3.33;
09.01.2025 17:40:20;3.33;
09.01.2025 17:40:21;3.34;
09.01.2025 17:40:23;3.34;
09.01.2025 17:40:24;3.33;
09.01.2025 17:40:25;3.35;
09.01.2025 17:40:26;3.34;
09.01.2025 17:40:27;3.34;
09.01.2025 17:40:28;3.35;
09.01.2025 17:40:29;3.34;
09.01.2025 17:40:30;3.35;
09.01.2025 17:40:31;3.35;
09.01.2025 17:40:32;3.34;
09.01.2025 17:40:33;3.34;
09.01.2025 17:40:34;3.35;
09.01.2025 17:40:35;3.34;
09.01.2025 17:40:37;3.34;
09.01.2025 17:40:38;3.35;
09.01.2025 17:40:47;3.35;
09.01.2025 17:40:48;3.34;
09.01.2025 17:40:49;3.34;
09.01.2025 17:40:50;3.35;
09.01.2025 17:40:51;3.34;
09.01.2025 17:40:53;3.34;
09.01.2025 17:40:54;3.35;
09.01.2025 17:40:56;3.35;
09.01.2025 17:40:57;3.34;
09.01.2025 17:40:58;3.34;
09.01.2025 17:40:59;3.35;
09.01.2025 17:41:02;3.35;
09.01.2025 17:41:03;3.34;
09.01.2025 17:41:04;3.34;
09.01.2025 17:41:05;3.35;
09.01.2025 17:41:06;3.35;
09.01.2025 17:41:07;3.34;
09.01.2025 17:41:08;3.34;
09.01.2025 17:41:09;3.35;
09.01.2025 17:41:10;3.34;
09.01.2025 17:41:11;3.34;
09.01.2025 17:41:12;3.35;
09.01.2025 17:41:14;3.35;
09.01.2025 17:41:15;3.34;
09.01.2025 17:41:16;3.35;
09.01.2025 17:41:18;3.35;
09.01.2025 17:41:19;3.34;
09.01.2025 17:41:21;3.34;
09.01.2025 17:41:22;3.35;
09.01.2025 17:41:23;3.35;
09.01.2025 17:41:24;3.34;
09.01.2025 17:41:25;3.35;
09.01.2025 17:41:26;3.35;
09.01.2025 17:41:27;3.34;
09.01.2025 17:41:28;3.34;
09.01.2025 17:41:29;3.35;
09.01.2025 17:41:30;3.34;
09.01.2025 17:41:31;3.35;
09.01.2025 17:41:32;3.34;
09.01.2025 17:41:33;3.35;
09.01.2025 17:41:34;3.35;
09.01.2025 17:41:35;3.34;
09.01.2025 17:41:36;3.34;
09.01.2025 17:41:37;3.35;
09.01.2025 17:41:38;3.34;
09.01.2025 17:41:40;3.34;
09.01.2025 17:41:41;3.35;
09.01.2025 17:41:42;3.35;
09.01.2025 17:41:43;3.34;
09.01.2025 17:41:50;3.34;
09.01.2025 17:41:51;3.35;
09.01.2025 17:41:53;3.35;
09.01.2025 17:41:54;3.34;
09.01.2025 17:41:55;3.35;
09.01.2025 17:41:56;3.34;
09.01.2025 17:41:58;3.34;
09.01.2025 17:41:59;3.35;
09.01.2025 17:42:00;3.34;
09.01.2025 17:42:02;3.34;
09.01.2025 17:42:03;3.35;
09.01.2025 17:42:04;3.34;
09.01.2025 17:42:07;3.34;
09.01.2025 17:42:08;3.35;
09.01.2025 17:42:10;3.35;
09.01.2025 17:42:11;3.34;
09.01.2025 17:42:14;3.34;
09.01.2025 17:42:15;3.35;
09.01.2025 17:42:17;3.35;
09.01.2025 17:42:18;3.34;
09.01.2025 17:42:20;3.34;
09.01.2025 17:42:21;3.35;
09.01.2025 17:42:23;3.35;
09.01.2025 17:42:24;3.33;
09.01.2025 17:42:25;3.35;
09.01.2025 17:42:26;3.35;
09.01.2025 17:42:27;3.34;
09.01.2025 17:42:28;3.35;
09.01.2025 17:42:29;3.34;
09.01.2025 17:42:30;3.34;
09.01.2025 17:42:31;3.35;
09.01.2025 17:42:32;3.34;
09.01.2025 17:42:34;3.34;
09.01.2025 17:42:35;3.35;
09.01.2025 17:42:36;3.36;
09.01.2025 17:42:37;3.34;
09.01.2025 17:42:38;3.34;
09.01.2025 17:42:39;3.35;
09.01.2025 17:42:40;3.34;
09.01.2025 17:42:46;3.34;
09.01.2025 17:42:47;3.35;
09.01.2025 17:42:49;3.35;
09.01.2025 17:42:50;3.34;
09.01.2025 17:42:51;3.35;
09.01.2025 17:42:52;3.34;
09.01.2025 17:42:53;3.35;
09.01.2025 17:42:54;3.34;
09.01.2025 17:43:00;3.34;
09.01.2025 17:43:01;3.35;
09.01.2025 17:43:02;3.34;
09.01.2025 17:43:03;3.35;
09.01.2025 17:43:04;3.34;
09.01.2025 17:43:08;3.34;
09.01.2025 17:43:09;3.35;
09.01.2025 17:43:11;3.35;
09.01.2025 17:43:12;3.34;
09.01.2025 17:43:15;3.34;
09.01.2025 17:43:16;3.35;
09.01.2025 17:43:17;3.34;
09.01.2025 17:43:18;3.35;
09.01.2025 17:43:19;3.34;
09.01.2025 17:43:20;3.35;
09.01.2025 17:43:23;3.35;
09.01.2025 17:43:24;3.34;
09.01.2025 17:43:26;3.34;
09.01.2025 17:43:27;3.35;
09.01.2025 17:43:28;3.34;
09.01.2025 17:43:29;3.35;
09.01.2025 17:43:30;3.35;
09.01.2025 17:43:31;3.34;
09.01.2025 17:43:32;3.35;
09.01.2025 17:43:33;3.34;
09.01.2025 17:43:35;3.34;
09.01.2025 17:43:36;3.35;
09.01.2025 17:43:37;3.34;
09.01.2025 17:43:39;3.34;
09.01.2025 17:43:40;3.35;
09.01.2025 17:43:42;3.35;
09.01.2025 17:43:43;3.34;
09.01.2025 17:43:44;3.35;
09.01.2025 17:43:48;3.35;
09.01.2025 17:43:49;3.34;
09.01.2025 17:43:56;3.34;
09.01.2025 17:43:57;3.35;
09.01.2025 17:43:58;3.35;
09.01.2025 17:43:59;3.34;
09.01.2025 17:44:00;3.35;
09.01.2025 17:44:04;3.35;
09.01.2025 17:44:05;3.34;
09.01.2025 17:44:06;3.35;
09.01.2025 17:44:07;3.34;
09.01.2025 17:44:08;3.35;
09.01.2025 17:44:09;3.34;
09.01.2025 17:44:10;3.35;
09.01.2025 17:44:11;3.34;
09.01.2025 17:44:12;3.35;
09.01.2025 17:44:13;3.35;
09.01.2025 17:44:14;3.34;
09.01.2025 17:44:15;3.35;
09.01.2025 17:44:16;3.34;
09.01.2025 17:44:17;3.35;
09.01.2025 17:44:18;3.35;
09.01.2025 17:44:19;3.34;
09.01.2025 17:44:21;3.34;
09.01.2025 17:44:22;3.35;
09.01.2025 17:44:23;3.34;
09.01.2025 17:44:25;3.34;
09.01.2025 17:44:26;3.35;
09.01.2025 17:44:27;3.34;
09.01.2025 17:44:30;3.34;
09.01.2025 17:44:31;3.35;
09.01.2025 17:44:32;3.34;
09.01.2025 17:44:35;3.34;
09.01.2025 17:44:36;3.35;
09.01.2025 17:44:37;3.34;
09.01.2025 17:44:38;3.35;
09.01.2025 17:44:39;3.34;
09.01.2025 17:44:40;3.35;
09.01.2025 17:44:41;3.34;
09.01.2025 17:44:42;3.35;
09.01.2025 17:44:43;3.34;
09.01.2025 17:44:44;3.35;
09.01.2025 17:44:45;3.34;
09.01.2025 17:44:46;3.35;
09.01.2025 17:44:47;3.34;
09.01.2025 17:44:48;3.34;
09.01.2025 17:44:49;3.35;
09.01.2025 17:44:50;3.35;
09.01.2025 17:44:51;3.34;
09.01.2025 17:44:52;3.35;
09.01.2025 17:44:54;3.35;
09.01.2025 17:44:55;3.34;
09.01.2025 17:45:00;3.34;
09.01.2025 17:45:01;3.35;
09.01.2025 17:45:02;3.34;
09.01.2025 17:45:07;3.34;
09.01.2025 17:45:08;3.35;
09.01.2025 17:45:09;3.35;
09.01.2025 17:45:10;3.34;
09.01.2025 17:45:19;3.34;
09.01.2025 17:45:20;3.35;
09.01.2025 17:45:21;3.34;
09.01.2025 17:45:22;3.34;
09.01.2025 17:45:23;3.35;
09.01.2025 17:45:24;3.34;
09.01.2025 17:45:26;3.34;
09.01.2025 17:45:27;3.35;
09.01.2025 17:45:28;3.35;
09.01.2025 17:45:29;3.34;
09.01.2025 17:45:30;3.35;
09.01.2025 17:45:31;3.35;
09.01.2025 17:45:32;3.34;
09.01.2025 17:45:33;3.35;
09.01.2025 17:45:34;3.34;
09.01.2025 17:45:35;3.35;
09.01.2025 17:45:36;3.35;
09.01.2025 17:45:37;3.34;
09.01.2025 17:45:40;3.34;
09.01.2025 17:45:41;3.35;
09.01.2025 17:45:43;3.35;
09.01.2025 17:45:44;3.34;
09.01.2025 17:45:45;3.34;
09.01.2025 17:45:46;3.35;
09.01.2025 17:45:47;3.34;
09.01.2025 17:45:49;3.34;
09.01.2025 17:45:50;3.35;
09.01.2025 17:45:52;3.35;
09.01.2025 17:45:53;3.34;
09.01.2025 17:45:55;3.34;
09.01.2025 17:45:56;3.33;
09.01.2025 17:45:57;3.35;
09.01.2025 17:45:58;3.34;
09.01.2025 17:45:59;3.34;
09.01.2025 17:46:00;3.35;
09.01.2025 17:46:01;3.34;
09.01.2025 17:46:06;3.34;
09.01.2025 17:46:07;3.35;
09.01.2025 17:46:09;3.35;
09.01.2025 17:46:10;3.34;
09.01.2025 17:46:13;3.34;
09.01.2025 17:46:14;3.33;
09.01.2025 17:46:15;3.35;
09.01.2025 17:46:17;3.35;
09.01.2025 17:46:18;3.34;
09.01.2025 17:46:19;3.34;
09.01.2025 17:46:20;3.35;
09.01.2025 17:46:21;3.34;
09.01.2025 17:46:22;3.34;
09.01.2025 17:46:23;3.35;
09.01.2025 17:46:24;3.35;
09.01.2025 17:46:25;3.34;
09.01.2025 17:46:28;3.34;
09.01.2025 17:46:29;3.35;
09.01.2025 17:46:30;3.34;
09.01.2025 17:46:31;3.35;
09.01.2025 17:46:32;3.34;
09.01.2025 17:46:33;3.35;
09.01.2025 17:46:34;3.35;
09.01.2025 17:46:35;3.34;
09.01.2025 17:46:38;3.34;
09.01.2025 17:46:39;3.35;
09.01.2025 17:46:40;3.34;
09.01.2025 17:46:44;3.34;
09.01.2025 17:46:45;3.35;
09.01.2025 17:46:46;3.34;
09.01.2025 17:46:47;3.35;
09.01.2025 17:46:48;3.34;
09.01.2025 17:46:49;3.35;
09.01.2025 17:46:50;3.34;
09.01.2025 17:46:51;3.35;
09.01.2025 17:46:52;3.34;
09.01.2025 17:46:53;3.35;
09.01.2025 17:46:54;3.33;
09.01.2025 17:46:55;3.34;
09.01.2025 17:46:56;3.35;
09.01.2025 17:46:57;3.34;
09.01.2025 17:46:58;3.33;
09.01.2025 17:46:59;3.35;
09.01.2025 17:47:00;3.34;
09.01.2025 17:47:01;3.34;
09.01.2025 17:47:02;3.35;
09.01.2025 17:47:03;3.33;
09.01.2025 17:47:04;3.34;
09.01.2025 17:47:08;3.34;
09.01.2025 17:47:09;3.35;
09.01.2025 17:47:10;3.34;
09.01.2025 17:47:12;3.34;
09.01.2025 17:47:13;3.35;
09.01.2025 17:47:14;3.34;
09.01.2025 17:47:17;3.34;
09.01.2025 17:47:18;3.35;
09.01.2025 17:47:19;3.34;
09.01.2025 17:47:20;3.33;
09.01.2025 17:47:21;3.34;
09.01.2025 17:47:33;3.34;
09.01.2025 17:47:34;3.35;
09.01.2025 17:47:35;3.34;
09.01.2025 17:47:36;3.34;
09.01.2025 17:47:37;3.35;
09.01.2025 17:47:38;3.35;
09.01.2025 17:47:39;3.34;
09.01.2025 17:47:41;3.34;
09.01.2025 17:47:42;3.35;
09.01.2025 17:47:44;3.35;
09.01.2025 17:47:45;3.34;
09.01.2025 17:47:46;3.35;
09.01.2025 17:47:47;3.33;
09.01.2025 17:47:48;3.35;
09.01.2025 17:47:49;3.34;
09.01.2025 17:47:51;3.34;
09.01.2025 17:47:52;3.35;
09.01.2025 17:47:53;3.34;
09.01.2025 17:48:00;3.34;
09.01.2025 17:48:01;3.35;
09.01.2025 17:48:02;3.35;
09.01.2025 17:48:03;3.34;
09.01.2025 17:48:04;3.34;
09.01.2025 17:48:05;3.35;
09.01.2025 17:48:07;3.35;
09.01.2025 17:48:08;3.34;
09.01.2025 17:48:09;3.34;
09.01.2025 17:48:10;3.35;
09.01.2025 17:48:11;3.35;
09.01.2025 17:48:12;3.34;
09.01.2025 17:48:14;3.34;
09.01.2025 17:48:15;3.35;
09.01.2025 17:48:16;3.34;
09.01.2025 17:48:17;3.35;
09.01.2025 17:48:18;3.34;
09.01.2025 17:48:19;3.34;
09.01.2025 17:48:20;3.35;
09.01.2025 17:48:21;3.34;
09.01.2025 17:48:22;3.35;
09.01.2025 17:48:23;3.34;
09.01.2025 17:48:25;3.34;
09.01.2025 17:48:26;3.35;
09.01.2025 17:48:27;3.35;
09.01.2025 17:48:28;3.34;
09.01.2025 17:48:35;3.34;
09.01.2025 17:48:36;3.35;
09.01.2025 17:48:37;3.34;
09.01.2025 17:48:38;3.35;
09.01.2025 17:48:39;3.35;
09.01.2025 17:48:40;3.34;
09.01.2025 17:48:41;3.34;
09.01.2025 17:48:42;3.35;
09.01.2025 17:48:43;3.34;
09.01.2025 17:48:44;3.35;
09.01.2025 17:48:45;3.34;
09.01.2025 17:48:46;3.35;
09.01.2025 17:48:47;3.33;
09.01.2025 17:48:48;3.34;
09.01.2025 17:48:49;3.35;
09.01.2025 17:48:50;3.34;
09.01.2025 17:48:51;3.34;
09.01.2025 17:48:52;3.35;
09.01.2025 17:48:53;3.35;
09.01.2025 17:48:54;3.34;
09.01.2025 17:48:58;3.34;
09.01.2025 17:48:59;3.33;
09.01.2025 17:49:00;3.34;
09.01.2025 17:49:01;3.35;
09.01.2025 17:49:02;3.35;
09.01.2025 17:49:03;3.34;
09.01.2025 17:49:04;3.33;
09.01.2025 17:49:05;3.34;
09.01.2025 17:49:06;3.34;
09.01.2025 17:49:07;3.35;
09.01.2025 17:49:08;3.34;
09.01.2025 17:49:16;3.34;
09.01.2025 17:49:17;3.35;
09.01.2025 17:49:18;3.34;
09.01.2025 17:49:19;3.34;
09.01.2025 17:49:20;3.35;
09.01.2025 17:49:21;3.34;
09.01.2025 17:49:26;3.34;
09.01.2025 17:49:27;3.35;
09.01.2025 17:49:28;3.34;
09.01.2025 17:49:29;3.34;
09.01.2025 17:49:30;3.35;
09.01.2025 17:49:31;3.34;
09.01.2025 17:49:33;3.34;
09.01.2025 17:49:34;3.33;
09.01.2025 17:49:35;3.34;
09.01.2025 17:49:36;3.34;
09.01.2025 17:49:37;3.35;
09.01.2025 17:49:38;3.34;
09.01.2025 17:49:39;3.34;
09.01.2025 17:49:40;3.35;
09.01.2025 17:49:41;3.34;
09.01.2025 17:49:43;3.34;
09.01.2025 17:49:44;3.35;
09.01.2025 17:49:45;3.34;
09.01.2025 17:49:46;3.35;
09.01.2025 17:49:47;3.35;
09.01.2025 17:49:48;3.34;
09.01.2025 17:49:49;3.35;
09.01.2025 17:49:50;3.34;
09.01.2025 17:49:56;3.34;
09.01.2025 17:49:57;3.35;
09.01.2025 17:49:59;3.35;
09.01.2025 17:50:00;3.34;
09.01.2025 17:50:01;3.35;
09.01.2025 17:50:02;3.34;
09.01.2025 17:50:06;3.34;
09.01.2025 17:50:07;3.35;
09.01.2025 17:50:08;3.34;
09.01.2025 17:50:09;3.35;
09.01.2025 17:50:10;3.34;
09.01.2025 17:50:11;3.33;
09.01.2025 17:50:12;3.35;
09.01.2025 17:50:13;3.35;
09.01.2025 17:50:14;3.34;
09.01.2025 17:50:18;3.34;
09.01.2025 17:50:19;3.35;
09.01.2025 17:50:20;3.34;
09.01.2025 17:50:21;3.35;
09.01.2025 17:50:22;3.35;
09.01.2025 17:50:23;3.34;
09.01.2025 17:50:24;3.34;
09.01.2025 17:50:25;3.35;
09.01.2025 17:50:26;3.35;
09.01.2025 17:50:27;3.33;
09.01.2025 17:50:28;3.33;
09.01.2025 17:50:29;3.35;
09.01.2025 17:50:30;3.34;
09.01.2025 17:50:32;3.34;
09.01.2025 17:50:33;3.35;
09.01.2025 17:50:34;3.35;
09.01.2025 17:50:35;3.34;
09.01.2025 17:50:36;3.35;
09.01.2025 17:50:37;3.35;
09.01.2025 17:50:38;3.34;
09.01.2025 17:50:41;3.34;
09.01.2025 17:50:42;3.35;
09.01.2025 17:50:43;3.34;
09.01.2025 17:50:44;3.33;
09.01.2025 17:50:45;3.34;
09.01.2025 17:50:46;3.34;
09.01.2025 17:50:47;3.33;
09.01.2025 17:50:48;3.34;
09.01.2025 17:50:49;3.35;
09.01.2025 17:50:50;3.35;
09.01.2025 17:50:51;3.34;
09.01.2025 17:50:52;3.34;
09.01.2025 17:50:53;3.35;
09.01.2025 17:50:54;3.34;
09.01.2025 17:50:55;3.35;
09.01.2025 17:50:58;3.35;
09.01.2025 17:50:59;3.34;
09.01.2025 17:51:00;3.35;
09.01.2025 17:51:01;3.35;
09.01.2025 17:51:02;3.34;
09.01.2025 17:51:03;3.34;
09.01.2025 17:51:04;3.35;
09.01.2025 17:51:05;3.35;
09.01.2025 17:51:06;3.34;
09.01.2025 17:51:07;3.34;
09.01.2025 17:51:08;3.35;
09.01.2025 17:51:09;3.35;
09.01.2025 17:51:10;3.34;
09.01.2025 17:51:12;3.34;
09.01.2025 17:51:13;3.35;
09.01.2025 17:51:14;3.34;
09.01.2025 17:51:16;3.34;
09.01.2025 17:51:17;3.35;
09.01.2025 17:51:18;3.34;
09.01.2025 17:51:30;3.34;
09.01.2025 17:51:31;3.35;
09.01.2025 17:51:32;3.34;
09.01.2025 17:51:33;3.34;
09.01.2025 17:51:34;3.35;
09.01.2025 17:51:35;3.35;
09.01.2025 17:51:36;3.34;
09.01.2025 17:51:37;3.34;
09.01.2025 17:51:38;3.35;
09.01.2025 17:51:39;3.34;
09.01.2025 17:51:40;3.35;
09.01.2025 17:51:41;3.34;
09.01.2025 17:51:42;3.34;
09.01.2025 17:51:43;3.35;
09.01.2025 17:51:44;3.34;
09.01.2025 17:51:45;3.35;
09.01.2025 17:51:46;3.34;
09.01.2025 17:51:47;3.35;
09.01.2025 17:51:49;3.35;
09.01.2025 17:51:50;3.34;
09.01.2025 17:51:52;3.34;
09.01.2025 17:51:53;3.35;
09.01.2025 17:51:55;3.35;
09.01.2025 17:51:56;3.34;
09.01.2025 17:51:57;3.34;
09.01.2025 17:51:58;3.35;
09.01.2025 17:51:59;3.34;
09.01.2025 17:52:02;3.34;
09.01.2025 17:52:03;3.35;
09.01.2025 17:52:04;3.35;
09.01.2025 17:52:05;3.34;
09.01.2025 17:52:06;3.35;
09.01.2025 17:52:07;3.35;
09.01.2025 17:52:08;3.34;
09.01.2025 17:52:09;3.34;
09.01.2025 17:52:10;3.35;
09.01.2025 17:52:11;3.35;
09.01.2025 17:52:12;3.34;
09.01.2025 17:52:17;3.34;
09.01.2025 17:52:18;3.35;
09.01.2025 17:52:20;3.35;
09.01.2025 17:52:21;3.34;
09.01.2025 17:52:22;3.35;
09.01.2025 17:52:23;3.34;
09.01.2025 17:52:24;3.34;
09.01.2025 17:52:25;3.35;
09.01.2025 17:52:26;3.35;
09.01.2025 17:52:27;3.34;
09.01.2025 17:52:28;3.35;
09.01.2025 17:52:29;3.34;
09.01.2025 17:52:33;3.34;
09.01.2025 17:52:34;3.35;
09.01.2025 17:52:35;3.34;
09.01.2025 17:52:36;3.35;
09.01.2025 17:52:37;3.34;
09.01.2025 17:52:45;3.34;
09.01.2025 17:52:46;3.33;
09.01.2025 17:52:47;3.33;
09.01.2025 17:52:48;3.34;
09.01.2025 17:52:49;3.34;
09.01.2025 17:52:50;3.35;
09.01.2025 17:52:51;3.34;
09.01.2025 17:52:52;3.34;
09.01.2025 17:52:53;3.33;
09.01.2025 17:52:54;3.34;
09.01.2025 17:52:55;3.34;
09.01.2025 17:52:56;3.35;
09.01.2025 17:52:58;3.35;
09.01.2025 17:52:59;3.34;
09.01.2025 17:53:00;3.35;
09.01.2025 17:53:01;3.35;
09.01.2025 17:53:02;3.34;
09.01.2025 17:53:03;3.35;
09.01.2025 17:53:04;3.35;
09.01.2025 17:53:05;3.34;
09.01.2025 17:53:06;3.35;
09.01.2025 17:53:07;3.34;
09.01.2025 17:53:08;3.35;
09.01.2025 17:53:10;3.35;
09.01.2025 17:53:11;3.34;
09.01.2025 17:53:12;3.35;
09.01.2025 17:53:13;3.34;
09.01.2025 17:53:15;3.34;
09.01.2025 17:53:16;3.35;
09.01.2025 17:53:17;3.34;
09.01.2025 17:53:18;3.35;
09.01.2025 17:53:19;3.34;
09.01.2025 17:53:27;3.34;
09.01.2025 17:53:28;3.33;
09.01.2025 17:53:29;3.34;
09.01.2025 17:53:30;3.33;
09.01.2025 17:53:31;3.34;
09.01.2025 17:53:35;3.34;
09.01.2025 17:53:36;3.33;
09.01.2025 17:53:37;3.34;
09.01.2025 17:53:38;3.35;
09.01.2025 17:53:39;3.34;
09.01.2025 17:53:40;3.35;
09.01.2025 17:53:41;3.34;
09.01.2025 17:53:42;3.35;
09.01.2025 17:53:43;3.35;
09.01.2025 17:53:44;3.34;
09.01.2025 17:53:45;3.35;
09.01.2025 17:53:46;3.35;
09.01.2025 17:53:47;3.34;
09.01.2025 17:53:49;3.34;
09.01.2025 17:53:50;3.35;
09.01.2025 17:53:52;3.35;
09.01.2025 17:53:53;3.34;
09.01.2025 17:53:55;3.34;
09.01.2025 17:53:56;3.35;
09.01.2025 17:53:58;3.35;
09.01.2025 17:53:59;3.34;
09.01.2025 17:54:00;3.34;
09.01.2025 17:54:01;3.35;
09.01.2025 17:54:02;3.35;
09.01.2025 17:54:03;3.34;
09.01.2025 17:54:05;3.34;
09.01.2025 17:54:06;3.35;
09.01.2025 17:54:08;3.35;
09.01.2025 17:54:09;3.34;
09.01.2025 17:54:10;3.35;
09.01.2025 17:54:13;3.35;
09.01.2025 17:54:14;3.34;
09.01.2025 17:54:17;3.34;
09.01.2025 17:54:18;3.35;
09.01.2025 17:54:19;3.34;
09.01.2025 17:54:21;3.34;
09.01.2025 17:54:22;3.33;
09.01.2025 17:54:23;3.34;
09.01.2025 17:54:24;3.35;
09.01.2025 17:54:25;3.34;
09.01.2025 17:54:26;3.35;
09.01.2025 17:54:27;3.34;
09.01.2025 17:54:28;3.35;
09.01.2025 17:54:29;3.35;
09.01.2025 17:54:30;3.34;
09.01.2025 17:54:31;3.35;
09.01.2025 17:54:32;3.34;
09.01.2025 17:54:34;3.34;
09.01.2025 17:54:35;3.35;
09.01.2025 17:54:36;3.34;
09.01.2025 17:54:37;3.35;
09.01.2025 17:54:38;3.35;
09.01.2025 17:54:39;3.34;
09.01.2025 17:54:40;3.35;
09.01.2025 17:54:41;3.33;
09.01.2025 17:54:42;3.34;
09.01.2025 17:54:52;3.34;
09.01.2025 17:54:53;3.35;
09.01.2025 17:54:54;3.34;
09.01.2025 17:54:58;3.34;
09.01.2025 17:54:59;3.35;
09.01.2025 17:55:00;3.34;
09.01.2025 17:55:09;3.34;
09.01.2025 17:55:10;3.35;
09.01.2025 17:55:12;3.35;
09.01.2025 17:55:13;3.34;
09.01.2025 17:55:14;3.34;
09.01.2025 17:55:15;3.33;
09.01.2025 17:55:16;3.35;
09.01.2025 17:55:17;3.34;
09.01.2025 17:55:21;3.34;
09.01.2025 17:55:22;3.35;
09.01.2025 17:55:23;3.34;
09.01.2025 17:55:30;3.34;
09.01.2025 17:55:31;3.35;
09.01.2025 17:55:32;3.34;
09.01.2025 17:55:33;3.35;
09.01.2025 17:55:34;3.34;
09.01.2025 17:55:35;3.34;
09.01.2025 17:55:36;3.33;
09.01.2025 17:55:37;3.33;
09.01.2025 17:55:38;3.34;
09.01.2025 17:55:39;3.35;
09.01.2025 17:55:40;3.34;
09.01.2025 17:55:41;3.33;
09.01.2025 17:55:42;3.34;
09.01.2025 17:55:43;3.34;
09.01.2025 17:55:44;3.33;
09.01.2025 17:55:45;3.34;
09.01.2025 17:55:48;3.34;
09.01.2025 17:55:49;3.33;
09.01.2025 17:55:50;3.34;
09.01.2025 17:55:51;3.34;
09.01.2025 17:55:52;3.35;
09.01.2025 17:55:53;3.34;
09.01.2025 17:55:56;3.34;
09.01.2025 17:55:57;3.35;
09.01.2025 17:55:58;3.34;
09.01.2025 17:56:00;3.34;
09.01.2025 17:56:01;3.33;
09.01.2025 17:56:02;3.33;
09.01.2025 17:56:03;3.35;
09.01.2025 17:56:04;3.34;
09.01.2025 17:56:05;3.35;
09.01.2025 17:56:06;3.34;
09.01.2025 17:56:11;3.34;
09.01.2025 17:56:12;3.35;
09.01.2025 17:56:13;3.34;
09.01.2025 17:56:14;3.34;
09.01.2025 17:56:15;3.35;
09.01.2025 17:56:16;3.34;
09.01.2025 17:56:17;3.35;
09.01.2025 17:56:18;3.34;
09.01.2025 17:56:19;3.35;
09.01.2025 17:56:20;3.34;
09.01.2025 17:56:21;3.35;
09.01.2025 17:56:24;3.35;
09.01.2025 17:56:25;3.34;
09.01.2025 17:56:26;3.34;
09.01.2025 17:56:27;3.35;
09.01.2025 17:56:28;3.35;
09.01.2025 17:56:29;3.34;
09.01.2025 17:56:30;3.34;
09.01.2025 17:56:31;3.35;
09.01.2025 17:56:32;3.34;
09.01.2025 17:56:33;3.35;
09.01.2025 17:56:34;3.34;
09.01.2025 17:56:35;3.35;
09.01.2025 17:56:36;3.35;
09.01.2025 17:56:37;3.34;
09.01.2025 17:56:38;3.35;
09.01.2025 17:56:39;3.34;
09.01.2025 17:56:41;3.34;
09.01.2025 17:56:42;3.35;
09.01.2025 17:56:43;3.34;
09.01.2025 17:56:45;3.34;
09.01.2025 17:56:46;3.35;
09.01.2025 17:56:47;3.35;
09.01.2025 17:56:48;3.34;
09.01.2025 17:56:49;3.35;
09.01.2025 17:56:51;3.35;
09.01.2025 17:56:52;3.34;
09.01.2025 17:56:53;3.33;
09.01.2025 17:56:54;3.35;
09.01.2025 17:56:55;3.35;
09.01.2025 17:56:56;3.34;
09.01.2025 17:56:57;3.34;
09.01.2025 17:56:58;3.35;
09.01.2025 17:56:59;3.34;
09.01.2025 17:57:02;3.34;
09.01.2025 17:57:03;3.35;
09.01.2025 17:57:04;3.34;
09.01.2025 17:57:05;3.34;
09.01.2025 17:57:06;3.35;
09.01.2025 17:57:07;3.34;
09.01.2025 17:57:18;3.34;
09.01.2025 17:57:19;3.35;
09.01.2025 17:57:20;3.35;
09.01.2025 17:57:21;3.34;
09.01.2025 17:57:27;3.34;
09.01.2025 17:57:28;3.35;
09.01.2025 17:57:29;3.34;
09.01.2025 17:57:32;3.34;
09.01.2025 17:57:33;3.35;
09.01.2025 17:57:34;3.33;
09.01.2025 17:57:35;3.35;
09.01.2025 17:57:36;3.35;
09.01.2025 17:57:37;3.34;
09.01.2025 17:57:39;3.34;
09.01.2025 17:57:40;3.35;
09.01.2025 17:57:41;3.35;
09.01.2025 17:57:42;3.34;
09.01.2025 17:57:43;3.34;
09.01.2025 17:57:44;3.35;
09.01.2025 17:57:45;3.35;
09.01.2025 17:57:46;3.34;
09.01.2025 17:57:54;3.34;
09.01.2025 17:57:55;3.35;
09.01.2025 17:57:56;3.34;
09.01.2025 17:58:03;3.34;
09.01.2025 17:58:04;3.35;
09.01.2025 17:58:05;3.33;
09.01.2025 17:58:06;3.34;
09.01.2025 17:58:07;3.34;
09.01.2025 17:58:08;3.33;
09.01.2025 17:58:09;3.33;
09.01.2025 17:58:10;3.34;
09.01.2025 17:58:12;3.34;
09.01.2025 17:58:13;3.33;
09.01.2025 17:58:14;3.34;
09.01.2025 17:58:17;3.34;
09.01.2025 17:58:18;3.33;
09.01.2025 17:58:20;3.33;
09.01.2025 17:58:21;3.34;
09.01.2025 17:58:36;3.34;
09.01.2025 17:58:37;3.33;
09.01.2025 17:58:38;3.34;
09.01.2025 17:58:40;3.34;
09.01.2025 17:58:41;3.35;
09.01.2025 17:58:42;3.34;
09.01.2025 17:58:46;3.34;
09.01.2025 17:58:47;3.35;
09.01.2025 17:58:50;3.35;
09.01.2025 17:58:51;3.34;
09.01.2025 17:58:56;3.34;
09.01.2025 17:58:57;3.33;
09.01.2025 17:58:58;3.34;
09.01.2025 17:59:04;3.34;
09.01.2025 17:59:05;3.33;
09.01.2025 17:59:06;3.34;
09.01.2025 17:59:10;3.34;
09.01.2025 17:59:11;3.35;
09.01.2025 17:59:12;3.34;
09.01.2025 17:59:15;3.34;
09.01.2025 17:59:16;3.33;
09.01.2025 17:59:17;3.34;
09.01.2025 17:59:18;3.34;
09.01.2025 17:59:19;3.35;
09.01.2025 17:59:20;3.34;
09.01.2025 17:59:21;3.35;
09.01.2025 17:59:22;3.34;
09.01.2025 17:59:24;3.34;
09.01.2025 17:59:25;3.33;
09.01.2025 17:59:26;3.34;
09.01.2025 17:59:29;3.34;
09.01.2025 17:59:30;3.35;
09.01.2025 17:59:31;3.35;
09.01.2025 17:59:32;3.34;
09.01.2025 17:59:48;3.34;
09.01.2025 17:59:49;3.35;
09.01.2025 17:59:50;3.34;
09.01.2025 17:59:57;3.34;
09.01.2025 17:59:58;3.33;
09.01.2025 17:59:59;3.34;
09.01.2025 18:00:06;3.34;
09.01.2025 18:00:07;3.35;
09.01.2025 18:00:08;3.34;
09.01.2025 18:00:11;3.34;
09.01.2025 18:00:12;3.35;
09.01.2025 18:00:13;3.35;
09.01.2025 18:00:14;3.33;
09.01.2025 18:00:15;3.34;
09.01.2025 18:00:20;3.34;
09.01.2025 18:00:21;3.33;
09.01.2025 18:00:22;3.34;
09.01.2025 18:00:29;3.34;
09.01.2025 18:00:30;3.33;
09.01.2025 18:00:31;3.34;
09.01.2025 18:00:32;3.33;
09.01.2025 18:00:33;3.34;
09.01.2025 18:00:50;3.34;
09.01.2025 18:00:51;3.33;
09.01.2025 18:00:52;3.35;
09.01.2025 18:00:53;3.34;
09.01.2025 18:00:56;3.34;
09.01.2025 18:00:57;3.33;
09.01.2025 18:00:58;3.34;
09.01.2025 18:00:59;3.33;
09.01.2025 18:01:00;3.34;
09.01.2025 18:01:04;3.34;
09.01.2025 18:01:05;3.35;
09.01.2025 18:01:06;3.34;
09.01.2025 18:01:07;3.35;
09.01.2025 18:01:08;3.34;
09.01.2025 18:01:11;3.34;
09.01.2025 18:01:12;3.33;
09.01.2025 18:01:13;3.34;
09.01.2025 18:01:15;3.34;
09.01.2025 18:01:16;3.35;
09.01.2025 18:01:17;3.34;
09.01.2025 18:01:21;3.34;
09.01.2025 18:01:22;3.33;
09.01.2025 18:01:23;3.34;
09.01.2025 18:01:24;3.33;
09.01.2025 18:01:25;3.34;
09.01.2025 18:01:31;3.34;
09.01.2025 18:01:32;3.33;
09.01.2025 18:01:33;3.34;
09.01.2025 18:01:34;3.34;
09.01.2025 18:01:35;3.33;
09.01.2025 18:01:36;3.34;
09.01.2025 18:01:37;3.34;
09.01.2025 18:01:38;3.35;
09.01.2025 18:01:39;3.34;
09.01.2025 18:01:42;3.34;
09.01.2025 18:01:43;3.33;
09.01.2025 18:01:44;3.34;
09.01.2025 18:01:50;3.34;
09.01.2025 18:01:51;3.35;
09.01.2025 18:01:52;3.34;
09.01.2025 18:01:53;3.33;
09.01.2025 18:01:54;3.34;
09.01.2025 18:01:55;3.35;
09.01.2025 18:01:56;3.34;
09.01.2025 18:01:58;3.34;
09.01.2025 18:01:59;3.33;
09.01.2025 18:02:00;3.35;
09.01.2025 18:02:01;3.34;
09.01.2025 18:02:02;3.34;
09.01.2025 18:02:03;3.35;
09.01.2025 18:02:04;3.34;
09.01.2025 18:02:09;3.34;
09.01.2025 18:02:10;3.33;
09.01.2025 18:02:11;3.34;
09.01.2025 18:02:13;3.34;
09.01.2025 18:02:14;3.35;
09.01.2025 18:02:15;3.34;
09.01.2025 18:02:27;3.34;
09.01.2025 18:02:28;3.33;
09.01.2025 18:02:29;3.34;
09.01.2025 18:02:30;3.34;
09.01.2025 18:02:31;3.35;
09.01.2025 18:02:32;3.33;
09.01.2025 18:02:33;3.34;
09.01.2025 18:02:34;3.35;
09.01.2025 18:02:35;3.34;
09.01.2025 18:02:36;3.35;
09.01.2025 18:02:37;3.35;
09.01.2025 18:02:38;3.34;
09.01.2025 18:02:41;3.34;
09.01.2025 18:02:42;3.35;
09.01.2025 18:02:43;3.35;
09.01.2025 18:02:44;3.34;
09.01.2025 18:02:46;3.34;
09.01.2025 18:02:47;3.35;
09.01.2025 18:02:48;3.35;
09.01.2025 18:02:49;3.34;
09.01.2025 18:02:51;3.34;
09.01.2025 18:02:52;3.35;
09.01.2025 18:02:53;3.34;
09.01.2025 18:02:57;3.34;
09.01.2025 18:02:58;3.35;
09.01.2025 18:02:59;3.34;
09.01.2025 18:03:00;3.34;
09.01.2025 18:03:01;3.35;
09.01.2025 18:03:02;3.35;
09.01.2025 18:03:03;3.34;
09.01.2025 18:03:04;3.34;
09.01.2025 18:03:05;3.35;
09.01.2025 18:03:06;3.34;
09.01.2025 18:03:07;3.35;
09.01.2025 18:03:08;3.34;
09.01.2025 18:03:09;3.35;
09.01.2025 18:03:10;3.35;
09.01.2025 18:03:11;3.34;
09.01.2025 18:03:12;3.34;
09.01.2025 18:03:13;3.35;
09.01.2025 18:03:14;3.34;
09.01.2025 18:03:15;3.35;
09.01.2025 18:03:16;3.34;
09.01.2025 18:03:21;3.34;
09.01.2025 18:03:22;3.35;
09.01.2025 18:03:23;3.34;
09.01.2025 18:03:24;3.35;
09.01.2025 18:03:25;3.34;
09.01.2025 18:03:26;3.35;
09.01.2025 18:03:27;3.34;
09.01.2025 18:03:28;3.34;
09.01.2025 18:03:29;3.35;
09.01.2025 18:03:30;3.35;
09.01.2025 18:03:31;3.34;
09.01.2025 18:03:33;3.34;
09.01.2025 18:03:34;3.35;
09.01.2025 18:03:35;3.34;
09.01.2025 18:03:36;3.35;
09.01.2025 18:03:37;3.35;
09.01.2025 18:03:38;3.34;
09.01.2025 18:03:39;3.34;
09.01.2025 18:03:40;3.35;
09.01.2025 18:03:41;3.34;
09.01.2025 18:03:43;3.34;
09.01.2025 18:03:44;3.36;
09.01.2025 18:03:45;3.34;
09.01.2025 18:03:46;3.35;
09.01.2025 18:03:47;3.35;
09.01.2025 18:03:48;3.34;
09.01.2025 18:03:49;3.35;
09.01.2025 18:03:50;3.34;
09.01.2025 18:03:51;3.34;
09.01.2025 18:03:52;3.35;
09.01.2025 18:03:53;3.34;
09.01.2025 18:03:54;3.34;
09.01.2025 18:03:55;3.35;
09.01.2025 18:03:57;3.35;
09.01.2025 18:03:58;3.34;
09.01.2025 18:03:59;3.34;
09.01.2025 18:04:00;3.35;
09.01.2025 18:04:01;3.35;
09.01.2025 18:04:02;3.34;
09.01.2025 18:04:03;3.33;
09.01.2025 18:04:04;3.34;
09.01.2025 18:04:06;3.34;
09.01.2025 18:04:07;3.35;
09.01.2025 18:04:08;3.34;
09.01.2025 18:04:09;3.34;
09.01.2025 18:04:10;3.35;
09.01.2025 18:04:11;3.34;
09.01.2025 18:04:12;3.34;
09.01.2025 18:04:13;3.35;
09.01.2025 18:04:14;3.34;
09.01.2025 18:04:15;3.35;
09.01.2025 18:04:16;3.34;
09.01.2025 18:04:17;3.35;
09.01.2025 18:04:18;3.34;
09.01.2025 18:04:20;3.34;
09.01.2025 18:04:21;3.35;
09.01.2025 18:04:22;3.34;
09.01.2025 18:04:23;3.34;
09.01.2025 18:04:24;3.35;
09.01.2025 18:04:25;3.33;
09.01.2025 18:04:26;3.35;
09.01.2025 18:04:27;3.35;
09.01.2025 18:04:28;3.34;
09.01.2025 18:04:29;3.34;
09.01.2025 18:04:30;3.35;
09.01.2025 18:04:31;3.34;
09.01.2025 18:04:34;3.34;
09.01.2025 18:04:35;3.33;
09.01.2025 18:04:36;3.35;
09.01.2025 18:04:37;3.34;
09.01.2025 18:04:38;3.34;
09.01.2025 18:04:39;3.35;
09.01.2025 18:04:40;3.34;
09.01.2025 18:04:47;3.34;
09.01.2025 18:04:48;3.35;
09.01.2025 18:04:49;3.34;
09.01.2025 18:05:01;3.34;
09.01.2025 18:05:02;3.35;
09.01.2025 18:05:04;3.35;
09.01.2025 18:05:05;3.34;
09.01.2025 18:05:06;3.34;
09.01.2025 18:05:07;3.35;
09.01.2025 18:05:08;3.34;
09.01.2025 18:05:09;3.35;
09.01.2025 18:05:10;3.34;
09.01.2025 18:05:15;3.34;
09.01.2025 18:05:16;3.35;
09.01.2025 18:05:19;3.35;
09.01.2025 18:05:20;3.34;
09.01.2025 18:05:21;3.35;
09.01.2025 18:05:22;3.35;
09.01.2025 18:05:23;3.34;
09.01.2025 18:05:26;3.34;
09.01.2025 18:05:27;3.35;
09.01.2025 18:05:28;3.34;
09.01.2025 18:05:31;3.34;
09.01.2025 18:05:32;3.35;
09.01.2025 18:05:34;3.35;
09.01.2025 18:05:35;3.34;
09.01.2025 18:05:36;3.35;
09.01.2025 18:05:38;3.35;
09.01.2025 18:05:39;3.34;
09.01.2025 18:05:40;3.34;
09.01.2025 18:05:41;3.35;
09.01.2025 18:05:42;3.34;
09.01.2025 18:05:43;3.35;
09.01.2025 18:05:44;3.35;
09.01.2025 18:05:45;3.34;
09.01.2025 18:05:46;3.34;
09.01.2025 18:05:47;3.35;
09.01.2025 18:05:48;3.35;
09.01.2025 18:05:49;3.34;
09.01.2025 18:05:50;3.34;
09.01.2025 18:05:51;3.35;
09.01.2025 18:05:53;3.35;
09.01.2025 18:05:54;3.34;
09.01.2025 18:05:55;3.34;
09.01.2025 18:05:56;3.35;
09.01.2025 18:05:58;3.35;
09.01.2025 18:05:59;3.34;
09.01.2025 18:06:00;3.34;
09.01.2025 18:06:01;3.35;
09.01.2025 18:06:02;3.34;
09.01.2025 18:06:03;3.34;
09.01.2025 18:06:04;3.35;
09.01.2025 18:06:05;3.34;
09.01.2025 18:06:08;3.34;
09.01.2025 18:06:09;3.35;
09.01.2025 18:06:10;3.35;
09.01.2025 18:06:11;3.34;
09.01.2025 18:06:12;3.34;
09.01.2025 18:06:13;3.35;
09.01.2025 18:06:14;3.34;
09.01.2025 18:06:15;3.35;
09.01.2025 18:06:16;3.35;
09.01.2025 18:06:17;3.34;
09.01.2025 18:06:19;3.34;
09.01.2025 18:06:20;3.35;
09.01.2025 18:06:21;3.34;
09.01.2025 18:06:22;3.35;
09.01.2025 18:06:23;3.34;
09.01.2025 18:06:25;3.34;
09.01.2025 18:06:26;3.35;
09.01.2025 18:06:27;3.34;
09.01.2025 18:06:28;3.34;
09.01.2025 18:06:29;3.35;
09.01.2025 18:06:30;3.34;
09.01.2025 18:06:36;3.34;
09.01.2025 18:06:37;3.35;
09.01.2025 18:06:38;3.34;
09.01.2025 18:06:39;3.34;
09.01.2025 18:06:40;3.35;
09.01.2025 18:06:42;3.35;
09.01.2025 18:06:43;3.34;
09.01.2025 18:06:49;3.34;
09.01.2025 18:06:50;3.33;
09.01.2025 18:06:51;3.34;
09.01.2025 18:06:53;3.34;
09.01.2025 18:06:54;3.35;
09.01.2025 18:06:55;3.34;
09.01.2025 18:06:56;3.34;
09.01.2025 18:06:57;3.35;
09.01.2025 18:06:58;3.35;
09.01.2025 18:06:59;3.34;
09.01.2025 18:07:00;3.35;
09.01.2025 18:07:01;3.34;
09.01.2025 18:07:06;3.34;
09.01.2025 18:07:07;3.35;
09.01.2025 18:07:08;3.34;
09.01.2025 18:07:14;3.34;
09.01.2025 18:07:15;3.33;
09.01.2025 18:07:16;3.34;
09.01.2025 18:07:18;3.34;
09.01.2025 18:07:19;3.33;
09.01.2025 18:07:20;3.35;
09.01.2025 18:07:21;3.35;
09.01.2025 18:07:22;3.34;
09.01.2025 18:07:23;3.34;
09.01.2025 18:07:24;3.35;
09.01.2025 18:07:25;3.34;
09.01.2025 18:07:26;3.34;
09.01.2025 18:07:27;3.35;
09.01.2025 18:07:28;3.35;
09.01.2025 18:07:29;3.33;
09.01.2025 18:07:30;3.35;
09.01.2025 18:07:31;3.35;
09.01.2025 18:07:32;3.34;
09.01.2025 18:07:37;3.34;
09.01.2025 18:07:38;3.35;
09.01.2025 18:07:39;3.35;
09.01.2025 18:07:40;3.34;
09.01.2025 18:07:41;3.35;
09.01.2025 18:07:42;3.34;
09.01.2025 18:07:43;3.34;
09.01.2025 18:07:44;3.35;
09.01.2025 18:07:47;3.35;
09.01.2025 18:07:48;3.34;
09.01.2025 18:07:49;3.35;
09.01.2025 18:07:50;3.34;
09.01.2025 18:07:57;3.34;
09.01.2025 18:07:58;3.35;
09.01.2025 18:07:59;3.34;
09.01.2025 18:08:00;3.35;
09.01.2025 18:08:01;3.35;
09.01.2025 18:08:02;3.33;
09.01.2025 18:08:03;3.34;
09.01.2025 18:08:06;3.34;
09.01.2025 18:08:07;3.35;
09.01.2025 18:08:08;3.34;
09.01.2025 18:08:09;3.35;
09.01.2025 18:08:10;3.35;
09.01.2025 18:08:11;3.34;
09.01.2025 18:08:21;3.34;
09.01.2025 18:08:22;3.35;
09.01.2025 18:08:24;3.35;
09.01.2025 18:08:25;3.34;
09.01.2025 18:08:32;3.34;
09.01.2025 18:08:33;3.35;
09.01.2025 18:08:34;3.34;
09.01.2025 18:08:35;3.35;
09.01.2025 18:08:37;3.35;
09.01.2025 18:08:38;3.34;
09.01.2025 18:08:40;3.34;
09.01.2025 18:08:41;3.35;
09.01.2025 18:08:43;3.35;
09.01.2025 18:08:44;3.34;
09.01.2025 18:08:45;3.34;
09.01.2025 18:08:46;3.35;
09.01.2025 18:08:47;3.35;
09.01.2025 18:08:48;3.34;
09.01.2025 18:08:49;3.35;
09.01.2025 18:08:50;3.35;
09.01.2025 18:08:51;3.34;
09.01.2025 18:08:52;3.35;
09.01.2025 18:08:54;3.35;
09.01.2025 18:08:55;3.34;
09.01.2025 18:08:57;3.34;
09.01.2025 18:08:58;3.35;
09.01.2025 18:09:00;3.35;
09.01.2025 18:09:01;3.34;
09.01.2025 18:09:02;3.35;
09.01.2025 18:09:03;3.34;
09.01.2025 18:09:04;3.34;
09.01.2025 18:09:05;3.35;
09.01.2025 18:09:06;3.34;
09.01.2025 18:09:07;3.35;
09.01.2025 18:09:12;3.35;
09.01.2025 18:09:13;3.34;
09.01.2025 18:09:14;3.34;
09.01.2025 18:09:15;3.35;
09.01.2025 18:09:16;3.34;
09.01.2025 18:09:17;3.35;
09.01.2025 18:09:18;3.34;
09.01.2025 18:09:19;3.35;
09.01.2025 18:09:20;3.35;
09.01.2025 18:09:21;3.34;
09.01.2025 18:09:22;3.35;
09.01.2025 18:09:23;3.34;
09.01.2025 18:09:24;3.35;
09.01.2025 18:09:25;3.35;
09.01.2025 18:09:26;3.34;
09.01.2025 18:09:27;3.34;
09.01.2025 18:09:28;3.35;
09.01.2025 18:09:29;3.34;
09.01.2025 18:09:30;3.35;
09.01.2025 18:09:31;3.35;
09.01.2025 18:09:32;3.34;
09.01.2025 18:09:33;3.35;
09.01.2025 18:09:34;3.34;
09.01.2025 18:09:35;3.34;
09.01.2025 18:09:36;3.35;
09.01.2025 18:09:44;3.35;
09.01.2025 18:09:45;3.34;
09.01.2025 18:09:48;3.34;
09.01.2025 18:09:49;3.35;
09.01.2025 18:09:50;3.34;
09.01.2025 18:09:51;3.35;
09.01.2025 18:09:54;3.35;
09.01.2025 18:09:55;3.34;
09.01.2025 18:09:56;3.33;
09.01.2025 18:09:57;3.34;
09.01.2025 18:09:58;3.35;
09.01.2025 18:09:59;3.35;
09.01.2025 18:10:00;3.34;
09.01.2025 18:10:01;3.35;
09.01.2025 18:10:02;3.35;
09.01.2025 18:10:03;3.34;
09.01.2025 18:10:04;3.35;
09.01.2025 18:10:05;3.34;
09.01.2025 18:10:06;3.35;
09.01.2025 18:10:07;3.35;
09.01.2025 18:10:08;3.34;
09.01.2025 18:10:09;3.35;
09.01.2025 18:10:10;3.35;
09.01.2025 18:10:11;3.34;
09.01.2025 18:10:12;3.35;
09.01.2025 18:10:21;3.35;
09.01.2025 18:10:22;3.36;
09.01.2025 18:10:23;3.34;
09.01.2025 18:10:25;3.34;
09.01.2025 18:10:26;3.35;
09.01.2025 18:10:28;3.35;
09.01.2025 18:10:29;3.34;
09.01.2025 18:10:30;3.34;
09.01.2025 18:10:31;3.35;
09.01.2025 18:10:32;3.34;
09.01.2025 18:10:37;3.34;
09.01.2025 18:10:38;3.35;
09.01.2025 18:10:40;3.35;
09.01.2025 18:10:41;3.34;
09.01.2025 18:10:42;3.34;
09.01.2025 18:10:43;3.35;
09.01.2025 18:10:49;3.35;
09.01.2025 18:10:50;3.34;
09.01.2025 18:10:51;3.34;
09.01.2025 18:10:52;3.35;
09.01.2025 18:10:54;3.35;
09.01.2025 18:10:55;3.34;
09.01.2025 18:10:57;3.34;
09.01.2025 18:10:58;3.35;
09.01.2025 18:10:59;3.35;
09.01.2025 18:11:00;3.34;
09.01.2025 18:11:01;3.35;
09.01.2025 18:11:02;3.35;
09.01.2025 18:11:03;3.34;
09.01.2025 18:11:04;3.35;
09.01.2025 18:11:05;3.35;
09.01.2025 18:11:06;3.34;
09.01.2025 18:11:07;3.35;
09.01.2025 18:11:08;3.34;
09.01.2025 18:11:09;3.35;
09.01.2025 18:11:12;3.35;
09.01.2025 18:11:13;3.34;
09.01.2025 18:11:14;3.35;
09.01.2025 18:11:17;3.35;
09.01.2025 18:11:18;3.34;
09.01.2025 18:11:19;3.35;
09.01.2025 18:11:24;3.35;
09.01.2025 18:11:25;3.34;
09.01.2025 18:11:26;3.35;
09.01.2025 18:11:29;3.35;
09.01.2025 18:11:30;3.34;
09.01.2025 18:11:31;3.35;
09.01.2025 18:11:32;3.34;
09.01.2025 18:11:33;3.35;
09.01.2025 18:11:34;3.34;
09.01.2025 18:11:35;3.35;
09.01.2025 18:11:36;3.34;
09.01.2025 18:11:37;3.35;
09.01.2025 18:11:38;3.34;
09.01.2025 18:11:39;3.35;
09.01.2025 18:11:40;3.36;
09.01.2025 18:11:41;3.35;
09.01.2025 18:11:48;3.35;
09.01.2025 18:11:49;3.36;
09.01.2025 18:11:50;3.34;
09.01.2025 18:11:51;3.35;
09.01.2025 18:11:52;3.34;
09.01.2025 18:11:53;3.35;
09.01.2025 18:11:54;3.34;
09.01.2025 18:11:55;3.35;
09.01.2025 18:11:56;3.36;
09.01.2025 18:11:57;3.35;
09.01.2025 18:12:01;3.35;
09.01.2025 18:12:02;3.36;
09.01.2025 18:12:03;3.35;
09.01.2025 18:12:05;3.35;
09.01.2025 18:12:06;3.36;
09.01.2025 18:12:07;3.35;
09.01.2025 18:12:08;3.36;
09.01.2025 18:12:09;3.35;
09.01.2025 18:12:13;3.35;
09.01.2025 18:12:14;3.36;
09.01.2025 18:12:15;3.35;
09.01.2025 18:12:16;3.35;
09.01.2025 18:12:17;3.34;
09.01.2025 18:12:18;3.34;
09.01.2025 18:12:19;3.35;
09.01.2025 18:12:24;3.35;
09.01.2025 18:12:25;3.34;
09.01.2025 18:12:26;3.35;
09.01.2025 18:12:27;3.35;
09.01.2025 18:12:28;3.36;
09.01.2025 18:12:29;3.34;
09.01.2025 18:12:30;3.35;
09.01.2025 18:12:40;3.35;
09.01.2025 18:12:41;3.34;
09.01.2025 18:12:42;3.35;
09.01.2025 18:12:47;3.35;
09.01.2025 18:12:48;3.36;
09.01.2025 18:12:49;3.35;
09.01.2025 18:12:50;3.34;
09.01.2025 18:12:51;3.34;
09.01.2025 18:12:52;3.35;
09.01.2025 18:12:53;3.34;
09.01.2025 18:12:55;3.34;
09.01.2025 18:12:56;3.35;
09.01.2025 18:12:58;3.35;
09.01.2025 18:12:59;3.34;
09.01.2025 18:13:00;3.35;
09.01.2025 18:13:01;3.35;
09.01.2025 18:13:02;3.36;
09.01.2025 18:13:03;3.35;
09.01.2025 18:13:05;3.35;
09.01.2025 18:13:06;3.34;
09.01.2025 18:13:07;3.34;
09.01.2025 18:13:08;3.35;
09.01.2025 18:13:12;3.35;
09.01.2025 18:13:13;3.34;
09.01.2025 18:13:14;3.35;
09.01.2025 18:13:15;3.34;
09.01.2025 18:13:16;3.35;
09.01.2025 18:13:18;3.35;
09.01.2025 18:13:19;3.34;
09.01.2025 18:13:21;3.34;
09.01.2025 18:13:22;3.35;
09.01.2025 18:13:23;3.35;
09.01.2025 18:13:24;3.34;
09.01.2025 18:13:25;3.35;
09.01.2025 18:13:26;3.34;
09.01.2025 18:13:27;3.35;
09.01.2025 18:13:30;3.35;
09.01.2025 18:13:31;3.34;
09.01.2025 18:13:32;3.35;
09.01.2025 18:13:33;3.34;
09.01.2025 18:13:36;3.34;
09.01.2025 18:13:37;3.35;
09.01.2025 18:13:38;3.34;
09.01.2025 18:13:39;3.35;
09.01.2025 18:13:41;3.35;
09.01.2025 18:13:42;3.34;
09.01.2025 18:13:44;3.34;
09.01.2025 18:13:45;3.35;
09.01.2025 18:13:47;3.35;
09.01.2025 18:13:48;3.34;
09.01.2025 18:13:49;3.35;
09.01.2025 18:13:50;3.35;
09.01.2025 18:13:51;3.34;
09.01.2025 18:13:53;3.34;
09.01.2025 18:13:54;3.35;
09.01.2025 18:13:55;3.34;
09.01.2025 18:13:57;3.34;
09.01.2025 18:13:58;3.35;
09.01.2025 18:13:59;3.34;
09.01.2025 18:14:05;3.34;
09.01.2025 18:14:06;3.35;
09.01.2025 18:14:07;3.35;
09.01.2025 18:14:08;3.34;
09.01.2025 18:14:09;3.34;
09.01.2025 18:14:10;3.35;
09.01.2025 18:14:11;3.34;
09.01.2025 18:14:12;3.34;
09.01.2025 18:14:13;3.35;
09.01.2025 18:14:15;3.35;
09.01.2025 18:14:16;3.34;
09.01.2025 18:14:19;3.34;
09.01.2025 18:14:20;3.35;
09.01.2025 18:14:21;3.34;
09.01.2025 18:14:22;3.34;
09.01.2025 18:14:23;3.35;
09.01.2025 18:14:24;3.34;
09.01.2025 18:14:28;3.34;
09.01.2025 18:14:29;3.35;
09.01.2025 18:14:30;3.34;
09.01.2025 18:14:34;3.34;
09.01.2025 18:14:35;3.35;
09.01.2025 18:14:37;3.35;
09.01.2025 18:14:38;3.34;
09.01.2025 18:14:40;3.34;
09.01.2025 18:14:41;3.35;
09.01.2025 18:14:42;3.35;
09.01.2025 18:14:43;3.34;
09.01.2025 18:14:44;3.34;
09.01.2025 18:14:45;3.35;
09.01.2025 18:14:46;3.34;
09.01.2025 18:14:47;3.35;
09.01.2025 18:14:48;3.34;
09.01.2025 18:14:51;3.34;
09.01.2025 18:14:52;3.35;
09.01.2025 18:14:53;3.34;
09.01.2025 18:14:54;3.35;
09.01.2025 18:14:55;3.34;
09.01.2025 18:14:58;3.34;
09.01.2025 18:14:59;3.35;
09.01.2025 18:15:00;3.34;
09.01.2025 18:15:01;3.35;
09.01.2025 18:15:02;3.34;
09.01.2025 18:15:03;3.35;
09.01.2025 18:15:04;3.34;
09.01.2025 18:15:05;3.34;
09.01.2025 18:15:06;3.33;
09.01.2025 18:15:07;3.34;
09.01.2025 18:15:08;3.35;
09.01.2025 18:15:10;3.35;
09.01.2025 18:15:11;3.34;
09.01.2025 18:15:12;3.34;
09.01.2025 18:15:13;3.35;
09.01.2025 18:15:14;3.34;
09.01.2025 18:15:15;3.35;
09.01.2025 18:15:16;3.35;
09.01.2025 18:15:17;3.34;
09.01.2025 18:15:18;3.34;
09.01.2025 18:15:19;3.35;
09.01.2025 18:15:20;3.34;
09.01.2025 18:15:26;3.34;
09.01.2025 18:15:27;3.35;
09.01.2025 18:15:28;3.34;
09.01.2025 18:15:29;3.35;
09.01.2025 18:15:30;3.34;
09.01.2025 18:15:31;3.35;
09.01.2025 18:15:32;3.35;
09.01.2025 18:15:33;3.34;
09.01.2025 18:15:35;3.34;
09.01.2025 18:15:36;3.35;
09.01.2025 18:15:37;3.34;
09.01.2025 18:15:40;3.34;
09.01.2025 18:15:41;3.35;
09.01.2025 18:15:42;3.34;
09.01.2025 18:15:43;3.34;
09.01.2025 18:15:44;3.35;
09.01.2025 18:15:45;3.34;
09.01.2025 18:15:46;3.34;
09.01.2025 18:15:47;3.35;
09.01.2025 18:15:52;3.35;
09.01.2025 18:15:53;3.34;
09.01.2025 18:15:57;3.34;
09.01.2025 18:15:58;3.35;
09.01.2025 18:15:59;3.35;
09.01.2025 18:16:00;3.34;
09.01.2025 18:16:01;3.34;
09.01.2025 18:16:02;3.35;
09.01.2025 18:16:03;3.34;
09.01.2025 18:16:09;3.34;
09.01.2025 18:16:10;3.35;
09.01.2025 18:16:11;3.34;
09.01.2025 18:16:12;3.35;
09.01.2025 18:16:13;3.34;
09.01.2025 18:16:14;3.34;
09.01.2025 18:16:15;3.35;
09.01.2025 18:16:16;3.35;
09.01.2025 18:16:17;3.34;
09.01.2025 18:16:25;3.34;
09.01.2025 18:16:26;3.35;
09.01.2025 18:16:27;3.34;
09.01.2025 18:16:28;3.35;
09.01.2025 18:16:29;3.35;
09.01.2025 18:16:30;3.34;
09.01.2025 18:16:34;3.34;
09.01.2025 18:16:35;3.35;
09.01.2025 18:16:36;3.34;
09.01.2025 18:16:38;3.34;
09.01.2025 18:16:39;3.35;
09.01.2025 18:16:41;3.35;
09.01.2025 18:16:42;3.34;
09.01.2025 18:16:43;3.35;
09.01.2025 18:16:44;3.34;
09.01.2025 18:16:45;3.35;
09.01.2025 18:16:46;3.35;
09.01.2025 18:16:47;3.34;
09.01.2025 18:16:48;3.35;
09.01.2025 18:16:49;3.34;
09.01.2025 18:16:55;3.34;
09.01.2025 18:16:56;3.35;
09.01.2025 18:16:57;3.35;
09.01.2025 18:16:58;3.34;
09.01.2025 18:17:07;3.34;
09.01.2025 18:17:08;3.35;
09.01.2025 18:17:09;3.34;
09.01.2025 18:17:11;3.34;
09.01.2025 18:17:12;3.35;
09.01.2025 18:17:13;3.34;
09.01.2025 18:17:18;3.34;
09.01.2025 18:17:19;3.35;
09.01.2025 18:17:20;3.34;
09.01.2025 18:17:21;3.34;
09.01.2025 18:17:22;3.35;
09.01.2025 18:17:23;3.34;
09.01.2025 18:17:24;3.35;
09.01.2025 18:17:25;3.34;
09.01.2025 18:17:29;3.34;
09.01.2025 18:17:30;3.35;
09.01.2025 18:17:31;3.34;
09.01.2025 18:17:35;3.34;
09.01.2025 18:17:36;3.33;
09.01.2025 18:17:37;3.35;
09.01.2025 18:17:38;3.34;
09.01.2025 18:17:39;3.35;
09.01.2025 18:17:40;3.34;
09.01.2025 18:17:41;3.34;
09.01.2025 18:17:42;3.35;
09.01.2025 18:17:43;3.35;
09.01.2025 18:17:44;3.34;
09.01.2025 18:17:45;3.34;
09.01.2025 18:17:46;3.35;
09.01.2025 18:17:47;3.35;
09.01.2025 18:17:48;3.36;
09.01.2025 18:17:49;3.35;
09.01.2025 18:17:50;3.34;
09.01.2025 18:17:51;3.35;
09.01.2025 18:17:52;3.35;
09.01.2025 18:17:53;3.34;
09.01.2025 18:17:55;3.34;
09.01.2025 18:17:56;3.35;
09.01.2025 18:17:57;3.35;
09.01.2025 18:17:58;3.34;
09.01.2025 18:17:59;3.35;
09.01.2025 18:18:00;3.34;
09.01.2025 18:18:01;3.35;
09.01.2025 18:18:02;3.36;
09.01.2025 18:18:03;3.35;
09.01.2025 18:18:04;3.34;
09.01.2025 18:18:05;3.35;
09.01.2025 18:18:06;3.34;
09.01.2025 18:18:09;3.34;
09.01.2025 18:18:10;3.35;
09.01.2025 18:18:11;3.34;
09.01.2025 18:18:14;3.34;
09.01.2025 18:18:15;3.33;
09.01.2025 18:18:16;3.34;
09.01.2025 18:18:27;3.34;
09.01.2025 18:18:28;3.35;
09.01.2025 18:18:29;3.34;
09.01.2025 18:18:30;3.34;
09.01.2025 18:18:31;3.35;
09.01.2025 18:18:32;3.34;
09.01.2025 18:18:33;3.34;
09.01.2025 18:18:34;3.33;
09.01.2025 18:18:35;3.34;
09.01.2025 18:18:38;3.34;
09.01.2025 18:18:39;3.33;
09.01.2025 18:18:40;3.35;
09.01.2025 18:18:41;3.34;
09.01.2025 18:18:44;3.34;
09.01.2025 18:18:45;3.35;
09.01.2025 18:18:46;3.35;
09.01.2025 18:18:47;3.34;
09.01.2025 18:18:48;3.34;
09.01.2025 18:18:49;3.35;
09.01.2025 18:18:50;3.34;
09.01.2025 18:18:51;3.33;
09.01.2025 18:18:52;3.34;
09.01.2025 18:18:54;3.34;
09.01.2025 18:18:55;3.33;
09.01.2025 18:18:56;3.34;
09.01.2025 18:19:05;3.34;
09.01.2025 18:19:06;3.35;
09.01.2025 18:19:07;3.34;
09.01.2025 18:19:09;3.34;
09.01.2025 18:19:10;3.33;
09.01.2025 18:19:11;3.34;
09.01.2025 18:19:15;3.34;
09.01.2025 18:19:16;3.35;
09.01.2025 18:19:17;3.34;
09.01.2025 18:19:20;3.34;
09.01.2025 18:19:21;3.35;
09.01.2025 18:19:22;3.34;
09.01.2025 18:19:23;3.35;
09.01.2025 18:19:24;3.34;
09.01.2025 18:19:28;3.34;
09.01.2025 18:19:29;3.33;
09.01.2025 18:19:30;3.34;
09.01.2025 18:19:33;3.34;
09.01.2025 18:19:34;3.35;
09.01.2025 18:19:35;3.33;
09.01.2025 18:19:36;3.34;
09.01.2025 18:19:39;3.34;
09.01.2025 18:19:40;3.35;
09.01.2025 18:19:41;3.34;
09.01.2025 18:19:42;3.33;
09.01.2025 18:19:43;3.34;
09.01.2025 18:19:44;3.34;
09.01.2025 18:19:45;3.33;
09.01.2025 18:19:46;3.34;
09.01.2025 18:19:47;3.35;
09.01.2025 18:19:48;3.35;
09.01.2025 18:19:49;3.33;
09.01.2025 18:19:50;3.33;
09.01.2025 18:19:51;3.34;
09.01.2025 18:19:54;3.34;
09.01.2025 18:19:55;3.33;
09.01.2025 18:19:56;3.34;
09.01.2025 18:19:57;3.34;
09.01.2025 18:19:58;3.33;
09.01.2025 18:19:59;3.34;
09.01.2025 18:20:01;3.34;
09.01.2025 18:20:02;3.35;
09.01.2025 18:20:03;3.34;
09.01.2025 18:20:04;3.33;
09.01.2025 18:20:05;3.34;
09.01.2025 18:20:07;3.34;
09.01.2025 18:20:08;3.33;
09.01.2025 18:20:09;3.34;
09.01.2025 18:20:17;3.34;
09.01.2025 18:20:18;3.35;
09.01.2025 18:20:19;3.34;
09.01.2025 18:20:23;3.34;
09.01.2025 18:20:24;3.35;
09.01.2025 18:20:25;3.34;
09.01.2025 18:20:26;3.35;
09.01.2025 18:20:28;3.35;
09.01.2025 18:20:29;3.34;
09.01.2025 18:20:30;3.34;
09.01.2025 18:20:31;3.35;
09.01.2025 18:20:32;3.35;
09.01.2025 18:20:33;3.34;
09.01.2025 18:20:34;3.34;
09.01.2025 18:20:35;3.35;
09.01.2025 18:20:36;3.34;
09.01.2025 18:20:47;3.34;
09.01.2025 18:20:48;3.33;
09.01.2025 18:20:49;3.34;
09.01.2025 18:20:50;3.35;
09.01.2025 18:20:51;3.34;
09.01.2025 18:20:54;3.34;
09.01.2025 18:20:55;3.35;
09.01.2025 18:20:56;3.34;
09.01.2025 18:21:00;3.34;
09.01.2025 18:21:01;3.35;
09.01.2025 18:21:02;3.34;
09.01.2025 18:21:03;3.35;
09.01.2025 18:21:04;3.34;
09.01.2025 18:21:05;3.35;
09.01.2025 18:21:06;3.34;
09.01.2025 18:21:15;3.34;
09.01.2025 18:21:16;3.35;
09.01.2025 18:21:17;3.35;
09.01.2025 18:21:18;3.33;
09.01.2025 18:21:19;3.34;
09.01.2025 18:21:23;3.34;
09.01.2025 18:21:24;3.33;
09.01.2025 18:21:25;3.34;
09.01.2025 18:21:26;3.34;
09.01.2025 18:21:27;3.33;
09.01.2025 18:21:28;3.34;
09.01.2025 18:21:29;3.35;
09.01.2025 18:21:30;3.34;
09.01.2025 18:21:31;3.35;
09.01.2025 18:21:32;3.34;
09.01.2025 18:21:40;3.34;
09.01.2025 18:21:41;3.33;
09.01.2025 18:21:42;3.34;
09.01.2025 18:21:44;3.34;
09.01.2025 18:21:45;3.33;
09.01.2025 18:21:46;3.33;
09.01.2025 18:21:47;3.34;
09.01.2025 18:22:00;3.34;
09.01.2025 18:22:01;3.33;
09.01.2025 18:22:02;3.33;
09.01.2025 18:22:03;3.34;
09.01.2025 18:22:09;3.34;
09.01.2025 18:22:10;3.35;
09.01.2025 18:22:11;3.34;
09.01.2025 18:22:15;3.34;
09.01.2025 18:22:16;3.35;
09.01.2025 18:22:17;3.34;
09.01.2025 18:22:20;3.34;
09.01.2025 18:22:21;3.33;
09.01.2025 18:22:22;3.34;
09.01.2025 18:22:23;3.34;
09.01.2025 18:22:24;3.33;
09.01.2025 18:22:25;3.33;
09.01.2025 18:22:26;3.34;
09.01.2025 18:22:27;3.33;
09.01.2025 18:22:28;3.34;
09.01.2025 18:22:29;3.33;
09.01.2025 18:22:30;3.34;
09.01.2025 18:22:31;3.34;
09.01.2025 18:22:32;3.35;
09.01.2025 18:22:33;3.34;
09.01.2025 18:22:35;3.34;
09.01.2025 18:22:36;3.33;
09.01.2025 18:22:37;3.34;
09.01.2025 18:22:39;3.34;
09.01.2025 18:22:40;3.33;
09.01.2025 18:22:41;3.34;
09.01.2025 18:22:53;3.34;
09.01.2025 18:22:54;3.35;
09.01.2025 18:22:55;3.34;
09.01.2025 18:22:58;3.34;
09.01.2025 18:22:59;3.35;
09.01.2025 18:23:00;3.35;
09.01.2025 18:23:01;3.34;
09.01.2025 18:23:04;3.34;
09.01.2025 18:23:05;3.35;
09.01.2025 18:23:06;3.34;
09.01.2025 18:23:08;3.34;
09.01.2025 18:23:09;3.33;
09.01.2025 18:23:10;3.35;
09.01.2025 18:23:11;3.35;
09.01.2025 18:23:12;3.34;
09.01.2025 18:23:14;3.34;
09.01.2025 18:23:15;3.33;
09.01.2025 18:23:16;3.35;
09.01.2025 18:23:17;3.34;
09.01.2025 18:23:18;3.34;
09.01.2025 18:23:19;3.35;
09.01.2025 18:23:20;3.34;
09.01.2025 18:23:23;3.34;
09.01.2025 18:23:24;3.35;
09.01.2025 18:23:25;3.34;
09.01.2025 18:23:26;3.35;
09.01.2025 18:23:28;3.35;
09.01.2025 18:23:29;3.34;
09.01.2025 18:23:30;3.34;
09.01.2025 18:23:31;3.33;
09.01.2025 18:23:32;3.34;
09.01.2025 18:23:42;3.34;
09.01.2025 18:23:43;3.33;
09.01.2025 18:23:44;3.35;
09.01.2025 18:23:45;3.34;
09.01.2025 18:23:46;3.35;
09.01.2025 18:23:47;3.34;
09.01.2025 18:24:00;3.34;
09.01.2025 18:24:01;3.33;
09.01.2025 18:24:02;3.33;
09.01.2025 18:24:03;3.34;
09.01.2025 18:24:04;3.34;
09.01.2025 18:24:05;3.33;
09.01.2025 18:24:06;3.34;
09.01.2025 18:24:08;3.34;
09.01.2025 18:24:09;3.35;
09.01.2025 18:24:10;3.34;
09.01.2025 18:24:12;3.34;
09.01.2025 18:24:13;3.35;
09.01.2025 18:24:14;3.34;
09.01.2025 18:24:21;3.34;
09.01.2025 18:24:22;3.35;
09.01.2025 18:24:23;3.34;
09.01.2025 18:24:24;3.35;
09.01.2025 18:24:25;3.33;
09.01.2025 18:24:26;3.34;
09.01.2025 18:24:30;3.34;
09.01.2025 18:24:31;3.33;
09.01.2025 18:24:32;3.34;
09.01.2025 18:24:33;3.35;
09.01.2025 18:24:34;3.35;
09.01.2025 18:24:35;3.34;
09.01.2025 18:24:36;3.34;
09.01.2025 18:24:37;3.35;
09.01.2025 18:24:40;3.35;
09.01.2025 18:24:41;3.34;
09.01.2025 18:24:42;3.35;
09.01.2025 18:24:43;3.34;
09.01.2025 18:24:44;3.34;
09.01.2025 18:24:45;3.35;
09.01.2025 18:24:47;3.35;
09.01.2025 18:24:48;3.34;
09.01.2025 18:24:50;3.34;
09.01.2025 18:24:51;3.33;
09.01.2025 18:24:52;3.34;
09.01.2025 18:24:53;3.34;
09.01.2025 18:24:54;3.35;
09.01.2025 18:24:55;3.34;
09.01.2025 18:24:56;3.34;
09.01.2025 18:24:57;3.35;
09.01.2025 18:24:58;3.34;
09.01.2025 18:24:59;3.34;
09.01.2025 18:25:00;3.35;
09.01.2025 18:25:01;3.34;
09.01.2025 18:25:06;3.34;
09.01.2025 18:25:07;3.35;
09.01.2025 18:25:08;3.33;
09.01.2025 18:25:09;3.34;
09.01.2025 18:25:10;3.35;
09.01.2025 18:25:12;3.35;
09.01.2025 18:25:13;3.34;
09.01.2025 18:25:14;3.35;
09.01.2025 18:25:15;3.35;
09.01.2025 18:25:16;3.34;
09.01.2025 18:25:17;3.35;
09.01.2025 18:25:19;3.35;
09.01.2025 18:25:20;3.34;
09.01.2025 18:25:22;3.34;
09.01.2025 18:25:23;3.35;
09.01.2025 18:25:24;3.34;
09.01.2025 18:25:25;3.35;
09.01.2025 18:25:26;3.34;
09.01.2025 18:25:34;3.34;
09.01.2025 18:25:35;3.35;
09.01.2025 18:25:36;3.34;
09.01.2025 18:25:37;3.35;
09.01.2025 18:25:38;3.34;
09.01.2025 18:25:39;3.34;
09.01.2025 18:25:40;3.35;
09.01.2025 18:25:41;3.34;
09.01.2025 18:25:42;3.34;
09.01.2025 18:25:43;3.33;
09.01.2025 18:25:44;3.34;
09.01.2025 18:25:45;3.35;
09.01.2025 18:25:46;3.34;
09.01.2025 18:25:47;3.35;
09.01.2025 18:25:48;3.34;
09.01.2025 18:25:49;3.34;
09.01.2025 18:25:50;3.35;
09.01.2025 18:25:52;3.35;
09.01.2025 18:25:53;3.34;
09.01.2025 18:25:56;3.34;
09.01.2025 18:25:57;3.35;
09.01.2025 18:25:58;3.34;
09.01.2025 18:25:59;3.34;
09.01.2025 18:26:00;3.35;
09.01.2025 18:26:01;3.35;
09.01.2025 18:26:02;3.34;
09.01.2025 18:26:03;3.35;
09.01.2025 18:26:04;3.34;
09.01.2025 18:26:05;3.34;
09.01.2025 18:26:06;3.35;
09.01.2025 18:26:07;3.34;
09.01.2025 18:26:09;3.34;
09.01.2025 18:26:10;3.35;
09.01.2025 18:26:11;3.34;
09.01.2025 18:26:12;3.33;
09.01.2025 18:26:13;3.34;
09.01.2025 18:26:14;3.35;
09.01.2025 18:26:15;3.35;
09.01.2025 18:26:16;3.34;
09.01.2025 18:26:17;3.35;
09.01.2025 18:26:18;3.34;
09.01.2025 18:26:19;3.35;
09.01.2025 18:26:20;3.35;
09.01.2025 18:26:21;3.34;
09.01.2025 18:26:25;3.34;
09.01.2025 18:26:26;3.35;
09.01.2025 18:26:27;3.34;
09.01.2025 18:26:28;3.35;
09.01.2025 18:26:29;3.34;
09.01.2025 18:26:32;3.34;
09.01.2025 18:26:33;3.35;
09.01.2025 18:26:34;3.34;
09.01.2025 18:26:35;3.35;
09.01.2025 18:26:36;3.34;
09.01.2025 18:26:42;3.34;
09.01.2025 18:26:43;3.35;
09.01.2025 18:26:44;3.35;
09.01.2025 18:26:45;3.34;
09.01.2025 18:26:46;3.35;
09.01.2025 18:26:47;3.34;
09.01.2025 18:26:51;3.34;
09.01.2025 18:26:52;3.35;
09.01.2025 18:26:53;3.35;
09.01.2025 18:26:54;3.34;
09.01.2025 18:26:55;3.34;
09.01.2025 18:26:56;3.35;
09.01.2025 18:26:57;3.34;
09.01.2025 18:26:58;3.35;
09.01.2025 18:26:59;3.34;
09.01.2025 18:27:05;3.34;
09.01.2025 18:27:06;3.35;
09.01.2025 18:27:07;3.34;
09.01.2025 18:27:08;3.34;
09.01.2025 18:27:09;3.35;
09.01.2025 18:27:10;3.35;
09.01.2025 18:27:11;3.34;
09.01.2025 18:27:18;3.34;
09.01.2025 18:27:19;3.35;
09.01.2025 18:27:20;3.34;
09.01.2025 18:27:22;3.34;
09.01.2025 18:27:23;3.35;
09.01.2025 18:27:24;3.34;
09.01.2025 18:27:27;3.34;
09.01.2025 18:27:28;3.35;
09.01.2025 18:27:29;3.34;
09.01.2025 18:27:30;3.35;
09.01.2025 18:27:31;3.35;
09.01.2025 18:27:32;3.34;
09.01.2025 18:27:33;3.36;
09.01.2025 18:27:34;3.34;
09.01.2025 18:27:37;3.34;
09.01.2025 18:27:38;3.35;
09.01.2025 18:27:39;3.34;
09.01.2025 18:27:46;3.34;
09.01.2025 18:27:47;3.33;
09.01.2025 18:27:48;3.35;
09.01.2025 18:27:49;3.34;
09.01.2025 18:27:59;3.34;
09.01.2025 18:28:00;3.33;
09.01.2025 18:28:02;3.33;
09.01.2025 18:28:03;3.34;
09.01.2025 18:28:05;3.34;
09.01.2025 18:28:06;3.33;
09.01.2025 18:28:07;3.34;
09.01.2025 18:28:08;3.33;
09.01.2025 18:28:09;3.33;
09.01.2025 18:28:10;3.34;
09.01.2025 18:28:13;3.34;
09.01.2025 18:28:14;3.33;
09.01.2025 18:28:16;3.33;
09.01.2025 18:28:17;3.34;
09.01.2025 18:28:20;3.34;
09.01.2025 18:28:21;3.35;
09.01.2025 18:28:22;3.34;
09.01.2025 18:28:26;3.34;
09.01.2025 18:28:27;3.35;
09.01.2025 18:28:28;3.34;
09.01.2025 18:28:29;3.33;
09.01.2025 18:28:30;3.34;
09.01.2025 18:28:35;3.34;
09.01.2025 18:28:36;3.33;
09.01.2025 18:28:37;3.33;
09.01.2025 18:28:38;3.34;
09.01.2025 18:28:45;3.34;
09.01.2025 18:28:46;3.33;
09.01.2025 18:28:47;3.34;
09.01.2025 18:28:50;3.34;
09.01.2025 18:28:51;3.33;
09.01.2025 18:28:52;3.34;
09.01.2025 18:28:58;3.34;
09.01.2025 18:28:59;3.35;
09.01.2025 18:29:00;3.35;
09.01.2025 18:29:01;3.33;
09.01.2025 18:29:02;3.33;
09.01.2025 18:29:03;3.34;
09.01.2025 18:29:08;3.34;
09.01.2025 18:29:09;3.33;
09.01.2025 18:29:10;3.35;
09.01.2025 18:29:11;3.34;
09.01.2025 18:29:14;3.34;
09.01.2025 18:29:15;3.33;
09.01.2025 18:29:16;3.33;
09.01.2025 18:29:17;3.34;
09.01.2025 18:29:21;3.34;
09.01.2025 18:29:22;3.35;
09.01.2025 18:29:24;3.35;
09.01.2025 18:29:25;3.34;
09.01.2025 18:29:26;3.35;
09.01.2025 18:29:27;3.34;
09.01.2025 18:29:29;3.34;
09.01.2025 18:29:30;3.35;
09.01.2025 18:29:31;3.34;
09.01.2025 18:29:34;3.34;
09.01.2025 18:29:35;3.35;
09.01.2025 18:29:36;3.34;
09.01.2025 18:29:45;3.34;
09.01.2025 18:29:46;3.33;
09.01.2025 18:29:47;3.34;
09.01.2025 18:29:48;3.33;
09.01.2025 18:29:49;3.33;
09.01.2025 18:29:50;3.34;
09.01.2025 18:29:57;3.34;
09.01.2025 18:29:58;3.35;
09.01.2025 18:29:59;3.34;
09.01.2025 18:30:05;3.34;
09.01.2025 18:30:06;3.35;
09.01.2025 18:30:07;3.33;
09.01.2025 18:30:08;3.34;
09.01.2025 18:30:09;3.33;
09.01.2025 18:30:10;3.34;
09.01.2025 18:30:11;3.33;
09.01.2025 18:30:12;3.34;
09.01.2025 18:30:20;3.34;
09.01.2025 18:30:21;3.33;
09.01.2025 18:30:22;3.33;
09.01.2025 18:30:23;3.34;
09.01.2025 18:30:25;3.34;
09.01.2025 18:30:26;3.33;
09.01.2025 18:30:27;3.34;
09.01.2025 18:30:28;3.33;
09.01.2025 18:30:29;3.34;
09.01.2025 18:30:31;3.34;
09.01.2025 18:30:32;3.35;
09.01.2025 18:30:33;3.35;
09.01.2025 18:30:34;3.34;
09.01.2025 18:30:52;3.34;
09.01.2025 18:30:53;3.35;
09.01.2025 18:30:54;3.34;
09.01.2025 18:31:00;3.34;
09.01.2025 18:31:01;3.35;
09.01.2025 18:31:02;3.33;
09.01.2025 18:31:03;3.34;
09.01.2025 18:31:07;3.34;
09.01.2025 18:31:08;3.33;
09.01.2025 18:31:09;3.34;
09.01.2025 18:31:10;3.34;
09.01.2025 18:31:11;3.35;
09.01.2025 18:31:12;3.34;
09.01.2025 18:31:14;3.34;
09.01.2025 18:31:15;3.35;
09.01.2025 18:31:16;3.34;
09.01.2025 18:31:21;3.34;
09.01.2025 18:31:22;3.33;
09.01.2025 18:31:24;3.33;
09.01.2025 18:31:25;3.34;
09.01.2025 18:31:26;3.34;
09.01.2025 18:31:27;3.33;
09.01.2025 18:31:28;3.34;
09.01.2025 18:31:33;3.34;
09.01.2025 18:31:34;3.35;
09.01.2025 18:31:35;3.34;
09.01.2025 18:31:36;3.34;
09.01.2025 18:31:37;3.33;
09.01.2025 18:31:38;3.34;
09.01.2025 18:31:39;3.35;
09.01.2025 18:31:40;3.34;
09.01.2025 18:31:43;3.34;
09.01.2025 18:31:44;3.33;
09.01.2025 18:31:45;3.34;
09.01.2025 18:31:51;3.34;
09.01.2025 18:31:52;3.33;
09.01.2025 18:31:53;3.34;
09.01.2025 18:31:54;3.33;
09.01.2025 18:31:55;3.34;
09.01.2025 18:32:00;3.34;
09.01.2025 18:32:01;3.33;
09.01.2025 18:32:02;3.34;
09.01.2025 18:32:03;3.34;
09.01.2025 18:32:04;3.33;
09.01.2025 18:32:05;3.33;
09.01.2025 18:32:06;3.34;
09.01.2025 18:32:08;3.34;
09.01.2025 18:32:09;3.35;
09.01.2025 18:32:10;3.34;
09.01.2025 18:32:11;3.35;
09.01.2025 18:32:12;3.34;
09.01.2025 18:32:13;3.34;
09.01.2025 18:32:14;3.33;
09.01.2025 18:32:15;3.34;
09.01.2025 18:32:21;3.34;
09.01.2025 18:32:22;3.33;
09.01.2025 18:32:23;3.33;
09.01.2025 18:32:24;3.34;
09.01.2025 18:32:29;3.34;
09.01.2025 18:32:30;3.33;
09.01.2025 18:32:31;3.34;
09.01.2025 18:32:32;3.33;
09.01.2025 18:32:33;3.34;
09.01.2025 18:32:35;3.34;
09.01.2025 18:32:36;3.33;
09.01.2025 18:32:37;3.34;
09.01.2025 18:32:38;3.34;
09.01.2025 18:32:39;3.33;
09.01.2025 18:32:40;3.33;
09.01.2025 18:32:41;3.34;
09.01.2025 18:32:48;3.34;
09.01.2025 18:32:49;3.35;
09.01.2025 18:32:50;3.33;
09.01.2025 18:32:55;3.33;
09.01.2025 18:32:56;3.34;
09.01.2025 18:32:58;3.34;
09.01.2025 18:32:59;3.33;
09.01.2025 18:33:00;3.34;
09.01.2025 18:33:08;3.34;
09.01.2025 18:33:09;3.35;
09.01.2025 18:33:10;3.34;
09.01.2025 18:33:18;3.34;
09.01.2025 18:33:19;3.33;
09.01.2025 18:33:20;3.34;
09.01.2025 18:33:21;3.33;
09.01.2025 18:33:22;3.34;
09.01.2025 18:33:23;3.33;
09.01.2025 18:33:24;3.33;
09.01.2025 18:33:25;3.34;
09.01.2025 18:33:36;3.34;
09.01.2025 18:33:37;3.35;
09.01.2025 18:33:38;3.34;
09.01.2025 18:33:39;3.33;
09.01.2025 18:33:40;3.34;
09.01.2025 18:33:41;3.34;
09.01.2025 18:33:42;3.33;
09.01.2025 18:33:43;3.34;
09.01.2025 18:33:53;3.34;
09.01.2025 18:33:54;3.35;
09.01.2025 18:33:55;3.34;
09.01.2025 18:33:56;3.35;
09.01.2025 18:33:57;3.34;
09.01.2025 18:33:59;3.34;
09.01.2025 18:34:00;3.35;
09.01.2025 18:34:01;3.35;
09.01.2025 18:34:02;3.34;
09.01.2025 18:34:03;3.33;
09.01.2025 18:34:04;3.34;
09.01.2025 18:34:05;3.34;
09.01.2025 18:34:06;3.35;
09.01.2025 18:34:07;3.33;
09.01.2025 18:34:08;3.34;
09.01.2025 18:34:09;3.34;
09.01.2025 18:34:10;3.35;
09.01.2025 18:34:11;3.34;
09.01.2025 18:34:12;3.34;
09.01.2025 18:34:13;3.35;
09.01.2025 18:34:14;3.34;
09.01.2025 18:34:18;3.34;
09.01.2025 18:34:19;3.33;
09.01.2025 18:34:20;3.34;
09.01.2025 18:34:21;3.35;
09.01.2025 18:34:22;3.35;
09.01.2025 18:34:23;3.34;
09.01.2025 18:34:24;3.33;
09.01.2025 18:34:25;3.34;
09.01.2025 18:34:26;3.34;
09.01.2025 18:34:27;3.35;
09.01.2025 18:34:28;3.34;
09.01.2025 18:34:30;3.34;
09.01.2025 18:34:31;3.33;
09.01.2025 18:34:32;3.34;
09.01.2025 18:34:40;3.34;
09.01.2025 18:34:41;3.35;
09.01.2025 18:34:42;3.33;
09.01.2025 18:34:43;3.34;
09.01.2025 18:34:57;3.34;
09.01.2025 18:34:58;3.33;
09.01.2025 18:34:59;3.34;
09.01.2025 18:35:01;3.34;
09.01.2025 18:35:02;3.33;
09.01.2025 18:35:03;3.33;
09.01.2025 18:35:04;3.34;
09.01.2025 18:35:06;3.34;
09.01.2025 18:35:07;3.33;
09.01.2025 18:35:08;3.34;
09.01.2025 18:35:14;3.34;
09.01.2025 18:35:15;3.33;
09.01.2025 18:35:16;3.34;
09.01.2025 18:35:19;3.34;
09.01.2025 18:35:20;3.33;
09.01.2025 18:35:25;3.33;
09.01.2025 18:35:26;3.34;
09.01.2025 18:35:27;3.34;
09.01.2025 18:35:28;3.33;
09.01.2025 18:35:29;3.32;
09.01.2025 18:35:30;3.34;
09.01.2025 18:35:31;3.33;
09.01.2025 18:35:32;3.34;
09.01.2025 18:35:33;3.33;
09.01.2025 18:35:34;3.34;
09.01.2025 18:35:35;3.34;
09.01.2025 18:35:36;3.33;
09.01.2025 18:35:37;3.34;
09.01.2025 18:35:41;3.34;
09.01.2025 18:35:42;3.33;
09.01.2025 18:35:43;3.34;
09.01.2025 18:35:45;3.34;
09.01.2025 18:35:46;3.33;
09.01.2025 18:35:47;3.33;
09.01.2025 18:35:48;3.34;
09.01.2025 18:35:55;3.34;
09.01.2025 18:35:56;3.33;
09.01.2025 18:35:57;3.34;
09.01.2025 18:35:58;3.33;
09.01.2025 18:35:59;3.34;
09.01.2025 18:36:00;3.34;
09.01.2025 18:36:01;3.33;
09.01.2025 18:36:02;3.34;
09.01.2025 18:36:03;3.33;
09.01.2025 18:36:05;3.33;
09.01.2025 18:36:06;3.34;
09.01.2025 18:36:07;3.34;
09.01.2025 18:36:08;3.33;
09.01.2025 18:36:09;3.33;
09.01.2025 18:36:10;3.34;
09.01.2025 18:36:11;3.33;
09.01.2025 18:36:12;3.33;
09.01.2025 18:36:13;3.34;
09.01.2025 18:36:15;3.34;
09.01.2025 18:36:16;3.33;
09.01.2025 18:36:17;3.34;
09.01.2025 18:36:18;3.33;
09.01.2025 18:36:19;3.33;
09.01.2025 18:36:20;3.34;
09.01.2025 18:36:21;3.33;
09.01.2025 18:36:22;3.34;
09.01.2025 18:36:23;3.34;
09.01.2025 18:36:24;3.33;
09.01.2025 18:36:26;3.33;
09.01.2025 18:36:27;3.34;
09.01.2025 18:36:28;3.34;
09.01.2025 18:36:29;3.33;
09.01.2025 18:36:32;3.33;
09.01.2025 18:36:33;3.34;
09.01.2025 18:36:35;3.34;
09.01.2025 18:36:36;3.33;
09.01.2025 18:36:37;3.34;
09.01.2025 18:36:38;3.33;
09.01.2025 18:36:39;3.33;
09.01.2025 18:36:40;3.34;
09.01.2025 18:36:41;3.33;
09.01.2025 18:36:42;3.34;
09.01.2025 18:36:43;3.33;
09.01.2025 18:36:44;3.34;
09.01.2025 18:36:50;3.34;
09.01.2025 18:36:51;3.33;
09.01.2025 18:36:52;3.34;
09.01.2025 18:36:53;3.33;
09.01.2025 18:36:54;3.33;
09.01.2025 18:36:55;3.34;
09.01.2025 18:36:57;3.34;
09.01.2025 18:36:58;3.33;
09.01.2025 18:36:59;3.34;
09.01.2025 18:37:01;3.34;
09.01.2025 18:37:02;3.35;
09.01.2025 18:37:03;3.35;
09.01.2025 18:37:04;3.34;
09.01.2025 18:37:05;3.34;
09.01.2025 18:37:06;3.33;
09.01.2025 18:37:07;3.34;
09.01.2025 18:37:08;3.34;
09.01.2025 18:37:09;3.33;
09.01.2025 18:37:10;3.34;
09.01.2025 18:37:11;3.33;
09.01.2025 18:37:12;3.34;
09.01.2025 18:37:13;3.34;
09.01.2025 18:37:14;3.33;
09.01.2025 18:37:15;3.34;
09.01.2025 18:37:16;3.35;
09.01.2025 18:37:17;3.34;
09.01.2025 18:37:23;3.34;
09.01.2025 18:37:24;3.33;
09.01.2025 18:37:25;3.34;
09.01.2025 18:37:26;3.33;
09.01.2025 18:37:27;3.34;
09.01.2025 18:37:32;3.34;
09.01.2025 18:37:33;3.33;
09.01.2025 18:37:34;3.34;
09.01.2025 18:37:35;3.35;
09.01.2025 18:37:36;3.33;
09.01.2025 18:37:37;3.34;
09.01.2025 18:37:38;3.33;
09.01.2025 18:37:39;3.35;
09.01.2025 18:37:40;3.34;
09.01.2025 18:37:51;3.34;
09.01.2025 18:37:52;3.35;
09.01.2025 18:37:53;3.35;
09.01.2025 18:37:54;3.34;
09.01.2025 18:37:55;3.35;
09.01.2025 18:37:56;3.34;
09.01.2025 18:37:59;3.34;
09.01.2025 18:38:00;3.33;
09.01.2025 18:38:01;3.34;
09.01.2025 18:38:03;3.34;
09.01.2025 18:38:04;3.33;
09.01.2025 18:38:05;3.34;
09.01.2025 18:38:06;3.35;
09.01.2025 18:38:07;3.34;
09.01.2025 18:38:08;3.33;
09.01.2025 18:38:09;3.34;
09.01.2025 18:38:16;3.34;
09.01.2025 18:38:17;3.33;
09.01.2025 18:38:18;3.34;
09.01.2025 18:38:19;3.34;
09.01.2025 18:38:20;3.35;
09.01.2025 18:38:21;3.34;
09.01.2025 18:38:22;3.35;
09.01.2025 18:38:24;3.35;
09.01.2025 18:38:25;3.34;
09.01.2025 18:38:26;3.33;
09.01.2025 18:38:27;3.33;
09.01.2025 18:38:28;3.35;
09.01.2025 18:38:29;3.35;
09.01.2025 18:38:30;3.34;
09.01.2025 18:38:35;3.34;
09.01.2025 18:38:36;3.35;
09.01.2025 18:38:37;3.33;
09.01.2025 18:38:38;3.34;
09.01.2025 18:38:39;3.35;
09.01.2025 18:38:40;3.34;
09.01.2025 18:38:42;3.34;
09.01.2025 18:38:43;3.33;
09.01.2025 18:38:44;3.34;
09.01.2025 18:38:45;3.33;
09.01.2025 18:38:46;3.33;
09.01.2025 18:38:47;3.34;
09.01.2025 18:38:48;3.34;
09.01.2025 18:38:49;3.33;
09.01.2025 18:38:50;3.33;
09.01.2025 18:38:51;3.34;
09.01.2025 18:39:02;3.34;
09.01.2025 18:39:03;3.33;
09.01.2025 18:39:05;3.33;
09.01.2025 18:39:06;3.34;
09.01.2025 18:39:08;3.34;
09.01.2025 18:39:09;3.33;
09.01.2025 18:39:10;3.34;
09.01.2025 18:39:16;3.34;
09.01.2025 18:39:17;3.33;
09.01.2025 18:39:18;3.35;
09.01.2025 18:39:19;3.34;
09.01.2025 18:39:20;3.33;
09.01.2025 18:39:21;3.34;
09.01.2025 18:39:25;3.34;
09.01.2025 18:39:26;3.33;
09.01.2025 18:39:27;3.34;
09.01.2025 18:39:40;3.34;
09.01.2025 18:39:41;3.33;
09.01.2025 18:39:42;3.34;
09.01.2025 18:39:43;3.33;
09.01.2025 18:39:44;3.34;
09.01.2025 18:39:49;3.34;
09.01.2025 18:39:50;3.33;
09.01.2025 18:39:52;3.33;
09.01.2025 18:39:53;3.34;
09.01.2025 18:39:54;3.34;
09.01.2025 18:39:55;3.33;
09.01.2025 18:39:56;3.33;
09.01.2025 18:39:57;3.34;
09.01.2025 18:40:02;3.34;
09.01.2025 18:40:03;3.33;
09.01.2025 18:40:04;3.34;
09.01.2025 18:40:05;3.33;
09.01.2025 18:40:06;3.34;
09.01.2025 18:40:08;3.34;
09.01.2025 18:40:09;3.33;
09.01.2025 18:40:10;3.34;
09.01.2025 18:40:18;3.34;
09.01.2025 18:40:19;3.33;
09.01.2025 18:40:20;3.34;
09.01.2025 18:40:22;3.34;
09.01.2025 18:40:23;3.33;
09.01.2025 18:40:24;3.34;
09.01.2025 18:40:25;3.33;
09.01.2025 18:40:27;3.33;
09.01.2025 18:40:28;3.34;
09.01.2025 18:40:33;3.34;
09.01.2025 18:40:34;3.33;
09.01.2025 18:40:35;3.34;
09.01.2025 18:40:45;3.34;
09.01.2025 18:40:46;3.33;
09.01.2025 18:40:47;3.34;
09.01.2025 18:40:49;3.34;
09.01.2025 18:40:50;3.33;
09.01.2025 18:40:51;3.34;
09.01.2025 18:40:52;3.33;
09.01.2025 18:40:53;3.34;
09.01.2025 18:40:54;3.34;
09.01.2025 18:40:55;3.33;
09.01.2025 18:40:57;3.33;
09.01.2025 18:40:58;3.34;
09.01.2025 18:41:04;3.34;
09.01.2025 18:41:05;3.33;
09.01.2025 18:41:06;3.34;
09.01.2025 18:41:11;3.34;
09.01.2025 18:41:12;3.33;
09.01.2025 18:41:13;3.33;
09.01.2025 18:41:14;3.34;
09.01.2025 18:41:22;3.34;
09.01.2025 18:41:23;3.33;
09.01.2025 18:41:24;3.34;
09.01.2025 18:41:25;3.35;
09.01.2025 18:41:26;3.34;
09.01.2025 18:41:27;3.34;
09.01.2025 18:41:28;3.35;
09.01.2025 18:41:29;3.34;
09.01.2025 18:41:31;3.34;
09.01.2025 18:41:32;3.35;
09.01.2025 18:41:33;3.34;
09.01.2025 18:41:40;3.34;
09.01.2025 18:41:41;3.35;
09.01.2025 18:41:42;3.34;
09.01.2025 18:41:46;3.34;
09.01.2025 18:41:47;3.33;
09.01.2025 18:41:48;3.34;
09.01.2025 18:41:49;3.34;
09.01.2025 18:41:50;3.33;
09.01.2025 18:41:51;3.33;
09.01.2025 18:41:52;3.34;
09.01.2025 18:41:53;3.33;
09.01.2025 18:41:54;3.34;
09.01.2025 18:41:55;3.34;
09.01.2025 18:41:56;3.33;
09.01.2025 18:41:57;3.35;
09.01.2025 18:41:58;3.34;
09.01.2025 18:42:01;3.34;
09.01.2025 18:42:02;3.33;
09.01.2025 18:42:03;3.34;
09.01.2025 18:42:04;3.33;
09.01.2025 18:42:06;3.33;
09.01.2025 18:42:07;3.35;
09.01.2025 18:42:08;3.34;
09.01.2025 18:42:12;3.34;
09.01.2025 18:42:13;3.33;
09.01.2025 18:42:14;3.34;
09.01.2025 18:42:15;3.33;
09.01.2025 18:42:16;3.34;
09.01.2025 18:42:19;3.34;
09.01.2025 18:42:20;3.35;
09.01.2025 18:42:21;3.34;
09.01.2025 18:42:22;3.34;
09.01.2025 18:42:23;3.33;
09.01.2025 18:42:24;3.33;
09.01.2025 18:42:25;3.34;
09.01.2025 18:42:27;3.34;
09.01.2025 18:42:28;3.33;
09.01.2025 18:42:31;3.33;
09.01.2025 18:42:32;3.34;
09.01.2025 18:42:33;3.33;
09.01.2025 18:42:37;3.33;
09.01.2025 18:42:38;3.34;
09.01.2025 18:42:39;3.34;
09.01.2025 18:42:40;3.33;
09.01.2025 18:42:41;3.33;
09.01.2025 18:42:42;3.34;
09.01.2025 18:42:43;3.33;
09.01.2025 18:42:45;3.33;
09.01.2025 18:42:46;3.34;
09.01.2025 18:42:49;3.34;
09.01.2025 18:42:50;3.33;
09.01.2025 18:42:52;3.33;
09.01.2025 18:42:53;3.34;
09.01.2025 18:42:54;3.33;
09.01.2025 18:42:55;3.34;
09.01.2025 18:42:56;3.33;
09.01.2025 18:42:59;3.33;
09.01.2025 18:43:00;3.34;
09.01.2025 18:43:01;3.33;
09.01.2025 18:43:03;3.33;
09.01.2025 18:43:04;3.34;
09.01.2025 18:43:05;3.34;
09.01.2025 18:43:06;3.33;
09.01.2025 18:43:07;3.34;
09.01.2025 18:43:08;3.35;
09.01.2025 18:43:09;3.33;
09.01.2025 18:43:10;3.34;
09.01.2025 18:43:11;3.33;
09.01.2025 18:43:12;3.34;
09.01.2025 18:43:13;3.34;
09.01.2025 18:43:14;3.33;
09.01.2025 18:43:15;3.34;
09.01.2025 18:43:16;3.34;
09.01.2025 18:43:17;3.33;
09.01.2025 18:43:18;3.34;
09.01.2025 18:43:19;3.33;
09.01.2025 18:43:20;3.33;
09.01.2025 18:43:21;3.34;
09.01.2025 18:43:22;3.34;
09.01.2025 18:43:23;3.33;
09.01.2025 18:43:24;3.33;
09.01.2025 18:43:25;3.34;
09.01.2025 18:43:28;3.34;
09.01.2025 18:43:29;3.33;
09.01.2025 18:43:37;3.33;
09.01.2025 18:43:38;3.34;
09.01.2025 18:43:39;3.33;
09.01.2025 18:43:40;3.34;
09.01.2025 18:43:41;3.33;
09.01.2025 18:43:42;3.34;
09.01.2025 18:43:43;3.34;
09.01.2025 18:43:44;3.33;
09.01.2025 18:43:45;3.33;
09.01.2025 18:43:46;3.34;
09.01.2025 18:43:47;3.34;
09.01.2025 18:43:48;3.33;
09.01.2025 18:43:49;3.33;
09.01.2025 18:43:50;3.34;
09.01.2025 18:43:51;3.34;
09.01.2025 18:43:52;3.33;
09.01.2025 18:43:54;3.33;
09.01.2025 18:43:55;3.34;
09.01.2025 18:43:56;3.34;
09.01.2025 18:43:57;3.33;
09.01.2025 18:43:58;3.33;
09.01.2025 18:43:59;3.34;
09.01.2025 18:44:02;3.34;
09.01.2025 18:44:03;3.33;
09.01.2025 18:44:04;3.34;
09.01.2025 18:44:05;3.33;
09.01.2025 18:44:06;3.33;
09.01.2025 18:44:07;3.34;
09.01.2025 18:44:08;3.33;
09.01.2025 18:44:09;3.34;
09.01.2025 18:44:10;3.33;
09.01.2025 18:44:11;3.34;
09.01.2025 18:44:17;3.34;
09.01.2025 18:44:18;3.33;
09.01.2025 18:44:19;3.33;
09.01.2025 18:44:20;3.34;
09.01.2025 18:44:21;3.33;
09.01.2025 18:44:22;3.33;
09.01.2025 18:44:23;3.34;
09.01.2025 18:44:24;3.33;
09.01.2025 18:44:27;3.33;
09.01.2025 18:44:28;3.32;
09.01.2025 18:44:29;3.34;
09.01.2025 18:44:33;3.34;
09.01.2025 18:44:34;3.33;
09.01.2025 18:44:35;3.34;
09.01.2025 18:44:36;3.33;
09.01.2025 18:44:37;3.33;
09.01.2025 18:44:38;3.34;
09.01.2025 18:44:39;3.34;
09.01.2025 18:44:40;3.33;
09.01.2025 18:44:43;3.33;
09.01.2025 18:44:44;3.34;
09.01.2025 18:44:45;3.33;
09.01.2025 18:44:46;3.34;
09.01.2025 18:44:50;3.34;
09.01.2025 18:44:51;3.33;
09.01.2025 18:44:53;3.33;
09.01.2025 18:44:54;3.34;
09.01.2025 18:44:55;3.33;
09.01.2025 18:44:56;3.34;
09.01.2025 18:44:57;3.34;
09.01.2025 18:44:58;3.33;
09.01.2025 18:44:59;3.34;
09.01.2025 18:45:15;3.34;
09.01.2025 18:45:16;3.33;
09.01.2025 18:45:17;3.34;
09.01.2025 18:45:18;3.34;
09.01.2025 18:45:19;3.33;
09.01.2025 18:45:20;3.33;
09.01.2025 18:45:21;3.34;
09.01.2025 18:45:22;3.33;
09.01.2025 18:45:23;3.34;
09.01.2025 18:45:30;3.34;
09.01.2025 18:45:31;3.33;
09.01.2025 18:45:32;3.33;
09.01.2025 18:45:33;3.34;
09.01.2025 18:45:34;3.34;
09.01.2025 18:45:35;3.32;
09.01.2025 18:45:36;3.34;
09.01.2025 18:45:37;3.33;
09.01.2025 18:45:38;3.33;
09.01.2025 18:45:39;3.34;
09.01.2025 18:45:40;3.33;
09.01.2025 18:45:41;3.32;
09.01.2025 18:45:42;3.34;
09.01.2025 18:45:43;3.34;
09.01.2025 18:45:44;3.33;
09.01.2025 18:45:45;3.33;
09.01.2025 18:45:46;3.34;
09.01.2025 18:45:51;3.34;
09.01.2025 18:45:52;3.35;
09.01.2025 18:45:53;3.33;
09.01.2025 18:45:54;3.34;
09.01.2025 18:45:55;3.33;
09.01.2025 18:45:56;3.35;
09.01.2025 18:45:57;3.34;
09.01.2025 18:46:02;3.34;
09.01.2025 18:46:03;3.33;
09.01.2025 18:46:04;3.34;
09.01.2025 18:46:09;3.34;
09.01.2025 18:46:10;3.33;
09.01.2025 18:46:11;3.34;
09.01.2025 18:46:12;3.34;
09.01.2025 18:46:13;3.33;
09.01.2025 18:46:14;3.34;
09.01.2025 18:46:15;3.33;
09.01.2025 18:46:17;3.33;
09.01.2025 18:46:18;3.34;
09.01.2025 18:46:20;3.34;
09.01.2025 18:46:21;3.35;
09.01.2025 18:46:22;3.34;
09.01.2025 18:46:25;3.34;
09.01.2025 18:46:26;3.33;
09.01.2025 18:46:28;3.33;
09.01.2025 18:46:29;3.34;
09.01.2025 18:46:30;3.34;
09.01.2025 18:46:31;3.33;
09.01.2025 18:46:32;3.34;
09.01.2025 18:46:33;3.33;
09.01.2025 18:46:34;3.33;
09.01.2025 18:46:35;3.34;
09.01.2025 18:46:38;3.34;
09.01.2025 18:46:39;3.33;
09.01.2025 18:46:40;3.34;
09.01.2025 18:46:51;3.34;
09.01.2025 18:46:52;3.33;
09.01.2025 18:46:53;3.34;
09.01.2025 18:46:54;3.33;
09.01.2025 18:46:55;3.34;
09.01.2025 18:46:56;3.34;
09.01.2025 18:46:57;3.35;
09.01.2025 18:46:58;3.34;
09.01.2025 18:46:59;3.33;
09.01.2025 18:47:00;3.33;
09.01.2025 18:47:01;3.34;
09.01.2025 18:47:03;3.34;
09.01.2025 18:47:04;3.33;
09.01.2025 18:47:05;3.34;
09.01.2025 18:47:06;3.34;
09.01.2025 18:47:07;3.35;
09.01.2025 18:47:08;3.34;
09.01.2025 18:47:12;3.34;
09.01.2025 18:47:13;3.33;
09.01.2025 18:47:14;3.34;
09.01.2025 18:47:15;3.33;
09.01.2025 18:47:16;3.34;
09.01.2025 18:47:17;3.33;
09.01.2025 18:47:18;3.34;
09.01.2025 18:47:21;3.34;
09.01.2025 18:47:22;3.33;
09.01.2025 18:47:23;3.33;
09.01.2025 18:47:24;3.35;
09.01.2025 18:47:25;3.35;
09.01.2025 18:47:26;3.34;
09.01.2025 18:47:27;3.35;
09.01.2025 18:47:28;3.33;
09.01.2025 18:47:29;3.34;
09.01.2025 18:47:35;3.34;
09.01.2025 18:47:36;3.35;
09.01.2025 18:47:37;3.34;
09.01.2025 18:47:38;3.33;
09.01.2025 18:47:39;3.34;
09.01.2025 18:47:42;3.34;
09.01.2025 18:47:43;3.33;
09.01.2025 18:47:44;3.34;
09.01.2025 18:47:50;3.34;
09.01.2025 18:47:51;3.33;
09.01.2025 18:47:52;3.34;
09.01.2025 18:47:54;3.34;
09.01.2025 18:47:55;3.35;
09.01.2025 18:47:56;3.34;
09.01.2025 18:47:58;3.34;
09.01.2025 18:47:59;3.33;
09.01.2025 18:48:00;3.34;
09.01.2025 18:48:08;3.34;
09.01.2025 18:48:09;3.35;
09.01.2025 18:48:10;3.33;
09.01.2025 18:48:11;3.34;
09.01.2025 18:48:15;3.34;
09.01.2025 18:48:16;3.33;
09.01.2025 18:48:17;3.34;
09.01.2025 18:48:19;3.34;
09.01.2025 18:48:20;3.35;
09.01.2025 18:48:21;3.34;
09.01.2025 18:48:22;3.35;
09.01.2025 18:48:23;3.34;
09.01.2025 18:48:24;3.35;
09.01.2025 18:48:25;3.34;
09.01.2025 18:48:33;3.34;
09.01.2025 18:48:34;3.35;
09.01.2025 18:48:35;3.34;
09.01.2025 18:48:36;3.34;
09.01.2025 18:48:37;3.33;
09.01.2025 18:48:38;3.34;
09.01.2025 18:48:44;3.34;
09.01.2025 18:48:45;3.33;
09.01.2025 18:48:46;3.34;
09.01.2025 18:48:49;3.34;
09.01.2025 18:48:50;3.33;
09.01.2025 18:48:51;3.34;
09.01.2025 18:48:57;3.34;
09.01.2025 18:48:58;3.35;
09.01.2025 18:48:59;3.34;
09.01.2025 18:49:00;3.35;
09.01.2025 18:49:01;3.34;
09.01.2025 18:49:06;3.34;
09.01.2025 18:49:07;3.35;
09.01.2025 18:49:08;3.33;
09.01.2025 18:49:09;3.34;
09.01.2025 18:49:10;3.35;
09.01.2025 18:49:11;3.34;
09.01.2025 18:49:15;3.34;
09.01.2025 18:49:16;3.33;
09.01.2025 18:49:17;3.34;
09.01.2025 18:49:22;3.34;
09.01.2025 18:49:23;3.33;
09.01.2025 18:49:24;3.34;
09.01.2025 18:49:25;3.34;
09.01.2025 18:49:26;3.35;
09.01.2025 18:49:27;3.33;
09.01.2025 18:49:28;3.34;
09.01.2025 18:49:32;3.34;
09.01.2025 18:49:33;3.33;
09.01.2025 18:49:34;3.35;
09.01.2025 18:49:35;3.34;
09.01.2025 18:49:36;3.33;
09.01.2025 18:49:37;3.34;
09.01.2025 18:49:38;3.34;
09.01.2025 18:49:39;3.33;
09.01.2025 18:49:40;3.34;
09.01.2025 18:49:41;3.34;
09.01.2025 18:49:42;3.35;
09.01.2025 18:49:43;3.34;
09.01.2025 18:49:46;3.34;
09.01.2025 18:49:47;3.35;
09.01.2025 18:49:48;3.34;
09.01.2025 18:49:49;3.33;
09.01.2025 18:49:50;3.34;
09.01.2025 18:49:51;3.34;
09.01.2025 18:49:52;3.33;
09.01.2025 18:49:53;3.33;
09.01.2025 18:49:54;3.34;
09.01.2025 18:49:58;3.34;
09.01.2025 18:49:59;3.33;
09.01.2025 18:50:00;3.34;
09.01.2025 18:50:01;3.33;
09.01.2025 18:50:02;3.33;
09.01.2025 18:50:03;3.34;
09.01.2025 18:50:04;3.33;
09.01.2025 18:50:05;3.34;
09.01.2025 18:50:08;3.34;
09.01.2025 18:50:09;3.33;
09.01.2025 18:50:10;3.34;
09.01.2025 18:50:11;3.33;
09.01.2025 18:50:12;3.33;
09.01.2025 18:50:13;3.34;
09.01.2025 18:50:14;3.33;
09.01.2025 18:50:15;3.34;
09.01.2025 18:50:16;3.33;
09.01.2025 18:50:17;3.34;
09.01.2025 18:50:18;3.33;
09.01.2025 18:50:19;3.34;
09.01.2025 18:50:20;3.33;
09.01.2025 18:50:21;3.34;
09.01.2025 18:50:22;3.33;
09.01.2025 18:50:23;3.33;
09.01.2025 18:50:24;3.34;
09.01.2025 18:50:26;3.34;
09.01.2025 18:50:27;3.33;
09.01.2025 18:50:28;3.34;
09.01.2025 18:50:32;3.34;
09.01.2025 18:50:33;3.33;
09.01.2025 18:50:35;3.33;
09.01.2025 18:50:36;3.34;
09.01.2025 18:50:37;3.33;
09.01.2025 18:50:38;3.34;
09.01.2025 18:50:42;3.34;
09.01.2025 18:50:43;3.33;
09.01.2025 18:50:44;3.33;
09.01.2025 18:50:45;3.34;
09.01.2025 18:50:47;3.34;
09.01.2025 18:50:48;3.33;
09.01.2025 18:50:49;3.34;
09.01.2025 18:50:50;3.34;
09.01.2025 18:50:51;3.33;
09.01.2025 18:50:52;3.34;
09.01.2025 18:50:53;3.33;
09.01.2025 18:50:57;3.33;
09.01.2025 18:50:58;3.34;
09.01.2025 18:51:00;3.34;
09.01.2025 18:51:01;3.33;
09.01.2025 18:51:02;3.34;
09.01.2025 18:51:03;3.34;
09.01.2025 18:51:04;3.33;
09.01.2025 18:51:06;3.33;
09.01.2025 18:51:07;3.34;
09.01.2025 18:51:08;3.33;
09.01.2025 18:51:09;3.34;
09.01.2025 18:51:12;3.34;
09.01.2025 18:51:13;3.33;
09.01.2025 18:51:14;3.33;
09.01.2025 18:51:15;3.34;
09.01.2025 18:51:16;3.33;
09.01.2025 18:51:17;3.34;
09.01.2025 18:51:18;3.34;
09.01.2025 18:51:19;3.33;
09.01.2025 18:51:22;3.33;
09.01.2025 18:51:23;3.34;
09.01.2025 18:51:24;3.33;
09.01.2025 18:51:25;3.34;
09.01.2025 18:51:27;3.34;
09.01.2025 18:51:28;3.33;
09.01.2025 18:51:29;3.34;
09.01.2025 18:51:31;3.34;
09.01.2025 18:51:32;3.33;
09.01.2025 18:51:33;3.34;
09.01.2025 18:51:35;3.34;
09.01.2025 18:51:36;3.33;
09.01.2025 18:51:37;3.34;
09.01.2025 18:51:38;3.33;
09.01.2025 18:51:41;3.33;
09.01.2025 18:51:42;3.34;
09.01.2025 18:51:43;3.34;
09.01.2025 18:51:44;3.33;
09.01.2025 18:51:47;3.33;
09.01.2025 18:51:48;3.34;
09.01.2025 18:51:49;3.34;
09.01.2025 18:51:50;3.33;
09.01.2025 18:51:51;3.34;
09.01.2025 18:51:52;3.34;
09.01.2025 18:51:53;3.33;
09.01.2025 18:51:54;3.32;
09.01.2025 18:51:55;3.34;
09.01.2025 18:51:56;3.33;
09.01.2025 18:52:00;3.33;
09.01.2025 18:52:01;3.34;
09.01.2025 18:52:02;3.33;
09.01.2025 18:52:03;3.33;
09.01.2025 18:52:04;3.34;
09.01.2025 18:52:05;3.34;
09.01.2025 18:52:06;3.33;
09.01.2025 18:52:07;3.33;
09.01.2025 18:52:08;3.34;
09.01.2025 18:52:11;3.34;
09.01.2025 18:52:12;3.33;
09.01.2025 18:52:13;3.34;
09.01.2025 18:52:14;3.34;
09.01.2025 18:52:15;3.33;
09.01.2025 18:52:16;3.33;
09.01.2025 18:52:17;3.34;
09.01.2025 18:52:18;3.34;
09.01.2025 18:52:19;3.33;
09.01.2025 18:52:20;3.33;
09.01.2025 18:52:21;3.34;
09.01.2025 18:52:24;3.34;
09.01.2025 18:52:25;3.33;
09.01.2025 18:52:30;3.33;
09.01.2025 18:52:31;3.34;
09.01.2025 18:52:33;3.34;
09.01.2025 18:52:34;3.33;
09.01.2025 18:52:35;3.34;
09.01.2025 18:52:36;3.33;
09.01.2025 18:52:37;3.34;
09.01.2025 18:52:38;3.33;
09.01.2025 18:52:39;3.34;
09.01.2025 18:52:40;3.33;
09.01.2025 18:52:41;3.34;
09.01.2025 18:52:42;3.34;
09.01.2025 18:52:43;3.33;
09.01.2025 18:52:44;3.34;
09.01.2025 18:52:45;3.34;
09.01.2025 18:52:46;3.35;
09.01.2025 18:52:47;3.34;
09.01.2025 18:52:49;3.34;
09.01.2025 18:52:50;3.33;
09.01.2025 18:52:51;3.34;
09.01.2025 18:52:52;3.33;
09.01.2025 18:52:53;3.34;
09.01.2025 18:52:54;3.34;
09.01.2025 18:52:55;3.33;
09.01.2025 18:52:56;3.33;
09.01.2025 18:52:57;3.34;
09.01.2025 18:52:58;3.33;
09.01.2025 18:52:59;3.33;
09.01.2025 18:53:00;3.34;
09.01.2025 18:53:01;3.34;
09.01.2025 18:53:02;3.33;
09.01.2025 18:53:03;3.34;
09.01.2025 18:53:04;3.33;
09.01.2025 18:53:09;3.33;
09.01.2025 18:53:10;3.35;
09.01.2025 18:53:11;3.34;
09.01.2025 18:53:12;3.33;
09.01.2025 18:53:13;3.33;
09.01.2025 18:53:14;3.34;
09.01.2025 18:53:15;3.34;
09.01.2025 18:53:16;3.33;
09.01.2025 18:53:17;3.33;
09.01.2025 18:53:18;3.34;
09.01.2025 18:53:20;3.34;
09.01.2025 18:53:21;3.33;
09.01.2025 18:53:22;3.33;
09.01.2025 18:53:23;3.34;
09.01.2025 18:53:25;3.34;
09.01.2025 18:53:26;3.33;
09.01.2025 18:53:27;3.33;
09.01.2025 18:53:28;3.34;
09.01.2025 18:53:29;3.34;
09.01.2025 18:53:30;3.33;
09.01.2025 18:53:31;3.34;
09.01.2025 18:53:32;3.33;
09.01.2025 18:53:33;3.34;
09.01.2025 18:53:34;3.34;
09.01.2025 18:53:35;3.33;
09.01.2025 18:53:36;3.33;
09.01.2025 18:53:37;3.34;
09.01.2025 18:53:38;3.33;
09.01.2025 18:53:39;3.33;
09.01.2025 18:53:40;3.34;
09.01.2025 18:53:43;3.34;
09.01.2025 18:53:44;3.33;
09.01.2025 18:53:45;3.34;
09.01.2025 18:53:46;3.34;
09.01.2025 18:53:47;3.33;
09.01.2025 18:53:50;3.33;
09.01.2025 18:53:51;3.34;
09.01.2025 18:53:52;3.33;
09.01.2025 18:53:53;3.34;
09.01.2025 18:53:54;3.33;
09.01.2025 18:53:55;3.34;
09.01.2025 18:54:00;3.34;
09.01.2025 18:54:01;3.33;
09.01.2025 18:54:04;3.33;
09.01.2025 18:54:05;3.34;
09.01.2025 18:54:06;3.33;
09.01.2025 18:54:07;3.33;
09.01.2025 18:54:08;3.34;
09.01.2025 18:54:09;3.34;
09.01.2025 18:54:10;3.33;
09.01.2025 18:54:16;3.33;
09.01.2025 18:54:17;3.34;
09.01.2025 18:54:19;3.34;
09.01.2025 18:54:20;3.33;
09.01.2025 18:54:21;3.33;
09.01.2025 18:54:22;3.34;
09.01.2025 18:54:23;3.33;
09.01.2025 18:54:25;3.33;
09.01.2025 18:54:26;3.34;
09.01.2025 18:54:27;3.33;
09.01.2025 18:54:28;3.32;
09.01.2025 18:54:29;3.33;
09.01.2025 18:54:33;3.33;
09.01.2025 18:54:34;3.34;
09.01.2025 18:54:38;3.34;
09.01.2025 18:54:39;3.33;
09.01.2025 18:54:40;3.34;
09.01.2025 18:54:43;3.34;
09.01.2025 18:54:44;3.33;
09.01.2025 18:54:46;3.33;
09.01.2025 18:54:47;3.34;
09.01.2025 18:54:48;3.33;
09.01.2025 18:54:49;3.34;
09.01.2025 18:54:51;3.34;
09.01.2025 18:54:52;3.33;
09.01.2025 18:54:53;3.34;
09.01.2025 18:54:54;3.33;
09.01.2025 18:54:55;3.34;
09.01.2025 18:54:56;3.33;
09.01.2025 18:54:57;3.34;
09.01.2025 18:55:02;3.34;
09.01.2025 18:55:03;3.33;
09.01.2025 18:55:04;3.34;
09.01.2025 18:55:05;3.33;
09.01.2025 18:55:06;3.34;
09.01.2025 18:55:14;3.34;
09.01.2025 18:55:15;3.33;
09.01.2025 18:55:16;3.34;
09.01.2025 18:55:17;3.34;
09.01.2025 18:55:18;3.33;
09.01.2025 18:55:19;3.34;
09.01.2025 18:55:23;3.34;
09.01.2025 18:55:24;3.33;
09.01.2025 18:55:25;3.34;
09.01.2025 18:55:26;3.34;
09.01.2025 18:55:27;3.33;
09.01.2025 18:55:28;3.33;
09.01.2025 18:55:29;3.34;
09.01.2025 18:55:36;3.34;
09.01.2025 18:55:37;3.35;
09.01.2025 18:55:38;3.35;
09.01.2025 18:55:39;3.34;
09.01.2025 18:55:40;3.34;
09.01.2025 18:55:41;3.33;
09.01.2025 18:55:42;3.34;
09.01.2025 18:55:43;3.33;
09.01.2025 18:55:44;3.34;
09.01.2025 18:55:49;3.34;
09.01.2025 18:55:50;3.35;
09.01.2025 18:55:51;3.34;
09.01.2025 18:55:54;3.34;
09.01.2025 18:55:55;3.35;
09.01.2025 18:55:56;3.34;
09.01.2025 18:55:57;3.34;
09.01.2025 18:55:58;3.33;
09.01.2025 18:55:59;3.34;
09.01.2025 18:56:00;3.34;
09.01.2025 18:56:01;3.35;
09.01.2025 18:56:02;3.34;
09.01.2025 18:56:09;3.34;
09.01.2025 18:56:10;3.33;
09.01.2025 18:56:11;3.34;
09.01.2025 18:56:12;3.34;
09.01.2025 18:56:13;3.35;
09.01.2025 18:56:14;3.35;
09.01.2025 18:56:15;3.34;
09.01.2025 18:56:16;3.34;
09.01.2025 18:56:17;3.35;
09.01.2025 18:56:18;3.33;
09.01.2025 18:56:19;3.35;
09.01.2025 18:56:20;3.34;
09.01.2025 18:56:22;3.34;
09.01.2025 18:56:23;3.35;
09.01.2025 18:56:24;3.34;
09.01.2025 18:56:27;3.34;
09.01.2025 18:56:28;3.33;
09.01.2025 18:56:29;3.34;
09.01.2025 18:56:30;3.35;
09.01.2025 18:56:31;3.34;
09.01.2025 18:56:32;3.33;
09.01.2025 18:56:34;3.33;
09.01.2025 18:56:35;3.34;
09.01.2025 18:56:36;3.33;
09.01.2025 18:56:37;3.34;
09.01.2025 18:56:41;3.34;
09.01.2025 18:56:42;3.35;
09.01.2025 18:56:43;3.34;
09.01.2025 18:56:49;3.34;
09.01.2025 18:56:50;3.35;
09.01.2025 18:56:51;3.34;
09.01.2025 18:56:54;3.34;
09.01.2025 18:56:55;3.35;
09.01.2025 18:56:56;3.34;
09.01.2025 18:56:57;3.35;
09.01.2025 18:56:58;3.34;
09.01.2025 18:57:01;3.34;
09.01.2025 18:57:02;3.33;
09.01.2025 18:57:03;3.35;
09.01.2025 18:57:04;3.34;
09.01.2025 18:57:10;3.34;
09.01.2025 18:57:11;3.33;
09.01.2025 18:57:12;3.34;
09.01.2025 18:57:13;3.35;
09.01.2025 18:57:14;3.34;
09.01.2025 18:57:26;3.34;
09.01.2025 18:57:27;3.35;
09.01.2025 18:57:28;3.34;
09.01.2025 18:57:37;3.34;
09.01.2025 18:57:38;3.33;
09.01.2025 18:57:39;3.34;
09.01.2025 18:57:40;3.33;
09.01.2025 18:57:41;3.34;
09.01.2025 18:57:42;3.33;
09.01.2025 18:57:43;3.34;
09.01.2025 18:57:44;3.34;
09.01.2025 18:57:45;3.33;
09.01.2025 18:57:47;3.33;
09.01.2025 18:57:48;3.34;
09.01.2025 18:57:55;3.34;
09.01.2025 18:57:56;3.33;
09.01.2025 18:57:57;3.33;
09.01.2025 18:57:58;3.34;
09.01.2025 18:57:59;3.33;
09.01.2025 18:58:00;3.34;
09.01.2025 18:58:01;3.33;
09.01.2025 18:58:02;3.34;
09.01.2025 18:58:03;3.33;
09.01.2025 18:58:04;3.34;
09.01.2025 18:58:05;3.33;
09.01.2025 18:58:06;3.34;
09.01.2025 18:58:07;3.33;
09.01.2025 18:58:08;3.34;
09.01.2025 18:58:13;3.34;
09.01.2025 18:58:14;3.33;
09.01.2025 18:58:15;3.34;
09.01.2025 18:58:21;3.34;
09.01.2025 18:58:22;3.33;
09.01.2025 18:58:23;3.34;
09.01.2025 18:58:24;3.33;
09.01.2025 18:58:25;3.34;
09.01.2025 18:58:26;3.33;
09.01.2025 18:58:27;3.33;
09.01.2025 18:58:28;3.34;
09.01.2025 18:58:29;3.35;
09.01.2025 18:58:30;3.33;
09.01.2025 18:58:31;3.34;
09.01.2025 18:58:33;3.34;
09.01.2025 18:58:34;3.33;
09.01.2025 18:58:35;3.34;
09.01.2025 18:58:36;3.33;
09.01.2025 18:58:37;3.34;
09.01.2025 18:58:38;3.33;
09.01.2025 18:58:39;3.34;
09.01.2025 18:58:45;3.34;
09.01.2025 18:58:46;3.33;
09.01.2025 18:58:47;3.34;
09.01.2025 18:58:49;3.34;
09.01.2025 18:58:50;3.33;
09.01.2025 18:58:51;3.34;
09.01.2025 18:58:52;3.34;
09.01.2025 18:58:53;3.33;
09.01.2025 18:58:54;3.35;
09.01.2025 18:58:55;3.34;
09.01.2025 18:58:58;3.34;
09.01.2025 18:58:59;3.35;
09.01.2025 18:59:00;3.34;
09.01.2025 18:59:08;3.34;
09.01.2025 18:59:09;3.33;
09.01.2025 18:59:10;3.33;
09.01.2025 18:59:11;3.34;
09.01.2025 18:59:13;3.34;
09.01.2025 18:59:14;3.33;
09.01.2025 18:59:15;3.34;
09.01.2025 18:59:18;3.34;
09.01.2025 18:59:19;3.35;
09.01.2025 18:59:20;3.34;
09.01.2025 18:59:21;3.34;
09.01.2025 18:59:22;3.33;
09.01.2025 18:59:23;3.34;
09.01.2025 18:59:25;3.34;
09.01.2025 18:59:26;3.33;
09.01.2025 18:59:27;3.34;
09.01.2025 18:59:28;3.33;
09.01.2025 18:59:29;3.34;
09.01.2025 18:59:33;3.34;
09.01.2025 18:59:34;3.35;
09.01.2025 18:59:35;3.34;
09.01.2025 18:59:36;3.33;
09.01.2025 18:59:37;3.34;
09.01.2025 18:59:40;3.34;
09.01.2025 18:59:41;3.33;
09.01.2025 18:59:42;3.34;
09.01.2025 18:59:47;3.34;
09.01.2025 18:59:48;3.33;
09.01.2025 18:59:49;3.33;
09.01.2025 18:59:50;3.34;
09.01.2025 18:59:51;3.33;
09.01.2025 18:59:52;3.34;
09.01.2025 18:59:54;3.34;
09.01.2025 18:59:55;3.35;
09.01.2025 18:59:56;3.34;
09.01.2025 18:59:57;3.34;
09.01.2025 18:59:58;3.35;
09.01.2025 18:59:59;3.34;
09.01.2025 19:00:00;3.33;
09.01.2025 19:00:01;3.34;
09.01.2025 19:00:07;3.34;
09.01.2025 19:00:08;3.35;
09.01.2025 19:00:09;3.34;
09.01.2025 19:00:10;3.33;
09.01.2025 19:00:11;3.33;
09.01.2025 19:00:12;3.34;
09.01.2025 19:00:13;3.33;
09.01.2025 19:00:14;3.33;
09.01.2025 19:00:15;3.34;
09.01.2025 19:00:17;3.34;
09.01.2025 19:00:18;3.33;
09.01.2025 19:00:19;3.34;
09.01.2025 19:00:25;3.34;
09.01.2025 19:00:26;3.33;
09.01.2025 19:00:27;3.34;
09.01.2025 19:00:28;3.33;
09.01.2025 19:00:29;3.34;
09.01.2025 19:00:36;3.34;
09.01.2025 19:00:37;3.35;
09.01.2025 19:00:38;3.34;
09.01.2025 19:00:39;3.33;
09.01.2025 19:00:40;3.34;
09.01.2025 19:00:41;3.34;
09.01.2025 19:00:42;3.33;
09.01.2025 19:00:43;3.34;
09.01.2025 19:00:54;3.34;
09.01.2025 19:00:55;3.33;
09.01.2025 19:00:56;3.34;
09.01.2025 19:00:59;3.34;
09.01.2025 19:01:00;3.33;
09.01.2025 19:01:01;3.34;
09.01.2025 19:01:02;3.34;
09.01.2025 19:01:03;3.35;
09.01.2025 19:01:04;3.34;
09.01.2025 19:01:05;3.33;
09.01.2025 19:01:06;3.35;
09.01.2025 19:01:07;3.34;
09.01.2025 19:01:11;3.34;
09.01.2025 19:01:12;3.35;
09.01.2025 19:01:13;3.35;
09.01.2025 19:01:14;3.34;
09.01.2025 19:01:15;3.34;
09.01.2025 19:01:16;3.35;
09.01.2025 19:01:17;3.34;
09.01.2025 19:01:19;3.34;
09.01.2025 19:01:20;3.35;
09.01.2025 19:01:21;3.35;
09.01.2025 19:01:22;3.34;
09.01.2025 19:01:25;3.34;
09.01.2025 19:01:26;3.35;
09.01.2025 19:01:27;3.34;
09.01.2025 19:01:29;3.34;
09.01.2025 19:01:30;3.35;
09.01.2025 19:01:31;3.34;
09.01.2025 19:01:56;3.34;
09.01.2025 19:01:57;3.33;
09.01.2025 19:01:58;3.34;
09.01.2025 19:02:03;3.34;
09.01.2025 19:02:04;3.33;
09.01.2025 19:02:05;3.34;
09.01.2025 19:02:08;3.34;
09.01.2025 19:02:09;3.33;
09.01.2025 19:02:10;3.33;
09.01.2025 19:02:11;3.34;
09.01.2025 19:02:13;3.34;
09.01.2025 19:02:14;3.33;
09.01.2025 19:02:15;3.34;
09.01.2025 19:02:18;3.34;
09.01.2025 19:02:19;3.35;
09.01.2025 19:02:20;3.34;
09.01.2025 19:02:23;3.34;
09.01.2025 19:02:24;3.33;
09.01.2025 19:02:25;3.34;
09.01.2025 19:02:27;3.34;
09.01.2025 19:02:28;3.33;
09.01.2025 19:02:29;3.34;
09.01.2025 19:02:30;3.33;
09.01.2025 19:02:31;3.34;
09.01.2025 19:02:37;3.34;
09.01.2025 19:02:38;3.35;
09.01.2025 19:02:39;3.33;
09.01.2025 19:02:40;3.33;
09.01.2025 19:02:41;3.34;
09.01.2025 19:02:43;3.34;
09.01.2025 19:02:44;3.33;
09.01.2025 19:02:45;3.34;
09.01.2025 19:02:46;3.34;
09.01.2025 19:02:47;3.33;
09.01.2025 19:02:48;3.33;
09.01.2025 19:02:49;3.34;
09.01.2025 19:02:58;3.34;
09.01.2025 19:02:59;3.33;
09.01.2025 19:03:00;3.33;
09.01.2025 19:03:01;3.34;
09.01.2025 19:03:04;3.34;
09.01.2025 19:03:05;3.33;
09.01.2025 19:03:06;3.34;
09.01.2025 19:03:11;3.34;
09.01.2025 19:03:12;3.33;
09.01.2025 19:03:13;3.35;
09.01.2025 19:03:14;3.35;
09.01.2025 19:03:15;3.34;
09.01.2025 19:03:16;3.35;
09.01.2025 19:03:17;3.34;
09.01.2025 19:03:18;3.33;
09.01.2025 19:03:19;3.35;
09.01.2025 19:03:20;3.34;
09.01.2025 19:03:24;3.34;
09.01.2025 19:03:25;3.35;
09.01.2025 19:03:26;3.34;
09.01.2025 19:03:28;3.34;
09.01.2025 19:03:29;3.35;
09.01.2025 19:03:31;3.35;
09.01.2025 19:03:32;3.33;
09.01.2025 19:03:33;3.34;
09.01.2025 19:03:38;3.34;
09.01.2025 19:03:39;3.35;
09.01.2025 19:03:40;3.33;
09.01.2025 19:03:41;3.34;
09.01.2025 19:03:45;3.34;
09.01.2025 19:03:46;3.35;
09.01.2025 19:03:47;3.34;
09.01.2025 19:03:48;3.33;
09.01.2025 19:03:49;3.34;
09.01.2025 19:03:50;3.34;
09.01.2025 19:03:51;3.35;
09.01.2025 19:03:52;3.34;
09.01.2025 19:03:53;3.33;
09.01.2025 19:03:54;3.34;
09.01.2025 19:03:57;3.34;
09.01.2025 19:03:58;3.33;
09.01.2025 19:03:59;3.34;
09.01.2025 19:04:00;3.33;
09.01.2025 19:04:01;3.34;
09.01.2025 19:04:06;3.34;
09.01.2025 19:04:07;3.33;
09.01.2025 19:04:08;3.34;
09.01.2025 19:04:09;3.34;
09.01.2025 19:04:10;3.33;
09.01.2025 19:04:12;3.33;
09.01.2025 19:04:13;3.34;
09.01.2025 19:04:19;3.34;
09.01.2025 19:04:20;3.33;
09.01.2025 19:04:21;3.34;
09.01.2025 19:04:24;3.34;
09.01.2025 19:04:25;3.33;
09.01.2025 19:04:26;3.34;
09.01.2025 19:04:29;3.34;
09.01.2025 19:04:30;3.35;
09.01.2025 19:04:31;3.34;
09.01.2025 19:04:32;3.33;
09.01.2025 19:04:33;3.34;
09.01.2025 19:04:34;3.35;
09.01.2025 19:04:35;3.34;
09.01.2025 19:04:36;3.33;
09.01.2025 19:04:37;3.34;
09.01.2025 19:04:40;3.34;
09.01.2025 19:04:41;3.33;
09.01.2025 19:04:42;3.34;
09.01.2025 19:04:43;3.34;
09.01.2025 19:04:44;3.35;
09.01.2025 19:04:45;3.33;
09.01.2025 19:04:46;3.33;
09.01.2025 19:04:47;3.34;
09.01.2025 19:04:48;3.34;
09.01.2025 19:04:49;3.33;
09.01.2025 19:04:50;3.34;
09.01.2025 19:04:52;3.34;
09.01.2025 19:04:53;3.35;
09.01.2025 19:04:54;3.33;
09.01.2025 19:04:55;3.33;
09.01.2025 19:04:56;3.34;
09.01.2025 19:04:57;3.33;
09.01.2025 19:04:58;3.34;
09.01.2025 19:05:00;3.34;
09.01.2025 19:05:01;3.33;
09.01.2025 19:05:03;3.33;
09.01.2025 19:05:04;3.34;
09.01.2025 19:05:05;3.34;
09.01.2025 19:05:06;3.33;
09.01.2025 19:05:07;3.34;
09.01.2025 19:05:08;3.33;
09.01.2025 19:05:10;3.33;
09.01.2025 19:05:11;3.34;
09.01.2025 19:05:13;3.34;
09.01.2025 19:05:14;3.33;
09.01.2025 19:05:15;3.33;
09.01.2025 19:05:16;3.34;
09.01.2025 19:05:17;3.33;
09.01.2025 19:05:18;3.34;
09.01.2025 19:05:19;3.33;
09.01.2025 19:05:20;3.33;
09.01.2025 19:05:21;3.34;
09.01.2025 19:05:23;3.34;
09.01.2025 19:05:24;3.33;
09.01.2025 19:05:30;3.33;
09.01.2025 19:05:31;3.32;
09.01.2025 19:05:32;3.34;
09.01.2025 19:05:33;3.33;
09.01.2025 19:05:35;3.33;
09.01.2025 19:05:36;3.34;
09.01.2025 19:05:37;3.33;
09.01.2025 19:05:39;3.33;
09.01.2025 19:05:40;3.34;
09.01.2025 19:05:41;3.34;
09.01.2025 19:05:42;3.33;
09.01.2025 19:05:43;3.33;
09.01.2025 19:05:44;3.34;
09.01.2025 19:05:47;3.34;
09.01.2025 19:05:48;3.33;
09.01.2025 19:05:49;3.34;
09.01.2025 19:05:50;3.33;
09.01.2025 19:05:51;3.35;
09.01.2025 19:05:52;3.35;
09.01.2025 19:05:53;3.33;
09.01.2025 19:05:54;3.34;
09.01.2025 19:06:01;3.34;
09.01.2025 19:06:02;3.33;
09.01.2025 19:06:03;3.34;
09.01.2025 19:06:06;3.34;
09.01.2025 19:06:07;3.33;
09.01.2025 19:06:08;3.34;
09.01.2025 19:06:09;3.34;
09.01.2025 19:06:10;3.35;
09.01.2025 19:06:11;3.34;
09.01.2025 19:06:17;3.34;
09.01.2025 19:06:18;3.35;
09.01.2025 19:06:19;3.33;
09.01.2025 19:06:20;3.34;
09.01.2025 19:06:25;3.34;
09.01.2025 19:06:26;3.33;
09.01.2025 19:06:27;3.33;
09.01.2025 19:06:28;3.34;
09.01.2025 19:06:37;3.34;
09.01.2025 19:06:38;3.35;
09.01.2025 19:06:39;3.34;
09.01.2025 19:06:46;3.34;
09.01.2025 19:06:47;3.33;
09.01.2025 19:06:48;3.34;
09.01.2025 19:06:49;3.33;
09.01.2025 19:06:50;3.34;
09.01.2025 19:06:52;3.34;
09.01.2025 19:06:53;3.33;
09.01.2025 19:06:54;3.34;
09.01.2025 19:06:55;3.34;
09.01.2025 19:06:56;3.33;
09.01.2025 19:06:57;3.34;
09.01.2025 19:06:58;3.33;
09.01.2025 19:06:59;3.34;
09.01.2025 19:07:02;3.34;
09.01.2025 19:07:03;3.35;
