Time Stamp;$pressure_measured_ECC$;
10.01.2025 12:03:24;0;
10.01.2025 12:03:25;0.01;
10.01.2025 12:03:26;0.02;
10.01.2025 12:03:27;0.02;
10.01.2025 12:03:28;0.01;
10.01.2025 12:03:29;0.02;
10.01.2025 12:03:31;0.02;
10.01.2025 12:03:32;0.03;
10.01.2025 12:03:33;0.02;
10.01.2025 12:03:34;0.02;
10.01.2025 12:03:35;0.03;
10.01.2025 12:03:37;0.03;
10.01.2025 12:03:38;0.04;
10.01.2025 12:03:39;0.03;
10.01.2025 12:03:40;0.04;
10.01.2025 12:03:42;0.04;
10.01.2025 12:03:43;0.05;
10.01.2025 12:03:44;0.04;
10.01.2025 12:03:45;0.04;
10.01.2025 12:03:46;0.05;
10.01.2025 12:03:47;0.06;
10.01.2025 12:03:50;0.06;
10.01.2025 12:03:51;0.05;
10.01.2025 12:03:52;0.05;
10.01.2025 12:03:53;0.06;
10.01.2025 12:03:54;0.05;
10.01.2025 12:03:55;0.06;
10.01.2025 12:03:56;0.07;
10.01.2025 12:04:00;0.07;
10.01.2025 12:04:01;0.08;
10.01.2025 12:04:03;0.08;
10.01.2025 12:04:04;0.09;
10.01.2025 12:04:08;0.09;
10.01.2025 12:04:09;0.1;
10.01.2025 12:04:10;0.09;
10.01.2025 12:04:11;0.1;
10.01.2025 12:04:14;0.1;
10.01.2025 12:04:15;0.11;
10.01.2025 12:04:18;0.11;
10.01.2025 12:04:19;0.1;
10.01.2025 12:04:20;0.12;
10.01.2025 12:04:21;0.12;
10.01.2025 12:04:22;0.13;
10.01.2025 12:04:23;0.12;
10.01.2025 12:04:25;0.12;
10.01.2025 12:04:26;0.13;
10.01.2025 12:04:27;0.13;
10.01.2025 12:04:28;0.12;
10.01.2025 12:04:29;0.13;
10.01.2025 12:04:30;0.13;
10.01.2025 12:04:31;0.14;
10.01.2025 12:04:32;0.13;
10.01.2025 12:04:33;0.15;
10.01.2025 12:04:34;0.14;
10.01.2025 12:04:35;0.15;
10.01.2025 12:04:36;0.14;
10.01.2025 12:04:37;0.14;
10.01.2025 12:04:38;0.15;
10.01.2025 12:04:39;0.16;
10.01.2025 12:04:40;0.15;
10.01.2025 12:04:41;0.15;
10.01.2025 12:04:42;0.16;
10.01.2025 12:04:47;0.16;
10.01.2025 12:04:48;0.17;
10.01.2025 12:04:50;0.17;
10.01.2025 12:04:51;0.18;
10.01.2025 12:04:53;0.18;
10.01.2025 12:04:54;0.17;
10.01.2025 12:04:55;0.18;
10.01.2025 12:04:56;0.18;
10.01.2025 12:04:57;0.19;
10.01.2025 12:05:00;0.19;
10.01.2025 12:05:01;0.18;
10.01.2025 12:05:02;0.19;
10.01.2025 12:05:03;0.2;
10.01.2025 12:05:04;0.2;
10.01.2025 12:05:05;0.19;
10.01.2025 12:05:06;0.2;
10.01.2025 12:05:08;0.2;
10.01.2025 12:05:09;0.21;
10.01.2025 12:05:14;0.21;
10.01.2025 12:05:15;0.22;
10.01.2025 12:05:17;0.22;
10.01.2025 12:05:18;0.23;
10.01.2025 12:05:19;0.22;
10.01.2025 12:05:20;0.23;
10.01.2025 12:05:21;0.22;
10.01.2025 12:05:22;0.22;
10.01.2025 12:05:23;0.23;
10.01.2025 12:05:24;0.23;
10.01.2025 12:05:25;0.24;
10.01.2025 12:05:26;0.23;
10.01.2025 12:05:27;0.24;
10.01.2025 12:05:31;0.24;
10.01.2025 12:05:32;0.25;
10.01.2025 12:05:33;0.25;
10.01.2025 12:05:34;0.26;
10.01.2025 12:05:35;0.25;
10.01.2025 12:05:36;0.25;
10.01.2025 12:05:37;0.26;
10.01.2025 12:05:38;0.26;
10.01.2025 12:05:39;0.27;
10.01.2025 12:05:40;0.26;
10.01.2025 12:05:42;0.26;
10.01.2025 12:05:43;0.27;
10.01.2025 12:05:51;0.27;
10.01.2025 12:05:52;0.28;
10.01.2025 12:05:54;0.28;
10.01.2025 12:05:55;0.29;
10.01.2025 12:05:56;0.28;
10.01.2025 12:05:57;0.29;
10.01.2025 12:05:58;0.3;
10.01.2025 12:05:59;0.29;
10.01.2025 12:06:00;0.29;
10.01.2025 12:06:01;0.3;
10.01.2025 12:06:03;0.3;
10.01.2025 12:06:04;0.31;
10.01.2025 12:06:05;0.3;
10.01.2025 12:06:06;0.31;
10.01.2025 12:06:07;0.3;
10.01.2025 12:06:08;0.31;
10.01.2025 12:06:09;0.31;
10.01.2025 12:06:10;0.32;
10.01.2025 12:06:11;0.31;
10.01.2025 12:06:12;0.31;
10.01.2025 12:06:13;0.32;
10.01.2025 12:06:15;0.32;
10.01.2025 12:06:16;0.33;
10.01.2025 12:06:23;0.33;
10.01.2025 12:06:24;0.34;
10.01.2025 12:06:29;0.34;
10.01.2025 12:06:30;0.35;
10.01.2025 12:06:31;0.34;
10.01.2025 12:06:32;0.34;
10.01.2025 12:06:33;0.36;
10.01.2025 12:06:34;0.36;
10.01.2025 12:06:35;0.35;
10.01.2025 12:06:36;0.35;
10.01.2025 12:06:37;0.36;
10.01.2025 12:06:40;0.36;
10.01.2025 12:06:41;0.37;
10.01.2025 12:06:44;0.37;
10.01.2025 12:06:45;0.36;
10.01.2025 12:06:46;0.38;
10.01.2025 12:06:47;0.37;
10.01.2025 12:06:48;0.37;
10.01.2025 12:06:49;0.38;
10.01.2025 12:06:50;0.38;
10.01.2025 12:06:51;0.39;
10.01.2025 12:06:52;0.39;
10.01.2025 12:06:53;0.38;
10.01.2025 12:06:54;0.38;
10.01.2025 12:06:55;0.39;
10.01.2025 12:06:57;0.39;
10.01.2025 12:06:58;0.4;
10.01.2025 12:06:59;0.39;
10.01.2025 12:07:00;0.4;
10.01.2025 12:07:01;0.41;
10.01.2025 12:07:02;0.39;
10.01.2025 12:07:03;0.4;
10.01.2025 12:07:04;0.4;
10.01.2025 12:07:05;0.41;
10.01.2025 12:07:09;0.41;
10.01.2025 12:07:10;0.42;
10.01.2025 12:07:11;0.41;
10.01.2025 12:07:12;0.42;
10.01.2025 12:07:13;0.41;
10.01.2025 12:07:14;0.42;
10.01.2025 12:07:15;0.43;
10.01.2025 12:07:16;0.42;
10.01.2025 12:07:17;0.42;
10.01.2025 12:07:18;0.43;
10.01.2025 12:07:21;0.43;
10.01.2025 12:07:22;0.44;
10.01.2025 12:07:23;0.43;
10.01.2025 12:07:24;0.44;
10.01.2025 12:07:25;0.43;
10.01.2025 12:07:26;0.45;
10.01.2025 12:07:27;0.44;
10.01.2025 12:07:29;0.44;
10.01.2025 12:07:30;0.45;
10.01.2025 12:07:36;0.45;
10.01.2025 12:07:37;0.46;
10.01.2025 12:07:40;0.46;
10.01.2025 12:07:41;0.47;
10.01.2025 12:07:42;0.46;
10.01.2025 12:07:43;0.48;
10.01.2025 12:07:44;0.47;
10.01.2025 12:07:46;0.47;
10.01.2025 12:07:47;0.48;
10.01.2025 12:07:48;0.47;
10.01.2025 12:07:49;0.48;
10.01.2025 12:07:51;0.48;
10.01.2025 12:07:52;0.49;
10.01.2025 12:07:53;0.48;
10.01.2025 12:07:54;0.49;
10.01.2025 12:07:55;0.49;
10.01.2025 12:07:56;0.48;
10.01.2025 12:07:57;0.49;
10.01.2025 12:07:58;0.5;
10.01.2025 12:07:59;0.49;
10.01.2025 12:08:00;0.49;
10.01.2025 12:08:01;0.5;
10.01.2025 12:08:07;0.5;
10.01.2025 12:08:08;0.51;
10.01.2025 12:08:13;0.51;
10.01.2025 12:08:14;0.52;
10.01.2025 12:08:15;0.51;
10.01.2025 12:08:16;0.52;
10.01.2025 12:08:17;0.51;
10.01.2025 12:08:18;0.52;
10.01.2025 12:08:19;0.51;
10.01.2025 12:08:20;0.51;
10.01.2025 12:08:21;0.52;
10.01.2025 12:08:22;0.53;
10.01.2025 12:08:24;0.53;
10.01.2025 12:08:25;0.54;
10.01.2025 12:08:26;0.53;
10.01.2025 12:08:28;0.53;
10.01.2025 12:08:29;0.54;
10.01.2025 12:08:30;0.53;
10.01.2025 12:08:31;0.53;
10.01.2025 12:08:32;0.54;
10.01.2025 12:08:33;0.54;
10.01.2025 12:08:34;0.55;
10.01.2025 12:08:40;0.55;
10.01.2025 12:08:41;0.56;
10.01.2025 12:08:42;0.55;
10.01.2025 12:08:43;0.56;
10.01.2025 12:08:44;0.56;
10.01.2025 12:08:45;0.57;
10.01.2025 12:08:46;0.56;
10.01.2025 12:08:47;0.56;
10.01.2025 12:08:48;0.57;
10.01.2025 12:08:49;0.57;
10.01.2025 12:08:50;0.56;
10.01.2025 12:08:51;0.57;
10.01.2025 12:08:54;0.57;
10.01.2025 12:08:55;0.58;
10.01.2025 12:09:01;0.58;
10.01.2025 12:09:02;0.59;
10.01.2025 12:09:14;0.59;
10.01.2025 12:09:15;0.6;
10.01.2025 12:09:16;0.61;
10.01.2025 12:09:19;0.61;
10.01.2025 12:09:20;0.6;
10.01.2025 12:09:21;0.61;
10.01.2025 12:09:22;0.61;
10.01.2025 12:09:23;0.62;
10.01.2025 12:09:24;0.61;
10.01.2025 12:09:25;0.62;
10.01.2025 12:09:27;0.62;
10.01.2025 12:09:28;0.61;
10.01.2025 12:09:29;0.62;
10.01.2025 12:09:30;0.64;
10.01.2025 12:09:31;0.63;
10.01.2025 12:09:32;0.62;
10.01.2025 12:09:33;0.63;
10.01.2025 12:09:35;0.63;
10.01.2025 12:09:36;0.62;
10.01.2025 12:09:37;0.63;
10.01.2025 12:09:38;0.63;
10.01.2025 12:09:39;0.64;
10.01.2025 12:09:41;0.64;
10.01.2025 12:09:42;0.63;
10.01.2025 12:09:43;0.64;
10.01.2025 12:09:44;0.64;
10.01.2025 12:09:45;0.65;
10.01.2025 12:09:51;0.65;
10.01.2025 12:09:52;0.66;
10.01.2025 12:09:53;0.65;
10.01.2025 12:09:54;0.66;
10.01.2025 12:10:00;0.66;
10.01.2025 12:10:01;0.67;
10.01.2025 12:10:02;0.66;
10.01.2025 12:10:03;0.67;
10.01.2025 12:10:07;0.67;
10.01.2025 12:10:08;0.68;
10.01.2025 12:10:09;0.68;
10.01.2025 12:10:10;0.67;
10.01.2025 12:10:11;0.68;
10.01.2025 12:10:14;0.68;
10.01.2025 12:10:15;0.67;
10.01.2025 12:10:16;0.69;
10.01.2025 12:10:19;0.69;
10.01.2025 12:10:20;0.68;
10.01.2025 12:10:21;0.68;
10.01.2025 12:10:22;0.69;
10.01.2025 12:10:23;0.7;
10.01.2025 12:10:24;0.69;
10.01.2025 12:10:25;0.7;
10.01.2025 12:10:28;0.7;
10.01.2025 12:10:29;0.71;
10.01.2025 12:10:31;0.71;
10.01.2025 12:10:32;0.7;
10.01.2025 12:10:33;0.71;
10.01.2025 12:10:36;0.71;
10.01.2025 12:10:37;0.72;
10.01.2025 12:10:39;0.72;
10.01.2025 12:10:40;0.73;
10.01.2025 12:10:41;0.72;
10.01.2025 12:10:42;0.73;
10.01.2025 12:10:43;0.73;
10.01.2025 12:10:44;0.72;
10.01.2025 12:10:45;0.73;
10.01.2025 12:10:47;0.73;
10.01.2025 12:10:48;0.75;
10.01.2025 12:10:49;0.74;
10.01.2025 12:10:50;0.73;
10.01.2025 12:10:51;0.74;
10.01.2025 12:10:52;0.74;
10.01.2025 12:10:53;0.75;
10.01.2025 12:10:54;0.74;
10.01.2025 12:10:55;0.74;
10.01.2025 12:10:56;0.73;
10.01.2025 12:10:57;0.74;
10.01.2025 12:10:58;0.74;
10.01.2025 12:10:59;0.75;
10.01.2025 12:11:02;0.75;
10.01.2025 12:11:03;0.76;
10.01.2025 12:11:07;0.76;
10.01.2025 12:11:08;0.77;
10.01.2025 12:11:09;0.76;
10.01.2025 12:11:10;0.76;
10.01.2025 12:11:11;0.77;
10.01.2025 12:11:12;0.76;
10.01.2025 12:11:13;0.76;
10.01.2025 12:11:14;0.77;
10.01.2025 12:11:15;0.77;
10.01.2025 12:11:16;0.76;
10.01.2025 12:11:17;0.77;
10.01.2025 12:11:20;0.77;
10.01.2025 12:11:21;0.78;
10.01.2025 12:11:26;0.78;
10.01.2025 12:11:27;0.79;
10.01.2025 12:11:28;0.79;
10.01.2025 12:11:29;0.78;
10.01.2025 12:11:30;0.78;
10.01.2025 12:11:31;0.79;
10.01.2025 12:11:32;0.79;
10.01.2025 12:11:33;0.8;
10.01.2025 12:11:34;0.79;
10.01.2025 12:11:37;0.79;
10.01.2025 12:11:38;0.81;
10.01.2025 12:11:39;0.8;
10.01.2025 12:11:42;0.8;
10.01.2025 12:11:43;0.81;
10.01.2025 12:11:44;0.8;
10.01.2025 12:11:45;0.8;
10.01.2025 12:11:46;0.81;
10.01.2025 12:11:47;0.81;
10.01.2025 12:11:48;0.8;
10.01.2025 12:11:49;0.81;
10.01.2025 12:11:53;0.81;
10.01.2025 12:11:54;0.82;
10.01.2025 12:11:56;0.82;
10.01.2025 12:11:57;0.81;
10.01.2025 12:11:58;0.82;
10.01.2025 12:12:03;0.82;
10.01.2025 12:12:04;0.83;
10.01.2025 12:12:07;0.83;
10.01.2025 12:12:08;0.84;
10.01.2025 12:12:10;0.84;
10.01.2025 12:12:11;0.83;
10.01.2025 12:12:12;0.83;
10.01.2025 12:12:13;0.84;
10.01.2025 12:12:16;0.84;
10.01.2025 12:12:17;0.85;
10.01.2025 12:12:20;0.85;
10.01.2025 12:12:21;0.86;
10.01.2025 12:12:22;0.85;
10.01.2025 12:12:23;0.86;
10.01.2025 12:12:24;0.85;
10.01.2025 12:12:25;0.85;
10.01.2025 12:12:26;0.87;
10.01.2025 12:12:27;0.86;
10.01.2025 12:12:28;0.86;
10.01.2025 12:12:29;0.87;
10.01.2025 12:12:31;0.87;
10.01.2025 12:12:32;0.86;
10.01.2025 12:12:33;0.86;
10.01.2025 12:12:34;0.87;
10.01.2025 12:12:37;0.87;
10.01.2025 12:12:38;0.88;
10.01.2025 12:12:39;0.87;
10.01.2025 12:12:40;0.87;
10.01.2025 12:12:41;0.88;
10.01.2025 12:12:42;0.87;
10.01.2025 12:12:43;0.87;
10.01.2025 12:12:44;0.88;
10.01.2025 12:12:50;0.88;
10.01.2025 12:12:51;0.89;
10.01.2025 12:12:53;0.89;
10.01.2025 12:12:54;0.88;
10.01.2025 12:12:55;0.89;
10.01.2025 12:12:56;0.9;
10.01.2025 12:13:02;0.9;
10.01.2025 12:13:03;0.91;
10.01.2025 12:13:04;0.89;
10.01.2025 12:13:05;0.9;
10.01.2025 12:13:06;0.91;
10.01.2025 12:13:07;0.92;
10.01.2025 12:13:08;0.91;
10.01.2025 12:13:09;0.91;
10.01.2025 12:13:10;0.92;
10.01.2025 12:13:11;0.91;
10.01.2025 12:13:14;0.91;
10.01.2025 12:13:15;0.92;
10.01.2025 12:13:17;0.92;
10.01.2025 12:13:18;0.91;
10.01.2025 12:13:19;0.92;
10.01.2025 12:13:24;0.92;
10.01.2025 12:13:25;0.93;
10.01.2025 12:13:28;0.93;
10.01.2025 12:13:29;0.94;
10.01.2025 12:13:30;0.92;
10.01.2025 12:13:31;0.94;
10.01.2025 12:13:32;0.93;
10.01.2025 12:13:33;0.94;
10.01.2025 12:13:34;0.94;
10.01.2025 12:13:35;0.93;
10.01.2025 12:13:36;0.94;
10.01.2025 12:13:37;0.94;
10.01.2025 12:13:38;0.95;
10.01.2025 12:13:39;0.94;
10.01.2025 12:13:40;0.94;
10.01.2025 12:13:41;0.95;
10.01.2025 12:13:42;0.96;
10.01.2025 12:13:43;0.95;
10.01.2025 12:13:44;0.96;
10.01.2025 12:13:45;0.95;
10.01.2025 12:13:48;0.95;
10.01.2025 12:13:49;0.94;
10.01.2025 12:13:50;0.96;
10.01.2025 12:13:54;0.96;
10.01.2025 12:13:55;0.97;
10.01.2025 12:13:59;0.97;
10.01.2025 12:14:00;0.98;
10.01.2025 12:14:01;0.98;
10.01.2025 12:14:02;0.97;
10.01.2025 12:14:03;0.97;
10.01.2025 12:14:04;0.98;
10.01.2025 12:14:05;0.97;
10.01.2025 12:14:06;0.97;
10.01.2025 12:14:07;0.98;
10.01.2025 12:14:09;0.98;
10.01.2025 12:14:10;0.99;
10.01.2025 12:14:11;0.99;
10.01.2025 12:14:12;0.98;
10.01.2025 12:14:13;0.99;
10.01.2025 12:14:20;0.99;
10.01.2025 12:14:21;1;
10.01.2025 12:14:22;1;
10.01.2025 12:14:23;0.99;
10.01.2025 12:14:24;0.99;
10.01.2025 12:14:25;1;
10.01.2025 12:14:29;1;
10.01.2025 12:14:30;1.01;
10.01.2025 12:14:32;1.01;
10.01.2025 12:14:33;1;
10.01.2025 12:14:34;1.01;
10.01.2025 12:14:35;1.02;
10.01.2025 12:14:36;1.01;
10.01.2025 12:14:38;1.01;
10.01.2025 12:14:39;1.02;
10.01.2025 12:14:42;1.02;
10.01.2025 12:14:43;1.01;
10.01.2025 12:14:44;1.03;
10.01.2025 12:14:45;1.02;
10.01.2025 12:14:48;1.02;
10.01.2025 12:14:49;1.03;
10.01.2025 12:14:50;1.03;
10.01.2025 12:14:51;1.02;
10.01.2025 12:14:52;1.03;
10.01.2025 12:14:54;1.03;
10.01.2025 12:14:55;1.04;
10.01.2025 12:14:56;1.03;
10.01.2025 12:14:57;1.04;
10.01.2025 12:15:02;1.04;
10.01.2025 12:15:03;1.03;
10.01.2025 12:15:04;1.04;
10.01.2025 12:15:05;1.04;
10.01.2025 12:15:06;1.05;
10.01.2025 12:15:07;1.04;
10.01.2025 12:15:08;1.05;
10.01.2025 12:15:09;1.05;
10.01.2025 12:15:10;1.06;
10.01.2025 12:15:11;1.04;
10.01.2025 12:15:12;1.05;
10.01.2025 12:15:14;1.05;
10.01.2025 12:15:15;1.06;
10.01.2025 12:15:16;1.06;
10.01.2025 12:15:17;1.05;
10.01.2025 12:15:19;1.05;
10.01.2025 12:15:20;1.06;
10.01.2025 12:15:23;1.06;
10.01.2025 12:15:24;1.07;
10.01.2025 12:15:25;1.08;
10.01.2025 12:15:26;1.07;
10.01.2025 12:15:27;1.08;
10.01.2025 12:15:28;1.07;
10.01.2025 12:15:31;1.07;
10.01.2025 12:15:32;1.08;
10.01.2025 12:15:33;1.07;
10.01.2025 12:15:34;1.06;
10.01.2025 12:15:35;1.08;
10.01.2025 12:15:37;1.08;
10.01.2025 12:15:38;1.09;
10.01.2025 12:15:39;1.08;
10.01.2025 12:15:40;1.08;
10.01.2025 12:15:41;1.09;
10.01.2025 12:15:42;1.08;
10.01.2025 12:15:43;1.08;
10.01.2025 12:15:44;1.1;
10.01.2025 12:15:45;1.09;
10.01.2025 12:15:46;1.1;
10.01.2025 12:15:47;1.09;
10.01.2025 12:15:48;1.09;
10.01.2025 12:15:49;1.1;
10.01.2025 12:15:53;1.1;
10.01.2025 12:15:54;1.09;
10.01.2025 12:15:55;1.1;
10.01.2025 12:15:58;1.1;
10.01.2025 12:15:59;1.11;
10.01.2025 12:16:00;1.1;
10.01.2025 12:16:01;1.11;
10.01.2025 12:16:06;1.11;
10.01.2025 12:16:07;1.12;
10.01.2025 12:16:08;1.11;
10.01.2025 12:16:09;1.12;
10.01.2025 12:16:10;1.12;
10.01.2025 12:16:11;1.11;
10.01.2025 12:16:12;1.12;
10.01.2025 12:16:14;1.12;
10.01.2025 12:16:15;1.13;
10.01.2025 12:16:16;1.13;
10.01.2025 12:16:17;1.12;
10.01.2025 12:16:18;1.12;
10.01.2025 12:16:19;1.13;
10.01.2025 12:16:20;1.12;
10.01.2025 12:16:21;1.14;
10.01.2025 12:16:22;1.13;
10.01.2025 12:16:24;1.13;
10.01.2025 12:16:25;1.14;
10.01.2025 12:16:27;1.14;
10.01.2025 12:16:28;1.13;
10.01.2025 12:16:29;1.13;
10.01.2025 12:16:30;1.14;
10.01.2025 12:16:31;1.15;
10.01.2025 12:16:32;1.14;
10.01.2025 12:16:33;1.14;
10.01.2025 12:16:34;1.15;
10.01.2025 12:16:35;1.14;
10.01.2025 12:16:36;1.15;
10.01.2025 12:16:46;1.15;
10.01.2025 12:16:47;1.16;
10.01.2025 12:16:48;1.15;
10.01.2025 12:16:49;1.16;
10.01.2025 12:16:50;1.16;
10.01.2025 12:16:51;1.17;
10.01.2025 12:16:52;1.16;
10.01.2025 12:16:53;1.17;
10.01.2025 12:16:54;1.16;
10.01.2025 12:16:55;1.16;
10.01.2025 12:16:56;1.15;
10.01.2025 12:16:57;1.16;
10.01.2025 12:16:58;1.16;
10.01.2025 12:16:59;1.17;
10.01.2025 12:17:00;1.16;
10.01.2025 12:17:01;1.17;
10.01.2025 12:17:02;1.18;
10.01.2025 12:17:03;1.17;
10.01.2025 12:17:04;1.18;
10.01.2025 12:17:09;1.18;
10.01.2025 12:17:10;1.19;
10.01.2025 12:17:12;1.19;
10.01.2025 12:17:13;1.18;
10.01.2025 12:17:14;1.18;
10.01.2025 12:17:15;1.19;
10.01.2025 12:17:16;1.18;
10.01.2025 12:17:17;1.18;
10.01.2025 12:17:18;1.19;
10.01.2025 12:17:21;1.19;
10.01.2025 12:17:22;1.2;
10.01.2025 12:17:23;1.19;
10.01.2025 12:17:27;1.19;
10.01.2025 12:17:28;1.2;
10.01.2025 12:17:29;1.2;
10.01.2025 12:17:30;1.19;
10.01.2025 12:17:31;1.2;
10.01.2025 12:17:32;1.2;
10.01.2025 12:17:33;1.21;
10.01.2025 12:17:34;1.21;
10.01.2025 12:17:35;1.2;
10.01.2025 12:17:36;1.2;
10.01.2025 12:17:37;1.21;
10.01.2025 12:17:48;1.21;
10.01.2025 12:17:49;1.22;
10.01.2025 12:17:57;1.22;
10.01.2025 12:17:58;1.23;
10.01.2025 12:18:00;1.23;
10.01.2025 12:18:01;1.22;
10.01.2025 12:18:02;1.23;
10.01.2025 12:18:05;1.23;
10.01.2025 12:18:06;1.24;
10.01.2025 12:18:08;1.24;
10.01.2025 12:18:09;1.23;
10.01.2025 12:18:12;1.23;
10.01.2025 12:18:13;1.24;
10.01.2025 12:18:14;1.25;
10.01.2025 12:18:15;1.24;
10.01.2025 12:18:18;1.24;
10.01.2025 12:18:19;1.25;
10.01.2025 12:18:20;1.24;
10.01.2025 12:18:21;1.26;
10.01.2025 12:18:22;1.25;
10.01.2025 12:18:28;1.25;
10.01.2025 12:18:29;1.26;
10.01.2025 12:18:30;1.26;
10.01.2025 12:18:31;1.25;
10.01.2025 12:18:32;1.25;
10.01.2025 12:18:33;1.26;
10.01.2025 12:18:34;1.27;
10.01.2025 12:18:35;1.26;
10.01.2025 12:18:36;1.26;
10.01.2025 12:18:37;1.27;
10.01.2025 12:18:44;1.27;
10.01.2025 12:18:45;1.28;
10.01.2025 12:18:49;1.28;
10.01.2025 12:18:50;1.26;
10.01.2025 12:18:51;1.28;
10.01.2025 12:18:52;1.28;
10.01.2025 12:18:53;1.27;
10.01.2025 12:18:54;1.28;
10.01.2025 12:18:56;1.28;
10.01.2025 12:18:57;1.29;
10.01.2025 12:18:58;1.28;
10.01.2025 12:18:59;1.29;
10.01.2025 12:19:00;1.28;
10.01.2025 12:19:01;1.29;
10.01.2025 12:19:04;1.29;
10.01.2025 12:19:05;1.3;
10.01.2025 12:19:06;1.3;
10.01.2025 12:19:07;1.29;
10.01.2025 12:19:08;1.28;
10.01.2025 12:19:09;1.3;
10.01.2025 12:19:10;1.29;
10.01.2025 12:19:11;1.31;
10.01.2025 12:19:12;1.3;
10.01.2025 12:19:13;1.3;
10.01.2025 12:19:14;1.31;
10.01.2025 12:19:15;1.31;
10.01.2025 12:19:16;1.3;
10.01.2025 12:19:17;1.3;
10.01.2025 12:19:18;1.31;
10.01.2025 12:19:19;1.31;
10.01.2025 12:19:20;1.3;
10.01.2025 12:19:21;1.31;
10.01.2025 12:19:25;1.31;
10.01.2025 12:19:26;1.32;
10.01.2025 12:19:32;1.32;
10.01.2025 12:19:33;1.31;
10.01.2025 12:19:34;1.31;
10.01.2025 12:19:35;1.32;
10.01.2025 12:19:36;1.33;
10.01.2025 12:19:37;1.32;
10.01.2025 12:19:39;1.32;
10.01.2025 12:19:40;1.33;
10.01.2025 12:19:41;1.33;
10.01.2025 12:19:42;1.32;
10.01.2025 12:19:43;1.33;
10.01.2025 12:19:44;1.33;
10.01.2025 12:19:45;1.32;
10.01.2025 12:19:46;1.33;
10.01.2025 12:19:47;1.33;
10.01.2025 12:19:48;1.32;
10.01.2025 12:19:49;1.34;
10.01.2025 12:19:51;1.34;
10.01.2025 12:19:52;1.33;
10.01.2025 12:19:53;1.34;
10.01.2025 12:19:54;1.34;
10.01.2025 12:19:55;1.33;
10.01.2025 12:19:56;1.35;
10.01.2025 12:19:57;1.34;
10.01.2025 12:19:58;1.35;
10.01.2025 12:19:59;1.34;
10.01.2025 12:20:02;1.34;
10.01.2025 12:20:03;1.35;
10.01.2025 12:20:04;1.35;
10.01.2025 12:20:05;1.36;
10.01.2025 12:20:06;1.35;
10.01.2025 12:20:07;1.36;
10.01.2025 12:20:08;1.35;
10.01.2025 12:20:10;1.35;
10.01.2025 12:20:11;1.36;
10.01.2025 12:20:15;1.36;
10.01.2025 12:20:16;1.35;
10.01.2025 12:20:17;1.37;
10.01.2025 12:20:18;1.36;
10.01.2025 12:20:19;1.37;
10.01.2025 12:20:20;1.37;
10.01.2025 12:20:21;1.36;
10.01.2025 12:20:22;1.36;
10.01.2025 12:20:23;1.37;
10.01.2025 12:20:24;1.37;
10.01.2025 12:20:25;1.38;
10.01.2025 12:20:26;1.38;
10.01.2025 12:20:27;1.37;
10.01.2025 12:20:28;1.38;
10.01.2025 12:20:29;1.38;
10.01.2025 12:20:30;1.37;
10.01.2025 12:20:31;1.38;
10.01.2025 12:20:32;1.37;
10.01.2025 12:20:33;1.37;
10.01.2025 12:20:34;1.38;
10.01.2025 12:20:35;1.37;
10.01.2025 12:20:36;1.37;
10.01.2025 12:20:37;1.38;
10.01.2025 12:20:38;1.38;
10.01.2025 12:20:39;1.39;
10.01.2025 12:20:40;1.38;
10.01.2025 12:20:42;1.38;
10.01.2025 12:20:43;1.39;
10.01.2025 12:20:44;1.39;
10.01.2025 12:20:45;1.38;
10.01.2025 12:20:46;1.38;
10.01.2025 12:20:47;1.39;
10.01.2025 12:20:51;1.39;
10.01.2025 12:20:52;1.4;
10.01.2025 12:20:54;1.4;
10.01.2025 12:20:55;1.39;
10.01.2025 12:20:56;1.4;
10.01.2025 12:21:01;1.4;
10.01.2025 12:21:02;1.41;
10.01.2025 12:21:03;1.4;
10.01.2025 12:21:04;1.41;
10.01.2025 12:21:05;1.4;
10.01.2025 12:21:06;1.41;
10.01.2025 12:21:14;1.41;
10.01.2025 12:21:15;1.4;
10.01.2025 12:21:16;1.41;
10.01.2025 12:21:18;1.41;
10.01.2025 12:21:19;1.42;
10.01.2025 12:21:20;1.41;
10.01.2025 12:21:21;1.41;
10.01.2025 12:21:22;1.42;
10.01.2025 12:21:26;1.42;
10.01.2025 12:21:27;1.43;
10.01.2025 12:21:28;1.42;
10.01.2025 12:21:30;1.42;
10.01.2025 12:21:31;1.43;
10.01.2025 12:21:32;1.42;
10.01.2025 12:21:33;1.42;
10.01.2025 12:21:34;1.43;
10.01.2025 12:21:37;1.43;
10.01.2025 12:21:38;1.44;
10.01.2025 12:21:39;1.44;
10.01.2025 12:21:40;1.43;
10.01.2025 12:21:42;1.43;
10.01.2025 12:21:43;1.44;
10.01.2025 12:21:50;1.44;
10.01.2025 12:21:51;1.45;
10.01.2025 12:21:52;1.44;
10.01.2025 12:21:53;1.45;
10.01.2025 12:21:56;1.45;
10.01.2025 12:21:57;1.44;
10.01.2025 12:21:58;1.45;
10.01.2025 12:22:02;1.45;
10.01.2025 12:22:03;1.46;
10.01.2025 12:22:05;1.46;
10.01.2025 12:22:06;1.45;
10.01.2025 12:22:07;1.46;
10.01.2025 12:22:10;1.46;
10.01.2025 12:22:11;1.47;
10.01.2025 12:22:12;1.46;
10.01.2025 12:22:13;1.46;
10.01.2025 12:22:14;1.47;
10.01.2025 12:22:15;1.47;
10.01.2025 12:22:16;1.46;
10.01.2025 12:22:17;1.46;
10.01.2025 12:22:18;1.47;
10.01.2025 12:22:19;1.47;
10.01.2025 12:22:20;1.48;
10.01.2025 12:22:21;1.48;
10.01.2025 12:22:22;1.47;
10.01.2025 12:22:23;1.46;
10.01.2025 12:22:24;1.47;
10.01.2025 12:22:25;1.47;
10.01.2025 12:22:26;1.48;
10.01.2025 12:22:28;1.48;
10.01.2025 12:22:29;1.47;
10.01.2025 12:22:30;1.48;
10.01.2025 12:22:31;1.47;
10.01.2025 12:22:32;1.48;
10.01.2025 12:22:34;1.48;
10.01.2025 12:22:35;1.47;
10.01.2025 12:22:36;1.49;
10.01.2025 12:22:39;1.49;
10.01.2025 12:22:40;1.48;
10.01.2025 12:22:41;1.48;
10.01.2025 12:22:42;1.49;
10.01.2025 12:22:53;1.49;
10.01.2025 12:22:54;1.5;
10.01.2025 12:22:55;1.5;
10.01.2025 12:22:56;1.49;
10.01.2025 12:22:57;1.5;
10.01.2025 12:22:58;1.5;
10.01.2025 12:22:59;1.51;
10.01.2025 12:23:00;1.5;
10.01.2025 12:23:02;1.5;
10.01.2025 12:23:03;1.51;
10.01.2025 12:23:04;1.5;
10.01.2025 12:23:05;1.5;
10.01.2025 12:23:06;1.51;
10.01.2025 12:23:07;1.51;
10.01.2025 12:23:08;1.5;
10.01.2025 12:23:09;1.51;
10.01.2025 12:23:10;1.51;
10.01.2025 12:23:11;1.52;
10.01.2025 12:23:12;1.5;
10.01.2025 12:23:13;1.51;
10.01.2025 12:23:16;1.51;
10.01.2025 12:23:17;1.52;
10.01.2025 12:23:18;1.52;
10.01.2025 12:23:19;1.51;
10.01.2025 12:23:20;1.51;
10.01.2025 12:23:21;1.52;
10.01.2025 12:23:24;1.52;
10.01.2025 12:23:25;1.53;
10.01.2025 12:23:26;1.52;
10.01.2025 12:23:28;1.52;
10.01.2025 12:23:29;1.53;
10.01.2025 12:23:30;1.53;
10.01.2025 12:23:31;1.52;
10.01.2025 12:23:32;1.53;
10.01.2025 12:23:35;1.53;
10.01.2025 12:23:36;1.52;
10.01.2025 12:23:37;1.53;
10.01.2025 12:23:41;1.53;
10.01.2025 12:23:42;1.54;
10.01.2025 12:23:50;1.54;
10.01.2025 12:23:51;1.55;
10.01.2025 12:23:52;1.55;
10.01.2025 12:23:53;1.54;
10.01.2025 12:23:54;1.55;
10.01.2025 12:23:58;1.55;
10.01.2025 12:23:59;1.56;
10.01.2025 12:24:00;1.55;
10.01.2025 12:24:02;1.55;
10.01.2025 12:24:03;1.56;
10.01.2025 12:24:06;1.56;
10.01.2025 12:24:07;1.55;
10.01.2025 12:24:08;1.56;
10.01.2025 12:24:11;1.56;
10.01.2025 12:24:12;1.57;
10.01.2025 12:24:13;1.56;
10.01.2025 12:24:17;1.56;
10.01.2025 12:24:18;1.57;
10.01.2025 12:24:19;1.57;
10.01.2025 12:24:20;1.56;
10.01.2025 12:24:21;1.57;
10.01.2025 12:24:23;1.57;
10.01.2025 12:24:24;1.56;
10.01.2025 12:24:25;1.58;
10.01.2025 12:24:26;1.58;
10.01.2025 12:24:27;1.57;
10.01.2025 12:24:28;1.57;
10.01.2025 12:24:29;1.58;
10.01.2025 12:24:35;1.58;
10.01.2025 12:24:36;1.59;
10.01.2025 12:24:37;1.58;
10.01.2025 12:24:38;1.57;
10.01.2025 12:24:39;1.58;
10.01.2025 12:24:41;1.58;
10.01.2025 12:24:42;1.59;
10.01.2025 12:24:46;1.59;
10.01.2025 12:24:47;1.6;
10.01.2025 12:24:49;1.6;
10.01.2025 12:24:50;1.59;
10.01.2025 12:24:51;1.59;
10.01.2025 12:24:52;1.6;
10.01.2025 12:24:54;1.6;
10.01.2025 12:24:55;1.59;
10.01.2025 12:24:56;1.59;
10.01.2025 12:24:57;1.6;
10.01.2025 12:25:01;1.6;
10.01.2025 12:25:02;1.61;
10.01.2025 12:25:03;1.6;
10.01.2025 12:25:05;1.6;
10.01.2025 12:25:06;1.61;
10.01.2025 12:25:07;1.6;
10.01.2025 12:25:08;1.61;
10.01.2025 12:25:10;1.61;
10.01.2025 12:25:11;1.6;
10.01.2025 12:25:12;1.61;
10.01.2025 12:25:13;1.6;
10.01.2025 12:25:14;1.61;
10.01.2025 12:25:15;1.6;
10.01.2025 12:25:16;1.6;
10.01.2025 12:25:17;1.61;
10.01.2025 12:25:18;1.62;
10.01.2025 12:25:19;1.62;
10.01.2025 12:25:20;1.61;
10.01.2025 12:25:22;1.61;
10.01.2025 12:25:23;1.62;
10.01.2025 12:25:25;1.62;
10.01.2025 12:25:26;1.63;
10.01.2025 12:25:27;1.62;
10.01.2025 12:25:28;1.63;
10.01.2025 12:25:29;1.62;
10.01.2025 12:25:30;1.63;
10.01.2025 12:25:31;1.63;
10.01.2025 12:25:32;1.62;
10.01.2025 12:25:33;1.63;
10.01.2025 12:25:41;1.63;
10.01.2025 12:25:42;1.64;
10.01.2025 12:25:43;1.63;
10.01.2025 12:25:46;1.63;
10.01.2025 12:25:47;1.64;
10.01.2025 12:25:48;1.64;
10.01.2025 12:25:49;1.63;
10.01.2025 12:25:50;1.63;
10.01.2025 12:25:51;1.65;
10.01.2025 12:25:52;1.64;
10.01.2025 12:25:53;1.64;
10.01.2025 12:25:54;1.65;
10.01.2025 12:25:55;1.64;
10.01.2025 12:25:57;1.64;
10.01.2025 12:25:58;1.65;
10.01.2025 12:25:59;1.64;
10.01.2025 12:26:00;1.64;
10.01.2025 12:26:01;1.66;
10.01.2025 12:26:02;1.64;
10.01.2025 12:26:03;1.64;
10.01.2025 12:26:04;1.65;
10.01.2025 12:26:06;1.65;
10.01.2025 12:26:07;1.66;
10.01.2025 12:26:08;1.65;
10.01.2025 12:26:09;1.65;
10.01.2025 12:26:10;1.66;
10.01.2025 12:26:11;1.65;
10.01.2025 12:26:12;1.65;
10.01.2025 12:26:13;1.66;
10.01.2025 12:26:14;1.65;
10.01.2025 12:26:15;1.66;
10.01.2025 12:26:16;1.65;
10.01.2025 12:26:17;1.66;
10.01.2025 12:26:18;1.65;
10.01.2025 12:26:19;1.65;
10.01.2025 12:26:20;1.66;
10.01.2025 12:26:21;1.66;
10.01.2025 12:26:22;1.65;
10.01.2025 12:26:23;1.66;
10.01.2025 12:26:27;1.66;
10.01.2025 12:26:28;1.67;
10.01.2025 12:26:29;1.66;
10.01.2025 12:26:30;1.67;
10.01.2025 12:26:36;1.67;
10.01.2025 12:26:37;1.68;
10.01.2025 12:26:39;1.68;
10.01.2025 12:26:40;1.67;
10.01.2025 12:26:41;1.68;
10.01.2025 12:26:42;1.66;
10.01.2025 12:26:43;1.68;
10.01.2025 12:26:50;1.68;
10.01.2025 12:26:51;1.69;
10.01.2025 12:26:52;1.68;
10.01.2025 12:26:53;1.68;
10.01.2025 12:26:54;1.69;
10.01.2025 12:26:55;1.69;
10.01.2025 12:26:56;1.68;
10.01.2025 12:26:57;1.68;
10.01.2025 12:26:58;1.69;
10.01.2025 12:27:04;1.69;
10.01.2025 12:27:05;1.7;
10.01.2025 12:27:06;1.69;
10.01.2025 12:27:07;1.69;
10.01.2025 12:27:08;1.7;
10.01.2025 12:27:13;1.7;
10.01.2025 12:27:14;1.71;
10.01.2025 12:27:15;1.71;
10.01.2025 12:27:16;1.7;
10.01.2025 12:27:17;1.7;
10.01.2025 12:27:18;1.71;
10.01.2025 12:27:19;1.71;
10.01.2025 12:27:20;1.7;
10.01.2025 12:27:21;1.7;
10.01.2025 12:27:22;1.71;
10.01.2025 12:27:23;1.7;
10.01.2025 12:27:24;1.71;
10.01.2025 12:27:34;1.71;
10.01.2025 12:27:35;1.72;
10.01.2025 12:27:44;1.72;
10.01.2025 12:27:45;1.73;
10.01.2025 12:27:46;1.72;
10.01.2025 12:27:47;1.73;
10.01.2025 12:27:48;1.72;
10.01.2025 12:27:51;1.72;
10.01.2025 12:27:52;1.73;
10.01.2025 12:27:53;1.72;
10.01.2025 12:27:54;1.73;
10.01.2025 12:27:55;1.72;
10.01.2025 12:27:56;1.72;
10.01.2025 12:27:57;1.74;
10.01.2025 12:27:58;1.73;
10.01.2025 12:27:59;1.74;
10.01.2025 12:28:00;1.73;
10.01.2025 12:28:02;1.73;
10.01.2025 12:28:03;1.74;
10.01.2025 12:28:04;1.73;
10.01.2025 12:28:05;1.73;
10.01.2025 12:28:06;1.74;
10.01.2025 12:28:08;1.74;
10.01.2025 12:28:09;1.73;
10.01.2025 12:28:10;1.74;
10.01.2025 12:28:11;1.74;
10.01.2025 12:28:12;1.73;
10.01.2025 12:28:13;1.74;
10.01.2025 12:28:14;1.74;
10.01.2025 12:28:15;1.75;
10.01.2025 12:28:16;1.74;
10.01.2025 12:28:17;1.75;
10.01.2025 12:28:18;1.74;
10.01.2025 12:28:19;1.75;
10.01.2025 12:28:20;1.74;
10.01.2025 12:28:22;1.74;
10.01.2025 12:28:23;1.75;
10.01.2025 12:28:24;1.75;
10.01.2025 12:28:25;1.76;
10.01.2025 12:28:26;1.75;
10.01.2025 12:28:27;1.76;
10.01.2025 12:28:28;1.75;
10.01.2025 12:28:29;1.76;
10.01.2025 12:28:30;1.75;
10.01.2025 12:28:31;1.75;
10.01.2025 12:28:32;1.76;
10.01.2025 12:28:33;1.76;
10.01.2025 12:28:34;1.75;
10.01.2025 12:28:35;1.75;
10.01.2025 12:28:36;1.76;
10.01.2025 12:28:37;1.76;
10.01.2025 12:28:38;1.77;
10.01.2025 12:28:39;1.76;
10.01.2025 12:28:41;1.76;
10.01.2025 12:28:42;1.77;
10.01.2025 12:28:43;1.76;
10.01.2025 12:28:44;1.77;
10.01.2025 12:28:45;1.76;
10.01.2025 12:28:46;1.76;
10.01.2025 12:28:47;1.77;
10.01.2025 12:28:48;1.76;
10.01.2025 12:28:50;1.76;
10.01.2025 12:28:51;1.77;
10.01.2025 12:28:52;1.76;
10.01.2025 12:28:53;1.77;
10.01.2025 12:29:01;1.77;
10.01.2025 12:29:02;1.78;
10.01.2025 12:29:03;1.77;
10.01.2025 12:29:04;1.78;
10.01.2025 12:29:05;1.78;
10.01.2025 12:29:06;1.77;
10.01.2025 12:29:07;1.78;
10.01.2025 12:29:08;1.77;
10.01.2025 12:29:09;1.77;
10.01.2025 12:29:10;1.79;
10.01.2025 12:29:11;1.79;
10.01.2025 12:29:12;1.78;
10.01.2025 12:29:13;1.77;
10.01.2025 12:29:14;1.78;
10.01.2025 12:29:17;1.78;
10.01.2025 12:29:18;1.79;
10.01.2025 12:29:19;1.78;
10.01.2025 12:29:20;1.79;
10.01.2025 12:29:21;1.79;
10.01.2025 12:29:22;1.78;
10.01.2025 12:29:23;1.79;
10.01.2025 12:29:24;1.8;
10.01.2025 12:29:25;1.79;
10.01.2025 12:29:27;1.79;
10.01.2025 12:29:28;1.8;
10.01.2025 12:29:30;1.8;
10.01.2025 12:29:31;1.79;
10.01.2025 12:29:32;1.8;
10.01.2025 12:29:33;1.8;
10.01.2025 12:29:34;1.79;
10.01.2025 12:29:35;1.8;
10.01.2025 12:29:37;1.8;
10.01.2025 12:29:38;1.79;
10.01.2025 12:29:39;1.79;
10.01.2025 12:29:40;1.8;
10.01.2025 12:29:43;1.8;
10.01.2025 12:29:44;1.81;
10.01.2025 12:29:45;1.8;
10.01.2025 12:29:46;1.81;
10.01.2025 12:29:47;1.8;
10.01.2025 12:29:48;1.8;
10.01.2025 12:29:49;1.81;
10.01.2025 12:29:58;1.81;
10.01.2025 12:29:59;1.82;
10.01.2025 12:30:00;1.83;
10.01.2025 12:30:01;1.82;
10.01.2025 12:30:04;1.82;
10.01.2025 12:30:05;1.81;
10.01.2025 12:30:06;1.82;
10.01.2025 12:30:08;1.82;
10.01.2025 12:30:09;1.83;
10.01.2025 12:30:10;1.82;
10.01.2025 12:30:11;1.83;
10.01.2025 12:30:12;1.83;
10.01.2025 12:30:13;1.82;
10.01.2025 12:30:14;1.83;
10.01.2025 12:30:15;1.82;
10.01.2025 12:30:16;1.83;
10.01.2025 12:30:17;1.83;
10.01.2025 12:30:18;1.82;
10.01.2025 12:30:19;1.83;
10.01.2025 12:30:20;1.82;
10.01.2025 12:30:21;1.83;
10.01.2025 12:30:25;1.83;
10.01.2025 12:30:26;1.84;
10.01.2025 12:30:27;1.83;
10.01.2025 12:30:28;1.84;
10.01.2025 12:30:29;1.83;
10.01.2025 12:30:30;1.84;
10.01.2025 12:30:38;1.84;
10.01.2025 12:30:39;1.85;
10.01.2025 12:30:40;1.84;
10.01.2025 12:30:42;1.84;
10.01.2025 12:30:43;1.85;
10.01.2025 12:30:45;1.85;
10.01.2025 12:30:46;1.84;
10.01.2025 12:30:47;1.85;
10.01.2025 12:30:49;1.85;
10.01.2025 12:30:50;1.84;
10.01.2025 12:30:51;1.85;
10.01.2025 12:30:56;1.85;
10.01.2025 12:30:57;1.86;
10.01.2025 12:30:58;1.85;
10.01.2025 12:30:59;1.86;
10.01.2025 12:31:00;1.86;
10.01.2025 12:31:01;1.85;
10.01.2025 12:31:03;1.85;
10.01.2025 12:31:04;1.86;
10.01.2025 12:31:08;1.86;
10.01.2025 12:31:09;1.87;
10.01.2025 12:31:10;1.86;
10.01.2025 12:31:13;1.86;
10.01.2025 12:31:14;1.87;
10.01.2025 12:31:15;1.87;
10.01.2025 12:31:16;1.86;
10.01.2025 12:31:17;1.87;
10.01.2025 12:31:21;1.87;
10.01.2025 12:31:22;1.88;
10.01.2025 12:31:23;1.87;
10.01.2025 12:31:32;1.87;
10.01.2025 12:31:33;1.88;
10.01.2025 12:31:38;1.88;
10.01.2025 12:31:39;1.87;
10.01.2025 12:31:40;1.88;
10.01.2025 12:31:46;1.88;
10.01.2025 12:31:47;1.89;
10.01.2025 12:31:49;1.89;
10.01.2025 12:31:50;1.9;
10.01.2025 12:31:51;1.88;
10.01.2025 12:31:52;1.89;
10.01.2025 12:31:53;1.89;
10.01.2025 12:31:54;1.9;
10.01.2025 12:31:55;1.89;
10.01.2025 12:31:56;1.89;
10.01.2025 12:31:57;1.9;
10.01.2025 12:31:58;1.89;
10.01.2025 12:31:59;1.9;
10.01.2025 12:32:00;1.9;
10.01.2025 12:32:01;1.89;
10.01.2025 12:32:02;1.89;
10.01.2025 12:32:03;1.9;
10.01.2025 12:32:04;1.89;
10.01.2025 12:32:05;1.9;
10.01.2025 12:32:14;1.9;
10.01.2025 12:32:15;1.89;
10.01.2025 12:32:16;1.91;
10.01.2025 12:32:18;1.91;
10.01.2025 12:32:19;1.9;
10.01.2025 12:32:20;1.9;
10.01.2025 12:32:21;1.91;
10.01.2025 12:32:31;1.91;
10.01.2025 12:32:32;1.92;
10.01.2025 12:32:33;1.91;
10.01.2025 12:32:34;1.92;
10.01.2025 12:32:35;1.91;
10.01.2025 12:32:38;1.91;
10.01.2025 12:32:39;1.92;
10.01.2025 12:32:40;1.91;
10.01.2025 12:32:41;1.91;
10.01.2025 12:32:42;1.92;
10.01.2025 12:32:43;1.91;
10.01.2025 12:32:44;1.92;
10.01.2025 12:32:48;1.92;
10.01.2025 12:32:49;1.93;
10.01.2025 12:32:50;1.92;
10.01.2025 12:32:51;1.93;
10.01.2025 12:32:52;1.93;
10.01.2025 12:32:53;1.94;
10.01.2025 12:32:54;1.93;
10.01.2025 12:32:55;1.92;
10.01.2025 12:32:56;1.93;
10.01.2025 12:32:58;1.93;
10.01.2025 12:32:59;1.94;
10.01.2025 12:33:00;1.93;
10.01.2025 12:33:08;1.93;
10.01.2025 12:33:09;1.94;
10.01.2025 12:33:16;1.94;
10.01.2025 12:33:17;1.95;
10.01.2025 12:33:18;1.94;
10.01.2025 12:33:19;1.95;
10.01.2025 12:33:20;1.94;
10.01.2025 12:33:21;1.95;
10.01.2025 12:33:22;1.94;
10.01.2025 12:33:23;1.95;
10.01.2025 12:33:24;1.94;
10.01.2025 12:33:25;1.95;
10.01.2025 12:33:26;1.94;
10.01.2025 12:33:27;1.94;
10.01.2025 12:33:28;1.95;
10.01.2025 12:33:29;1.94;
10.01.2025 12:33:30;1.95;
10.01.2025 12:33:32;1.95;
10.01.2025 12:33:33;1.94;
10.01.2025 12:33:34;1.95;
10.01.2025 12:33:37;1.95;
10.01.2025 12:33:38;1.94;
10.01.2025 12:33:39;1.95;
10.01.2025 12:33:40;1.95;
10.01.2025 12:33:41;1.96;
10.01.2025 12:33:45;1.96;
10.01.2025 12:33:46;1.95;
10.01.2025 12:33:47;1.96;
10.01.2025 12:33:53;1.96;
10.01.2025 12:33:54;1.97;
10.01.2025 12:34:02;1.97;
10.01.2025 12:34:03;1.98;
10.01.2025 12:34:04;1.97;
10.01.2025 12:34:05;1.97;
10.01.2025 12:34:06;1.98;
10.01.2025 12:34:07;1.97;
10.01.2025 12:34:08;1.96;
10.01.2025 12:34:09;1.98;
10.01.2025 12:34:10;1.98;
10.01.2025 12:34:11;1.97;
10.01.2025 12:34:12;1.98;
10.01.2025 12:34:13;1.97;
10.01.2025 12:34:14;1.98;
10.01.2025 12:34:17;1.98;
10.01.2025 12:34:18;1.99;
10.01.2025 12:34:19;1.99;
10.01.2025 12:34:20;1.97;
10.01.2025 12:34:22;1.97;
10.01.2025 12:34:23;1.98;
10.01.2025 12:34:24;1.99;
10.01.2025 12:34:25;1.98;
10.01.2025 12:34:26;1.98;
10.01.2025 12:34:27;1.99;
10.01.2025 12:34:28;1.99;
10.01.2025 12:34:29;1.98;
10.01.2025 12:34:31;1.98;
10.01.2025 12:34:32;1.99;
10.01.2025 12:34:40;1.99;
10.01.2025 12:34:41;2;
10.01.2025 12:34:42;1.99;
10.01.2025 12:34:44;1.99;
10.01.2025 12:34:45;1.98;
10.01.2025 12:34:46;1.99;
10.01.2025 12:34:47;1.99;
10.01.2025 12:34:48;2;
10.01.2025 12:34:50;2;
10.01.2025 12:34:51;1.99;
10.01.2025 12:34:53;1.99;
10.01.2025 12:34:54;2;
10.01.2025 12:34:58;2;
10.01.2025 12:34:59;2.01;
10.01.2025 12:35:00;2;
10.01.2025 12:35:05;2;
10.01.2025 12:35:06;2.01;
10.01.2025 12:35:09;2.01;
10.01.2025 12:35:10;2;
10.01.2025 12:35:11;2.01;
10.01.2025 12:35:12;2;
10.01.2025 12:35:13;2.01;
10.01.2025 12:35:19;2.01;
10.01.2025 12:35:20;2;
10.01.2025 12:35:21;2.01;
10.01.2025 12:35:22;2;
10.01.2025 12:35:23;2.01;
10.01.2025 12:35:24;2.02;
10.01.2025 12:35:25;2.01;
10.01.2025 12:35:26;2.01;
10.01.2025 12:35:27;2.02;
10.01.2025 12:35:28;2.01;
10.01.2025 12:35:29;2.01;
10.01.2025 12:35:30;2.02;
10.01.2025 12:35:36;2.02;
10.01.2025 12:35:37;2.03;
10.01.2025 12:35:38;2.02;
10.01.2025 12:35:39;2.03;
10.01.2025 12:35:40;2.02;
10.01.2025 12:35:41;2.03;
10.01.2025 12:35:47;2.03;
10.01.2025 12:35:48;2.04;
10.01.2025 12:35:49;2.03;
10.01.2025 12:35:50;2.02;
10.01.2025 12:35:51;2.02;
10.01.2025 12:35:52;2.03;
10.01.2025 12:35:53;2.04;
10.01.2025 12:35:54;2.03;
10.01.2025 12:35:55;2.04;
10.01.2025 12:35:56;2.03;
10.01.2025 12:35:57;2.04;
10.01.2025 12:35:58;2.03;
10.01.2025 12:36:01;2.03;
10.01.2025 12:36:02;2.04;
10.01.2025 12:36:03;2.03;
10.01.2025 12:36:04;2.04;
10.01.2025 12:36:05;2.03;
10.01.2025 12:36:06;2.04;
10.01.2025 12:36:07;2.03;
10.01.2025 12:36:08;2.04;
10.01.2025 12:36:09;2.05;
10.01.2025 12:36:10;2.05;
10.01.2025 12:36:11;2.03;
10.01.2025 12:36:12;2.04;
10.01.2025 12:36:16;2.04;
10.01.2025 12:36:17;2.05;
10.01.2025 12:36:28;2.05;
10.01.2025 12:36:29;2.06;
10.01.2025 12:36:30;2.06;
10.01.2025 12:36:31;2.05;
10.01.2025 12:36:32;2.06;
10.01.2025 12:36:33;2.06;
10.01.2025 12:36:34;2.05;
10.01.2025 12:36:36;2.05;
10.01.2025 12:36:37;2.06;
10.01.2025 12:36:39;2.06;
10.01.2025 12:36:40;2.07;
10.01.2025 12:36:41;2.06;
10.01.2025 12:36:47;2.06;
10.01.2025 12:36:48;2.07;
10.01.2025 12:36:49;2.06;
10.01.2025 12:36:50;2.07;
10.01.2025 12:36:51;2.07;
10.01.2025 12:36:52;2.06;
10.01.2025 12:36:53;2.07;
10.01.2025 12:36:54;2.07;
10.01.2025 12:36:55;2.06;
10.01.2025 12:36:57;2.06;
10.01.2025 12:36:58;2.07;
10.01.2025 12:36:59;2.07;
10.01.2025 12:37:00;2.06;
10.01.2025 12:37:01;2.06;
10.01.2025 12:37:02;2.07;
10.01.2025 12:37:05;2.07;
10.01.2025 12:37:06;2.08;
10.01.2025 12:37:07;2.08;
10.01.2025 12:37:08;2.07;
10.01.2025 12:37:14;2.07;
10.01.2025 12:37:15;2.08;
10.01.2025 12:37:16;2.08;
10.01.2025 12:37:17;2.07;
10.01.2025 12:37:18;2.07;
10.01.2025 12:37:19;2.08;
10.01.2025 12:37:21;2.08;
10.01.2025 12:37:22;2.07;
10.01.2025 12:37:23;2.08;
10.01.2025 12:37:27;2.08;
10.01.2025 12:37:28;2.09;
10.01.2025 12:37:29;2.09;
10.01.2025 12:37:30;2.08;
10.01.2025 12:37:31;2.09;
10.01.2025 12:37:32;2.08;
10.01.2025 12:37:33;2.09;
10.01.2025 12:37:34;2.09;
10.01.2025 12:37:35;2.08;
10.01.2025 12:37:36;2.09;
10.01.2025 12:37:37;2.09;
10.01.2025 12:37:38;2.08;
10.01.2025 12:37:39;2.09;
10.01.2025 12:37:44;2.09;
10.01.2025 12:37:45;2.1;
10.01.2025 12:37:46;2.09;
10.01.2025 12:37:47;2.1;
10.01.2025 12:37:48;2.1;
10.01.2025 12:37:49;2.08;
10.01.2025 12:37:50;2.1;
10.01.2025 12:37:51;2.09;
10.01.2025 12:37:52;2.1;
10.01.2025 12:37:53;2.09;
10.01.2025 12:37:54;2.09;
10.01.2025 12:37:55;2.1;
10.01.2025 12:37:57;2.1;
10.01.2025 12:37:58;2.09;
10.01.2025 12:37:59;2.1;
10.01.2025 12:38:00;2.1;
10.01.2025 12:38:01;2.09;
10.01.2025 12:38:02;2.1;
10.01.2025 12:38:03;2.11;
10.01.2025 12:38:04;2.1;
10.01.2025 12:38:06;2.1;
10.01.2025 12:38:07;2.11;
10.01.2025 12:38:08;2.11;
10.01.2025 12:38:09;2.1;
10.01.2025 12:38:10;2.1;
10.01.2025 12:38:11;2.11;
10.01.2025 12:38:12;2.1;
10.01.2025 12:38:13;2.11;
10.01.2025 12:38:16;2.11;
10.01.2025 12:38:17;2.12;
10.01.2025 12:38:18;2.11;
10.01.2025 12:38:19;2.11;
10.01.2025 12:38:20;2.1;
10.01.2025 12:38:21;2.11;
10.01.2025 12:38:23;2.11;
10.01.2025 12:38:24;2.12;
10.01.2025 12:38:25;2.12;
10.01.2025 12:38:26;2.11;
10.01.2025 12:38:27;2.11;
10.01.2025 12:38:28;2.12;
10.01.2025 12:38:29;2.11;
10.01.2025 12:38:30;2.12;
10.01.2025 12:38:32;2.12;
10.01.2025 12:38:33;2.11;
10.01.2025 12:38:34;2.12;
10.01.2025 12:38:35;2.11;
10.01.2025 12:38:36;2.12;
10.01.2025 12:38:37;2.11;
10.01.2025 12:38:39;2.11;
10.01.2025 12:38:40;2.12;
10.01.2025 12:38:42;2.12;
10.01.2025 12:38:43;2.13;
10.01.2025 12:38:44;2.12;
10.01.2025 12:38:45;2.13;
10.01.2025 12:38:54;2.13;
10.01.2025 12:38:55;2.12;
10.01.2025 12:38:56;2.13;
10.01.2025 12:38:57;2.13;
10.01.2025 12:38:58;2.14;
10.01.2025 12:38:59;2.13;
10.01.2025 12:39:00;2.14;
10.01.2025 12:39:01;2.13;
10.01.2025 12:39:02;2.14;
10.01.2025 12:39:03;2.14;
10.01.2025 12:39:04;2.13;
10.01.2025 12:39:05;2.12;
10.01.2025 12:39:06;2.14;
10.01.2025 12:39:07;2.13;
10.01.2025 12:39:08;2.14;
10.01.2025 12:39:10;2.14;
10.01.2025 12:39:11;2.13;
10.01.2025 12:39:12;2.14;
10.01.2025 12:39:15;2.14;
10.01.2025 12:39:16;2.13;
10.01.2025 12:39:17;2.14;
10.01.2025 12:39:21;2.14;
10.01.2025 12:39:22;2.13;
10.01.2025 12:39:23;2.14;
10.01.2025 12:39:24;2.14;
10.01.2025 12:39:25;2.15;
10.01.2025 12:39:26;2.14;
10.01.2025 12:39:29;2.14;
10.01.2025 12:39:30;2.15;
10.01.2025 12:39:31;2.14;
10.01.2025 12:39:32;2.15;
10.01.2025 12:39:36;2.15;
10.01.2025 12:39:37;2.16;
10.01.2025 12:39:38;2.16;
10.01.2025 12:39:39;2.15;
10.01.2025 12:39:40;2.14;
10.01.2025 12:39:41;2.15;
10.01.2025 12:39:42;2.15;
10.01.2025 12:39:43;2.16;
10.01.2025 12:39:47;2.16;
10.01.2025 12:39:48;2.15;
10.01.2025 12:39:49;2.15;
10.01.2025 12:39:50;2.16;
10.01.2025 12:39:51;2.15;
10.01.2025 12:39:52;2.16;
10.01.2025 12:39:56;2.16;
10.01.2025 12:39:57;2.15;
10.01.2025 12:39:59;2.15;
10.01.2025 12:40:00;2.16;
10.01.2025 12:40:02;2.16;
10.01.2025 12:40:03;2.15;
10.01.2025 12:40:04;2.16;
10.01.2025 12:40:06;2.16;
10.01.2025 12:40:07;2.17;
10.01.2025 12:40:08;2.16;
10.01.2025 12:40:09;2.17;
10.01.2025 12:40:10;2.17;
10.01.2025 12:40:11;2.16;
10.01.2025 12:40:12;2.17;
10.01.2025 12:40:13;2.16;
10.01.2025 12:40:15;2.16;
10.01.2025 12:40:16;2.17;
10.01.2025 12:40:20;2.17;
10.01.2025 12:40:21;2.18;
10.01.2025 12:40:22;2.17;
10.01.2025 12:40:25;2.17;
10.01.2025 12:40:26;2.18;
10.01.2025 12:40:28;2.18;
10.01.2025 12:40:29;2.17;
10.01.2025 12:40:30;2.17;
10.01.2025 12:40:31;2.18;
10.01.2025 12:40:32;2.17;
10.01.2025 12:40:33;2.17;
10.01.2025 12:40:34;2.18;
10.01.2025 12:40:43;2.18;
10.01.2025 12:40:44;2.19;
10.01.2025 12:40:45;2.18;
10.01.2025 12:40:46;2.19;
10.01.2025 12:40:47;2.18;
10.01.2025 12:40:48;2.19;
10.01.2025 12:40:49;2.18;
10.01.2025 12:40:50;2.19;
10.01.2025 12:40:56;2.19;
10.01.2025 12:40:57;2.18;
10.01.2025 12:40:58;2.18;
10.01.2025 12:40:59;2.19;
10.01.2025 12:41:00;2.18;
10.01.2025 12:41:01;2.19;
10.01.2025 12:41:03;2.19;
10.01.2025 12:41:04;2.2;
10.01.2025 12:41:05;2.19;
10.01.2025 12:41:06;2.2;
10.01.2025 12:41:15;2.2;
10.01.2025 12:41:16;2.19;
10.01.2025 12:41:17;2.2;
10.01.2025 12:41:18;2.2;
10.01.2025 12:41:19;2.19;
10.01.2025 12:41:20;2.19;
10.01.2025 12:41:21;2.2;
10.01.2025 12:41:28;2.2;
10.01.2025 12:41:29;2.21;
10.01.2025 12:41:34;2.21;
10.01.2025 12:41:35;2.2;
10.01.2025 12:41:36;2.21;
10.01.2025 12:41:37;2.2;
10.01.2025 12:41:38;2.21;
10.01.2025 12:41:39;2.21;
10.01.2025 12:41:40;2.2;
10.01.2025 12:41:42;2.2;
10.01.2025 12:41:43;2.21;
10.01.2025 12:41:45;2.21;
10.01.2025 12:41:46;2.22;
10.01.2025 12:41:47;2.21;
10.01.2025 12:41:48;2.22;
10.01.2025 12:41:49;2.21;
10.01.2025 12:42:00;2.21;
10.01.2025 12:42:01;2.22;
10.01.2025 12:42:12;2.22;
10.01.2025 12:42:13;2.23;
10.01.2025 12:42:16;2.23;
10.01.2025 12:42:17;2.22;
10.01.2025 12:42:18;2.23;
10.01.2025 12:42:19;2.23;
10.01.2025 12:42:20;2.22;
10.01.2025 12:42:21;2.22;
10.01.2025 12:42:22;2.23;
10.01.2025 12:42:29;2.23;
10.01.2025 12:42:30;2.24;
10.01.2025 12:42:31;2.24;
10.01.2025 12:42:32;2.23;
10.01.2025 12:42:33;2.24;
10.01.2025 12:42:34;2.23;
10.01.2025 12:42:35;2.23;
10.01.2025 12:42:36;2.24;
10.01.2025 12:42:37;2.24;
10.01.2025 12:42:38;2.23;
10.01.2025 12:42:39;2.24;
10.01.2025 12:42:42;2.24;
10.01.2025 12:42:43;2.23;
10.01.2025 12:42:44;2.24;
10.01.2025 12:42:45;2.23;
10.01.2025 12:42:46;2.24;
10.01.2025 12:42:47;2.23;
10.01.2025 12:42:48;2.23;
10.01.2025 12:42:49;2.24;
10.01.2025 12:42:50;2.23;
10.01.2025 12:42:51;2.24;
10.01.2025 12:42:53;2.24;
10.01.2025 12:42:54;2.25;
10.01.2025 12:42:55;2.24;
10.01.2025 12:42:57;2.24;
10.01.2025 12:42:58;2.25;
10.01.2025 12:43:01;2.25;
10.01.2025 12:43:02;2.24;
10.01.2025 12:43:03;2.25;
10.01.2025 12:43:04;2.25;
10.01.2025 12:43:05;2.24;
10.01.2025 12:43:06;2.24;
10.01.2025 12:43:07;2.25;
10.01.2025 12:43:08;2.25;
10.01.2025 12:43:09;2.26;
10.01.2025 12:43:10;2.26;
10.01.2025 12:43:11;2.25;
10.01.2025 12:43:14;2.25;
10.01.2025 12:43:15;2.26;
10.01.2025 12:43:16;2.25;
10.01.2025 12:43:17;2.26;
10.01.2025 12:43:18;2.26;
10.01.2025 12:43:19;2.25;
10.01.2025 12:43:20;2.25;
10.01.2025 12:43:21;2.26;
10.01.2025 12:43:22;2.25;
10.01.2025 12:43:23;2.25;
10.01.2025 12:43:24;2.26;
10.01.2025 12:43:25;2.26;
10.01.2025 12:43:26;2.27;
10.01.2025 12:43:27;2.26;
10.01.2025 12:43:28;2.25;
10.01.2025 12:43:29;2.26;
10.01.2025 12:43:34;2.26;
10.01.2025 12:43:35;2.27;
10.01.2025 12:43:36;2.25;
10.01.2025 12:43:37;2.27;
10.01.2025 12:43:40;2.27;
10.01.2025 12:43:41;2.26;
10.01.2025 12:43:42;2.27;
10.01.2025 12:43:44;2.27;
10.01.2025 12:43:45;2.26;
10.01.2025 12:43:46;2.27;
10.01.2025 12:43:50;2.27;
10.01.2025 12:43:51;2.28;
10.01.2025 12:43:52;2.27;
10.01.2025 12:43:53;2.26;
10.01.2025 12:43:54;2.27;
10.01.2025 12:43:56;2.27;
10.01.2025 12:43:57;2.28;
10.01.2025 12:43:58;2.28;
10.01.2025 12:43:59;2.27;
10.01.2025 12:44:02;2.27;
10.01.2025 12:44:03;2.28;
10.01.2025 12:44:24;2.28;
10.01.2025 12:44:25;2.29;
10.01.2025 12:44:26;2.29;
10.01.2025 12:44:27;2.28;
10.01.2025 12:44:28;2.28;
10.01.2025 12:44:29;2.29;
10.01.2025 12:44:43;2.29;
10.01.2025 12:44:44;2.3;
10.01.2025 12:44:45;2.3;
10.01.2025 12:44:46;2.29;
10.01.2025 12:44:47;2.29;
10.01.2025 12:44:48;2.3;
10.01.2025 12:44:52;2.3;
10.01.2025 12:44:53;2.29;
10.01.2025 12:44:54;2.3;
10.01.2025 12:44:55;2.29;
10.01.2025 12:44:56;2.3;
10.01.2025 12:45:02;2.3;
10.01.2025 12:45:03;2.31;
10.01.2025 12:45:04;2.29;
10.01.2025 12:45:05;2.3;
10.01.2025 12:45:06;2.31;
10.01.2025 12:45:07;2.3;
10.01.2025 12:45:10;2.3;
10.01.2025 12:45:11;2.31;
10.01.2025 12:45:12;2.3;
10.01.2025 12:45:13;2.3;
10.01.2025 12:45:14;2.31;
10.01.2025 12:45:16;2.31;
10.01.2025 12:45:17;2.3;
10.01.2025 12:45:18;2.31;
10.01.2025 12:45:22;2.31;
10.01.2025 12:45:23;2.3;
10.01.2025 12:45:24;2.31;
10.01.2025 12:45:27;2.31;
10.01.2025 12:45:28;2.32;
10.01.2025 12:45:29;2.31;
10.01.2025 12:45:30;2.31;
10.01.2025 12:45:31;2.32;
10.01.2025 12:45:32;2.3;
10.01.2025 12:45:33;2.32;
10.01.2025 12:45:34;2.31;
10.01.2025 12:45:35;2.32;
10.01.2025 12:45:36;2.3;
10.01.2025 12:45:37;2.31;
10.01.2025 12:45:38;2.32;
10.01.2025 12:45:39;2.31;
10.01.2025 12:45:40;2.32;
10.01.2025 12:45:44;2.32;
10.01.2025 12:45:45;2.31;
10.01.2025 12:45:46;2.32;
10.01.2025 12:45:47;2.32;
10.01.2025 12:45:48;2.33;
10.01.2025 12:45:49;2.32;
10.01.2025 12:45:51;2.32;
10.01.2025 12:45:52;2.33;
10.01.2025 12:45:53;2.32;
10.01.2025 12:45:55;2.32;
10.01.2025 12:45:56;2.33;
10.01.2025 12:45:58;2.33;
10.01.2025 12:45:59;2.32;
10.01.2025 12:46:00;2.33;
10.01.2025 12:46:03;2.33;
10.01.2025 12:46:04;2.34;
10.01.2025 12:46:05;2.33;
10.01.2025 12:46:17;2.33;
10.01.2025 12:46:18;2.34;
10.01.2025 12:46:30;2.34;
10.01.2025 12:46:31;2.33;
10.01.2025 12:46:32;2.34;
10.01.2025 12:46:35;2.34;
10.01.2025 12:46:36;2.33;
10.01.2025 12:46:37;2.34;
10.01.2025 12:46:38;2.34;
10.01.2025 12:46:39;2.35;
10.01.2025 12:46:40;2.34;
10.01.2025 12:46:43;2.34;
10.01.2025 12:46:44;2.35;
10.01.2025 12:46:46;2.35;
10.01.2025 12:46:47;2.34;
10.01.2025 12:46:48;2.35;
10.01.2025 12:46:49;2.35;
10.01.2025 12:46:50;2.34;
10.01.2025 12:46:51;2.35;
10.01.2025 12:46:52;2.34;
10.01.2025 12:46:53;2.35;
10.01.2025 12:46:55;2.35;
10.01.2025 12:46:56;2.36;
10.01.2025 12:46:58;2.36;
10.01.2025 12:46:59;2.35;
10.01.2025 12:47:00;2.36;
10.01.2025 12:47:01;2.34;
10.01.2025 12:47:02;2.35;
10.01.2025 12:47:04;2.35;
10.01.2025 12:47:05;2.36;
10.01.2025 12:47:06;2.36;
10.01.2025 12:47:07;2.35;
10.01.2025 12:47:09;2.35;
10.01.2025 12:47:10;2.36;
10.01.2025 12:47:11;2.35;
10.01.2025 12:47:14;2.35;
10.01.2025 12:47:15;2.36;
10.01.2025 12:47:18;2.36;
10.01.2025 12:47:19;2.37;
10.01.2025 12:47:20;2.37;
10.01.2025 12:47:21;2.36;
10.01.2025 12:47:24;2.36;
10.01.2025 12:47:25;2.37;
10.01.2025 12:47:26;2.36;
10.01.2025 12:47:27;2.37;
10.01.2025 12:47:28;2.36;
10.01.2025 12:47:29;2.37;
10.01.2025 12:47:30;2.37;
10.01.2025 12:47:31;2.36;
10.01.2025 12:47:33;2.36;
10.01.2025 12:47:34;2.37;
10.01.2025 12:47:35;2.36;
10.01.2025 12:47:36;2.37;
10.01.2025 12:47:47;2.37;
10.01.2025 12:47:48;2.38;
10.01.2025 12:47:49;2.37;
10.01.2025 12:47:51;2.37;
10.01.2025 12:47:52;2.38;
10.01.2025 12:47:53;2.37;
10.01.2025 12:47:54;2.37;
10.01.2025 12:47:55;2.38;
10.01.2025 12:47:56;2.38;
10.01.2025 12:47:57;2.37;
10.01.2025 12:47:58;2.37;
10.01.2025 12:47:59;2.38;
10.01.2025 12:48:06;2.38;
10.01.2025 12:48:07;2.39;
10.01.2025 12:48:08;2.39;
10.01.2025 12:48:09;2.38;
10.01.2025 12:48:10;2.39;
10.01.2025 12:48:11;2.39;
10.01.2025 12:48:12;2.38;
10.01.2025 12:48:13;2.39;
10.01.2025 12:48:14;2.38;
10.01.2025 12:48:15;2.38;
10.01.2025 12:48:16;2.39;
10.01.2025 12:48:17;2.38;
10.01.2025 12:48:18;2.39;
10.01.2025 12:48:27;2.39;
10.01.2025 12:48:28;2.4;
10.01.2025 12:48:30;2.4;
10.01.2025 12:48:31;2.39;
10.01.2025 12:48:32;2.39;
10.01.2025 12:48:33;2.4;
10.01.2025 12:48:34;2.39;
10.01.2025 12:48:35;2.4;
10.01.2025 12:48:36;2.39;
10.01.2025 12:48:39;2.39;
10.01.2025 12:48:40;2.4;
10.01.2025 12:48:41;2.39;
10.01.2025 12:48:42;2.41;
10.01.2025 12:48:43;2.41;
10.01.2025 12:48:44;2.4;
10.01.2025 12:48:46;2.4;
10.01.2025 12:48:47;2.41;
10.01.2025 12:48:48;2.41;
10.01.2025 12:48:49;2.4;
10.01.2025 12:48:50;2.39;
10.01.2025 12:48:51;2.4;
10.01.2025 12:48:54;2.4;
10.01.2025 12:48:55;2.41;
10.01.2025 12:48:57;2.41;
10.01.2025 12:48:58;2.4;
10.01.2025 12:48:59;2.4;
10.01.2025 12:49:00;2.41;
10.01.2025 12:49:01;2.4;
10.01.2025 12:49:02;2.4;
10.01.2025 12:49:03;2.41;
10.01.2025 12:49:04;2.41;
10.01.2025 12:49:05;2.4;
10.01.2025 12:49:06;2.41;
10.01.2025 12:49:07;2.4;
10.01.2025 12:49:08;2.4;
10.01.2025 12:49:09;2.41;
10.01.2025 12:49:10;2.41;
10.01.2025 12:49:11;2.4;
10.01.2025 12:49:12;2.4;
10.01.2025 12:49:13;2.41;
10.01.2025 12:49:17;2.41;
10.01.2025 12:49:18;2.4;
10.01.2025 12:49:19;2.41;
10.01.2025 12:49:20;2.41;
10.01.2025 12:49:21;2.4;
10.01.2025 12:49:22;2.42;
10.01.2025 12:49:23;2.4;
10.01.2025 12:49:25;2.4;
10.01.2025 12:49:26;2.41;
10.01.2025 12:49:27;2.42;
10.01.2025 12:49:28;2.41;
10.01.2025 12:49:33;2.41;
10.01.2025 12:49:34;2.42;
10.01.2025 12:49:35;2.41;
10.01.2025 12:49:36;2.41;
10.01.2025 12:49:37;2.42;
10.01.2025 12:49:38;2.41;
10.01.2025 12:49:41;2.41;
10.01.2025 12:49:42;2.42;
10.01.2025 12:49:49;2.42;
10.01.2025 12:49:50;2.41;
10.01.2025 12:49:51;2.43;
10.01.2025 12:49:52;2.41;
10.01.2025 12:49:53;2.42;
10.01.2025 12:49:54;2.43;
10.01.2025 12:49:55;2.42;
10.01.2025 12:49:58;2.42;
10.01.2025 12:49:59;2.43;
10.01.2025 12:50:00;2.43;
10.01.2025 12:50:01;2.42;
10.01.2025 12:50:02;2.42;
10.01.2025 12:50:03;2.43;
10.01.2025 12:50:04;2.42;
10.01.2025 12:50:05;2.42;
10.01.2025 12:50:06;2.43;
10.01.2025 12:50:07;2.42;
10.01.2025 12:50:08;2.42;
10.01.2025 12:50:09;2.43;
10.01.2025 12:50:10;2.42;
10.01.2025 12:50:11;2.43;
10.01.2025 12:50:12;2.42;
10.01.2025 12:50:13;2.42;
10.01.2025 12:50:14;2.43;
10.01.2025 12:50:15;2.42;
10.01.2025 12:50:16;2.42;
10.01.2025 12:50:17;2.44;
10.01.2025 12:50:18;2.43;
10.01.2025 12:50:24;2.43;
10.01.2025 12:50:25;2.44;
10.01.2025 12:50:26;2.43;
10.01.2025 12:50:28;2.43;
10.01.2025 12:50:29;2.44;
10.01.2025 12:50:30;2.43;
10.01.2025 12:50:31;2.43;
10.01.2025 12:50:32;2.44;
10.01.2025 12:50:33;2.44;
10.01.2025 12:50:34;2.43;
10.01.2025 12:50:35;2.44;
10.01.2025 12:50:36;2.44;
10.01.2025 12:50:37;2.43;
10.01.2025 12:50:38;2.44;
10.01.2025 12:50:50;2.44;
10.01.2025 12:50:51;2.45;
10.01.2025 12:50:54;2.45;
10.01.2025 12:50:55;2.44;
10.01.2025 12:50:56;2.44;
10.01.2025 12:50:57;2.45;
10.01.2025 12:50:58;2.44;
10.01.2025 12:50:59;2.44;
10.01.2025 12:51:00;2.45;
10.01.2025 12:51:03;2.45;
10.01.2025 12:51:04;2.44;
10.01.2025 12:51:05;2.45;
10.01.2025 12:51:09;2.45;
10.01.2025 12:51:10;2.44;
10.01.2025 12:51:11;2.45;
10.01.2025 12:51:14;2.45;
10.01.2025 12:51:15;2.44;
10.01.2025 12:51:16;2.45;
10.01.2025 12:51:17;2.45;
10.01.2025 12:51:18;2.46;
10.01.2025 12:51:20;2.46;
10.01.2025 12:51:21;2.45;
10.01.2025 12:51:22;2.46;
10.01.2025 12:51:23;2.45;
10.01.2025 12:51:24;2.46;
10.01.2025 12:51:25;2.46;
10.01.2025 12:51:26;2.45;
10.01.2025 12:51:27;2.46;
10.01.2025 12:51:35;2.46;
10.01.2025 12:51:36;2.47;
10.01.2025 12:51:37;2.46;
10.01.2025 12:51:38;2.47;
10.01.2025 12:51:41;2.47;
10.01.2025 12:51:42;2.46;
10.01.2025 12:51:43;2.47;
10.01.2025 12:51:44;2.46;
10.01.2025 12:51:48;2.46;
10.01.2025 12:51:49;2.47;
10.01.2025 12:51:51;2.47;
10.01.2025 12:51:52;2.46;
10.01.2025 12:51:53;2.46;
10.01.2025 12:51:54;2.47;
10.01.2025 12:51:55;2.46;
10.01.2025 12:51:58;2.46;
10.01.2025 12:51:59;2.47;
10.01.2025 12:52:01;2.47;
10.01.2025 12:52:02;2.48;
10.01.2025 12:52:03;2.47;
10.01.2025 12:52:06;2.47;
10.01.2025 12:52:07;2.48;
10.01.2025 12:52:09;2.48;
10.01.2025 12:52:10;2.47;
10.01.2025 12:52:11;2.48;
10.01.2025 12:52:16;2.48;
10.01.2025 12:52:17;2.47;
10.01.2025 12:52:19;2.47;
10.01.2025 12:52:20;2.48;
10.01.2025 12:52:21;2.47;
10.01.2025 12:52:22;2.48;
10.01.2025 12:52:28;2.48;
10.01.2025 12:52:29;2.49;
10.01.2025 12:52:30;2.48;
10.01.2025 12:52:39;2.48;
10.01.2025 12:52:40;2.49;
10.01.2025 12:52:41;2.49;
10.01.2025 12:52:42;2.48;
10.01.2025 12:52:43;2.48;
10.01.2025 12:52:44;2.49;
10.01.2025 12:52:49;2.49;
10.01.2025 12:52:50;2.48;
10.01.2025 12:52:51;2.49;
10.01.2025 12:52:52;2.48;
10.01.2025 12:52:53;2.49;
10.01.2025 12:52:57;2.49;
10.01.2025 12:52:58;2.48;
10.01.2025 12:52:59;2.48;
10.01.2025 12:53:00;2.49;
10.01.2025 12:53:06;2.49;
10.01.2025 12:53:07;2.5;
10.01.2025 12:53:10;2.5;
10.01.2025 12:53:11;2.49;
10.01.2025 12:53:12;2.49;
10.01.2025 12:53:13;2.5;
10.01.2025 12:53:15;2.5;
10.01.2025 12:53:16;2.49;
10.01.2025 12:53:17;2.49;
10.01.2025 12:53:18;2.5;
10.01.2025 12:53:19;2.49;
10.01.2025 12:53:20;2.5;
10.01.2025 12:53:27;2.5;
10.01.2025 12:53:28;2.49;
10.01.2025 12:53:29;2.5;
10.01.2025 12:53:30;2.49;
10.01.2025 12:53:31;2.49;
10.01.2025 12:53:32;2.5;
10.01.2025 12:53:38;2.5;
10.01.2025 12:53:39;2.51;
10.01.2025 12:53:40;2.49;
10.01.2025 12:53:41;2.5;
10.01.2025 12:53:42;2.51;
10.01.2025 12:53:43;2.5;
10.01.2025 12:53:44;2.51;
10.01.2025 12:53:45;2.5;
10.01.2025 12:53:46;2.5;
10.01.2025 12:53:47;2.51;
10.01.2025 12:53:48;2.51;
10.01.2025 12:53:49;2.5;
10.01.2025 12:53:50;2.51;
10.01.2025 12:53:51;2.51;
10.01.2025 12:53:52;2.5;
10.01.2025 12:53:53;2.51;
10.01.2025 12:54:01;2.51;
10.01.2025 12:54:02;2.5;
10.01.2025 12:54:03;2.51;
10.01.2025 12:54:06;2.51;
10.01.2025 12:54:07;2.5;
10.01.2025 12:54:08;2.51;
10.01.2025 12:54:09;2.52;
10.01.2025 12:54:10;2.51;
10.01.2025 12:54:11;2.51;
10.01.2025 12:54:12;2.52;
10.01.2025 12:54:14;2.52;
10.01.2025 12:54:15;2.51;
10.01.2025 12:54:16;2.52;
10.01.2025 12:54:20;2.52;
10.01.2025 12:54:21;2.51;
10.01.2025 12:54:22;2.52;
10.01.2025 12:54:24;2.52;
10.01.2025 12:54:25;2.51;
10.01.2025 12:54:26;2.51;
10.01.2025 12:54:27;2.52;
10.01.2025 12:54:28;2.52;
10.01.2025 12:54:29;2.53;
10.01.2025 12:54:30;2.52;
10.01.2025 12:54:31;2.53;
10.01.2025 12:54:32;2.52;
10.01.2025 12:54:33;2.53;
10.01.2025 12:54:34;2.53;
10.01.2025 12:54:35;2.54;
10.01.2025 12:54:36;2.53;
10.01.2025 12:54:37;2.52;
10.01.2025 12:54:40;2.52;
10.01.2025 12:54:41;2.53;
10.01.2025 12:54:42;2.51;
10.01.2025 12:54:43;2.53;
10.01.2025 12:54:45;2.53;
10.01.2025 12:54:46;2.52;
10.01.2025 12:54:47;2.54;
10.01.2025 12:54:48;2.53;
10.01.2025 12:54:49;2.52;
10.01.2025 12:54:50;2.52;
10.01.2025 12:54:51;2.53;
10.01.2025 12:54:55;2.53;
10.01.2025 12:54:56;2.54;
10.01.2025 12:54:57;2.54;
10.01.2025 12:54:58;2.53;
10.01.2025 12:54:59;2.53;
10.01.2025 12:55:00;2.54;
10.01.2025 12:55:01;2.53;
10.01.2025 12:55:03;2.53;
10.01.2025 12:55:04;2.54;
10.01.2025 12:55:05;2.53;
10.01.2025 12:55:06;2.54;
10.01.2025 12:55:10;2.54;
10.01.2025 12:55:11;2.53;
10.01.2025 12:55:12;2.54;
10.01.2025 12:55:18;2.54;
10.01.2025 12:55:19;2.53;
10.01.2025 12:55:20;2.54;
10.01.2025 12:55:25;2.54;
10.01.2025 12:55:26;2.55;
10.01.2025 12:55:27;2.54;
10.01.2025 12:55:29;2.54;
10.01.2025 12:55:30;2.55;
10.01.2025 12:55:32;2.55;
10.01.2025 12:55:33;2.54;
10.01.2025 12:55:34;2.55;
10.01.2025 12:55:37;2.55;
10.01.2025 12:55:38;2.54;
10.01.2025 12:55:39;2.55;
10.01.2025 12:55:43;2.55;
10.01.2025 12:55:44;2.54;
10.01.2025 12:55:46;2.54;
10.01.2025 12:55:47;2.55;
10.01.2025 12:55:49;2.55;
10.01.2025 12:55:50;2.54;
10.01.2025 12:55:51;2.54;
10.01.2025 12:55:52;2.55;
10.01.2025 12:56:04;2.55;
10.01.2025 12:56:05;2.56;
10.01.2025 12:56:06;2.55;
10.01.2025 12:56:07;2.56;
10.01.2025 12:56:08;2.56;
10.01.2025 12:56:09;2.55;
10.01.2025 12:56:10;2.55;
10.01.2025 12:56:11;2.56;
10.01.2025 12:56:12;2.56;
10.01.2025 12:56:13;2.55;
10.01.2025 12:56:16;2.55;
10.01.2025 12:56:17;2.56;
10.01.2025 12:56:18;2.55;
10.01.2025 12:56:20;2.55;
10.01.2025 12:56:21;2.56;
10.01.2025 12:56:25;2.56;
10.01.2025 12:56:26;2.57;
10.01.2025 12:56:27;2.56;
10.01.2025 12:56:33;2.56;
10.01.2025 12:56:34;2.57;
10.01.2025 12:56:35;2.57;
10.01.2025 12:56:36;2.56;
10.01.2025 12:56:42;2.56;
10.01.2025 12:56:43;2.57;
10.01.2025 12:56:44;2.58;
10.01.2025 12:56:45;2.57;
10.01.2025 12:56:51;2.57;
10.01.2025 12:56:52;2.56;
10.01.2025 12:56:53;2.57;
10.01.2025 12:56:56;2.57;
10.01.2025 12:56:57;2.58;
10.01.2025 12:56:58;2.57;
10.01.2025 12:57:02;2.57;
10.01.2025 12:57:03;2.58;
10.01.2025 12:57:04;2.57;
10.01.2025 12:57:07;2.57;
10.01.2025 12:57:08;2.58;
10.01.2025 12:57:14;2.58;
10.01.2025 12:57:15;2.57;
10.01.2025 12:57:17;2.57;
10.01.2025 12:57:18;2.59;
10.01.2025 12:57:19;2.57;
10.01.2025 12:57:23;2.57;
10.01.2025 12:57:24;2.58;
10.01.2025 12:57:31;2.58;
10.01.2025 12:57:32;2.59;
10.01.2025 12:57:33;2.58;
10.01.2025 12:57:34;2.57;
10.01.2025 12:57:35;2.58;
10.01.2025 12:57:36;2.58;
10.01.2025 12:57:37;2.57;
10.01.2025 12:57:38;2.58;
10.01.2025 12:57:39;2.58;
10.01.2025 12:57:40;2.59;
10.01.2025 12:57:41;2.58;
10.01.2025 12:57:43;2.58;
10.01.2025 12:57:44;2.59;
10.01.2025 12:57:51;2.59;
10.01.2025 12:57:52;2.58;
10.01.2025 12:57:53;2.6;
10.01.2025 12:57:54;2.59;
10.01.2025 12:57:57;2.59;
10.01.2025 12:57:58;2.6;
10.01.2025 12:57:59;2.59;
10.01.2025 12:58:02;2.59;
10.01.2025 12:58:03;2.6;
10.01.2025 12:58:04;2.58;
10.01.2025 12:58:05;2.6;
10.01.2025 12:58:06;2.59;
10.01.2025 12:58:08;2.59;
10.01.2025 12:58:09;2.58;
10.01.2025 12:58:10;2.58;
10.01.2025 12:58:11;2.59;
10.01.2025 12:58:13;2.59;
10.01.2025 12:58:14;2.6;
10.01.2025 12:58:15;2.59;
10.01.2025 12:58:17;2.59;
10.01.2025 12:58:18;2.6;
10.01.2025 12:58:19;2.59;
10.01.2025 12:58:20;2.59;
10.01.2025 12:58:21;2.6;
10.01.2025 12:58:23;2.6;
10.01.2025 12:58:24;2.59;
10.01.2025 12:58:25;2.6;
10.01.2025 12:58:26;2.6;
10.01.2025 12:58:27;2.59;
10.01.2025 12:58:28;2.6;
10.01.2025 12:58:32;2.6;
10.01.2025 12:58:33;2.59;
10.01.2025 12:58:34;2.6;
10.01.2025 12:58:35;2.6;
10.01.2025 12:58:36;2.59;
10.01.2025 12:58:37;2.6;
10.01.2025 12:58:38;2.59;
10.01.2025 12:58:39;2.6;
10.01.2025 12:58:44;2.6;
10.01.2025 12:58:45;2.61;
10.01.2025 12:58:46;2.6;
10.01.2025 12:58:47;2.6;
10.01.2025 12:58:48;2.61;
10.01.2025 12:58:49;2.6;
10.01.2025 12:58:50;2.61;
10.01.2025 12:58:52;2.61;
10.01.2025 12:58:53;2.6;
10.01.2025 12:58:58;2.6;
10.01.2025 12:58:59;2.61;
10.01.2025 12:59:00;2.6;
10.01.2025 12:59:01;2.6;
10.01.2025 12:59:02;2.61;
10.01.2025 12:59:04;2.61;
10.01.2025 12:59:05;2.6;
10.01.2025 12:59:06;2.61;
10.01.2025 12:59:07;2.62;
10.01.2025 12:59:08;2.61;
10.01.2025 12:59:11;2.61;
10.01.2025 12:59:12;2.62;
10.01.2025 12:59:13;2.61;
10.01.2025 12:59:16;2.61;
10.01.2025 12:59:17;2.6;
10.01.2025 12:59:18;2.61;
10.01.2025 12:59:22;2.61;
10.01.2025 12:59:23;2.62;
10.01.2025 12:59:24;2.61;
10.01.2025 12:59:27;2.61;
10.01.2025 12:59:28;2.62;
10.01.2025 12:59:33;2.62;
10.01.2025 12:59:34;2.61;
10.01.2025 12:59:35;2.62;
10.01.2025 12:59:45;2.62;
10.01.2025 12:59:46;2.63;
10.01.2025 12:59:47;2.62;
10.01.2025 12:59:49;2.62;
10.01.2025 12:59:50;2.63;
10.01.2025 12:59:51;2.62;
10.01.2025 12:59:52;2.62;
10.01.2025 12:59:53;2.63;
10.01.2025 12:59:56;2.63;
10.01.2025 12:59:57;2.62;
10.01.2025 12:59:58;2.63;
10.01.2025 12:59:59;2.64;
10.01.2025 13:00:00;2.63;
10.01.2025 13:00:01;2.63;
10.01.2025 13:00:02;2.62;
10.01.2025 13:00:03;2.63;
10.01.2025 13:00:04;2.62;
10.01.2025 13:00:05;2.63;
10.01.2025 13:00:06;2.62;
10.01.2025 13:00:07;2.63;
10.01.2025 13:00:08;2.64;
10.01.2025 13:00:09;2.63;
10.01.2025 13:00:10;2.63;
10.01.2025 13:00:11;2.64;
10.01.2025 13:00:12;2.63;
10.01.2025 13:00:13;2.64;
10.01.2025 13:00:14;2.63;
10.01.2025 13:00:15;2.64;
10.01.2025 13:00:16;2.63;
10.01.2025 13:00:18;2.63;
10.01.2025 13:00:19;2.62;
10.01.2025 13:00:20;2.63;
10.01.2025 13:00:27;2.63;
10.01.2025 13:00:28;2.64;
10.01.2025 13:00:29;2.64;
10.01.2025 13:00:30;2.63;
10.01.2025 13:00:32;2.63;
10.01.2025 13:00:33;2.64;
10.01.2025 13:00:34;2.64;
10.01.2025 13:00:35;2.63;
10.01.2025 13:00:36;2.64;
10.01.2025 13:00:38;2.64;
10.01.2025 13:00:39;2.63;
10.01.2025 13:00:40;2.63;
10.01.2025 13:00:41;2.64;
10.01.2025 13:00:42;2.65;
10.01.2025 13:00:43;2.64;
10.01.2025 13:00:44;2.64;
10.01.2025 13:00:45;2.63;
10.01.2025 13:00:46;2.64;
10.01.2025 13:00:48;2.64;
10.01.2025 13:00:49;2.65;
10.01.2025 13:00:50;2.63;
10.01.2025 13:00:52;2.63;
10.01.2025 13:00:53;2.64;
10.01.2025 13:01:02;2.64;
10.01.2025 13:01:03;2.65;
10.01.2025 13:01:04;2.64;
10.01.2025 13:01:07;2.64;
10.01.2025 13:01:08;2.65;
10.01.2025 13:01:11;2.65;
10.01.2025 13:01:12;2.64;
10.01.2025 13:01:14;2.64;
10.01.2025 13:01:15;2.65;
10.01.2025 13:01:16;2.64;
10.01.2025 13:01:17;2.65;
10.01.2025 13:01:22;2.65;
10.01.2025 13:01:23;2.64;
10.01.2025 13:01:24;2.66;
10.01.2025 13:01:25;2.65;
10.01.2025 13:01:26;2.65;
10.01.2025 13:01:27;2.66;
10.01.2025 13:01:28;2.65;
10.01.2025 13:01:29;2.65;
10.01.2025 13:01:30;2.66;
10.01.2025 13:01:31;2.65;
10.01.2025 13:01:33;2.65;
10.01.2025 13:01:34;2.66;
10.01.2025 13:01:35;2.66;
10.01.2025 13:01:36;2.65;
10.01.2025 13:01:37;2.66;
10.01.2025 13:01:40;2.66;
10.01.2025 13:01:41;2.65;
10.01.2025 13:01:42;2.66;
10.01.2025 13:01:43;2.66;
10.01.2025 13:01:44;2.65;
10.01.2025 13:01:45;2.66;
10.01.2025 13:01:47;2.66;
10.01.2025 13:01:48;2.65;
10.01.2025 13:01:49;2.66;
10.01.2025 13:01:50;2.66;
10.01.2025 13:01:51;2.67;
10.01.2025 13:01:52;2.66;
10.01.2025 13:01:56;2.66;
10.01.2025 13:01:57;2.65;
10.01.2025 13:01:58;2.67;
10.01.2025 13:01:59;2.66;
10.01.2025 13:02:01;2.66;
10.01.2025 13:02:02;2.65;
10.01.2025 13:02:03;2.66;
10.01.2025 13:02:05;2.66;
10.01.2025 13:02:06;2.65;
10.01.2025 13:02:07;2.66;
10.01.2025 13:02:10;2.66;
10.01.2025 13:02:11;2.67;
10.01.2025 13:02:12;2.66;
10.01.2025 13:02:13;2.66;
10.01.2025 13:02:14;2.67;
10.01.2025 13:02:15;2.67;
10.01.2025 13:02:16;2.66;
10.01.2025 13:02:17;2.67;
10.01.2025 13:02:19;2.67;
10.01.2025 13:02:20;2.66;
10.01.2025 13:02:21;2.66;
10.01.2025 13:02:22;2.67;
10.01.2025 13:02:23;2.67;
10.01.2025 13:02:24;2.66;
10.01.2025 13:02:25;2.66;
10.01.2025 13:02:26;2.67;
10.01.2025 13:02:27;2.66;
10.01.2025 13:02:28;2.66;
10.01.2025 13:02:29;2.67;
10.01.2025 13:02:31;2.67;
10.01.2025 13:02:32;2.68;
10.01.2025 13:02:33;2.66;
10.01.2025 13:02:34;2.67;
10.01.2025 13:02:35;2.67;
10.01.2025 13:02:36;2.66;
10.01.2025 13:02:37;2.67;
10.01.2025 13:02:41;2.67;
10.01.2025 13:02:42;2.66;
10.01.2025 13:02:43;2.68;
10.01.2025 13:02:44;2.67;
10.01.2025 13:02:45;2.66;
10.01.2025 13:02:46;2.67;
10.01.2025 13:02:47;2.68;
10.01.2025 13:02:48;2.67;
10.01.2025 13:02:56;2.67;
10.01.2025 13:02:57;2.68;
10.01.2025 13:02:59;2.68;
10.01.2025 13:03:00;2.67;
10.01.2025 13:03:01;2.68;
10.01.2025 13:03:03;2.68;
10.01.2025 13:03:04;2.67;
10.01.2025 13:03:05;2.68;
10.01.2025 13:03:07;2.68;
10.01.2025 13:03:08;2.67;
10.01.2025 13:03:09;2.67;
10.01.2025 13:03:10;2.68;
10.01.2025 13:03:12;2.68;
10.01.2025 13:03:13;2.67;
10.01.2025 13:03:14;2.67;
10.01.2025 13:03:15;2.68;
10.01.2025 13:03:16;2.67;
10.01.2025 13:03:17;2.68;
10.01.2025 13:03:28;2.68;
10.01.2025 13:03:29;2.69;
10.01.2025 13:03:30;2.68;
10.01.2025 13:03:31;2.69;
10.01.2025 13:03:32;2.68;
10.01.2025 13:03:33;2.69;
10.01.2025 13:03:34;2.69;
10.01.2025 13:03:35;2.68;
10.01.2025 13:03:36;2.69;
10.01.2025 13:03:37;2.69;
10.01.2025 13:03:38;2.68;
10.01.2025 13:03:39;2.69;
10.01.2025 13:03:40;2.68;
10.01.2025 13:03:43;2.68;
10.01.2025 13:03:44;2.69;
10.01.2025 13:03:45;2.68;
10.01.2025 13:03:47;2.68;
10.01.2025 13:03:48;2.69;
10.01.2025 13:03:50;2.69;
10.01.2025 13:03:51;2.7;
10.01.2025 13:03:52;2.69;
10.01.2025 13:03:54;2.69;
10.01.2025 13:03:55;2.7;
10.01.2025 13:03:56;2.69;
10.01.2025 13:03:57;2.68;
10.01.2025 13:03:58;2.69;
10.01.2025 13:03:59;2.68;
10.01.2025 13:04:00;2.69;
10.01.2025 13:04:02;2.69;
10.01.2025 13:04:03;2.7;
10.01.2025 13:04:04;2.69;
10.01.2025 13:04:06;2.69;
10.01.2025 13:04:07;2.7;
10.01.2025 13:04:09;2.7;
10.01.2025 13:04:10;2.69;
10.01.2025 13:04:12;2.69;
10.01.2025 13:04:13;2.7;
10.01.2025 13:04:14;2.69;
10.01.2025 13:04:15;2.69;
10.01.2025 13:04:16;2.7;
10.01.2025 13:04:21;2.7;
10.01.2025 13:04:22;2.71;
10.01.2025 13:04:23;2.7;
10.01.2025 13:04:24;2.71;
10.01.2025 13:04:25;2.7;
10.01.2025 13:04:29;2.7;
10.01.2025 13:04:30;2.69;
10.01.2025 13:04:31;2.7;
10.01.2025 13:04:34;2.7;
10.01.2025 13:04:35;2.69;
10.01.2025 13:04:36;2.7;
10.01.2025 13:04:38;2.7;
10.01.2025 13:04:39;2.69;
10.01.2025 13:04:40;2.7;
10.01.2025 13:04:44;2.7;
10.01.2025 13:04:45;2.71;
10.01.2025 13:04:46;2.71;
10.01.2025 13:04:47;2.7;
10.01.2025 13:04:48;2.7;
10.01.2025 13:04:49;2.71;
10.01.2025 13:04:50;2.7;
10.01.2025 13:04:51;2.71;
10.01.2025 13:04:52;2.71;
10.01.2025 13:04:53;2.7;
10.01.2025 13:04:54;2.71;
10.01.2025 13:04:55;2.7;
10.01.2025 13:04:56;2.71;
10.01.2025 13:04:58;2.71;
10.01.2025 13:04:59;2.7;
10.01.2025 13:05:00;2.71;
10.01.2025 13:05:01;2.71;
10.01.2025 13:05:02;2.7;
10.01.2025 13:05:03;2.71;
10.01.2025 13:05:06;2.71;
10.01.2025 13:05:07;2.72;
10.01.2025 13:05:08;2.71;
10.01.2025 13:05:09;2.71;
10.01.2025 13:05:10;2.72;
10.01.2025 13:05:11;2.72;
10.01.2025 13:05:12;2.71;
10.01.2025 13:05:14;2.71;
10.01.2025 13:05:15;2.72;
10.01.2025 13:05:16;2.71;
10.01.2025 13:05:17;2.72;
10.01.2025 13:05:18;2.71;
10.01.2025 13:05:25;2.71;
10.01.2025 13:05:26;2.72;
10.01.2025 13:05:27;2.71;
10.01.2025 13:05:29;2.71;
10.01.2025 13:05:30;2.72;
10.01.2025 13:05:34;2.72;
10.01.2025 13:05:35;2.71;
10.01.2025 13:05:36;2.71;
10.01.2025 13:05:37;2.73;
10.01.2025 13:05:38;2.72;
10.01.2025 13:05:45;2.72;
10.01.2025 13:05:46;2.73;
10.01.2025 13:05:47;2.72;
10.01.2025 13:05:48;2.73;
10.01.2025 13:05:50;2.73;
10.01.2025 13:05:51;2.72;
10.01.2025 13:05:57;2.72;
10.01.2025 13:05:58;2.73;
10.01.2025 13:05:59;2.72;
10.01.2025 13:06:02;2.72;
10.01.2025 13:06:03;2.73;
10.01.2025 13:06:04;2.72;
10.01.2025 13:06:05;2.73;
10.01.2025 13:06:08;2.73;
10.01.2025 13:06:09;2.72;
10.01.2025 13:06:10;2.73;
10.01.2025 13:06:14;2.73;
10.01.2025 13:06:15;2.72;
10.01.2025 13:06:16;2.73;
10.01.2025 13:06:26;2.73;
10.01.2025 13:06:27;2.72;
10.01.2025 13:06:28;2.73;
10.01.2025 13:06:30;2.73;
10.01.2025 13:06:31;2.72;
10.01.2025 13:06:32;2.73;
10.01.2025 13:06:34;2.73;
10.01.2025 13:06:35;2.72;
10.01.2025 13:06:36;2.72;
10.01.2025 13:06:37;2.73;
10.01.2025 13:06:38;2.73;
10.01.2025 13:06:39;2.74;
10.01.2025 13:06:40;2.74;
10.01.2025 13:06:41;2.73;
10.01.2025 13:06:42;2.74;
10.01.2025 13:06:43;2.73;
10.01.2025 13:06:44;2.74;
10.01.2025 13:06:45;2.73;
10.01.2025 13:06:48;2.73;
10.01.2025 13:06:49;2.74;
10.01.2025 13:06:56;2.74;
10.01.2025 13:06:57;2.73;
10.01.2025 13:06:58;2.73;
10.01.2025 13:06:59;2.74;
10.01.2025 13:07:00;2.75;
10.01.2025 13:07:01;2.74;
10.01.2025 13:07:04;2.74;
10.01.2025 13:07:05;2.75;
10.01.2025 13:07:06;2.74;
10.01.2025 13:07:08;2.74;
10.01.2025 13:07:09;2.75;
10.01.2025 13:07:10;2.75;
10.01.2025 13:07:11;2.74;
10.01.2025 13:07:13;2.74;
10.01.2025 13:07:14;2.75;
10.01.2025 13:07:15;2.74;
10.01.2025 13:07:21;2.74;
10.01.2025 13:07:22;2.75;
10.01.2025 13:07:23;2.74;
10.01.2025 13:07:25;2.74;
10.01.2025 13:07:26;2.75;
10.01.2025 13:07:27;2.75;
10.01.2025 13:07:28;2.74;
10.01.2025 13:07:29;2.75;
10.01.2025 13:07:30;2.75;
10.01.2025 13:07:31;2.74;
10.01.2025 13:07:32;2.75;
10.01.2025 13:07:36;2.75;
10.01.2025 13:07:37;2.76;
10.01.2025 13:07:38;2.75;
10.01.2025 13:07:42;2.75;
10.01.2025 13:07:43;2.74;
10.01.2025 13:07:44;2.75;
10.01.2025 13:07:45;2.75;
10.01.2025 13:07:46;2.74;
10.01.2025 13:07:47;2.76;
10.01.2025 13:07:48;2.75;
10.01.2025 13:07:55;2.75;
10.01.2025 13:07:56;2.76;
10.01.2025 13:07:57;2.75;
10.01.2025 13:07:58;2.76;
10.01.2025 13:08:00;2.76;
10.01.2025 13:08:01;2.75;
10.01.2025 13:08:02;2.76;
10.01.2025 13:08:03;2.75;
10.01.2025 13:08:04;2.76;
10.01.2025 13:08:05;2.75;
10.01.2025 13:08:08;2.75;
10.01.2025 13:08:09;2.76;
10.01.2025 13:08:12;2.76;
10.01.2025 13:08:13;2.75;
10.01.2025 13:08:15;2.75;
10.01.2025 13:08:16;2.76;
10.01.2025 13:08:21;2.76;
10.01.2025 13:08:22;2.75;
10.01.2025 13:08:23;2.77;
10.01.2025 13:08:24;2.76;
10.01.2025 13:08:32;2.76;
10.01.2025 13:08:33;2.75;
10.01.2025 13:08:34;2.76;
10.01.2025 13:08:35;2.77;
10.01.2025 13:08:36;2.76;
10.01.2025 13:08:37;2.76;
10.01.2025 13:08:38;2.77;
10.01.2025 13:08:39;2.76;
10.01.2025 13:08:45;2.76;
10.01.2025 13:08:46;2.77;
10.01.2025 13:08:47;2.77;
10.01.2025 13:08:48;2.76;
10.01.2025 13:08:49;2.77;
10.01.2025 13:08:50;2.76;
10.01.2025 13:08:51;2.77;
10.01.2025 13:08:56;2.77;
10.01.2025 13:08:57;2.76;
10.01.2025 13:08:58;2.77;
10.01.2025 13:09:00;2.77;
10.01.2025 13:09:01;2.78;
10.01.2025 13:09:02;2.77;
10.01.2025 13:09:03;2.76;
10.01.2025 13:09:04;2.77;
10.01.2025 13:09:08;2.77;
10.01.2025 13:09:09;2.78;
10.01.2025 13:09:10;2.78;
10.01.2025 13:09:11;2.77;
10.01.2025 13:09:12;2.76;
10.01.2025 13:09:13;2.77;
10.01.2025 13:09:14;2.78;
10.01.2025 13:09:15;2.77;
10.01.2025 13:09:17;2.77;
10.01.2025 13:09:18;2.78;
10.01.2025 13:09:19;2.77;
10.01.2025 13:09:20;2.78;
10.01.2025 13:09:21;2.77;
10.01.2025 13:09:22;2.78;
10.01.2025 13:09:25;2.78;
10.01.2025 13:09:26;2.77;
10.01.2025 13:09:28;2.77;
10.01.2025 13:09:29;2.78;
10.01.2025 13:09:30;2.77;
10.01.2025 13:09:31;2.78;
10.01.2025 13:09:32;2.77;
10.01.2025 13:09:33;2.78;
10.01.2025 13:09:34;2.77;
10.01.2025 13:09:35;2.79;
10.01.2025 13:09:36;2.78;
10.01.2025 13:09:37;2.78;
10.01.2025 13:09:38;2.77;
10.01.2025 13:09:39;2.78;
10.01.2025 13:09:44;2.78;
10.01.2025 13:09:45;2.77;
10.01.2025 13:09:46;2.78;
10.01.2025 13:09:47;2.78;
10.01.2025 13:09:48;2.79;
10.01.2025 13:09:49;2.77;
10.01.2025 13:09:50;2.78;
10.01.2025 13:09:56;2.78;
10.01.2025 13:09:57;2.79;
10.01.2025 13:09:58;2.78;
10.01.2025 13:10:10;2.78;
10.01.2025 13:10:11;2.79;
10.01.2025 13:10:22;2.79;
10.01.2025 13:10:23;2.78;
10.01.2025 13:10:24;2.78;
10.01.2025 13:10:25;2.79;
10.01.2025 13:10:26;2.77;
10.01.2025 13:10:27;2.79;
10.01.2025 13:10:28;2.8;
10.01.2025 13:10:29;2.79;
10.01.2025 13:10:30;2.8;
10.01.2025 13:10:31;2.8;
10.01.2025 13:10:32;2.79;
10.01.2025 13:10:36;2.79;
10.01.2025 13:10:37;2.78;
10.01.2025 13:10:38;2.8;
10.01.2025 13:10:39;2.79;
10.01.2025 13:10:42;2.79;
10.01.2025 13:10:43;2.78;
10.01.2025 13:10:44;2.79;
10.01.2025 13:10:45;2.79;
10.01.2025 13:10:46;2.8;
10.01.2025 13:10:47;2.79;
10.01.2025 13:10:50;2.79;
10.01.2025 13:10:51;2.8;
10.01.2025 13:10:52;2.79;
10.01.2025 13:10:54;2.79;
10.01.2025 13:10:55;2.8;
10.01.2025 13:10:58;2.8;
10.01.2025 13:10:59;2.79;
10.01.2025 13:11:00;2.8;
10.01.2025 13:11:08;2.8;
10.01.2025 13:11:09;2.79;
10.01.2025 13:11:10;2.8;
10.01.2025 13:11:11;2.8;
10.01.2025 13:11:12;2.79;
10.01.2025 13:11:13;2.8;
10.01.2025 13:11:17;2.8;
10.01.2025 13:11:18;2.81;
10.01.2025 13:11:19;2.8;
10.01.2025 13:11:22;2.8;
10.01.2025 13:11:23;2.79;
10.01.2025 13:11:24;2.8;
10.01.2025 13:11:26;2.8;
10.01.2025 13:11:27;2.79;
10.01.2025 13:11:28;2.8;
10.01.2025 13:11:29;2.79;
10.01.2025 13:11:30;2.8;
10.01.2025 13:11:31;2.79;
10.01.2025 13:11:32;2.81;
10.01.2025 13:11:33;2.8;
10.01.2025 13:11:38;2.8;
10.01.2025 13:11:39;2.81;
10.01.2025 13:11:40;2.8;
10.01.2025 13:11:41;2.79;
10.01.2025 13:11:42;2.81;
10.01.2025 13:11:43;2.81;
10.01.2025 13:11:44;2.8;
10.01.2025 13:11:48;2.8;
10.01.2025 13:11:49;2.81;
10.01.2025 13:11:50;2.8;
10.01.2025 13:12:00;2.8;
10.01.2025 13:12:01;2.81;
10.01.2025 13:12:02;2.81;
10.01.2025 13:12:03;2.8;
10.01.2025 13:12:04;2.8;
10.01.2025 13:12:05;2.81;
10.01.2025 13:12:06;2.81;
10.01.2025 13:12:07;2.8;
10.01.2025 13:12:08;2.81;
10.01.2025 13:12:09;2.81;
10.01.2025 13:12:10;2.8;
10.01.2025 13:12:11;2.8;
10.01.2025 13:12:12;2.81;
10.01.2025 13:12:15;2.81;
10.01.2025 13:12:16;2.8;
10.01.2025 13:12:17;2.81;
10.01.2025 13:12:18;2.82;
10.01.2025 13:12:19;2.81;
10.01.2025 13:12:21;2.81;
10.01.2025 13:12:22;2.82;
10.01.2025 13:12:23;2.8;
10.01.2025 13:12:24;2.81;
10.01.2025 13:12:25;2.81;
10.01.2025 13:12:26;2.82;
10.01.2025 13:12:27;2.81;
10.01.2025 13:12:28;2.81;
10.01.2025 13:12:29;2.82;
10.01.2025 13:12:31;2.82;
10.01.2025 13:12:32;2.81;
10.01.2025 13:12:33;2.81;
10.01.2025 13:12:34;2.82;
10.01.2025 13:12:35;2.82;
10.01.2025 13:12:36;2.81;
10.01.2025 13:12:38;2.81;
10.01.2025 13:12:39;2.82;
10.01.2025 13:12:40;2.81;
10.01.2025 13:12:41;2.82;
10.01.2025 13:12:42;2.82;
10.01.2025 13:12:43;2.81;
10.01.2025 13:12:44;2.82;
10.01.2025 13:12:45;2.81;
10.01.2025 13:12:46;2.82;
10.01.2025 13:12:47;2.81;
10.01.2025 13:12:48;2.81;
10.01.2025 13:12:49;2.82;
10.01.2025 13:12:50;2.82;
10.01.2025 13:12:51;2.83;
10.01.2025 13:12:52;2.82;
10.01.2025 13:12:55;2.82;
10.01.2025 13:12:56;2.81;
10.01.2025 13:12:57;2.82;
10.01.2025 13:12:58;2.81;
10.01.2025 13:12:59;2.82;
10.01.2025 13:13:04;2.82;
10.01.2025 13:13:05;2.81;
10.01.2025 13:13:06;2.82;
10.01.2025 13:13:12;2.82;
10.01.2025 13:13:13;2.83;
10.01.2025 13:13:14;2.83;
10.01.2025 13:13:15;2.82;
10.01.2025 13:13:16;2.82;
10.01.2025 13:13:17;2.83;
10.01.2025 13:13:18;2.83;
10.01.2025 13:13:19;2.82;
10.01.2025 13:13:20;2.82;
10.01.2025 13:13:21;2.83;
10.01.2025 13:13:22;2.83;
10.01.2025 13:13:23;2.84;
10.01.2025 13:13:24;2.83;
10.01.2025 13:13:25;2.83;
10.01.2025 13:13:26;2.82;
10.01.2025 13:13:27;2.83;
10.01.2025 13:13:31;2.83;
10.01.2025 13:13:32;2.82;
10.01.2025 13:13:33;2.83;
10.01.2025 13:13:34;2.82;
10.01.2025 13:13:35;2.83;
10.01.2025 13:13:38;2.83;
10.01.2025 13:13:39;2.84;
10.01.2025 13:13:40;2.82;
10.01.2025 13:13:41;2.83;
10.01.2025 13:13:42;2.82;
10.01.2025 13:13:43;2.83;
10.01.2025 13:13:45;2.83;
10.01.2025 13:13:46;2.82;
10.01.2025 13:13:47;2.83;
10.01.2025 13:13:48;2.83;
10.01.2025 13:13:49;2.84;
10.01.2025 13:13:50;2.83;
10.01.2025 13:13:51;2.84;
10.01.2025 13:13:52;2.83;
10.01.2025 13:13:57;2.83;
10.01.2025 13:13:58;2.84;
10.01.2025 13:13:59;2.83;
10.01.2025 13:14:01;2.83;
10.01.2025 13:14:02;2.84;
10.01.2025 13:14:03;2.84;
10.01.2025 13:14:04;2.83;
10.01.2025 13:14:06;2.83;
10.01.2025 13:14:07;2.84;
10.01.2025 13:14:08;2.83;
10.01.2025 13:14:09;2.84;
10.01.2025 13:14:22;2.84;
10.01.2025 13:14:23;2.83;
10.01.2025 13:14:24;2.83;
10.01.2025 13:14:25;2.84;
10.01.2025 13:14:30;2.84;
10.01.2025 13:14:31;2.85;
10.01.2025 13:14:32;2.84;
10.01.2025 13:14:33;2.83;
10.01.2025 13:14:34;2.84;
10.01.2025 13:14:35;2.84;
10.01.2025 13:14:36;2.83;
10.01.2025 13:14:37;2.85;
10.01.2025 13:14:38;2.84;
10.01.2025 13:14:39;2.83;
10.01.2025 13:14:40;2.85;
10.01.2025 13:14:41;2.83;
10.01.2025 13:14:42;2.84;
10.01.2025 13:14:45;2.84;
10.01.2025 13:14:46;2.85;
10.01.2025 13:14:47;2.84;
10.01.2025 13:14:48;2.84;
10.01.2025 13:14:49;2.85;
10.01.2025 13:14:50;2.84;
10.01.2025 13:14:51;2.85;
10.01.2025 13:14:52;2.84;
10.01.2025 13:14:53;2.85;
10.01.2025 13:14:54;2.85;
10.01.2025 13:14:55;2.84;
10.01.2025 13:14:56;2.85;
10.01.2025 13:14:57;2.85;
10.01.2025 13:14:58;2.84;
10.01.2025 13:14:59;2.85;
10.01.2025 13:15:10;2.85;
10.01.2025 13:15:11;2.86;
10.01.2025 13:15:12;2.85;
10.01.2025 13:15:16;2.85;
10.01.2025 13:15:17;2.86;
10.01.2025 13:15:18;2.86;
10.01.2025 13:15:19;2.84;
10.01.2025 13:15:20;2.86;
10.01.2025 13:15:21;2.85;
10.01.2025 13:15:23;2.85;
10.01.2025 13:15:24;2.86;
10.01.2025 13:15:26;2.86;
10.01.2025 13:15:27;2.85;
10.01.2025 13:15:28;2.85;
10.01.2025 13:15:29;2.86;
10.01.2025 13:15:30;2.85;
10.01.2025 13:15:31;2.86;
10.01.2025 13:15:34;2.86;
10.01.2025 13:15:35;2.85;
10.01.2025 13:15:36;2.86;
10.01.2025 13:15:39;2.86;
10.01.2025 13:15:40;2.85;
10.01.2025 13:15:41;2.86;
10.01.2025 13:15:42;2.85;
10.01.2025 13:15:43;2.85;
10.01.2025 13:15:44;2.86;
10.01.2025 13:15:45;2.85;
10.01.2025 13:15:46;2.85;
10.01.2025 13:15:47;2.86;
10.01.2025 13:15:48;2.86;
10.01.2025 13:15:49;2.85;
10.01.2025 13:15:50;2.86;
10.01.2025 13:15:59;2.86;
10.01.2025 13:16:00;2.85;
10.01.2025 13:16:01;2.87;
10.01.2025 13:16:02;2.85;
10.01.2025 13:16:03;2.86;
10.01.2025 13:16:05;2.86;
10.01.2025 13:16:06;2.85;
10.01.2025 13:16:07;2.85;
10.01.2025 13:16:08;2.86;
10.01.2025 13:16:14;2.86;
10.01.2025 13:16:15;2.85;
10.01.2025 13:16:16;2.86;
10.01.2025 13:16:17;2.85;
10.01.2025 13:16:18;2.87;
10.01.2025 13:16:19;2.87;
10.01.2025 13:16:20;2.86;
10.01.2025 13:16:22;2.86;
10.01.2025 13:16:23;2.87;
10.01.2025 13:16:24;2.87;
10.01.2025 13:16:25;2.86;
10.01.2025 13:16:27;2.86;
10.01.2025 13:16:28;2.87;
10.01.2025 13:16:29;2.86;
10.01.2025 13:16:30;2.86;
10.01.2025 13:16:31;2.87;
10.01.2025 13:16:32;2.87;
10.01.2025 13:16:33;2.86;
10.01.2025 13:16:36;2.86;
10.01.2025 13:16:37;2.87;
10.01.2025 13:16:38;2.86;
10.01.2025 13:16:39;2.86;
10.01.2025 13:16:40;2.88;
10.01.2025 13:16:41;2.88;
10.01.2025 13:16:42;2.86;
10.01.2025 13:16:44;2.86;
10.01.2025 13:16:45;2.87;
10.01.2025 13:16:46;2.87;
10.01.2025 13:16:47;2.86;
10.01.2025 13:16:49;2.86;
10.01.2025 13:16:50;2.87;
10.01.2025 13:16:52;2.87;
10.01.2025 13:16:53;2.86;
10.01.2025 13:16:54;2.87;
10.01.2025 13:16:55;2.87;
10.01.2025 13:16:56;2.86;
10.01.2025 13:16:57;2.87;
10.01.2025 13:16:59;2.87;
10.01.2025 13:17:00;2.86;
10.01.2025 13:17:01;2.87;
10.01.2025 13:17:03;2.87;
10.01.2025 13:17:04;2.86;
10.01.2025 13:17:05;2.87;
10.01.2025 13:17:08;2.87;
10.01.2025 13:17:09;2.88;
10.01.2025 13:17:10;2.87;
10.01.2025 13:17:14;2.87;
10.01.2025 13:17:15;2.88;
10.01.2025 13:17:16;2.87;
10.01.2025 13:17:18;2.87;
10.01.2025 13:17:19;2.88;
10.01.2025 13:17:20;2.87;
10.01.2025 13:17:21;2.88;
10.01.2025 13:17:22;2.87;
10.01.2025 13:17:23;2.88;
10.01.2025 13:17:24;2.88;
10.01.2025 13:17:25;2.87;
10.01.2025 13:17:26;2.87;
10.01.2025 13:17:27;2.88;
10.01.2025 13:17:32;2.88;
10.01.2025 13:17:33;2.87;
10.01.2025 13:17:35;2.87;
10.01.2025 13:17:36;2.88;
10.01.2025 13:17:39;2.88;
10.01.2025 13:17:40;2.87;
10.01.2025 13:17:41;2.88;
10.01.2025 13:17:43;2.88;
10.01.2025 13:17:44;2.89;
10.01.2025 13:17:45;2.88;
10.01.2025 13:17:49;2.88;
10.01.2025 13:17:50;2.89;
10.01.2025 13:17:51;2.88;
10.01.2025 13:18:01;2.88;
10.01.2025 13:18:02;2.89;
10.01.2025 13:18:03;2.87;
10.01.2025 13:18:04;2.88;
10.01.2025 13:18:05;2.89;
10.01.2025 13:18:06;2.88;
10.01.2025 13:18:07;2.88;
10.01.2025 13:18:08;2.89;
10.01.2025 13:18:09;2.88;
10.01.2025 13:18:10;2.89;
10.01.2025 13:18:11;2.88;
10.01.2025 13:18:19;2.88;
10.01.2025 13:18:20;2.89;
10.01.2025 13:18:21;2.88;
10.01.2025 13:18:23;2.88;
10.01.2025 13:18:24;2.9;
10.01.2025 13:18:25;2.89;
10.01.2025 13:18:26;2.88;
10.01.2025 13:18:28;2.88;
10.01.2025 13:18:29;2.9;
10.01.2025 13:18:30;2.89;
10.01.2025 13:18:34;2.89;
10.01.2025 13:18:35;2.88;
10.01.2025 13:18:36;2.89;
10.01.2025 13:18:37;2.88;
10.01.2025 13:18:38;2.88;
10.01.2025 13:18:39;2.89;
10.01.2025 13:18:40;2.88;
10.01.2025 13:18:41;2.9;
10.01.2025 13:18:42;2.89;
10.01.2025 13:18:48;2.89;
10.01.2025 13:18:49;2.9;
10.01.2025 13:18:50;2.89;
10.01.2025 13:19:02;2.89;
10.01.2025 13:19:03;2.9;
10.01.2025 13:19:04;2.89;
10.01.2025 13:19:07;2.89;
10.01.2025 13:19:08;2.9;
10.01.2025 13:19:10;2.9;
10.01.2025 13:19:11;2.89;
10.01.2025 13:19:12;2.89;
10.01.2025 13:19:13;2.9;
10.01.2025 13:19:14;2.89;
10.01.2025 13:19:15;2.9;
10.01.2025 13:19:19;2.9;
10.01.2025 13:19:20;2.89;
10.01.2025 13:19:21;2.9;
10.01.2025 13:19:22;2.9;
10.01.2025 13:19:23;2.89;
10.01.2025 13:19:24;2.89;
10.01.2025 13:19:25;2.91;
10.01.2025 13:19:26;2.91;
10.01.2025 13:19:27;2.9;
10.01.2025 13:19:28;2.89;
10.01.2025 13:19:29;2.9;
10.01.2025 13:19:31;2.9;
10.01.2025 13:19:32;2.91;
10.01.2025 13:19:33;2.9;
10.01.2025 13:19:39;2.9;
10.01.2025 13:19:40;2.91;
10.01.2025 13:19:41;2.89;
10.01.2025 13:19:42;2.9;
10.01.2025 13:19:43;2.91;
10.01.2025 13:19:44;2.91;
10.01.2025 13:19:45;2.9;
10.01.2025 13:19:46;2.89;
10.01.2025 13:19:47;2.9;
10.01.2025 13:19:49;2.9;
10.01.2025 13:19:50;2.89;
10.01.2025 13:19:51;2.91;
10.01.2025 13:19:52;2.9;
10.01.2025 13:19:53;2.9;
10.01.2025 13:19:54;2.91;
10.01.2025 13:19:55;2.9;
10.01.2025 13:19:56;2.91;
10.01.2025 13:19:57;2.9;
10.01.2025 13:19:58;2.9;
10.01.2025 13:19:59;2.91;
10.01.2025 13:20:01;2.91;
10.01.2025 13:20:02;2.9;
10.01.2025 13:20:03;2.9;
10.01.2025 13:20:04;2.91;
10.01.2025 13:20:11;2.91;
10.01.2025 13:20:12;2.9;
10.01.2025 13:20:13;2.91;
10.01.2025 13:20:14;2.91;
10.01.2025 13:20:15;2.92;
10.01.2025 13:20:16;2.91;
10.01.2025 13:20:17;2.91;
10.01.2025 13:20:18;2.9;
10.01.2025 13:20:19;2.91;
10.01.2025 13:20:20;2.91;
10.01.2025 13:20:21;2.9;
10.01.2025 13:20:22;2.91;
10.01.2025 13:20:23;2.9;
10.01.2025 13:20:24;2.91;
10.01.2025 13:20:31;2.91;
10.01.2025 13:20:32;2.9;
10.01.2025 13:20:33;2.91;
10.01.2025 13:20:38;2.91;
10.01.2025 13:20:39;2.9;
10.01.2025 13:20:40;2.91;
10.01.2025 13:20:41;2.92;
10.01.2025 13:20:43;2.92;
10.01.2025 13:20:44;2.9;
10.01.2025 13:20:45;2.91;
10.01.2025 13:20:49;2.91;
10.01.2025 13:20:50;2.92;
10.01.2025 13:20:51;2.91;
10.01.2025 13:20:52;2.92;
10.01.2025 13:20:53;2.91;
10.01.2025 13:20:54;2.91;
10.01.2025 13:20:55;2.92;
10.01.2025 13:20:56;2.91;
10.01.2025 13:20:59;2.91;
10.01.2025 13:21:00;2.9;
10.01.2025 13:21:01;2.91;
10.01.2025 13:21:02;2.92;
10.01.2025 13:21:03;2.91;
10.01.2025 13:21:04;2.92;
10.01.2025 13:21:05;2.91;
10.01.2025 13:21:10;2.91;
10.01.2025 13:21:11;2.92;
10.01.2025 13:21:12;2.91;
10.01.2025 13:21:13;2.92;
10.01.2025 13:21:14;2.91;
10.01.2025 13:21:17;2.91;
10.01.2025 13:21:18;2.92;
10.01.2025 13:21:21;2.92;
10.01.2025 13:21:22;2.91;
10.01.2025 13:21:23;2.91;
10.01.2025 13:21:24;2.92;
10.01.2025 13:21:25;2.91;
10.01.2025 13:21:26;2.92;
10.01.2025 13:21:28;2.92;
10.01.2025 13:21:29;2.91;
10.01.2025 13:21:30;2.92;
10.01.2025 13:21:31;2.91;
10.01.2025 13:21:32;2.92;
10.01.2025 13:21:33;2.91;
10.01.2025 13:21:34;2.91;
10.01.2025 13:21:35;2.92;
10.01.2025 13:21:38;2.92;
10.01.2025 13:21:39;2.93;
10.01.2025 13:21:40;2.92;
10.01.2025 13:21:46;2.92;
10.01.2025 13:21:47;2.93;
10.01.2025 13:21:48;2.92;
10.01.2025 13:21:49;2.93;
10.01.2025 13:21:50;2.92;
10.01.2025 13:21:56;2.92;
10.01.2025 13:21:57;2.93;
10.01.2025 13:21:58;2.93;
10.01.2025 13:21:59;2.91;
10.01.2025 13:22:00;2.92;
10.01.2025 13:22:01;2.92;
10.01.2025 13:22:02;2.93;
10.01.2025 13:22:03;2.92;
10.01.2025 13:22:04;2.92;
10.01.2025 13:22:05;2.93;
10.01.2025 13:22:07;2.93;
10.01.2025 13:22:08;2.92;
10.01.2025 13:22:09;2.93;
10.01.2025 13:22:10;2.92;
10.01.2025 13:22:11;2.93;
10.01.2025 13:22:12;2.92;
10.01.2025 13:22:13;2.93;
10.01.2025 13:22:15;2.93;
10.01.2025 13:22:16;2.92;
10.01.2025 13:22:17;2.93;
10.01.2025 13:22:18;2.93;
10.01.2025 13:22:19;2.94;
10.01.2025 13:22:20;2.92;
10.01.2025 13:22:21;2.93;
10.01.2025 13:22:27;2.93;
10.01.2025 13:22:28;2.92;
10.01.2025 13:22:29;2.92;
10.01.2025 13:22:30;2.93;
10.01.2025 13:22:33;2.93;
10.01.2025 13:22:34;2.92;
10.01.2025 13:22:35;2.93;
10.01.2025 13:22:36;2.94;
10.01.2025 13:22:37;2.93;
10.01.2025 13:22:40;2.93;
10.01.2025 13:22:41;2.94;
10.01.2025 13:22:42;2.92;
10.01.2025 13:22:43;2.93;
10.01.2025 13:22:45;2.93;
10.01.2025 13:22:46;2.92;
10.01.2025 13:22:47;2.93;
10.01.2025 13:22:51;2.93;
10.01.2025 13:22:52;2.94;
10.01.2025 13:22:53;2.94;
10.01.2025 13:22:54;2.93;
10.01.2025 13:22:55;2.94;
10.01.2025 13:23:00;2.94;
10.01.2025 13:23:01;2.93;
10.01.2025 13:23:02;2.93;
10.01.2025 13:23:03;2.94;
10.01.2025 13:23:04;2.94;
10.01.2025 13:23:05;2.93;
10.01.2025 13:23:08;2.93;
10.01.2025 13:23:09;2.94;
10.01.2025 13:23:12;2.94;
10.01.2025 13:23:13;2.93;
10.01.2025 13:23:14;2.94;
10.01.2025 13:23:15;2.93;
10.01.2025 13:23:16;2.94;
10.01.2025 13:23:17;2.93;
10.01.2025 13:23:18;2.94;
10.01.2025 13:23:19;2.94;
10.01.2025 13:23:20;2.93;
10.01.2025 13:23:21;2.94;
10.01.2025 13:23:22;2.94;
10.01.2025 13:23:23;2.93;
10.01.2025 13:23:24;2.94;
10.01.2025 13:23:26;2.94;
10.01.2025 13:23:27;2.95;
10.01.2025 13:23:28;2.94;
10.01.2025 13:23:39;2.94;
10.01.2025 13:23:40;2.95;
10.01.2025 13:23:41;2.94;
10.01.2025 13:23:42;2.94;
10.01.2025 13:23:43;2.93;
10.01.2025 13:23:44;2.94;
10.01.2025 13:23:46;2.94;
10.01.2025 13:23:47;2.95;
10.01.2025 13:23:48;2.94;
10.01.2025 13:23:51;2.94;
10.01.2025 13:23:52;2.95;
10.01.2025 13:23:55;2.95;
10.01.2025 13:23:56;2.94;
10.01.2025 13:23:57;2.95;
10.01.2025 13:24:05;2.95;
10.01.2025 13:24:06;2.94;
10.01.2025 13:24:07;2.95;
10.01.2025 13:24:08;2.95;
10.01.2025 13:24:09;2.94;
10.01.2025 13:24:10;2.95;
10.01.2025 13:24:19;2.95;
10.01.2025 13:24:20;2.96;
10.01.2025 13:24:21;2.95;
10.01.2025 13:24:23;2.95;
10.01.2025 13:24:24;2.94;
10.01.2025 13:24:25;2.96;
10.01.2025 13:24:26;2.95;
10.01.2025 13:24:27;2.94;
10.01.2025 13:24:28;2.95;
10.01.2025 13:24:29;2.94;
10.01.2025 13:24:30;2.95;
10.01.2025 13:24:33;2.95;
10.01.2025 13:24:34;2.96;
10.01.2025 13:24:35;2.96;
10.01.2025 13:24:36;2.95;
10.01.2025 13:24:37;2.95;
10.01.2025 13:24:38;2.94;
10.01.2025 13:24:39;2.96;
10.01.2025 13:24:40;2.96;
10.01.2025 13:24:41;2.95;
10.01.2025 13:24:42;2.96;
10.01.2025 13:24:44;2.96;
10.01.2025 13:24:45;2.95;
10.01.2025 13:24:46;2.96;
10.01.2025 13:24:49;2.96;
10.01.2025 13:24:50;2.97;
10.01.2025 13:24:51;2.96;
10.01.2025 13:24:54;2.96;
10.01.2025 13:24:55;2.95;
10.01.2025 13:24:56;2.96;
10.01.2025 13:24:57;2.95;
10.01.2025 13:24:58;2.95;
10.01.2025 13:24:59;2.96;
10.01.2025 13:25:00;2.95;
10.01.2025 13:25:01;2.96;
10.01.2025 13:25:02;2.96;
10.01.2025 13:25:03;2.95;
10.01.2025 13:25:04;2.96;
10.01.2025 13:25:14;2.96;
10.01.2025 13:25:15;2.97;
10.01.2025 13:25:16;2.97;
10.01.2025 13:25:17;2.96;
10.01.2025 13:25:21;2.96;
10.01.2025 13:25:22;2.97;
10.01.2025 13:25:23;2.96;
10.01.2025 13:25:28;2.96;
10.01.2025 13:25:29;2.95;
10.01.2025 13:25:30;2.96;
10.01.2025 13:25:31;2.95;
10.01.2025 13:25:32;2.96;
10.01.2025 13:25:37;2.96;
10.01.2025 13:25:38;2.97;
10.01.2025 13:25:39;2.96;
10.01.2025 13:25:40;2.97;
10.01.2025 13:25:41;2.96;
10.01.2025 13:25:42;2.97;
10.01.2025 13:25:43;2.96;
10.01.2025 13:25:47;2.96;
10.01.2025 13:25:48;2.97;
10.01.2025 13:25:49;2.96;
10.01.2025 13:25:51;2.96;
10.01.2025 13:25:52;2.95;
10.01.2025 13:25:53;2.97;
10.01.2025 13:25:54;2.97;
10.01.2025 13:25:55;2.96;
10.01.2025 13:25:56;2.97;
10.01.2025 13:25:57;2.97;
10.01.2025 13:25:58;2.96;
10.01.2025 13:25:59;2.97;
10.01.2025 13:26:04;2.97;
10.01.2025 13:26:05;2.96;
10.01.2025 13:26:06;2.96;
10.01.2025 13:26:07;2.97;
10.01.2025 13:26:08;2.96;
10.01.2025 13:26:09;2.97;
10.01.2025 13:26:10;2.97;
10.01.2025 13:26:11;2.96;
10.01.2025 13:26:12;2.96;
10.01.2025 13:26:13;2.97;
10.01.2025 13:26:14;2.97;
10.01.2025 13:26:15;2.96;
10.01.2025 13:26:16;2.96;
10.01.2025 13:26:17;2.97;
10.01.2025 13:26:18;2.97;
10.01.2025 13:26:19;2.96;
10.01.2025 13:26:20;2.97;
10.01.2025 13:26:23;2.97;
10.01.2025 13:26:24;2.96;
10.01.2025 13:26:25;2.96;
10.01.2025 13:26:26;2.97;
10.01.2025 13:26:27;2.98;
10.01.2025 13:26:28;2.98;
10.01.2025 13:26:29;2.97;
10.01.2025 13:26:30;2.98;
10.01.2025 13:26:32;2.98;
10.01.2025 13:26:33;2.96;
10.01.2025 13:26:34;2.97;
10.01.2025 13:26:40;2.97;
10.01.2025 13:26:41;2.98;
10.01.2025 13:26:45;2.98;
10.01.2025 13:26:46;2.97;
10.01.2025 13:26:47;2.98;
10.01.2025 13:26:48;2.97;
10.01.2025 13:26:51;2.97;
10.01.2025 13:26:52;2.98;
10.01.2025 13:26:53;2.97;
10.01.2025 13:26:54;2.98;
10.01.2025 13:26:55;2.97;
10.01.2025 13:26:56;2.98;
10.01.2025 13:27:02;2.98;
10.01.2025 13:27:03;2.97;
10.01.2025 13:27:08;2.97;
10.01.2025 13:27:09;2.98;
10.01.2025 13:27:11;2.98;
10.01.2025 13:27:12;2.97;
10.01.2025 13:27:13;2.98;
10.01.2025 13:27:14;2.97;
10.01.2025 13:27:15;2.98;
10.01.2025 13:27:16;2.97;
10.01.2025 13:27:17;2.98;
10.01.2025 13:27:19;2.98;
10.01.2025 13:27:20;2.97;
10.01.2025 13:27:21;2.99;
10.01.2025 13:27:22;2.98;
10.01.2025 13:27:31;2.98;
10.01.2025 13:27:32;2.97;
10.01.2025 13:27:33;2.98;
10.01.2025 13:27:35;2.98;
10.01.2025 13:27:36;2.97;
10.01.2025 13:27:37;2.98;
10.01.2025 13:27:43;2.98;
10.01.2025 13:27:44;2.97;
10.01.2025 13:27:45;2.99;
10.01.2025 13:27:46;2.98;
10.01.2025 13:27:49;2.98;
10.01.2025 13:27:50;2.99;
10.01.2025 13:27:51;2.98;
10.01.2025 13:27:52;2.97;
10.01.2025 13:27:53;2.98;
10.01.2025 13:27:54;2.99;
10.01.2025 13:27:57;2.99;
10.01.2025 13:27:58;2.98;
10.01.2025 13:28:01;2.98;
10.01.2025 13:28:02;2.99;
10.01.2025 13:28:03;2.99;
10.01.2025 13:28:04;2.98;
10.01.2025 13:28:06;2.98;
10.01.2025 13:28:07;2.99;
10.01.2025 13:28:08;2.98;
10.01.2025 13:28:09;2.98;
10.01.2025 13:28:10;2.99;
10.01.2025 13:28:11;2.99;
10.01.2025 13:28:12;2.98;
10.01.2025 13:28:14;2.98;
10.01.2025 13:28:15;2.99;
10.01.2025 13:28:16;2.99;
10.01.2025 13:28:17;2.98;
10.01.2025 13:28:18;2.99;
10.01.2025 13:28:20;2.99;
10.01.2025 13:28:21;2.98;
10.01.2025 13:28:22;2.98;
10.01.2025 13:28:23;2.99;
10.01.2025 13:28:24;2.98;
10.01.2025 13:28:25;2.99;
10.01.2025 13:28:31;2.99;
10.01.2025 13:28:32;3;
10.01.2025 13:28:33;2.99;
10.01.2025 13:28:34;2.99;
10.01.2025 13:28:35;2.98;
10.01.2025 13:28:36;2.99;
10.01.2025 13:28:37;2.99;
10.01.2025 13:28:38;2.98;
10.01.2025 13:28:39;2.99;
10.01.2025 13:28:40;2.99;
10.01.2025 13:28:41;3;
10.01.2025 13:28:42;2.99;
10.01.2025 13:28:52;2.99;
10.01.2025 13:28:53;3;
10.01.2025 13:28:55;3;
10.01.2025 13:28:56;2.99;
10.01.2025 13:29:02;2.99;
10.01.2025 13:29:03;3;
10.01.2025 13:29:04;2.99;
10.01.2025 13:29:05;2.99;
10.01.2025 13:29:06;3;
10.01.2025 13:29:07;3;
10.01.2025 13:29:08;2.99;
10.01.2025 13:29:13;2.99;
10.01.2025 13:29:14;3;
10.01.2025 13:29:15;2.99;
10.01.2025 13:29:17;2.99;
10.01.2025 13:29:18;3;
10.01.2025 13:29:19;3;
10.01.2025 13:29:20;2.99;
10.01.2025 13:29:21;3;
10.01.2025 13:29:24;3;
10.01.2025 13:29:25;2.99;
10.01.2025 13:29:27;2.99;
10.01.2025 13:29:28;3;
10.01.2025 13:29:30;3;
10.01.2025 13:29:31;2.99;
10.01.2025 13:29:32;2.99;
10.01.2025 13:29:33;3;
10.01.2025 13:29:35;3;
10.01.2025 13:29:36;3.01;
10.01.2025 13:29:37;3;
10.01.2025 13:29:40;3;
10.01.2025 13:29:41;3.01;
10.01.2025 13:29:42;2.99;
10.01.2025 13:29:43;2.99;
10.01.2025 13:29:44;3;
10.01.2025 13:29:45;2.99;
10.01.2025 13:29:46;3;
10.01.2025 13:29:47;3;
10.01.2025 13:29:48;3.01;
10.01.2025 13:29:49;3;
10.01.2025 13:29:50;2.99;
10.01.2025 13:29:51;3;
10.01.2025 13:29:58;3;
10.01.2025 13:29:59;2.99;
10.01.2025 13:30:00;3;
10.01.2025 13:30:01;2.99;
10.01.2025 13:30:02;3.01;
10.01.2025 13:30:03;3;
10.01.2025 13:30:09;3;
10.01.2025 13:30:10;3.01;
10.01.2025 13:30:11;3;
10.01.2025 13:30:12;3;
10.01.2025 13:30:13;3.01;
10.01.2025 13:30:14;3;
10.01.2025 13:30:15;3;
10.01.2025 13:30:16;3.01;
10.01.2025 13:30:17;3;
10.01.2025 13:30:18;3.01;
10.01.2025 13:30:19;3;
10.01.2025 13:30:21;3;
10.01.2025 13:30:22;3.01;
10.01.2025 13:30:23;3;
10.01.2025 13:30:24;3.01;
10.01.2025 13:30:25;3;
10.01.2025 13:30:26;3.01;
10.01.2025 13:30:31;3.01;
10.01.2025 13:30:32;3;
10.01.2025 13:30:33;3.01;
10.01.2025 13:30:34;3;
10.01.2025 13:30:35;3.01;
10.01.2025 13:30:40;3.01;
10.01.2025 13:30:41;3;
10.01.2025 13:30:42;3.01;
10.01.2025 13:30:48;3.01;
10.01.2025 13:30:49;3.02;
10.01.2025 13:30:50;3.01;
10.01.2025 13:30:51;3.01;
10.01.2025 13:30:52;3.02;
10.01.2025 13:30:53;3.01;
10.01.2025 13:30:55;3.01;
10.01.2025 13:30:56;3.02;
10.01.2025 13:30:57;3.01;
10.01.2025 13:30:58;3.01;
10.01.2025 13:30:59;3.02;
10.01.2025 13:31:00;3.02;
10.01.2025 13:31:01;3.01;
10.01.2025 13:31:02;3.02;
10.01.2025 13:31:03;3.01;
10.01.2025 13:31:05;3.01;
10.01.2025 13:31:06;3.02;
10.01.2025 13:31:07;3.02;
10.01.2025 13:31:08;3.01;
10.01.2025 13:31:09;3.02;
10.01.2025 13:31:11;3.02;
10.01.2025 13:31:12;3.01;
10.01.2025 13:31:18;3.01;
10.01.2025 13:31:19;3.02;
10.01.2025 13:31:20;3.02;
10.01.2025 13:31:21;3;
10.01.2025 13:31:22;3.02;
10.01.2025 13:31:23;3.01;
10.01.2025 13:31:24;3.02;
10.01.2025 13:31:25;3.02;
10.01.2025 13:31:26;3.01;
10.01.2025 13:31:27;3.01;
10.01.2025 13:31:28;3.02;
10.01.2025 13:31:31;3.02;
10.01.2025 13:31:32;3.01;
10.01.2025 13:31:33;3.02;
10.01.2025 13:31:44;3.02;
10.01.2025 13:31:45;3.03;
10.01.2025 13:31:46;3.01;
10.01.2025 13:31:47;3.02;
10.01.2025 13:31:48;3.02;
10.01.2025 13:31:49;3.03;
10.01.2025 13:31:50;3.01;
10.01.2025 13:31:51;3.01;
10.01.2025 13:31:52;3.02;
10.01.2025 13:31:53;3.02;
10.01.2025 13:31:54;3.01;
10.01.2025 13:31:55;3.02;
10.01.2025 13:31:58;3.02;
10.01.2025 13:31:59;3.01;
10.01.2025 13:32:00;3.02;
10.01.2025 13:32:01;3.01;
10.01.2025 13:32:02;3.02;
10.01.2025 13:32:03;3.01;
10.01.2025 13:32:04;3.01;
10.01.2025 13:32:05;3.02;
10.01.2025 13:32:07;3.02;
10.01.2025 13:32:08;3.01;
10.01.2025 13:32:09;3.01;
10.01.2025 13:32:10;3.02;
10.01.2025 13:32:11;3.01;
10.01.2025 13:32:12;3.02;
10.01.2025 13:32:14;3.02;
10.01.2025 13:32:15;3.03;
10.01.2025 13:32:16;3.02;
10.01.2025 13:32:17;3.03;
10.01.2025 13:32:18;3.02;
10.01.2025 13:32:20;3.02;
10.01.2025 13:32:21;3.03;
10.01.2025 13:32:22;3.02;
10.01.2025 13:32:25;3.02;
10.01.2025 13:32:26;3.01;
10.01.2025 13:32:27;3.02;
10.01.2025 13:32:28;3.02;
10.01.2025 13:32:29;3.03;
10.01.2025 13:32:30;3.02;
10.01.2025 13:32:32;3.02;
10.01.2025 13:32:33;3.01;
10.01.2025 13:32:34;3.02;
10.01.2025 13:32:38;3.02;
10.01.2025 13:32:39;3.03;
10.01.2025 13:32:40;3.02;
10.01.2025 13:32:43;3.02;
10.01.2025 13:32:44;3.03;
10.01.2025 13:32:45;3.02;
10.01.2025 13:32:46;3.03;
10.01.2025 13:32:47;3.02;
10.01.2025 13:32:50;3.02;
10.01.2025 13:32:51;3.03;
10.01.2025 13:32:52;3.03;
10.01.2025 13:32:53;3.02;
10.01.2025 13:32:54;3.03;
10.01.2025 13:32:55;3.04;
10.01.2025 13:32:56;3.02;
10.01.2025 13:32:59;3.02;
10.01.2025 13:33:00;3.03;
10.01.2025 13:33:01;3.02;
10.01.2025 13:33:02;3.03;
10.01.2025 13:33:03;3.03;
10.01.2025 13:33:04;3.01;
10.01.2025 13:33:05;3.02;
10.01.2025 13:33:06;3.02;
10.01.2025 13:33:07;3.03;
10.01.2025 13:33:10;3.03;
10.01.2025 13:33:11;3.02;
10.01.2025 13:33:12;3.03;
10.01.2025 13:33:18;3.03;
10.01.2025 13:33:19;3.02;
10.01.2025 13:33:20;3.03;
10.01.2025 13:33:27;3.03;
10.01.2025 13:33:28;3.04;
10.01.2025 13:33:29;3.02;
10.01.2025 13:33:30;3.03;
10.01.2025 13:33:31;3.04;
10.01.2025 13:33:32;3.03;
10.01.2025 13:33:36;3.03;
10.01.2025 13:33:37;3.02;
10.01.2025 13:33:38;3.03;
10.01.2025 13:33:39;3.04;
10.01.2025 13:33:40;3.02;
10.01.2025 13:33:41;3.03;
10.01.2025 13:33:42;3.03;
10.01.2025 13:33:43;3.04;
10.01.2025 13:33:44;3.03;
10.01.2025 13:33:48;3.03;
10.01.2025 13:33:49;3.04;
10.01.2025 13:33:50;3.03;
10.01.2025 13:33:57;3.03;
10.01.2025 13:33:58;3.04;
10.01.2025 13:33:59;3.04;
10.01.2025 13:34:00;3.03;
10.01.2025 13:34:01;3.03;
10.01.2025 13:34:02;3.04;
10.01.2025 13:34:03;3.03;
10.01.2025 13:34:04;3.04;
10.01.2025 13:34:05;3.04;
10.01.2025 13:34:06;3.03;
10.01.2025 13:34:07;3.04;
10.01.2025 13:34:08;3.03;
10.01.2025 13:34:09;3.03;
10.01.2025 13:34:10;3.04;
10.01.2025 13:34:11;3.03;
10.01.2025 13:34:14;3.03;
10.01.2025 13:34:15;3.04;
10.01.2025 13:34:18;3.04;
10.01.2025 13:34:19;3.03;
10.01.2025 13:34:20;3.04;
10.01.2025 13:34:22;3.04;
10.01.2025 13:34:23;3.03;
10.01.2025 13:34:24;3.04;
10.01.2025 13:34:25;3.03;
10.01.2025 13:34:26;3.04;
10.01.2025 13:34:27;3.03;
10.01.2025 13:34:28;3.03;
10.01.2025 13:34:29;3.04;
10.01.2025 13:34:30;3.03;
10.01.2025 13:34:32;3.03;
10.01.2025 13:34:33;3.04;
10.01.2025 13:34:34;3.03;
10.01.2025 13:34:35;3.03;
10.01.2025 13:34:36;3.04;
10.01.2025 13:34:42;3.04;
10.01.2025 13:34:43;3.05;
10.01.2025 13:34:44;3.03;
10.01.2025 13:34:45;3.04;
10.01.2025 13:34:47;3.04;
10.01.2025 13:34:48;3.03;
10.01.2025 13:34:49;3.03;
10.01.2025 13:34:50;3.04;
10.01.2025 13:34:51;3.03;
10.01.2025 13:34:52;3.04;
10.01.2025 13:34:54;3.04;
10.01.2025 13:34:55;3.05;
10.01.2025 13:34:57;3.05;
10.01.2025 13:34:58;3.04;
10.01.2025 13:35:00;3.04;
10.01.2025 13:35:01;3.05;
10.01.2025 13:35:02;3.04;
10.01.2025 13:35:07;3.04;
10.01.2025 13:35:08;3.05;
10.01.2025 13:35:09;3.03;
10.01.2025 13:35:10;3.04;
10.01.2025 13:35:12;3.04;
10.01.2025 13:35:13;3.05;
10.01.2025 13:35:14;3.05;
10.01.2025 13:35:15;3.04;
10.01.2025 13:35:16;3.05;
10.01.2025 13:35:18;3.05;
10.01.2025 13:35:19;3.04;
10.01.2025 13:35:20;3.05;
10.01.2025 13:35:21;3.04;
10.01.2025 13:35:22;3.05;
10.01.2025 13:35:27;3.05;
10.01.2025 13:35:28;3.04;
10.01.2025 13:35:29;3.05;
10.01.2025 13:35:44;3.05;
10.01.2025 13:35:45;3.04;
10.01.2025 13:35:46;3.05;
10.01.2025 13:35:47;3.05;
10.01.2025 13:35:48;3.04;
10.01.2025 13:35:49;3.04;
10.01.2025 13:35:50;3.05;
10.01.2025 13:35:51;3.04;
10.01.2025 13:35:52;3.04;
10.01.2025 13:35:53;3.05;
10.01.2025 13:35:54;3.05;
10.01.2025 13:35:55;3.04;
10.01.2025 13:35:56;3.05;
10.01.2025 13:36:01;3.05;
10.01.2025 13:36:02;3.04;
10.01.2025 13:36:03;3.05;
10.01.2025 13:36:04;3.06;
10.01.2025 13:36:05;3.05;
10.01.2025 13:36:10;3.05;
10.01.2025 13:36:11;3.04;
10.01.2025 13:36:12;3.06;
10.01.2025 13:36:13;3.05;
10.01.2025 13:36:16;3.05;
10.01.2025 13:36:17;3.06;
10.01.2025 13:36:18;3.06;
10.01.2025 13:36:19;3.05;
10.01.2025 13:36:20;3.05;
10.01.2025 13:36:21;3.06;
10.01.2025 13:36:22;3.05;
10.01.2025 13:36:30;3.05;
10.01.2025 13:36:31;3.06;
10.01.2025 13:36:32;3.05;
10.01.2025 13:36:33;3.06;
10.01.2025 13:36:34;3.06;
10.01.2025 13:36:35;3.05;
10.01.2025 13:36:36;3.06;
10.01.2025 13:36:37;3.05;
10.01.2025 13:36:38;3.06;
10.01.2025 13:36:39;3.05;
10.01.2025 13:36:40;3.06;
10.01.2025 13:36:41;3.05;
10.01.2025 13:36:44;3.05;
10.01.2025 13:36:45;3.06;
10.01.2025 13:36:46;3.05;
10.01.2025 13:36:47;3.06;
10.01.2025 13:36:48;3.05;
10.01.2025 13:36:51;3.05;
10.01.2025 13:36:52;3.06;
10.01.2025 13:36:53;3.06;
10.01.2025 13:36:54;3.05;
10.01.2025 13:36:55;3.06;
10.01.2025 13:37:05;3.06;
10.01.2025 13:37:06;3.07;
10.01.2025 13:37:07;3.06;
10.01.2025 13:37:08;3.06;
10.01.2025 13:37:09;3.07;
10.01.2025 13:37:10;3.06;
10.01.2025 13:37:18;3.06;
10.01.2025 13:37:19;3.07;
10.01.2025 13:37:21;3.07;
10.01.2025 13:37:22;3.06;
10.01.2025 13:37:24;3.06;
10.01.2025 13:37:25;3.05;
10.01.2025 13:37:26;3.07;
10.01.2025 13:37:27;3.06;
10.01.2025 13:37:28;3.07;
10.01.2025 13:37:29;3.06;
10.01.2025 13:37:30;3.05;
10.01.2025 13:37:31;3.05;
10.01.2025 13:37:32;3.07;
10.01.2025 13:37:33;3.07;
10.01.2025 13:37:34;3.06;
10.01.2025 13:37:39;3.06;
10.01.2025 13:37:40;3.07;
10.01.2025 13:37:42;3.07;
10.01.2025 13:37:43;3.06;
10.01.2025 13:37:46;3.06;
10.01.2025 13:37:47;3.07;
10.01.2025 13:37:48;3.07;
10.01.2025 13:37:49;3.06;
10.01.2025 13:37:50;3.07;
10.01.2025 13:37:52;3.07;
10.01.2025 13:37:53;3.06;
10.01.2025 13:37:56;3.06;
10.01.2025 13:37:57;3.07;
10.01.2025 13:37:58;3.06;
10.01.2025 13:38:00;3.06;
10.01.2025 13:38:01;3.07;
10.01.2025 13:38:02;3.06;
10.01.2025 13:38:04;3.06;
10.01.2025 13:38:05;3.07;
10.01.2025 13:38:07;3.07;
10.01.2025 13:38:08;3.06;
10.01.2025 13:38:09;3.07;
10.01.2025 13:38:10;3.07;
10.01.2025 13:38:11;3.06;
10.01.2025 13:38:16;3.06;
10.01.2025 13:38:17;3.07;
10.01.2025 13:38:19;3.07;
10.01.2025 13:38:20;3.06;
10.01.2025 13:38:21;3.07;
10.01.2025 13:38:23;3.07;
10.01.2025 13:38:24;3.06;
10.01.2025 13:38:25;3.07;
10.01.2025 13:38:27;3.07;
10.01.2025 13:38:28;3.06;
10.01.2025 13:38:29;3.07;
10.01.2025 13:38:30;3.07;
10.01.2025 13:38:31;3.06;
10.01.2025 13:38:32;3.07;
10.01.2025 13:38:33;3.07;
10.01.2025 13:38:34;3.06;
10.01.2025 13:38:35;3.06;
10.01.2025 13:38:36;3.07;
10.01.2025 13:38:40;3.07;
10.01.2025 13:38:41;3.06;
10.01.2025 13:38:42;3.07;
10.01.2025 13:38:50;3.07;
10.01.2025 13:38:51;3.08;
10.01.2025 13:38:52;3.07;
10.01.2025 13:38:53;3.08;
10.01.2025 13:38:54;3.07;
10.01.2025 13:38:55;3.08;
10.01.2025 13:38:56;3.07;
10.01.2025 13:38:59;3.07;
10.01.2025 13:39:00;3.06;
10.01.2025 13:39:01;3.07;
10.01.2025 13:39:03;3.07;
10.01.2025 13:39:04;3.08;
10.01.2025 13:39:05;3.07;
10.01.2025 13:39:07;3.07;
10.01.2025 13:39:08;3.06;
10.01.2025 13:39:09;3.07;
10.01.2025 13:39:15;3.07;
10.01.2025 13:39:16;3.08;
10.01.2025 13:39:17;3.07;
10.01.2025 13:39:24;3.07;
10.01.2025 13:39:25;3.08;
10.01.2025 13:39:26;3.07;
10.01.2025 13:39:27;3.08;
10.01.2025 13:39:28;3.07;
10.01.2025 13:39:29;3.08;
10.01.2025 13:39:32;3.08;
10.01.2025 13:39:33;3.07;
10.01.2025 13:39:35;3.07;
10.01.2025 13:39:36;3.08;
10.01.2025 13:39:38;3.08;
10.01.2025 13:39:39;3.09;
10.01.2025 13:39:40;3.08;
10.01.2025 13:39:44;3.08;
10.01.2025 13:39:45;3.07;
10.01.2025 13:39:47;3.07;
10.01.2025 13:39:48;3.08;
10.01.2025 13:39:49;3.07;
10.01.2025 13:39:50;3.07;
10.01.2025 13:39:51;3.08;
10.01.2025 13:39:52;3.07;
10.01.2025 13:39:53;3.08;
10.01.2025 13:39:55;3.08;
10.01.2025 13:39:56;3.07;
10.01.2025 13:39:57;3.08;
10.01.2025 13:39:59;3.08;
10.01.2025 13:40:00;3.07;
10.01.2025 13:40:01;3.08;
10.01.2025 13:40:08;3.08;
10.01.2025 13:40:09;3.09;
10.01.2025 13:40:10;3.08;
10.01.2025 13:40:11;3.07;
10.01.2025 13:40:12;3.08;
10.01.2025 13:40:13;3.08;
10.01.2025 13:40:14;3.09;
10.01.2025 13:40:15;3.08;
10.01.2025 13:40:18;3.08;
10.01.2025 13:40:19;3.09;
10.01.2025 13:40:20;3.08;
10.01.2025 13:40:23;3.08;
10.01.2025 13:40:24;3.09;
10.01.2025 13:40:25;3.09;
10.01.2025 13:40:26;3.08;
10.01.2025 13:40:27;3.09;
10.01.2025 13:40:28;3.09;
10.01.2025 13:40:29;3.08;
10.01.2025 13:40:30;3.09;
10.01.2025 13:40:31;3.1;
10.01.2025 13:40:32;3.09;
10.01.2025 13:40:33;3.08;
10.01.2025 13:40:34;3.08;
10.01.2025 13:40:35;3.09;
10.01.2025 13:40:36;3.09;
10.01.2025 13:40:37;3.08;
10.01.2025 13:40:38;3.08;
10.01.2025 13:40:39;3.09;
10.01.2025 13:40:41;3.09;
10.01.2025 13:40:42;3.08;
10.01.2025 13:40:43;3.09;
10.01.2025 13:40:44;3.08;
10.01.2025 13:40:45;3.09;
10.01.2025 13:40:46;3.09;
10.01.2025 13:40:47;3.08;
10.01.2025 13:40:48;3.09;
10.01.2025 13:40:49;3.09;
10.01.2025 13:40:50;3.08;
10.01.2025 13:40:51;3.09;
10.01.2025 13:40:52;3.08;
10.01.2025 13:40:53;3.09;
10.01.2025 13:40:54;3.09;
10.01.2025 13:40:55;3.08;
10.01.2025 13:40:56;3.08;
10.01.2025 13:40:57;3.09;
10.01.2025 13:40:58;3.08;
10.01.2025 13:41:01;3.08;
10.01.2025 13:41:02;3.09;
10.01.2025 13:41:03;3.08;
10.01.2025 13:41:04;3.09;
10.01.2025 13:41:05;3.08;
10.01.2025 13:41:06;3.09;
10.01.2025 13:41:07;3.08;
10.01.2025 13:41:08;3.08;
10.01.2025 13:41:09;3.07;
10.01.2025 13:41:10;3.09;
10.01.2025 13:41:11;3.08;
10.01.2025 13:41:12;3.08;
10.01.2025 13:41:13;3.07;
10.01.2025 13:41:14;3.08;
10.01.2025 13:41:15;3.08;
10.01.2025 13:41:16;3.09;
10.01.2025 13:41:17;3.08;
10.01.2025 13:41:18;3.08;
10.01.2025 13:41:19;3.09;
10.01.2025 13:41:20;3.08;
10.01.2025 13:41:21;3.09;
10.01.2025 13:41:22;3.09;
10.01.2025 13:41:23;3.08;
10.01.2025 13:41:27;3.08;
10.01.2025 13:41:28;3.09;
10.01.2025 13:41:30;3.09;
10.01.2025 13:41:31;3.08;
10.01.2025 13:41:32;3.08;
10.01.2025 13:41:33;3.09;
10.01.2025 13:41:34;3.09;
10.01.2025 13:41:35;3.08;
10.01.2025 13:41:36;3.08;
10.01.2025 13:41:37;3.09;
10.01.2025 13:41:42;3.09;
10.01.2025 13:41:43;3.1;
10.01.2025 13:41:44;3.09;
10.01.2025 13:41:49;3.09;
10.01.2025 13:41:50;3.08;
10.01.2025 13:41:51;3.09;
10.01.2025 13:42:00;3.09;
10.01.2025 13:42:01;3.08;
10.01.2025 13:42:02;3.09;
10.01.2025 13:42:06;3.09;
10.01.2025 13:42:07;3.1;
10.01.2025 13:42:08;3.09;
10.01.2025 13:42:09;3.09;
10.01.2025 13:42:10;3.1;
10.01.2025 13:42:11;3.1;
10.01.2025 13:42:12;3.09;
10.01.2025 13:42:13;3.1;
10.01.2025 13:42:14;3.09;
10.01.2025 13:42:15;3.1;
10.01.2025 13:42:16;3.1;
10.01.2025 13:42:17;3.09;
10.01.2025 13:42:19;3.09;
10.01.2025 13:42:20;3.1;
10.01.2025 13:42:21;3.09;
10.01.2025 13:42:22;3.1;
10.01.2025 13:42:23;3.09;
10.01.2025 13:42:24;3.09;
10.01.2025 13:42:25;3.1;
10.01.2025 13:42:26;3.09;
10.01.2025 13:42:27;3.08;
10.01.2025 13:42:28;3.09;
10.01.2025 13:42:31;3.09;
10.01.2025 13:42:32;3.08;
10.01.2025 13:42:33;3.08;
10.01.2025 13:42:34;3.09;
10.01.2025 13:42:35;3.1;
10.01.2025 13:42:36;3.09;
10.01.2025 13:42:37;3.1;
10.01.2025 13:42:38;3.09;
10.01.2025 13:42:39;3.1;
10.01.2025 13:42:40;3.09;
10.01.2025 13:42:47;3.09;
10.01.2025 13:42:48;3.11;
10.01.2025 13:42:49;3.09;
10.01.2025 13:42:50;3.1;
10.01.2025 13:42:53;3.1;
10.01.2025 13:42:54;3.09;
10.01.2025 13:42:55;3.09;
10.01.2025 13:42:56;3.1;
10.01.2025 13:42:57;3.09;
10.01.2025 13:42:59;3.09;
10.01.2025 13:43:00;3.1;
10.01.2025 13:43:01;3.1;
10.01.2025 13:43:02;3.08;
10.01.2025 13:43:03;3.09;
10.01.2025 13:43:04;3.1;
10.01.2025 13:43:05;3.09;
10.01.2025 13:43:06;3.09;
10.01.2025 13:43:07;3.1;
10.01.2025 13:43:09;3.1;
10.01.2025 13:43:10;3.09;
10.01.2025 13:43:12;3.09;
10.01.2025 13:43:13;3.1;
10.01.2025 13:43:14;3.09;
10.01.2025 13:43:15;3.09;
10.01.2025 13:43:16;3.1;
10.01.2025 13:43:18;3.1;
10.01.2025 13:43:19;3.09;
10.01.2025 13:43:20;3.1;
10.01.2025 13:43:22;3.1;
10.01.2025 13:43:23;3.09;
10.01.2025 13:43:25;3.09;
10.01.2025 13:43:26;3.1;
10.01.2025 13:43:27;3.1;
10.01.2025 13:43:28;3.09;
10.01.2025 13:43:29;3.1;
10.01.2025 13:43:31;3.1;
10.01.2025 13:43:32;3.09;
10.01.2025 13:43:34;3.09;
10.01.2025 13:43:35;3.1;
10.01.2025 13:43:36;3.1;
10.01.2025 13:43:37;3.09;
10.01.2025 13:43:38;3.1;
10.01.2025 13:43:52;3.1;
10.01.2025 13:43:53;3.11;
10.01.2025 13:43:54;3.09;
10.01.2025 13:43:55;3.11;
10.01.2025 13:43:56;3.1;
10.01.2025 13:43:57;3.1;
10.01.2025 13:43:58;3.11;
10.01.2025 13:43:59;3.1;
10.01.2025 13:44:00;3.09;
10.01.2025 13:44:01;3.1;
10.01.2025 13:44:03;3.1;
10.01.2025 13:44:04;3.12;
10.01.2025 13:44:05;3.11;
10.01.2025 13:44:06;3.1;
10.01.2025 13:44:08;3.1;
10.01.2025 13:44:09;3.11;
10.01.2025 13:44:10;3.1;
10.01.2025 13:44:11;3.11;
10.01.2025 13:44:12;3.1;
10.01.2025 13:44:13;3.11;
10.01.2025 13:44:14;3.11;
10.01.2025 13:44:15;3.1;
10.01.2025 13:44:16;3.11;
10.01.2025 13:44:17;3.1;
10.01.2025 13:44:19;3.1;
10.01.2025 13:44:20;3.11;
10.01.2025 13:44:23;3.11;
10.01.2025 13:44:24;3.1;
10.01.2025 13:44:25;3.1;
10.01.2025 13:44:26;3.11;
10.01.2025 13:44:28;3.11;
10.01.2025 13:44:29;3.1;
10.01.2025 13:44:30;3.11;
10.01.2025 13:44:31;3.11;
10.01.2025 13:44:32;3.1;
10.01.2025 13:44:33;3.11;
10.01.2025 13:44:38;3.11;
10.01.2025 13:44:39;3.1;
10.01.2025 13:44:40;3.11;
10.01.2025 13:44:46;3.11;
10.01.2025 13:44:47;3.1;
10.01.2025 13:44:48;3.11;
10.01.2025 13:44:53;3.11;
10.01.2025 13:44:54;3.1;
10.01.2025 13:44:55;3.11;
10.01.2025 13:45:02;3.11;
10.01.2025 13:45:03;3.12;
10.01.2025 13:45:04;3.11;
10.01.2025 13:45:06;3.11;
10.01.2025 13:45:07;3.1;
10.01.2025 13:45:08;3.11;
10.01.2025 13:45:09;3.1;
10.01.2025 13:45:10;3.1;
10.01.2025 13:45:11;3.12;
10.01.2025 13:45:12;3.11;
10.01.2025 13:45:14;3.11;
10.01.2025 13:45:15;3.12;
10.01.2025 13:45:16;3.12;
10.01.2025 13:45:17;3.11;
10.01.2025 13:45:18;3.1;
10.01.2025 13:45:19;3.12;
10.01.2025 13:45:20;3.11;
10.01.2025 13:45:21;3.12;
10.01.2025 13:45:22;3.11;
10.01.2025 13:45:27;3.11;
10.01.2025 13:45:28;3.1;
10.01.2025 13:45:29;3.11;
10.01.2025 13:45:32;3.11;
10.01.2025 13:45:33;3.1;
10.01.2025 13:45:34;3.11;
10.01.2025 13:45:36;3.11;
10.01.2025 13:45:37;3.12;
10.01.2025 13:45:40;3.12;
10.01.2025 13:45:41;3.11;
10.01.2025 13:45:42;3.12;
10.01.2025 13:45:43;3.12;
10.01.2025 13:45:44;3.11;
10.01.2025 13:45:45;3.13;
10.01.2025 13:45:46;3.11;
10.01.2025 13:45:48;3.11;
10.01.2025 13:45:49;3.12;
10.01.2025 13:45:51;3.12;
10.01.2025 13:45:52;3.11;
10.01.2025 13:45:54;3.11;
10.01.2025 13:45:55;3.12;
10.01.2025 13:45:56;3.12;
10.01.2025 13:45:57;3.11;
10.01.2025 13:45:58;3.11;
10.01.2025 13:45:59;3.12;
10.01.2025 13:46:02;3.12;
10.01.2025 13:46:03;3.11;
10.01.2025 13:46:04;3.12;
10.01.2025 13:46:11;3.12;
10.01.2025 13:46:12;3.11;
10.01.2025 13:46:13;3.12;
10.01.2025 13:46:14;3.12;
10.01.2025 13:46:15;3.11;
10.01.2025 13:46:16;3.12;
10.01.2025 13:46:28;3.12;
10.01.2025 13:46:29;3.11;
10.01.2025 13:46:30;3.12;
10.01.2025 13:46:31;3.12;
10.01.2025 13:46:32;3.11;
10.01.2025 13:46:33;3.12;
10.01.2025 13:46:36;3.12;
10.01.2025 13:46:37;3.11;
10.01.2025 13:46:38;3.12;
10.01.2025 13:46:40;3.12;
10.01.2025 13:46:41;3.11;
10.01.2025 13:46:42;3.11;
10.01.2025 13:46:43;3.12;
10.01.2025 13:46:44;3.13;
10.01.2025 13:46:45;3.13;
10.01.2025 13:46:46;3.12;
10.01.2025 13:46:49;3.12;
10.01.2025 13:46:50;3.13;
10.01.2025 13:46:51;3.13;
10.01.2025 13:46:52;3.12;
10.01.2025 13:46:53;3.12;
10.01.2025 13:46:54;3.13;
10.01.2025 13:46:55;3.12;
10.01.2025 13:46:56;3.12;
10.01.2025 13:46:57;3.13;
10.01.2025 13:46:58;3.12;
10.01.2025 13:47:00;3.12;
10.01.2025 13:47:01;3.13;
10.01.2025 13:47:02;3.13;
10.01.2025 13:47:03;3.12;
10.01.2025 13:47:04;3.12;
10.01.2025 13:47:05;3.13;
10.01.2025 13:47:06;3.12;
10.01.2025 13:47:08;3.12;
10.01.2025 13:47:09;3.13;
10.01.2025 13:47:10;3.12;
10.01.2025 13:47:11;3.12;
10.01.2025 13:47:12;3.13;
10.01.2025 13:47:13;3.12;
10.01.2025 13:47:14;3.13;
10.01.2025 13:47:15;3.13;
10.01.2025 13:47:16;3.12;
10.01.2025 13:47:17;3.12;
10.01.2025 13:47:18;3.13;
10.01.2025 13:47:19;3.12;
10.01.2025 13:47:20;3.13;
10.01.2025 13:47:21;3.13;
10.01.2025 13:47:22;3.11;
10.01.2025 13:47:23;3.12;
10.01.2025 13:47:24;3.12;
10.01.2025 13:47:25;3.13;
10.01.2025 13:47:26;3.13;
10.01.2025 13:47:27;3.12;
10.01.2025 13:47:28;3.12;
10.01.2025 13:47:29;3.13;
10.01.2025 13:47:31;3.13;
10.01.2025 13:47:32;3.12;
10.01.2025 13:47:33;3.13;
10.01.2025 13:47:34;3.12;
10.01.2025 13:47:35;3.12;
10.01.2025 13:47:36;3.13;
10.01.2025 13:47:37;3.12;
10.01.2025 13:47:41;3.12;
10.01.2025 13:47:42;3.13;
10.01.2025 13:47:43;3.13;
10.01.2025 13:47:44;3.12;
10.01.2025 13:47:45;3.13;
10.01.2025 13:47:46;3.13;
10.01.2025 13:47:47;3.12;
10.01.2025 13:47:48;3.12;
10.01.2025 13:47:49;3.13;
10.01.2025 13:47:50;3.13;
10.01.2025 13:47:51;3.12;
10.01.2025 13:47:52;3.13;
10.01.2025 13:47:53;3.12;
10.01.2025 13:47:54;3.12;
10.01.2025 13:47:55;3.13;
10.01.2025 13:47:56;3.14;
10.01.2025 13:47:57;3.13;
10.01.2025 13:48:03;3.13;
10.01.2025 13:48:04;3.12;
10.01.2025 13:48:05;3.13;
10.01.2025 13:48:06;3.13;
10.01.2025 13:48:07;3.12;
10.01.2025 13:48:09;3.12;
10.01.2025 13:48:10;3.13;
10.01.2025 13:48:11;3.12;
10.01.2025 13:48:12;3.13;
10.01.2025 13:48:13;3.12;
10.01.2025 13:48:14;3.13;
10.01.2025 13:48:16;3.13;
10.01.2025 13:48:17;3.14;
10.01.2025 13:48:18;3.13;
10.01.2025 13:48:24;3.13;
10.01.2025 13:48:25;3.12;
10.01.2025 13:48:26;3.13;
10.01.2025 13:48:29;3.13;
10.01.2025 13:48:30;3.12;
10.01.2025 13:48:31;3.13;
10.01.2025 13:48:35;3.13;
10.01.2025 13:48:36;3.14;
10.01.2025 13:48:37;3.13;
10.01.2025 13:48:38;3.14;
10.01.2025 13:48:39;3.12;
10.01.2025 13:48:40;3.13;
10.01.2025 13:48:47;3.13;
10.01.2025 13:48:48;3.12;
10.01.2025 13:48:49;3.13;
10.01.2025 13:48:58;3.13;
10.01.2025 13:48:59;3.12;
10.01.2025 13:49:00;3.13;
10.01.2025 13:49:01;3.14;
10.01.2025 13:49:02;3.13;
10.01.2025 13:49:04;3.13;
10.01.2025 13:49:05;3.14;
10.01.2025 13:49:06;3.13;
10.01.2025 13:49:09;3.13;
10.01.2025 13:49:10;3.14;
10.01.2025 13:49:11;3.12;
10.01.2025 13:49:12;3.12;
10.01.2025 13:49:13;3.13;
10.01.2025 13:49:14;3.13;
10.01.2025 13:49:15;3.14;
10.01.2025 13:49:16;3.12;
10.01.2025 13:49:17;3.14;
10.01.2025 13:49:18;3.14;
10.01.2025 13:49:19;3.13;
10.01.2025 13:49:20;3.14;
10.01.2025 13:49:21;3.13;
10.01.2025 13:49:26;3.13;
10.01.2025 13:49:27;3.12;
10.01.2025 13:49:28;3.13;
10.01.2025 13:49:32;3.13;
10.01.2025 13:49:33;3.14;
10.01.2025 13:49:34;3.13;
10.01.2025 13:49:35;3.13;
10.01.2025 13:49:36;3.14;
10.01.2025 13:49:37;3.14;
10.01.2025 13:49:38;3.13;
10.01.2025 13:49:41;3.13;
10.01.2025 13:49:42;3.14;
10.01.2025 13:49:44;3.14;
10.01.2025 13:49:45;3.13;
10.01.2025 13:49:46;3.14;
10.01.2025 13:49:49;3.14;
10.01.2025 13:49:50;3.13;
10.01.2025 13:49:51;3.13;
10.01.2025 13:49:52;3.14;
10.01.2025 13:49:53;3.13;
10.01.2025 13:49:54;3.14;
10.01.2025 13:49:56;3.14;
10.01.2025 13:49:57;3.13;
10.01.2025 13:49:58;3.14;
10.01.2025 13:50:00;3.14;
10.01.2025 13:50:01;3.15;
10.01.2025 13:50:02;3.14;
10.01.2025 13:50:10;3.14;
10.01.2025 13:50:11;3.13;
10.01.2025 13:50:12;3.14;
10.01.2025 13:50:13;3.14;
10.01.2025 13:50:14;3.15;
10.01.2025 13:50:15;3.14;
10.01.2025 13:50:19;3.14;
10.01.2025 13:50:20;3.13;
10.01.2025 13:50:21;3.14;
10.01.2025 13:50:22;3.13;
10.01.2025 13:50:23;3.14;
10.01.2025 13:50:30;3.14;
10.01.2025 13:50:31;3.13;
10.01.2025 13:50:32;3.14;
10.01.2025 13:50:39;3.14;
10.01.2025 13:50:40;3.15;
10.01.2025 13:50:42;3.15;
10.01.2025 13:50:43;3.14;
10.01.2025 13:50:44;3.14;
10.01.2025 13:50:45;3.15;
10.01.2025 13:50:46;3.14;
10.01.2025 13:50:51;3.14;
10.01.2025 13:50:52;3.15;
10.01.2025 13:50:53;3.14;
10.01.2025 13:50:56;3.14;
10.01.2025 13:50:57;3.15;
10.01.2025 13:50:58;3.14;
10.01.2025 13:51:02;3.14;
10.01.2025 13:51:03;3.15;
10.01.2025 13:51:04;3.14;
10.01.2025 13:51:05;3.15;
10.01.2025 13:51:09;3.15;
10.01.2025 13:51:10;3.14;
10.01.2025 13:51:12;3.14;
10.01.2025 13:51:13;3.15;
10.01.2025 13:51:14;3.14;
10.01.2025 13:51:15;3.14;
10.01.2025 13:51:16;3.15;
10.01.2025 13:51:17;3.14;
10.01.2025 13:51:18;3.15;
10.01.2025 13:51:19;3.15;
10.01.2025 13:51:20;3.14;
10.01.2025 13:51:23;3.14;
10.01.2025 13:51:24;3.15;
10.01.2025 13:51:25;3.14;
10.01.2025 13:51:26;3.15;
10.01.2025 13:51:30;3.15;
10.01.2025 13:51:31;3.14;
10.01.2025 13:51:32;3.15;
10.01.2025 13:51:35;3.15;
10.01.2025 13:51:36;3.14;
10.01.2025 13:51:37;3.14;
10.01.2025 13:51:38;3.15;
10.01.2025 13:51:39;3.14;
10.01.2025 13:51:40;3.15;
10.01.2025 13:51:42;3.15;
10.01.2025 13:51:43;3.14;
10.01.2025 13:51:44;3.15;
10.01.2025 13:51:54;3.15;
10.01.2025 13:51:55;3.14;
10.01.2025 13:51:56;3.15;
10.01.2025 13:52:18;3.15;
10.01.2025 13:52:19;3.14;
10.01.2025 13:52:20;3.15;
10.01.2025 13:52:26;3.15;
10.01.2025 13:52:27;3.16;
10.01.2025 13:52:28;3.15;
10.01.2025 13:52:33;3.15;
10.01.2025 13:52:34;3.16;
10.01.2025 13:52:35;3.16;
10.01.2025 13:52:36;3.15;
10.01.2025 13:52:37;3.15;
10.01.2025 13:52:38;3.16;
10.01.2025 13:52:39;3.15;
10.01.2025 13:52:43;3.15;
10.01.2025 13:52:44;3.16;
10.01.2025 13:52:45;3.15;
10.01.2025 13:52:50;3.15;
10.01.2025 13:52:51;3.16;
10.01.2025 13:52:52;3.15;
10.01.2025 13:52:54;3.15;
10.01.2025 13:52:55;3.16;
10.01.2025 13:52:56;3.15;
10.01.2025 13:53:01;3.15;
10.01.2025 13:53:02;3.16;
10.01.2025 13:53:03;3.15;
10.01.2025 13:53:04;3.15;
10.01.2025 13:53:05;3.16;
10.01.2025 13:53:06;3.16;
10.01.2025 13:53:07;3.15;
10.01.2025 13:53:08;3.16;
10.01.2025 13:53:09;3.15;
10.01.2025 13:53:12;3.15;
10.01.2025 13:53:13;3.16;
10.01.2025 13:53:16;3.16;
10.01.2025 13:53:17;3.15;
10.01.2025 13:53:26;3.15;
10.01.2025 13:53:27;3.16;
10.01.2025 13:53:28;3.15;
10.01.2025 13:53:29;3.17;
10.01.2025 13:53:30;3.16;
10.01.2025 13:53:31;3.15;
10.01.2025 13:53:32;3.16;
10.01.2025 13:53:33;3.15;
10.01.2025 13:53:34;3.16;
10.01.2025 13:53:35;3.16;
10.01.2025 13:53:36;3.15;
10.01.2025 13:53:37;3.16;
10.01.2025 13:53:38;3.15;
10.01.2025 13:53:40;3.15;
10.01.2025 13:53:41;3.16;
10.01.2025 13:53:42;3.15;
10.01.2025 13:53:43;3.15;
10.01.2025 13:53:44;3.16;
10.01.2025 13:53:45;3.15;
10.01.2025 13:53:46;3.16;
10.01.2025 13:53:53;3.16;
10.01.2025 13:53:54;3.15;
10.01.2025 13:53:55;3.16;
10.01.2025 13:53:58;3.16;
10.01.2025 13:53:59;3.15;
10.01.2025 13:54:00;3.16;
10.01.2025 13:54:07;3.16;
10.01.2025 13:54:08;3.17;
10.01.2025 13:54:09;3.16;
10.01.2025 13:54:10;3.16;
10.01.2025 13:54:11;3.15;
10.01.2025 13:54:12;3.16;
10.01.2025 13:54:13;3.17;
10.01.2025 13:54:14;3.17;
10.01.2025 13:54:15;3.16;
10.01.2025 13:54:26;3.16;
10.01.2025 13:54:27;3.17;
10.01.2025 13:54:28;3.16;
10.01.2025 13:54:33;3.16;
10.01.2025 13:54:34;3.17;
10.01.2025 13:54:35;3.16;
10.01.2025 13:54:39;3.16;
10.01.2025 13:54:40;3.17;
10.01.2025 13:54:43;3.17;
10.01.2025 13:54:44;3.16;
10.01.2025 13:54:47;3.16;
10.01.2025 13:54:48;3.17;
10.01.2025 13:54:49;3.17;
10.01.2025 13:54:50;3.16;
10.01.2025 13:54:51;3.16;
10.01.2025 13:54:52;3.17;
10.01.2025 13:54:53;3.17;
10.01.2025 13:54:54;3.16;
10.01.2025 13:54:55;3.17;
10.01.2025 13:54:56;3.16;
10.01.2025 13:54:57;3.17;
10.01.2025 13:54:58;3.17;
10.01.2025 13:54:59;3.16;
10.01.2025 13:55:05;3.16;
10.01.2025 13:55:06;3.17;
10.01.2025 13:55:07;3.16;
10.01.2025 13:55:10;3.16;
10.01.2025 13:55:11;3.17;
10.01.2025 13:55:12;3.16;
10.01.2025 13:55:13;3.16;
10.01.2025 13:55:14;3.17;
10.01.2025 13:55:15;3.16;
10.01.2025 13:55:18;3.16;
10.01.2025 13:55:19;3.17;
10.01.2025 13:55:21;3.17;
10.01.2025 13:55:22;3.16;
10.01.2025 13:55:23;3.17;
10.01.2025 13:55:24;3.17;
10.01.2025 13:55:25;3.16;
10.01.2025 13:55:26;3.17;
10.01.2025 13:55:28;3.17;
10.01.2025 13:55:29;3.16;
10.01.2025 13:55:30;3.17;
10.01.2025 13:55:32;3.17;
10.01.2025 13:55:33;3.16;
10.01.2025 13:55:34;3.17;
10.01.2025 13:55:35;3.16;
10.01.2025 13:55:36;3.17;
10.01.2025 13:55:38;3.17;
10.01.2025 13:55:39;3.16;
10.01.2025 13:55:40;3.16;
10.01.2025 13:55:41;3.17;
10.01.2025 13:55:44;3.17;
10.01.2025 13:55:45;3.16;
10.01.2025 13:55:46;3.16;
10.01.2025 13:55:47;3.17;
10.01.2025 13:55:48;3.17;
10.01.2025 13:55:49;3.16;
10.01.2025 13:55:50;3.17;
10.01.2025 13:55:59;3.17;
10.01.2025 13:56:00;3.16;
10.01.2025 13:56:01;3.16;
10.01.2025 13:56:02;3.17;
10.01.2025 13:56:08;3.17;
10.01.2025 13:56:09;3.18;
10.01.2025 13:56:10;3.17;
10.01.2025 13:56:18;3.17;
10.01.2025 13:56:19;3.16;
10.01.2025 13:56:20;3.17;
10.01.2025 13:56:28;3.17;
10.01.2025 13:56:29;3.18;
10.01.2025 13:56:30;3.18;
10.01.2025 13:56:31;3.17;
10.01.2025 13:56:34;3.17;
10.01.2025 13:56:35;3.18;
10.01.2025 13:56:39;3.18;
10.01.2025 13:56:40;3.17;
10.01.2025 13:56:41;3.18;
10.01.2025 13:56:42;3.18;
10.01.2025 13:56:43;3.17;
10.01.2025 13:56:44;3.18;
10.01.2025 13:56:45;3.18;
10.01.2025 13:56:46;3.17;
10.01.2025 13:56:47;3.18;
10.01.2025 13:56:48;3.17;
10.01.2025 13:56:49;3.18;
10.01.2025 13:56:50;3.17;
10.01.2025 13:56:51;3.18;
10.01.2025 13:56:53;3.18;
10.01.2025 13:56:54;3.17;
10.01.2025 13:56:57;3.17;
10.01.2025 13:56:58;3.18;
10.01.2025 13:56:59;3.17;
10.01.2025 13:57:00;3.18;
10.01.2025 13:57:01;3.17;
10.01.2025 13:57:02;3.18;
10.01.2025 13:57:10;3.18;
10.01.2025 13:57:11;3.19;
10.01.2025 13:57:12;3.19;
10.01.2025 13:57:13;3.18;
10.01.2025 13:57:16;3.18;
10.01.2025 13:57:17;3.17;
10.01.2025 13:57:18;3.18;
10.01.2025 13:57:21;3.18;
10.01.2025 13:57:22;3.17;
10.01.2025 13:57:23;3.18;
10.01.2025 13:57:25;3.18;
10.01.2025 13:57:26;3.17;
10.01.2025 13:57:27;3.18;
10.01.2025 13:57:28;3.17;
10.01.2025 13:57:29;3.18;
10.01.2025 13:57:33;3.18;
10.01.2025 13:57:34;3.17;
10.01.2025 13:57:35;3.17;
10.01.2025 13:57:36;3.18;
10.01.2025 13:57:37;3.18;
10.01.2025 13:57:38;3.17;
10.01.2025 13:57:39;3.17;
10.01.2025 13:57:40;3.18;
10.01.2025 13:57:41;3.18;
10.01.2025 13:57:42;3.17;
10.01.2025 13:57:44;3.17;
10.01.2025 13:57:45;3.18;
10.01.2025 13:57:48;3.18;
10.01.2025 13:57:49;3.17;
10.01.2025 13:57:50;3.18;
10.01.2025 13:57:51;3.18;
10.01.2025 13:57:52;3.17;
10.01.2025 13:57:53;3.18;
10.01.2025 13:57:54;3.17;
10.01.2025 13:57:55;3.18;
10.01.2025 13:57:56;3.17;
10.01.2025 13:57:58;3.17;
10.01.2025 13:57:59;3.18;
10.01.2025 13:58:00;3.17;
10.01.2025 13:58:01;3.18;
10.01.2025 13:58:02;3.18;
10.01.2025 13:58:03;3.17;
10.01.2025 13:58:04;3.18;
10.01.2025 13:58:05;3.17;
10.01.2025 13:58:06;3.18;
10.01.2025 13:58:07;3.18;
10.01.2025 13:58:08;3.17;
10.01.2025 13:58:09;3.17;
10.01.2025 13:58:10;3.18;
10.01.2025 13:58:12;3.18;
10.01.2025 13:58:13;3.17;
10.01.2025 13:58:14;3.17;
10.01.2025 13:58:15;3.18;
10.01.2025 13:58:18;3.18;
10.01.2025 13:58:19;3.17;
10.01.2025 13:58:20;3.18;
10.01.2025 13:58:22;3.18;
10.01.2025 13:58:23;3.19;
10.01.2025 13:58:24;3.18;
10.01.2025 13:58:27;3.18;
10.01.2025 13:58:28;3.17;
10.01.2025 13:58:29;3.18;
10.01.2025 13:58:35;3.18;
10.01.2025 13:58:36;3.17;
10.01.2025 13:58:37;3.18;
10.01.2025 13:58:39;3.18;
10.01.2025 13:58:40;3.19;
10.01.2025 13:58:41;3.18;
10.01.2025 13:58:42;3.19;
10.01.2025 13:58:44;3.19;
10.01.2025 13:58:45;3.18;
10.01.2025 13:58:47;3.18;
10.01.2025 13:58:48;3.19;
10.01.2025 13:58:49;3.18;
10.01.2025 13:58:50;3.19;
10.01.2025 13:58:51;3.18;
10.01.2025 13:58:52;3.19;
10.01.2025 13:58:53;3.19;
10.01.2025 13:58:54;3.18;
10.01.2025 13:58:55;3.19;
10.01.2025 13:58:56;3.18;
10.01.2025 13:58:57;3.19;
10.01.2025 13:58:58;3.18;
10.01.2025 13:58:59;3.19;
10.01.2025 13:59:00;3.19;
10.01.2025 13:59:01;3.18;
10.01.2025 13:59:04;3.18;
10.01.2025 13:59:05;3.19;
10.01.2025 13:59:06;3.19;
10.01.2025 13:59:07;3.18;
10.01.2025 13:59:08;3.19;
10.01.2025 13:59:10;3.19;
10.01.2025 13:59:11;3.18;
10.01.2025 13:59:12;3.19;
10.01.2025 13:59:13;3.18;
10.01.2025 13:59:14;3.19;
10.01.2025 13:59:15;3.19;
10.01.2025 13:59:16;3.18;
10.01.2025 13:59:17;3.19;
10.01.2025 13:59:21;3.19;
10.01.2025 13:59:22;3.18;
10.01.2025 13:59:23;3.19;
10.01.2025 13:59:24;3.19;
10.01.2025 13:59:25;3.18;
10.01.2025 13:59:26;3.19;
10.01.2025 13:59:27;3.18;
10.01.2025 13:59:29;3.18;
10.01.2025 13:59:30;3.19;
10.01.2025 13:59:31;3.18;
10.01.2025 13:59:32;3.19;
10.01.2025 13:59:34;3.19;
10.01.2025 13:59:35;3.18;
10.01.2025 13:59:36;3.19;
10.01.2025 13:59:37;3.18;
10.01.2025 13:59:39;3.18;
10.01.2025 13:59:40;3.19;
10.01.2025 13:59:41;3.18;
10.01.2025 13:59:42;3.19;
10.01.2025 13:59:43;3.18;
10.01.2025 13:59:45;3.18;
10.01.2025 13:59:46;3.19;
10.01.2025 13:59:48;3.19;
10.01.2025 13:59:49;3.18;
10.01.2025 13:59:50;3.19;
10.01.2025 13:59:51;3.18;
10.01.2025 13:59:52;3.18;
10.01.2025 13:59:53;3.19;
10.01.2025 13:59:58;3.19;
10.01.2025 13:59:59;3.18;
10.01.2025 14:00:00;3.18;
10.01.2025 14:00:01;3.19;
10.01.2025 14:00:04;3.19;
10.01.2025 14:00:05;3.18;
10.01.2025 14:00:06;3.19;
10.01.2025 14:00:10;3.19;
10.01.2025 14:00:11;3.18;
10.01.2025 14:00:12;3.19;
10.01.2025 14:00:13;3.18;
10.01.2025 14:00:14;3.19;
10.01.2025 14:00:17;3.19;
10.01.2025 14:00:18;3.2;
10.01.2025 14:00:19;3.19;
10.01.2025 14:00:26;3.19;
10.01.2025 14:00:27;3.18;
10.01.2025 14:00:29;3.18;
10.01.2025 14:00:30;3.19;
10.01.2025 14:00:37;3.19;
10.01.2025 14:00:38;3.2;
10.01.2025 14:00:39;3.19;
10.01.2025 14:00:42;3.19;
10.01.2025 14:00:43;3.2;
10.01.2025 14:00:44;3.18;
10.01.2025 14:00:45;3.19;
10.01.2025 14:00:46;3.18;
10.01.2025 14:00:47;3.19;
10.01.2025 14:00:54;3.19;
10.01.2025 14:00:55;3.2;
10.01.2025 14:00:56;3.19;
10.01.2025 14:01:01;3.19;
10.01.2025 14:01:02;3.2;
10.01.2025 14:01:03;3.19;
10.01.2025 14:01:04;3.19;
10.01.2025 14:01:05;3.2;
10.01.2025 14:01:06;3.19;
10.01.2025 14:01:07;3.18;
10.01.2025 14:01:08;3.19;
10.01.2025 14:01:12;3.19;
10.01.2025 14:01:13;3.2;
10.01.2025 14:01:14;3.2;
10.01.2025 14:01:15;3.19;
10.01.2025 14:01:16;3.2;
10.01.2025 14:01:17;3.19;
10.01.2025 14:01:21;3.19;
10.01.2025 14:01:22;3.2;
10.01.2025 14:01:23;3.18;
10.01.2025 14:01:24;3.19;
10.01.2025 14:01:25;3.2;
10.01.2025 14:01:26;3.19;
10.01.2025 14:01:34;3.19;
10.01.2025 14:01:35;3.2;
10.01.2025 14:01:36;3.19;
10.01.2025 14:01:40;3.19;
10.01.2025 14:01:41;3.2;
10.01.2025 14:01:42;3.19;
10.01.2025 14:01:45;3.19;
10.01.2025 14:01:46;3.2;
10.01.2025 14:01:47;3.19;
10.01.2025 14:01:51;3.19;
10.01.2025 14:01:52;3.2;
10.01.2025 14:01:53;3.19;
10.01.2025 14:01:54;3.2;
10.01.2025 14:01:57;3.2;
10.01.2025 14:01:58;3.19;
10.01.2025 14:01:59;3.19;
10.01.2025 14:02:00;3.2;
10.01.2025 14:02:01;3.19;
10.01.2025 14:02:02;3.19;
10.01.2025 14:02:03;3.2;
10.01.2025 14:02:04;3.19;
10.01.2025 14:02:05;3.2;
10.01.2025 14:02:08;3.2;
10.01.2025 14:02:09;3.19;
10.01.2025 14:02:10;3.19;
10.01.2025 14:02:11;3.2;
10.01.2025 14:02:15;3.2;
10.01.2025 14:02:16;3.19;
10.01.2025 14:02:17;3.2;
10.01.2025 14:02:26;3.2;
10.01.2025 14:02:27;3.19;
10.01.2025 14:02:28;3.2;
10.01.2025 14:02:29;3.19;
10.01.2025 14:02:30;3.21;
10.01.2025 14:02:31;3.2;
10.01.2025 14:02:32;3.2;
10.01.2025 14:02:33;3.19;
10.01.2025 14:02:34;3.19;
10.01.2025 14:02:35;3.2;
10.01.2025 14:02:36;3.2;
10.01.2025 14:02:37;3.21;
10.01.2025 14:02:38;3.2;
10.01.2025 14:02:39;3.19;
10.01.2025 14:02:40;3.21;
10.01.2025 14:02:41;3.2;
10.01.2025 14:02:45;3.2;
10.01.2025 14:02:46;3.19;
10.01.2025 14:02:47;3.2;
10.01.2025 14:02:49;3.2;
10.01.2025 14:02:50;3.21;
10.01.2025 14:02:51;3.2;
10.01.2025 14:02:53;3.2;
10.01.2025 14:02:54;3.21;
10.01.2025 14:02:55;3.21;
10.01.2025 14:02:56;3.2;
10.01.2025 14:03:01;3.2;
10.01.2025 14:03:02;3.19;
10.01.2025 14:03:03;3.2;
10.01.2025 14:03:05;3.2;
10.01.2025 14:03:06;3.19;
10.01.2025 14:03:07;3.2;
10.01.2025 14:03:08;3.2;
10.01.2025 14:03:09;3.21;
10.01.2025 14:03:10;3.2;
10.01.2025 14:03:14;3.2;
10.01.2025 14:03:15;3.21;
10.01.2025 14:03:16;3.2;
10.01.2025 14:03:19;3.2;
10.01.2025 14:03:20;3.19;
10.01.2025 14:03:21;3.21;
10.01.2025 14:03:22;3.2;
10.01.2025 14:03:23;3.2;
10.01.2025 14:03:24;3.19;
10.01.2025 14:03:25;3.2;
10.01.2025 14:03:31;3.2;
10.01.2025 14:03:32;3.21;
10.01.2025 14:03:34;3.21;
10.01.2025 14:03:35;3.2;
10.01.2025 14:03:37;3.2;
10.01.2025 14:03:38;3.21;
10.01.2025 14:03:39;3.21;
10.01.2025 14:03:40;3.2;
10.01.2025 14:03:41;3.2;
10.01.2025 14:03:42;3.21;
10.01.2025 14:03:43;3.21;
10.01.2025 14:03:44;3.2;
10.01.2025 14:03:45;3.21;
10.01.2025 14:03:48;3.21;
10.01.2025 14:03:49;3.2;
10.01.2025 14:03:50;3.21;
10.01.2025 14:03:51;3.21;
10.01.2025 14:03:52;3.2;
10.01.2025 14:03:53;3.22;
10.01.2025 14:03:54;3.2;
10.01.2025 14:03:56;3.2;
10.01.2025 14:03:57;3.21;
10.01.2025 14:03:59;3.21;
10.01.2025 14:04:00;3.2;
10.01.2025 14:04:01;3.21;
10.01.2025 14:04:08;3.21;
10.01.2025 14:04:09;3.2;
10.01.2025 14:04:10;3.21;
10.01.2025 14:04:25;3.21;
10.01.2025 14:04:26;3.22;
10.01.2025 14:04:27;3.21;
10.01.2025 14:04:32;3.21;
10.01.2025 14:04:33;3.2;
10.01.2025 14:04:34;3.21;
10.01.2025 14:04:35;3.2;
10.01.2025 14:04:36;3.21;
10.01.2025 14:04:37;3.2;
10.01.2025 14:04:38;3.2;
10.01.2025 14:04:39;3.21;
10.01.2025 14:04:40;3.21;
10.01.2025 14:04:41;3.2;
10.01.2025 14:04:42;3.21;
10.01.2025 14:04:43;3.21;
10.01.2025 14:04:44;3.2;
10.01.2025 14:04:47;3.2;
10.01.2025 14:04:48;3.21;
10.01.2025 14:05:06;3.21;
10.01.2025 14:05:07;3.22;
10.01.2025 14:05:08;3.22;
10.01.2025 14:05:09;3.21;
10.01.2025 14:05:10;3.22;
10.01.2025 14:05:11;3.21;
10.01.2025 14:05:12;3.22;
10.01.2025 14:05:13;3.21;
10.01.2025 14:05:19;3.21;
10.01.2025 14:05:20;3.22;
10.01.2025 14:05:21;3.21;
10.01.2025 14:05:22;3.21;
10.01.2025 14:05:23;3.22;
10.01.2025 14:05:24;3.21;
10.01.2025 14:05:31;3.21;
10.01.2025 14:05:32;3.22;
10.01.2025 14:05:33;3.22;
10.01.2025 14:05:34;3.21;
10.01.2025 14:05:36;3.21;
10.01.2025 14:05:37;3.22;
10.01.2025 14:05:38;3.21;
10.01.2025 14:05:39;3.22;
10.01.2025 14:05:40;3.22;
10.01.2025 14:05:41;3.21;
10.01.2025 14:05:42;3.21;
10.01.2025 14:05:43;3.22;
10.01.2025 14:05:44;3.22;
10.01.2025 14:05:45;3.21;
10.01.2025 14:05:46;3.21;
10.01.2025 14:05:47;3.22;
10.01.2025 14:05:48;3.21;
10.01.2025 14:05:50;3.21;
10.01.2025 14:05:51;3.22;
10.01.2025 14:05:52;3.21;
10.01.2025 14:05:54;3.21;
10.01.2025 14:05:55;3.22;
10.01.2025 14:05:56;3.21;
10.01.2025 14:05:57;3.22;
10.01.2025 14:05:58;3.21;
10.01.2025 14:05:59;3.22;
10.01.2025 14:06:00;3.21;
10.01.2025 14:06:01;3.21;
10.01.2025 14:06:02;3.22;
10.01.2025 14:06:03;3.21;
10.01.2025 14:06:04;3.21;
10.01.2025 14:06:05;3.22;
10.01.2025 14:06:06;3.22;
10.01.2025 14:06:07;3.21;
10.01.2025 14:06:08;3.2;
10.01.2025 14:06:09;3.21;
10.01.2025 14:06:10;3.22;
10.01.2025 14:06:11;3.22;
10.01.2025 14:06:12;3.21;
10.01.2025 14:06:13;3.21;
10.01.2025 14:06:14;3.22;
10.01.2025 14:06:15;3.22;
10.01.2025 14:06:16;3.21;
10.01.2025 14:06:17;3.21;
10.01.2025 14:06:18;3.22;
10.01.2025 14:06:21;3.22;
10.01.2025 14:06:22;3.21;
10.01.2025 14:06:23;3.22;
10.01.2025 14:06:26;3.22;
10.01.2025 14:06:27;3.21;
10.01.2025 14:06:28;3.22;
10.01.2025 14:06:29;3.22;
10.01.2025 14:06:30;3.21;
10.01.2025 14:06:32;3.21;
10.01.2025 14:06:33;3.22;
10.01.2025 14:06:37;3.22;
10.01.2025 14:06:38;3.21;
10.01.2025 14:06:39;3.22;
10.01.2025 14:06:40;3.21;
10.01.2025 14:06:41;3.21;
10.01.2025 14:06:42;3.22;
10.01.2025 14:06:43;3.21;
10.01.2025 14:06:44;3.22;
10.01.2025 14:06:48;3.22;
10.01.2025 14:06:49;3.21;
10.01.2025 14:06:50;3.22;
10.01.2025 14:06:52;3.22;
10.01.2025 14:06:53;3.21;
10.01.2025 14:06:54;3.22;
10.01.2025 14:06:56;3.22;
10.01.2025 14:06:57;3.21;
10.01.2025 14:06:58;3.22;
10.01.2025 14:07:12;3.22;
10.01.2025 14:07:13;3.21;
10.01.2025 14:07:14;3.22;
10.01.2025 14:07:19;3.22;
10.01.2025 14:07:20;3.23;
10.01.2025 14:07:21;3.22;
10.01.2025 14:07:25;3.22;
10.01.2025 14:07:26;3.21;
10.01.2025 14:07:27;3.22;
10.01.2025 14:07:28;3.21;
10.01.2025 14:07:29;3.21;
10.01.2025 14:07:30;3.22;
10.01.2025 14:07:34;3.22;
10.01.2025 14:07:35;3.23;
10.01.2025 14:07:36;3.22;
10.01.2025 14:07:43;3.22;
10.01.2025 14:07:44;3.21;
10.01.2025 14:07:45;3.22;
10.01.2025 14:07:51;3.22;
10.01.2025 14:07:52;3.21;
10.01.2025 14:07:53;3.23;
10.01.2025 14:07:54;3.21;
10.01.2025 14:07:55;3.21;
10.01.2025 14:07:56;3.22;
10.01.2025 14:07:58;3.22;
10.01.2025 14:07:59;3.23;
10.01.2025 14:08:00;3.21;
10.01.2025 14:08:01;3.22;
10.01.2025 14:08:03;3.22;
10.01.2025 14:08:04;3.21;
10.01.2025 14:08:05;3.22;
10.01.2025 14:08:09;3.22;
10.01.2025 14:08:10;3.21;
10.01.2025 14:08:11;3.22;
10.01.2025 14:08:13;3.22;
10.01.2025 14:08:14;3.21;
10.01.2025 14:08:15;3.23;
10.01.2025 14:08:16;3.21;
10.01.2025 14:08:17;3.22;
10.01.2025 14:08:18;3.21;
10.01.2025 14:08:19;3.23;
10.01.2025 14:08:20;3.22;
10.01.2025 14:08:21;3.21;
10.01.2025 14:08:22;3.22;
10.01.2025 14:08:29;3.22;
10.01.2025 14:08:30;3.23;
10.01.2025 14:08:31;3.22;
10.01.2025 14:08:32;3.21;
10.01.2025 14:08:33;3.22;
10.01.2025 14:08:34;3.21;
10.01.2025 14:08:35;3.22;
10.01.2025 14:08:36;3.22;
10.01.2025 14:08:37;3.21;
10.01.2025 14:08:38;3.22;
10.01.2025 14:08:39;3.21;
10.01.2025 14:08:40;3.22;
10.01.2025 14:08:41;3.23;
10.01.2025 14:08:42;3.22;
10.01.2025 14:08:43;3.23;
10.01.2025 14:08:44;3.22;
10.01.2025 14:08:46;3.22;
10.01.2025 14:08:47;3.23;
10.01.2025 14:08:48;3.22;
10.01.2025 14:08:58;3.22;
10.01.2025 14:08:59;3.23;
10.01.2025 14:09:00;3.22;
10.01.2025 14:09:01;3.23;
10.01.2025 14:09:02;3.22;
10.01.2025 14:09:03;3.22;
10.01.2025 14:09:04;3.23;
10.01.2025 14:09:05;3.22;
10.01.2025 14:09:06;3.22;
10.01.2025 14:09:07;3.23;
10.01.2025 14:09:08;3.22;
10.01.2025 14:09:09;3.22;
10.01.2025 14:09:10;3.23;
10.01.2025 14:09:11;3.22;
10.01.2025 14:09:13;3.22;
10.01.2025 14:09:14;3.24;
10.01.2025 14:09:15;3.23;
10.01.2025 14:09:16;3.23;
10.01.2025 14:09:17;3.22;
10.01.2025 14:09:18;3.22;
10.01.2025 14:09:19;3.23;
10.01.2025 14:09:20;3.23;
10.01.2025 14:09:21;3.22;
10.01.2025 14:09:22;3.22;
10.01.2025 14:09:23;3.23;
10.01.2025 14:09:24;3.22;
10.01.2025 14:09:28;3.22;
10.01.2025 14:09:29;3.23;
10.01.2025 14:09:30;3.22;
10.01.2025 14:09:31;3.22;
10.01.2025 14:09:32;3.23;
10.01.2025 14:09:33;3.22;
10.01.2025 14:09:34;3.22;
10.01.2025 14:09:35;3.23;
10.01.2025 14:09:36;3.22;
10.01.2025 14:09:37;3.23;
10.01.2025 14:09:38;3.22;
10.01.2025 14:09:39;3.23;
10.01.2025 14:09:40;3.22;
10.01.2025 14:09:41;3.22;
10.01.2025 14:09:42;3.23;
10.01.2025 14:09:48;3.23;
10.01.2025 14:09:49;3.24;
10.01.2025 14:09:50;3.23;
10.01.2025 14:09:51;3.22;
10.01.2025 14:09:52;3.22;
10.01.2025 14:09:53;3.23;
10.01.2025 14:09:55;3.23;
10.01.2025 14:09:56;3.22;
10.01.2025 14:09:57;3.23;
10.01.2025 14:09:58;3.24;
10.01.2025 14:09:59;3.23;
10.01.2025 14:10:00;3.23;
10.01.2025 14:10:01;3.22;
10.01.2025 14:10:02;3.22;
10.01.2025 14:10:03;3.23;
10.01.2025 14:10:05;3.23;
10.01.2025 14:10:06;3.22;
10.01.2025 14:10:07;3.23;
10.01.2025 14:10:11;3.23;
10.01.2025 14:10:12;3.22;
10.01.2025 14:10:13;3.23;
10.01.2025 14:10:15;3.23;
10.01.2025 14:10:16;3.22;
10.01.2025 14:10:17;3.23;
10.01.2025 14:10:18;3.22;
10.01.2025 14:10:19;3.23;
10.01.2025 14:10:21;3.23;
10.01.2025 14:10:22;3.22;
10.01.2025 14:10:23;3.22;
10.01.2025 14:10:24;3.23;
10.01.2025 14:10:25;3.22;
10.01.2025 14:10:26;3.23;
10.01.2025 14:10:29;3.23;
10.01.2025 14:10:30;3.22;
10.01.2025 14:10:32;3.22;
10.01.2025 14:10:33;3.23;
10.01.2025 14:10:34;3.22;
10.01.2025 14:10:35;3.23;
10.01.2025 14:10:42;3.23;
10.01.2025 14:10:43;3.22;
10.01.2025 14:10:44;3.23;
10.01.2025 14:10:45;3.23;
10.01.2025 14:10:46;3.22;
10.01.2025 14:10:47;3.23;
10.01.2025 14:10:48;3.23;
10.01.2025 14:10:49;3.22;
10.01.2025 14:10:50;3.23;
10.01.2025 14:10:51;3.23;
10.01.2025 14:10:52;3.22;
10.01.2025 14:10:53;3.22;
10.01.2025 14:10:54;3.23;
10.01.2025 14:10:56;3.23;
10.01.2025 14:10:57;3.22;
10.01.2025 14:10:58;3.23;
10.01.2025 14:11:01;3.23;
10.01.2025 14:11:02;3.22;
10.01.2025 14:11:03;3.22;
10.01.2025 14:11:04;3.23;
10.01.2025 14:11:11;3.23;
10.01.2025 14:11:12;3.24;
10.01.2025 14:11:13;3.23;
10.01.2025 14:11:16;3.23;
10.01.2025 14:11:17;3.24;
10.01.2025 14:11:18;3.23;
10.01.2025 14:11:19;3.24;
10.01.2025 14:11:20;3.23;
10.01.2025 14:11:21;3.22;
10.01.2025 14:11:22;3.23;
10.01.2025 14:11:24;3.23;
10.01.2025 14:11:25;3.22;
10.01.2025 14:11:26;3.23;
10.01.2025 14:11:30;3.23;
10.01.2025 14:11:31;3.24;
10.01.2025 14:11:32;3.23;
10.01.2025 14:11:33;3.22;
10.01.2025 14:11:34;3.24;
10.01.2025 14:11:35;3.24;
10.01.2025 14:11:36;3.23;
10.01.2025 14:11:37;3.23;
10.01.2025 14:11:38;3.24;
10.01.2025 14:11:39;3.23;
10.01.2025 14:11:40;3.23;
10.01.2025 14:11:41;3.24;
10.01.2025 14:11:42;3.23;
10.01.2025 14:11:44;3.23;
10.01.2025 14:11:45;3.22;
10.01.2025 14:11:46;3.23;
10.01.2025 14:11:51;3.23;
10.01.2025 14:11:52;3.24;
10.01.2025 14:11:53;3.23;
10.01.2025 14:11:54;3.24;
10.01.2025 14:11:55;3.23;
10.01.2025 14:11:56;3.23;
10.01.2025 14:11:57;3.24;
10.01.2025 14:11:58;3.24;
10.01.2025 14:11:59;3.23;
10.01.2025 14:12:01;3.23;
10.01.2025 14:12:02;3.24;
10.01.2025 14:12:03;3.24;
10.01.2025 14:12:04;3.23;
10.01.2025 14:12:05;3.24;
10.01.2025 14:12:06;3.24;
10.01.2025 14:12:07;3.23;
10.01.2025 14:12:08;3.24;
10.01.2025 14:12:09;3.24;
10.01.2025 14:12:10;3.23;
10.01.2025 14:12:13;3.23;
10.01.2025 14:12:14;3.24;
10.01.2025 14:12:15;3.24;
10.01.2025 14:12:16;3.23;
10.01.2025 14:12:17;3.23;
10.01.2025 14:12:18;3.24;
10.01.2025 14:12:21;3.24;
10.01.2025 14:12:22;3.23;
10.01.2025 14:12:23;3.24;
10.01.2025 14:12:24;3.24;
10.01.2025 14:12:25;3.23;
10.01.2025 14:12:27;3.23;
10.01.2025 14:12:28;3.24;
10.01.2025 14:12:30;3.24;
10.01.2025 14:12:31;3.23;
10.01.2025 14:12:32;3.24;
10.01.2025 14:12:33;3.24;
10.01.2025 14:12:34;3.23;
10.01.2025 14:12:35;3.24;
10.01.2025 14:12:36;3.23;
10.01.2025 14:12:38;3.23;
10.01.2025 14:12:39;3.22;
10.01.2025 14:12:40;3.23;
10.01.2025 14:12:41;3.23;
10.01.2025 14:12:42;3.24;
10.01.2025 14:12:46;3.24;
10.01.2025 14:12:47;3.23;
10.01.2025 14:12:48;3.24;
10.01.2025 14:12:49;3.23;
10.01.2025 14:12:50;3.24;
10.01.2025 14:12:51;3.23;
10.01.2025 14:12:52;3.24;
10.01.2025 14:12:53;3.24;
10.01.2025 14:12:54;3.23;
10.01.2025 14:12:55;3.24;
10.01.2025 14:12:58;3.24;
10.01.2025 14:12:59;3.23;
10.01.2025 14:13:00;3.24;
10.01.2025 14:13:01;3.23;
10.01.2025 14:13:02;3.23;
10.01.2025 14:13:03;3.24;
10.01.2025 14:13:04;3.22;
10.01.2025 14:13:05;3.23;
10.01.2025 14:13:06;3.24;
10.01.2025 14:13:07;3.24;
10.01.2025 14:13:08;3.23;
10.01.2025 14:13:10;3.23;
10.01.2025 14:13:11;3.24;
10.01.2025 14:13:12;3.24;
10.01.2025 14:13:13;3.23;
10.01.2025 14:13:14;3.24;
10.01.2025 14:13:16;3.24;
10.01.2025 14:13:17;3.23;
10.01.2025 14:13:19;3.23;
10.01.2025 14:13:20;3.24;
10.01.2025 14:13:21;3.23;
10.01.2025 14:13:22;3.24;
10.01.2025 14:13:23;3.23;
10.01.2025 14:13:24;3.25;
10.01.2025 14:13:25;3.24;
10.01.2025 14:13:30;3.24;
10.01.2025 14:13:31;3.23;
10.01.2025 14:13:32;3.24;
10.01.2025 14:13:38;3.24;
10.01.2025 14:13:39;3.23;
10.01.2025 14:13:40;3.24;
10.01.2025 14:13:43;3.24;
10.01.2025 14:13:44;3.23;
10.01.2025 14:13:45;3.24;
10.01.2025 14:13:47;3.24;
10.01.2025 14:13:48;3.23;
10.01.2025 14:13:49;3.24;
10.01.2025 14:13:50;3.24;
10.01.2025 14:13:51;3.25;
10.01.2025 14:13:52;3.23;
10.01.2025 14:13:53;3.24;
10.01.2025 14:13:55;3.24;
10.01.2025 14:13:56;3.25;
10.01.2025 14:13:57;3.23;
10.01.2025 14:13:58;3.24;
10.01.2025 14:14:00;3.24;
10.01.2025 14:14:01;3.25;
10.01.2025 14:14:02;3.23;
10.01.2025 14:14:03;3.23;
10.01.2025 14:14:04;3.24;
10.01.2025 14:14:05;3.24;
10.01.2025 14:14:06;3.23;
10.01.2025 14:14:07;3.23;
10.01.2025 14:14:08;3.24;
10.01.2025 14:14:09;3.23;
10.01.2025 14:14:10;3.24;
10.01.2025 14:14:11;3.23;
10.01.2025 14:14:12;3.24;
10.01.2025 14:14:13;3.23;
10.01.2025 14:14:14;3.24;
10.01.2025 14:14:19;3.24;
10.01.2025 14:14:20;3.23;
10.01.2025 14:14:21;3.24;
10.01.2025 14:14:26;3.24;
10.01.2025 14:14:27;3.23;
10.01.2025 14:14:28;3.23;
10.01.2025 14:14:29;3.24;
10.01.2025 14:14:30;3.24;
10.01.2025 14:14:31;3.25;
10.01.2025 14:14:32;3.24;
10.01.2025 14:14:39;3.24;
10.01.2025 14:14:40;3.25;
10.01.2025 14:14:41;3.23;
10.01.2025 14:14:42;3.25;
10.01.2025 14:14:43;3.24;
10.01.2025 14:14:44;3.24;
10.01.2025 14:14:45;3.23;
10.01.2025 14:14:46;3.24;
10.01.2025 14:14:47;3.23;
10.01.2025 14:14:48;3.24;
10.01.2025 14:14:49;3.23;
10.01.2025 14:14:50;3.24;
10.01.2025 14:14:51;3.25;
10.01.2025 14:14:52;3.24;
10.01.2025 14:14:53;3.23;
10.01.2025 14:14:54;3.24;
10.01.2025 14:14:55;3.25;
10.01.2025 14:14:56;3.24;
10.01.2025 14:14:58;3.24;
10.01.2025 14:14:59;3.25;
10.01.2025 14:15:00;3.24;
10.01.2025 14:15:07;3.24;
10.01.2025 14:15:08;3.25;
10.01.2025 14:15:09;3.24;
10.01.2025 14:15:17;3.24;
10.01.2025 14:15:18;3.25;
10.01.2025 14:15:19;3.25;
10.01.2025 14:15:20;3.24;
10.01.2025 14:15:22;3.24;
10.01.2025 14:15:23;3.23;
10.01.2025 14:15:24;3.23;
10.01.2025 14:15:25;3.24;
10.01.2025 14:15:26;3.25;
10.01.2025 14:15:27;3.24;
10.01.2025 14:15:28;3.23;
10.01.2025 14:15:29;3.24;
10.01.2025 14:15:32;3.24;
10.01.2025 14:15:33;3.23;
10.01.2025 14:15:34;3.24;
10.01.2025 14:15:35;3.24;
10.01.2025 14:15:36;3.23;
10.01.2025 14:15:37;3.25;
10.01.2025 14:15:38;3.24;
10.01.2025 14:15:42;3.24;
10.01.2025 14:15:43;3.25;
10.01.2025 14:15:44;3.25;
10.01.2025 14:15:45;3.24;
10.01.2025 14:15:47;3.24;
10.01.2025 14:15:48;3.25;
10.01.2025 14:15:50;3.25;
10.01.2025 14:15:51;3.24;
10.01.2025 14:15:52;3.24;
10.01.2025 14:15:53;3.25;
10.01.2025 14:15:55;3.25;
10.01.2025 14:15:56;3.24;
10.01.2025 14:15:57;3.25;
10.01.2025 14:16:06;3.25;
10.01.2025 14:16:07;3.24;
10.01.2025 14:16:08;3.25;
10.01.2025 14:16:12;3.25;
10.01.2025 14:16:13;3.24;
10.01.2025 14:16:14;3.25;
10.01.2025 14:16:15;3.25;
10.01.2025 14:16:16;3.24;
10.01.2025 14:16:17;3.24;
10.01.2025 14:16:18;3.25;
10.01.2025 14:16:20;3.25;
10.01.2025 14:16:21;3.23;
10.01.2025 14:16:22;3.24;
10.01.2025 14:16:23;3.24;
10.01.2025 14:16:24;3.23;
10.01.2025 14:16:25;3.24;
10.01.2025 14:16:26;3.25;
10.01.2025 14:16:28;3.25;
10.01.2025 14:16:29;3.24;
10.01.2025 14:16:30;3.24;
10.01.2025 14:16:31;3.25;
10.01.2025 14:16:32;3.24;
10.01.2025 14:16:33;3.24;
10.01.2025 14:16:34;3.25;
10.01.2025 14:16:35;3.24;
10.01.2025 14:16:36;3.26;
10.01.2025 14:16:37;3.25;
10.01.2025 14:16:38;3.24;
10.01.2025 14:16:39;3.25;
10.01.2025 14:16:40;3.25;
10.01.2025 14:16:41;3.24;
10.01.2025 14:16:42;3.25;
10.01.2025 14:16:43;3.25;
10.01.2025 14:16:44;3.24;
10.01.2025 14:16:45;3.24;
10.01.2025 14:16:46;3.25;
10.01.2025 14:16:47;3.24;
10.01.2025 14:16:50;3.24;
10.01.2025 14:16:51;3.25;
10.01.2025 14:16:53;3.25;
10.01.2025 14:16:54;3.24;
10.01.2025 14:16:55;3.25;
10.01.2025 14:17:01;3.25;
10.01.2025 14:17:02;3.24;
10.01.2025 14:17:03;3.25;
10.01.2025 14:17:04;3.24;
10.01.2025 14:17:05;3.25;
10.01.2025 14:17:07;3.25;
10.01.2025 14:17:08;3.24;
10.01.2025 14:17:09;3.24;
10.01.2025 14:17:10;3.25;
10.01.2025 14:17:11;3.25;
10.01.2025 14:17:12;3.24;
10.01.2025 14:17:13;3.25;
10.01.2025 14:17:14;3.24;
10.01.2025 14:17:15;3.25;
10.01.2025 14:17:16;3.25;
10.01.2025 14:17:17;3.24;
10.01.2025 14:17:18;3.24;
10.01.2025 14:17:19;3.25;
10.01.2025 14:17:21;3.25;
10.01.2025 14:17:22;3.24;
10.01.2025 14:17:23;3.25;
10.01.2025 14:17:25;3.25;
10.01.2025 14:17:26;3.24;
10.01.2025 14:17:27;3.25;
10.01.2025 14:17:28;3.24;
10.01.2025 14:17:30;3.24;
10.01.2025 14:17:31;3.25;
10.01.2025 14:17:32;3.25;
10.01.2025 14:17:33;3.24;
10.01.2025 14:17:34;3.25;
10.01.2025 14:17:35;3.24;
10.01.2025 14:17:36;3.24;
10.01.2025 14:17:37;3.25;
10.01.2025 14:17:38;3.24;
10.01.2025 14:17:39;3.25;
10.01.2025 14:17:50;3.25;
10.01.2025 14:17:51;3.24;
10.01.2025 14:17:52;3.25;
10.01.2025 14:17:54;3.25;
10.01.2025 14:17:55;3.24;
10.01.2025 14:17:56;3.24;
10.01.2025 14:17:57;3.25;
10.01.2025 14:18:15;3.25;
10.01.2025 14:18:16;3.26;
10.01.2025 14:18:17;3.25;
10.01.2025 14:18:18;3.24;
10.01.2025 14:18:19;3.25;
10.01.2025 14:18:21;3.25;
10.01.2025 14:18:22;3.24;
10.01.2025 14:18:23;3.25;
10.01.2025 14:18:28;3.25;
10.01.2025 14:18:29;3.24;
10.01.2025 14:18:31;3.24;
10.01.2025 14:18:32;3.25;
10.01.2025 14:18:33;3.24;
10.01.2025 14:18:34;3.25;
10.01.2025 14:18:35;3.25;
10.01.2025 14:18:36;3.24;
10.01.2025 14:18:37;3.25;
10.01.2025 14:18:38;3.25;
10.01.2025 14:18:39;3.24;
10.01.2025 14:18:40;3.25;
10.01.2025 14:18:44;3.25;
10.01.2025 14:18:45;3.26;
10.01.2025 14:18:46;3.26;
10.01.2025 14:18:47;3.25;
10.01.2025 14:18:53;3.25;
10.01.2025 14:18:54;3.26;
10.01.2025 14:18:55;3.25;
10.01.2025 14:18:57;3.25;
10.01.2025 14:18:58;3.26;
10.01.2025 14:18:59;3.25;
10.01.2025 14:19:02;3.25;
10.01.2025 14:19:03;3.26;
10.01.2025 14:19:04;3.26;
10.01.2025 14:19:05;3.25;
10.01.2025 14:19:06;3.25;
10.01.2025 14:19:07;3.26;
10.01.2025 14:19:08;3.26;
10.01.2025 14:19:09;3.25;
10.01.2025 14:19:10;3.25;
10.01.2025 14:19:11;3.26;
10.01.2025 14:19:12;3.25;
10.01.2025 14:19:13;3.26;
10.01.2025 14:19:14;3.26;
10.01.2025 14:19:15;3.25;
10.01.2025 14:19:16;3.26;
10.01.2025 14:19:19;3.26;
10.01.2025 14:19:20;3.27;
10.01.2025 14:19:21;3.25;
10.01.2025 14:19:23;3.25;
10.01.2025 14:19:24;3.26;
10.01.2025 14:19:25;3.25;
10.01.2025 14:19:28;3.25;
10.01.2025 14:19:29;3.26;
10.01.2025 14:19:30;3.25;
10.01.2025 14:19:31;3.26;
10.01.2025 14:19:32;3.25;
10.01.2025 14:19:35;3.25;
10.01.2025 14:19:36;3.26;
10.01.2025 14:19:37;3.25;
10.01.2025 14:19:38;3.26;
10.01.2025 14:19:39;3.25;
10.01.2025 14:19:40;3.25;
10.01.2025 14:19:41;3.26;
10.01.2025 14:19:42;3.25;
10.01.2025 14:19:43;3.25;
10.01.2025 14:19:44;3.26;
10.01.2025 14:19:45;3.25;
10.01.2025 14:19:46;3.26;
10.01.2025 14:19:47;3.25;
10.01.2025 14:19:51;3.25;
10.01.2025 14:19:52;3.26;
10.01.2025 14:19:53;3.26;
10.01.2025 14:19:54;3.25;
10.01.2025 14:19:55;3.26;
10.01.2025 14:19:57;3.26;
10.01.2025 14:19:58;3.27;
10.01.2025 14:19:59;3.27;
10.01.2025 14:20:00;3.25;
10.01.2025 14:20:01;3.26;
10.01.2025 14:20:02;3.26;
10.01.2025 14:20:03;3.25;
10.01.2025 14:20:04;3.24;
10.01.2025 14:20:05;3.25;
10.01.2025 14:20:07;3.25;
10.01.2025 14:20:08;3.26;
10.01.2025 14:20:10;3.26;
10.01.2025 14:20:11;3.25;
10.01.2025 14:20:13;3.25;
10.01.2025 14:20:14;3.26;
10.01.2025 14:20:15;3.25;
10.01.2025 14:20:16;3.25;
10.01.2025 14:20:17;3.26;
10.01.2025 14:20:18;3.25;
10.01.2025 14:20:22;3.25;
10.01.2025 14:20:23;3.26;
10.01.2025 14:20:25;3.26;
10.01.2025 14:20:26;3.25;
10.01.2025 14:20:27;3.25;
10.01.2025 14:20:28;3.26;
10.01.2025 14:20:29;3.26;
10.01.2025 14:20:30;3.25;
10.01.2025 14:20:31;3.26;
10.01.2025 14:20:32;3.26;
10.01.2025 14:20:33;3.25;
10.01.2025 14:20:34;3.25;
10.01.2025 14:20:35;3.26;
10.01.2025 14:20:36;3.25;
10.01.2025 14:20:37;3.26;
10.01.2025 14:20:38;3.25;
10.01.2025 14:20:39;3.25;
10.01.2025 14:20:40;3.26;
10.01.2025 14:20:43;3.26;
10.01.2025 14:20:44;3.25;
10.01.2025 14:20:45;3.26;
10.01.2025 14:20:49;3.26;
10.01.2025 14:20:50;3.27;
10.01.2025 14:20:51;3.27;
10.01.2025 14:20:52;3.26;
10.01.2025 14:20:54;3.26;
10.01.2025 14:20:55;3.27;
10.01.2025 14:20:56;3.26;
10.01.2025 14:20:57;3.26;
10.01.2025 14:20:58;3.25;
10.01.2025 14:20:59;3.26;
10.01.2025 14:21:02;3.26;
10.01.2025 14:21:03;3.27;
10.01.2025 14:21:04;3.26;
10.01.2025 14:21:07;3.26;
10.01.2025 14:21:08;3.25;
10.01.2025 14:21:09;3.26;
10.01.2025 14:21:17;3.26;
10.01.2025 14:21:18;3.25;
10.01.2025 14:21:19;3.26;
10.01.2025 14:21:24;3.26;
10.01.2025 14:21:25;3.25;
10.01.2025 14:21:26;3.25;
10.01.2025 14:21:27;3.26;
10.01.2025 14:21:34;3.26;
10.01.2025 14:21:35;3.27;
10.01.2025 14:21:36;3.26;
10.01.2025 14:21:42;3.26;
10.01.2025 14:21:43;3.27;
10.01.2025 14:21:44;3.27;
10.01.2025 14:21:45;3.26;
10.01.2025 14:21:46;3.26;
10.01.2025 14:21:47;3.27;
10.01.2025 14:21:48;3.27;
10.01.2025 14:21:49;3.26;
10.01.2025 14:21:50;3.27;
10.01.2025 14:21:51;3.27;
10.01.2025 14:21:52;3.26;
10.01.2025 14:21:55;3.26;
10.01.2025 14:21:56;3.27;
10.01.2025 14:21:57;3.26;
10.01.2025 14:21:58;3.27;
10.01.2025 14:22:00;3.27;
10.01.2025 14:22:01;3.26;
10.01.2025 14:22:02;3.26;
10.01.2025 14:22:03;3.27;
10.01.2025 14:22:04;3.26;
10.01.2025 14:22:05;3.26;
10.01.2025 14:22:06;3.27;
10.01.2025 14:22:07;3.26;
10.01.2025 14:22:08;3.26;
10.01.2025 14:22:09;3.27;
10.01.2025 14:22:10;3.27;
10.01.2025 14:22:11;3.26;
10.01.2025 14:22:12;3.27;
10.01.2025 14:22:13;3.26;
10.01.2025 14:22:16;3.26;
10.01.2025 14:22:17;3.28;
10.01.2025 14:22:18;3.26;
10.01.2025 14:22:19;3.27;
10.01.2025 14:22:20;3.26;
10.01.2025 14:22:21;3.27;
10.01.2025 14:22:22;3.27;
10.01.2025 14:22:23;3.26;
10.01.2025 14:22:24;3.27;
10.01.2025 14:22:25;3.27;
10.01.2025 14:22:26;3.26;
10.01.2025 14:22:27;3.26;
10.01.2025 14:22:28;3.27;
10.01.2025 14:22:31;3.27;
10.01.2025 14:22:32;3.26;
10.01.2025 14:22:33;3.27;
10.01.2025 14:22:34;3.27;
10.01.2025 14:22:35;3.26;
10.01.2025 14:22:36;3.27;
10.01.2025 14:22:37;3.27;
10.01.2025 14:22:38;3.26;
10.01.2025 14:22:39;3.27;
10.01.2025 14:22:40;3.27;
10.01.2025 14:22:41;3.26;
10.01.2025 14:22:42;3.27;
10.01.2025 14:22:48;3.27;
10.01.2025 14:22:49;3.26;
10.01.2025 14:22:51;3.26;
10.01.2025 14:22:52;3.27;
10.01.2025 14:22:58;3.27;
10.01.2025 14:22:59;3.26;
10.01.2025 14:23:00;3.27;
10.01.2025 14:23:01;3.26;
10.01.2025 14:23:02;3.26;
10.01.2025 14:23:03;3.27;
10.01.2025 14:23:04;3.26;
10.01.2025 14:23:05;3.27;
10.01.2025 14:23:06;3.28;
10.01.2025 14:23:07;3.27;
10.01.2025 14:23:15;3.27;
10.01.2025 14:23:16;3.26;
10.01.2025 14:23:17;3.26;
10.01.2025 14:23:18;3.27;
10.01.2025 14:23:28;3.27;
10.01.2025 14:23:29;3.26;
10.01.2025 14:23:30;3.26;
10.01.2025 14:23:31;3.27;
10.01.2025 14:23:32;3.27;
10.01.2025 14:23:33;3.26;
10.01.2025 14:23:34;3.27;
10.01.2025 14:23:40;3.27;
10.01.2025 14:23:41;3.26;
10.01.2025 14:23:43;3.26;
10.01.2025 14:23:44;3.27;
10.01.2025 14:23:48;3.27;
10.01.2025 14:23:49;3.26;
10.01.2025 14:23:50;3.27;
10.01.2025 14:23:51;3.26;
10.01.2025 14:23:52;3.27;
10.01.2025 14:24:04;3.27;
10.01.2025 14:24:05;3.26;
10.01.2025 14:24:06;3.27;
10.01.2025 14:24:10;3.27;
10.01.2025 14:24:11;3.28;
10.01.2025 14:24:12;3.27;
10.01.2025 14:24:14;3.27;
10.01.2025 14:24:15;3.28;
10.01.2025 14:24:16;3.27;
10.01.2025 14:24:24;3.27;
10.01.2025 14:24:25;3.26;
10.01.2025 14:24:26;3.27;
10.01.2025 14:24:31;3.27;
10.01.2025 14:24:32;3.28;
10.01.2025 14:24:33;3.27;
10.01.2025 14:24:39;3.27;
10.01.2025 14:24:40;3.26;
10.01.2025 14:24:41;3.27;
10.01.2025 14:24:46;3.27;
10.01.2025 14:24:47;3.28;
10.01.2025 14:24:48;3.27;
10.01.2025 14:24:49;3.27;
10.01.2025 14:24:50;3.28;
10.01.2025 14:24:51;3.28;
10.01.2025 14:24:52;3.27;
10.01.2025 14:24:53;3.27;
10.01.2025 14:24:54;3.28;
10.01.2025 14:24:55;3.27;
10.01.2025 14:24:56;3.26;
10.01.2025 14:24:57;3.27;
10.01.2025 14:24:59;3.27;
10.01.2025 14:25:00;3.28;
10.01.2025 14:25:01;3.27;
10.01.2025 14:25:02;3.28;
10.01.2025 14:25:03;3.27;
10.01.2025 14:25:04;3.28;
10.01.2025 14:25:05;3.26;
10.01.2025 14:25:06;3.28;
10.01.2025 14:25:07;3.27;
10.01.2025 14:25:08;3.26;
10.01.2025 14:25:09;3.27;
10.01.2025 14:25:10;3.27;
10.01.2025 14:25:11;3.28;
10.01.2025 14:25:12;3.27;
10.01.2025 14:25:14;3.27;
10.01.2025 14:25:15;3.28;
10.01.2025 14:25:16;3.27;
10.01.2025 14:25:17;3.27;
10.01.2025 14:25:18;3.28;
10.01.2025 14:25:21;3.28;
10.01.2025 14:25:22;3.27;
10.01.2025 14:25:23;3.28;
10.01.2025 14:25:25;3.28;
10.01.2025 14:25:26;3.26;
10.01.2025 14:25:27;3.27;
10.01.2025 14:25:30;3.27;
10.01.2025 14:25:31;3.28;
10.01.2025 14:25:32;3.28;
10.01.2025 14:25:33;3.27;
10.01.2025 14:25:34;3.28;
10.01.2025 14:25:35;3.28;
10.01.2025 14:25:36;3.27;
10.01.2025 14:25:40;3.27;
10.01.2025 14:25:41;3.28;
10.01.2025 14:25:42;3.27;
10.01.2025 14:25:45;3.27;
10.01.2025 14:25:46;3.28;
10.01.2025 14:25:47;3.27;
10.01.2025 14:25:48;3.27;
10.01.2025 14:25:49;3.26;
10.01.2025 14:25:50;3.27;
10.01.2025 14:25:51;3.27;
10.01.2025 14:25:52;3.28;
10.01.2025 14:25:53;3.27;
10.01.2025 14:26:00;3.27;
10.01.2025 14:26:01;3.28;
10.01.2025 14:26:02;3.27;
10.01.2025 14:26:04;3.27;
10.01.2025 14:26:05;3.28;
10.01.2025 14:26:06;3.27;
10.01.2025 14:26:07;3.28;
10.01.2025 14:26:08;3.27;
10.01.2025 14:26:09;3.28;
10.01.2025 14:26:10;3.28;
10.01.2025 14:26:11;3.27;
10.01.2025 14:26:20;3.27;
10.01.2025 14:26:21;3.28;
10.01.2025 14:26:26;3.28;
10.01.2025 14:26:27;3.27;
10.01.2025 14:26:28;3.28;
10.01.2025 14:26:29;3.27;
10.01.2025 14:26:31;3.27;
10.01.2025 14:26:32;3.28;
10.01.2025 14:26:38;3.28;
10.01.2025 14:26:39;3.27;
10.01.2025 14:26:40;3.28;
10.01.2025 14:26:42;3.28;
10.01.2025 14:26:43;3.27;
10.01.2025 14:26:45;3.27;
10.01.2025 14:26:46;3.28;
10.01.2025 14:26:49;3.28;
10.01.2025 14:26:50;3.27;
10.01.2025 14:26:51;3.28;
10.01.2025 14:26:53;3.28;
10.01.2025 14:26:54;3.27;
10.01.2025 14:26:55;3.29;
10.01.2025 14:26:56;3.28;
10.01.2025 14:26:57;3.28;
10.01.2025 14:26:58;3.27;
10.01.2025 14:26:59;3.28;
10.01.2025 14:27:00;3.28;
10.01.2025 14:27:01;3.27;
10.01.2025 14:27:02;3.28;
10.01.2025 14:27:05;3.28;
10.01.2025 14:27:06;3.27;
10.01.2025 14:27:07;3.28;
10.01.2025 14:27:08;3.28;
10.01.2025 14:27:09;3.27;
10.01.2025 14:27:20;3.27;
10.01.2025 14:27:21;3.28;
10.01.2025 14:27:22;3.27;
10.01.2025 14:27:23;3.28;
10.01.2025 14:27:26;3.28;
10.01.2025 14:27:27;3.27;
10.01.2025 14:27:28;3.27;
10.01.2025 14:27:29;3.28;
10.01.2025 14:27:30;3.27;
10.01.2025 14:27:31;3.26;
10.01.2025 14:27:32;3.27;
10.01.2025 14:27:33;3.28;
10.01.2025 14:27:34;3.29;
10.01.2025 14:27:35;3.27;
10.01.2025 14:27:36;3.28;
10.01.2025 14:27:39;3.28;
10.01.2025 14:27:40;3.27;
10.01.2025 14:27:42;3.27;
10.01.2025 14:27:43;3.28;
10.01.2025 14:27:44;3.27;
10.01.2025 14:27:47;3.27;
10.01.2025 14:27:48;3.28;
10.01.2025 14:27:50;3.28;
10.01.2025 14:27:51;3.27;
10.01.2025 14:27:52;3.28;
10.01.2025 14:27:53;3.28;
10.01.2025 14:27:54;3.27;
10.01.2025 14:27:55;3.27;
10.01.2025 14:27:56;3.28;
10.01.2025 14:27:57;3.28;
10.01.2025 14:27:58;3.27;
10.01.2025 14:27:59;3.28;
10.01.2025 14:28:00;3.27;
10.01.2025 14:28:01;3.28;
10.01.2025 14:28:02;3.27;
10.01.2025 14:28:03;3.28;
10.01.2025 14:28:04;3.27;
10.01.2025 14:28:05;3.27;
10.01.2025 14:28:06;3.28;
10.01.2025 14:28:07;3.28;
10.01.2025 14:28:08;3.27;
10.01.2025 14:28:09;3.28;
10.01.2025 14:28:10;3.27;
10.01.2025 14:28:11;3.27;
10.01.2025 14:28:12;3.28;
10.01.2025 14:28:13;3.27;
10.01.2025 14:28:14;3.28;
10.01.2025 14:28:15;3.28;
10.01.2025 14:28:16;3.27;
10.01.2025 14:28:17;3.28;
10.01.2025 14:28:18;3.27;
10.01.2025 14:28:19;3.27;
10.01.2025 14:28:20;3.28;
10.01.2025 14:28:33;3.28;
10.01.2025 14:28:34;3.27;
10.01.2025 14:28:35;3.28;
10.01.2025 14:28:37;3.28;
10.01.2025 14:28:38;3.27;
10.01.2025 14:28:39;3.28;
10.01.2025 14:28:44;3.28;
10.01.2025 14:28:45;3.29;
10.01.2025 14:28:46;3.28;
10.01.2025 14:28:56;3.28;
10.01.2025 14:28:57;3.27;
10.01.2025 14:28:58;3.28;
10.01.2025 14:29:01;3.28;
10.01.2025 14:29:02;3.29;
10.01.2025 14:29:03;3.28;
10.01.2025 14:29:04;3.29;
10.01.2025 14:29:05;3.29;
10.01.2025 14:29:06;3.28;
10.01.2025 14:29:10;3.28;
10.01.2025 14:29:11;3.29;
10.01.2025 14:29:12;3.28;
10.01.2025 14:29:21;3.28;
10.01.2025 14:29:22;3.27;
10.01.2025 14:29:23;3.27;
10.01.2025 14:29:24;3.28;
10.01.2025 14:29:25;3.28;
10.01.2025 14:29:26;3.29;
10.01.2025 14:29:27;3.28;
10.01.2025 14:29:30;3.28;
10.01.2025 14:29:31;3.27;
10.01.2025 14:29:32;3.28;
10.01.2025 14:29:37;3.28;
10.01.2025 14:29:38;3.27;
10.01.2025 14:29:39;3.28;
10.01.2025 14:29:42;3.28;
10.01.2025 14:29:43;3.29;
10.01.2025 14:29:44;3.28;
10.01.2025 14:29:55;3.28;
10.01.2025 14:29:56;3.29;
10.01.2025 14:29:57;3.29;
10.01.2025 14:29:58;3.28;
10.01.2025 14:30:01;3.28;
10.01.2025 14:30:02;3.29;
10.01.2025 14:30:03;3.28;
10.01.2025 14:30:04;3.28;
10.01.2025 14:30:05;3.29;
10.01.2025 14:30:06;3.29;
10.01.2025 14:30:07;3.28;
10.01.2025 14:30:14;3.28;
10.01.2025 14:30:15;3.29;
10.01.2025 14:30:17;3.29;
10.01.2025 14:30:18;3.28;
10.01.2025 14:30:19;3.29;
10.01.2025 14:30:21;3.29;
10.01.2025 14:30:22;3.28;
10.01.2025 14:30:23;3.29;
10.01.2025 14:30:24;3.28;
10.01.2025 14:30:25;3.29;
10.01.2025 14:30:26;3.28;
10.01.2025 14:30:27;3.29;
10.01.2025 14:30:28;3.28;
10.01.2025 14:30:30;3.28;
10.01.2025 14:30:31;3.29;
10.01.2025 14:30:32;3.28;
10.01.2025 14:30:35;3.28;
10.01.2025 14:30:36;3.29;
10.01.2025 14:30:37;3.28;
10.01.2025 14:30:38;3.28;
10.01.2025 14:30:39;3.29;
10.01.2025 14:30:40;3.29;
10.01.2025 14:30:41;3.28;
10.01.2025 14:30:42;3.29;
10.01.2025 14:30:43;3.28;
10.01.2025 14:30:44;3.29;
10.01.2025 14:30:45;3.28;
10.01.2025 14:30:46;3.28;
10.01.2025 14:30:47;3.29;
10.01.2025 14:30:48;3.28;
10.01.2025 14:30:49;3.29;
10.01.2025 14:30:51;3.29;
10.01.2025 14:30:52;3.28;
10.01.2025 14:30:53;3.29;
10.01.2025 14:30:54;3.28;
10.01.2025 14:30:55;3.29;
10.01.2025 14:30:58;3.29;
10.01.2025 14:30:59;3.28;
10.01.2025 14:31:00;3.29;
10.01.2025 14:31:02;3.29;
10.01.2025 14:31:03;3.28;
10.01.2025 14:31:04;3.28;
10.01.2025 14:31:05;3.29;
10.01.2025 14:31:11;3.29;
10.01.2025 14:31:12;3.28;
10.01.2025 14:31:13;3.29;
10.01.2025 14:31:16;3.29;
10.01.2025 14:31:17;3.28;
10.01.2025 14:31:18;3.29;
10.01.2025 14:31:20;3.29;
10.01.2025 14:31:21;3.28;
10.01.2025 14:31:22;3.29;
10.01.2025 14:31:25;3.29;
10.01.2025 14:31:26;3.28;
10.01.2025 14:31:27;3.28;
10.01.2025 14:31:28;3.29;
10.01.2025 14:31:29;3.28;
10.01.2025 14:31:30;3.29;
10.01.2025 14:31:31;3.28;
10.01.2025 14:31:32;3.29;
10.01.2025 14:31:34;3.29;
10.01.2025 14:31:35;3.3;
10.01.2025 14:31:36;3.29;
10.01.2025 14:31:37;3.3;
10.01.2025 14:31:38;3.29;
10.01.2025 14:31:39;3.3;
10.01.2025 14:31:40;3.29;
10.01.2025 14:31:51;3.29;
10.01.2025 14:31:52;3.28;
10.01.2025 14:31:53;3.29;
10.01.2025 14:31:54;3.28;
10.01.2025 14:31:55;3.29;
10.01.2025 14:31:57;3.29;
10.01.2025 14:31:58;3.3;
10.01.2025 14:31:59;3.29;
10.01.2025 14:32:01;3.29;
10.01.2025 14:32:02;3.3;
10.01.2025 14:32:03;3.29;
10.01.2025 14:32:05;3.29;
10.01.2025 14:32:06;3.3;
10.01.2025 14:32:07;3.29;
10.01.2025 14:32:08;3.3;
10.01.2025 14:32:09;3.29;
10.01.2025 14:32:13;3.29;
10.01.2025 14:32:14;3.3;
10.01.2025 14:32:15;3.3;
10.01.2025 14:32:16;3.29;
10.01.2025 14:32:17;3.3;
10.01.2025 14:32:18;3.29;
10.01.2025 14:32:22;3.29;
10.01.2025 14:32:23;3.3;
10.01.2025 14:32:24;3.29;
10.01.2025 14:32:26;3.29;
10.01.2025 14:32:27;3.3;
10.01.2025 14:32:28;3.29;
10.01.2025 14:32:35;3.29;
10.01.2025 14:32:36;3.3;
10.01.2025 14:32:37;3.29;
10.01.2025 14:32:38;3.29;
10.01.2025 14:32:39;3.3;
10.01.2025 14:32:40;3.3;
10.01.2025 14:32:41;3.29;
10.01.2025 14:32:42;3.29;
10.01.2025 14:32:43;3.3;
10.01.2025 14:32:48;3.3;
10.01.2025 14:32:49;3.29;
10.01.2025 14:32:50;3.3;
10.01.2025 14:32:51;3.3;
10.01.2025 14:32:52;3.29;
10.01.2025 14:32:53;3.3;
10.01.2025 14:32:54;3.3;
10.01.2025 14:32:55;3.29;
10.01.2025 14:32:56;3.3;
10.01.2025 14:32:57;3.29;
10.01.2025 14:33:06;3.29;
10.01.2025 14:33:07;3.3;
10.01.2025 14:33:08;3.3;
10.01.2025 14:33:09;3.29;
10.01.2025 14:33:10;3.3;
10.01.2025 14:33:11;3.3;
10.01.2025 14:33:12;3.29;
10.01.2025 14:33:13;3.29;
10.01.2025 14:33:14;3.3;
10.01.2025 14:33:15;3.29;
10.01.2025 14:33:18;3.29;
10.01.2025 14:33:19;3.3;
10.01.2025 14:33:20;3.3;
10.01.2025 14:33:21;3.29;
10.01.2025 14:33:22;3.3;
10.01.2025 14:33:26;3.3;
10.01.2025 14:33:27;3.29;
10.01.2025 14:33:28;3.3;
10.01.2025 14:33:30;3.3;
10.01.2025 14:33:31;3.29;
10.01.2025 14:33:32;3.3;
10.01.2025 14:33:36;3.3;
10.01.2025 14:33:37;3.29;
10.01.2025 14:33:38;3.3;
10.01.2025 14:33:42;3.3;
10.01.2025 14:33:43;3.29;
10.01.2025 14:33:44;3.3;
10.01.2025 14:33:47;3.3;
10.01.2025 14:33:48;3.29;
10.01.2025 14:33:49;3.3;
10.01.2025 14:33:50;3.29;
10.01.2025 14:33:53;3.29;
10.01.2025 14:33:54;3.3;
10.01.2025 14:33:55;3.3;
10.01.2025 14:33:56;3.29;
10.01.2025 14:33:57;3.3;
10.01.2025 14:33:59;3.3;
10.01.2025 14:34:00;3.29;
10.01.2025 14:34:01;3.3;
10.01.2025 14:34:02;3.29;
10.01.2025 14:34:03;3.29;
10.01.2025 14:34:04;3.28;
10.01.2025 14:34:05;3.3;
10.01.2025 14:34:06;3.3;
10.01.2025 14:34:07;3.29;
10.01.2025 14:34:13;3.29;
10.01.2025 14:34:14;3.3;
10.01.2025 14:34:15;3.29;
10.01.2025 14:34:18;3.29;
10.01.2025 14:34:19;3.3;
10.01.2025 14:34:20;3.3;
10.01.2025 14:34:21;3.29;
10.01.2025 14:34:22;3.29;
10.01.2025 14:34:23;3.3;
10.01.2025 14:34:24;3.29;
10.01.2025 14:34:25;3.3;
10.01.2025 14:34:26;3.3;
10.01.2025 14:34:27;3.28;
10.01.2025 14:34:28;3.29;
10.01.2025 14:34:29;3.3;
10.01.2025 14:34:30;3.29;
10.01.2025 14:34:31;3.29;
10.01.2025 14:34:32;3.3;
10.01.2025 14:34:34;3.3;
10.01.2025 14:34:35;3.29;
10.01.2025 14:34:36;3.3;
10.01.2025 14:34:37;3.3;
10.01.2025 14:34:38;3.29;
10.01.2025 14:34:39;3.29;
10.01.2025 14:34:40;3.3;
10.01.2025 14:34:42;3.3;
10.01.2025 14:34:43;3.29;
10.01.2025 14:34:44;3.3;
10.01.2025 14:34:47;3.3;
10.01.2025 14:34:48;3.29;
10.01.2025 14:34:49;3.3;
10.01.2025 14:34:50;3.29;
10.01.2025 14:34:58;3.29;
10.01.2025 14:34:59;3.3;
10.01.2025 14:35:00;3.29;
10.01.2025 14:35:01;3.29;
10.01.2025 14:35:02;3.3;
10.01.2025 14:35:03;3.29;
10.01.2025 14:35:04;3.3;
10.01.2025 14:35:05;3.28;
10.01.2025 14:35:06;3.3;
10.01.2025 14:35:07;3.29;
10.01.2025 14:35:08;3.3;
10.01.2025 14:35:11;3.3;
10.01.2025 14:35:12;3.29;
10.01.2025 14:35:13;3.29;
10.01.2025 14:35:14;3.3;
10.01.2025 14:35:15;3.3;
10.01.2025 14:35:16;3.29;
10.01.2025 14:35:17;3.3;
10.01.2025 14:35:30;3.3;
10.01.2025 14:35:31;3.29;
10.01.2025 14:35:32;3.3;
10.01.2025 14:35:34;3.3;
10.01.2025 14:35:35;3.29;
10.01.2025 14:35:36;3.3;
10.01.2025 14:35:47;3.3;
10.01.2025 14:35:48;3.29;
10.01.2025 14:35:50;3.29;
10.01.2025 14:35:51;3.3;
10.01.2025 14:35:52;3.29;
10.01.2025 14:35:53;3.3;
10.01.2025 14:35:56;3.3;
10.01.2025 14:35:57;3.29;
10.01.2025 14:35:58;3.31;
10.01.2025 14:35:59;3.3;
10.01.2025 14:36:04;3.3;
10.01.2025 14:36:05;3.29;
10.01.2025 14:36:06;3.3;
10.01.2025 14:36:07;3.29;
10.01.2025 14:36:08;3.3;
10.01.2025 14:36:14;3.3;
10.01.2025 14:36:15;3.31;
10.01.2025 14:36:16;3.3;
10.01.2025 14:36:24;3.3;
10.01.2025 14:36:25;3.29;
10.01.2025 14:36:26;3.3;
10.01.2025 14:36:27;3.31;
10.01.2025 14:36:28;3.3;
10.01.2025 14:36:29;3.31;
10.01.2025 14:36:30;3.3;
10.01.2025 14:36:33;3.3;
10.01.2025 14:36:34;3.31;
10.01.2025 14:36:35;3.3;
10.01.2025 14:36:36;3.31;
10.01.2025 14:36:37;3.3;
10.01.2025 14:36:40;3.3;
10.01.2025 14:36:41;3.29;
10.01.2025 14:36:42;3.31;
10.01.2025 14:36:43;3.31;
10.01.2025 14:36:44;3.29;
10.01.2025 14:36:45;3.3;
10.01.2025 14:36:46;3.3;
10.01.2025 14:36:47;3.29;
10.01.2025 14:36:48;3.3;
10.01.2025 14:36:49;3.31;
10.01.2025 14:36:50;3.3;
10.01.2025 14:36:51;3.29;
10.01.2025 14:36:52;3.3;
10.01.2025 14:36:54;3.3;
10.01.2025 14:36:55;3.31;
10.01.2025 14:36:56;3.29;
10.01.2025 14:36:57;3.3;
10.01.2025 14:37:00;3.3;
10.01.2025 14:37:01;3.29;
10.01.2025 14:37:02;3.3;
10.01.2025 14:37:06;3.3;
10.01.2025 14:37:07;3.31;
10.01.2025 14:37:08;3.31;
10.01.2025 14:37:09;3.3;
10.01.2025 14:37:15;3.3;
10.01.2025 14:37:16;3.31;
10.01.2025 14:37:18;3.31;
10.01.2025 14:37:19;3.3;
10.01.2025 14:37:24;3.3;
10.01.2025 14:37:25;3.31;
10.01.2025 14:37:26;3.3;
10.01.2025 14:37:29;3.3;
10.01.2025 14:37:30;3.31;
10.01.2025 14:37:31;3.3;
10.01.2025 14:37:32;3.3;
10.01.2025 14:37:33;3.31;
10.01.2025 14:37:34;3.3;
10.01.2025 14:37:36;3.3;
10.01.2025 14:37:37;3.31;
10.01.2025 14:37:38;3.3;
10.01.2025 14:37:39;3.3;
10.01.2025 14:37:40;3.31;
10.01.2025 14:37:43;3.31;
10.01.2025 14:37:44;3.3;
10.01.2025 14:37:47;3.3;
10.01.2025 14:37:48;3.31;
10.01.2025 14:37:49;3.31;
10.01.2025 14:37:50;3.3;
10.01.2025 14:37:52;3.3;
10.01.2025 14:37:53;3.31;
10.01.2025 14:37:54;3.3;
10.01.2025 14:37:55;3.3;
10.01.2025 14:37:56;3.31;
10.01.2025 14:37:57;3.3;
10.01.2025 14:37:58;3.31;
10.01.2025 14:37:59;3.3;
10.01.2025 14:38:00;3.3;
10.01.2025 14:38:01;3.31;
10.01.2025 14:38:03;3.31;
10.01.2025 14:38:04;3.3;
10.01.2025 14:38:10;3.3;
10.01.2025 14:38:11;3.31;
10.01.2025 14:38:13;3.31;
10.01.2025 14:38:14;3.3;
10.01.2025 14:38:15;3.31;
10.01.2025 14:38:16;3.31;
10.01.2025 14:38:17;3.3;
10.01.2025 14:38:18;3.31;
10.01.2025 14:38:20;3.31;
10.01.2025 14:38:21;3.3;
10.01.2025 14:38:24;3.3;
10.01.2025 14:38:25;3.31;
10.01.2025 14:38:26;3.3;
10.01.2025 14:38:28;3.3;
10.01.2025 14:38:29;3.31;
10.01.2025 14:38:30;3.3;
10.01.2025 14:38:32;3.3;
10.01.2025 14:38:33;3.31;
10.01.2025 14:38:38;3.31;
10.01.2025 14:38:39;3.3;
10.01.2025 14:38:40;3.3;
10.01.2025 14:38:41;3.31;
10.01.2025 14:38:49;3.31;
10.01.2025 14:38:50;3.3;
10.01.2025 14:38:51;3.31;
10.01.2025 14:38:52;3.32;
10.01.2025 14:38:53;3.3;
10.01.2025 14:38:54;3.31;
10.01.2025 14:39:06;3.31;
10.01.2025 14:39:07;3.3;
10.01.2025 14:39:08;3.3;
10.01.2025 14:39:09;3.31;
10.01.2025 14:39:10;3.31;
10.01.2025 14:39:11;3.3;
10.01.2025 14:39:13;3.3;
10.01.2025 14:39:14;3.31;
10.01.2025 14:39:15;3.3;
10.01.2025 14:39:16;3.31;
10.01.2025 14:39:17;3.3;
10.01.2025 14:39:19;3.3;
10.01.2025 14:39:20;3.31;
10.01.2025 14:39:21;3.3;
10.01.2025 14:39:22;3.31;
10.01.2025 14:39:23;3.3;
10.01.2025 14:39:24;3.31;
10.01.2025 14:39:25;3.3;
10.01.2025 14:39:26;3.31;
10.01.2025 14:39:27;3.31;
10.01.2025 14:39:28;3.3;
10.01.2025 14:39:32;3.3;
10.01.2025 14:39:33;3.31;
10.01.2025 14:39:37;3.31;
10.01.2025 14:39:38;3.3;
10.01.2025 14:39:39;3.3;
10.01.2025 14:39:40;3.32;
10.01.2025 14:39:41;3.3;
10.01.2025 14:39:42;3.3;
10.01.2025 14:39:43;3.31;
10.01.2025 14:39:44;3.3;
10.01.2025 14:39:45;3.31;
10.01.2025 14:39:46;3.31;
10.01.2025 14:39:47;3.3;
10.01.2025 14:39:51;3.3;
10.01.2025 14:39:52;3.31;
10.01.2025 14:39:53;3.3;
10.01.2025 14:39:56;3.3;
10.01.2025 14:39:57;3.31;
10.01.2025 14:39:58;3.31;
10.01.2025 14:39:59;3.3;
10.01.2025 14:40:00;3.3;
10.01.2025 14:40:01;3.31;
10.01.2025 14:40:06;3.31;
10.01.2025 14:40:07;3.3;
10.01.2025 14:40:08;3.31;
10.01.2025 14:40:29;3.31;
10.01.2025 14:40:30;3.3;
10.01.2025 14:40:31;3.31;
10.01.2025 14:40:42;3.31;
10.01.2025 14:40:43;3.32;
10.01.2025 14:40:44;3.31;
10.01.2025 14:40:55;3.31;
10.01.2025 14:40:56;3.3;
10.01.2025 14:40:57;3.31;
10.01.2025 14:40:58;3.3;
10.01.2025 14:40:59;3.31;
10.01.2025 14:41:00;3.31;
10.01.2025 14:41:01;3.3;
10.01.2025 14:41:02;3.31;
10.01.2025 14:41:06;3.31;
10.01.2025 14:41:07;3.3;
10.01.2025 14:41:08;3.3;
10.01.2025 14:41:09;3.31;
10.01.2025 14:41:10;3.3;
10.01.2025 14:41:11;3.31;
10.01.2025 14:41:12;3.3;
10.01.2025 14:41:13;3.31;
10.01.2025 14:41:14;3.31;
10.01.2025 14:41:15;3.32;
10.01.2025 14:41:16;3.31;
10.01.2025 14:41:21;3.31;
10.01.2025 14:41:22;3.32;
10.01.2025 14:41:23;3.31;
10.01.2025 14:41:25;3.31;
10.01.2025 14:41:26;3.32;
10.01.2025 14:41:28;3.32;
10.01.2025 14:41:29;3.31;
10.01.2025 14:41:30;3.32;
10.01.2025 14:41:31;3.31;
10.01.2025 14:41:34;3.31;
10.01.2025 14:41:35;3.32;
10.01.2025 14:41:36;3.31;
10.01.2025 14:41:39;3.31;
10.01.2025 14:41:40;3.32;
10.01.2025 14:41:41;3.31;
10.01.2025 14:41:43;3.31;
10.01.2025 14:41:44;3.32;
10.01.2025 14:41:45;3.31;
10.01.2025 14:41:47;3.31;
10.01.2025 14:41:48;3.32;
10.01.2025 14:41:49;3.31;
10.01.2025 14:41:52;3.31;
10.01.2025 14:41:53;3.32;
10.01.2025 14:41:54;3.32;
10.01.2025 14:41:55;3.31;
10.01.2025 14:41:56;3.32;
10.01.2025 14:41:57;3.31;
10.01.2025 14:41:58;3.32;
10.01.2025 14:41:59;3.31;
10.01.2025 14:42:01;3.31;
10.01.2025 14:42:02;3.32;
10.01.2025 14:42:03;3.3;
10.01.2025 14:42:04;3.31;
10.01.2025 14:42:10;3.31;
10.01.2025 14:42:11;3.32;
10.01.2025 14:42:12;3.31;
10.01.2025 14:42:14;3.31;
10.01.2025 14:42:15;3.32;
10.01.2025 14:42:16;3.32;
10.01.2025 14:42:17;3.31;
10.01.2025 14:42:18;3.32;
10.01.2025 14:42:19;3.31;
10.01.2025 14:42:20;3.3;
10.01.2025 14:42:21;3.3;
10.01.2025 14:42:22;3.31;
10.01.2025 14:42:23;3.31;
10.01.2025 14:42:24;3.3;
10.01.2025 14:42:25;3.31;
10.01.2025 14:42:26;3.31;
10.01.2025 14:42:27;3.3;
10.01.2025 14:42:28;3.31;
10.01.2025 14:42:29;3.3;
10.01.2025 14:42:30;3.31;
10.01.2025 14:42:32;3.31;
10.01.2025 14:42:33;3.3;
10.01.2025 14:42:34;3.31;
10.01.2025 14:42:38;3.31;
10.01.2025 14:42:39;3.32;
10.01.2025 14:42:40;3.31;
10.01.2025 14:42:41;3.32;
10.01.2025 14:42:42;3.31;
10.01.2025 14:42:50;3.31;
10.01.2025 14:42:51;3.3;
10.01.2025 14:42:52;3.31;
10.01.2025 14:42:53;3.32;
10.01.2025 14:42:54;3.31;
10.01.2025 14:42:56;3.31;
10.01.2025 14:42:57;3.32;
10.01.2025 14:42:58;3.32;
10.01.2025 14:42:59;3.31;
10.01.2025 14:43:00;3.32;
10.01.2025 14:43:01;3.31;
10.01.2025 14:43:02;3.32;
10.01.2025 14:43:03;3.32;
10.01.2025 14:43:04;3.31;
10.01.2025 14:43:05;3.31;
10.01.2025 14:43:06;3.32;
10.01.2025 14:43:07;3.31;
10.01.2025 14:43:09;3.31;
10.01.2025 14:43:10;3.32;
10.01.2025 14:43:11;3.31;
10.01.2025 14:43:15;3.31;
10.01.2025 14:43:16;3.32;
10.01.2025 14:43:17;3.32;
10.01.2025 14:43:18;3.31;
10.01.2025 14:43:19;3.31;
10.01.2025 14:43:20;3.32;
10.01.2025 14:43:21;3.31;
10.01.2025 14:43:26;3.31;
10.01.2025 14:43:27;3.3;
10.01.2025 14:43:28;3.32;
10.01.2025 14:43:29;3.31;
10.01.2025 14:43:32;3.31;
10.01.2025 14:43:33;3.32;
10.01.2025 14:43:34;3.32;
10.01.2025 14:43:35;3.31;
10.01.2025 14:43:44;3.31;
10.01.2025 14:43:45;3.3;
10.01.2025 14:43:46;3.31;
10.01.2025 14:43:53;3.31;
10.01.2025 14:43:54;3.32;
10.01.2025 14:43:55;3.32;
10.01.2025 14:43:56;3.31;
10.01.2025 14:43:57;3.32;
10.01.2025 14:43:58;3.32;
10.01.2025 14:43:59;3.31;
10.01.2025 14:44:00;3.31;
10.01.2025 14:44:01;3.32;
10.01.2025 14:44:02;3.31;
10.01.2025 14:44:04;3.31;
10.01.2025 14:44:05;3.32;
10.01.2025 14:44:06;3.31;
10.01.2025 14:44:07;3.32;
10.01.2025 14:44:08;3.31;
10.01.2025 14:44:09;3.32;
10.01.2025 14:44:10;3.31;
10.01.2025 14:44:11;3.31;
10.01.2025 14:44:12;3.32;
10.01.2025 14:44:13;3.32;
10.01.2025 14:44:14;3.31;
10.01.2025 14:44:15;3.32;
10.01.2025 14:44:16;3.31;
10.01.2025 14:44:17;3.32;
10.01.2025 14:44:18;3.31;
10.01.2025 14:44:34;3.31;
10.01.2025 14:44:35;3.32;
10.01.2025 14:44:36;3.32;
10.01.2025 14:44:37;3.31;
10.01.2025 14:44:38;3.32;
10.01.2025 14:44:39;3.32;
10.01.2025 14:44:40;3.31;
10.01.2025 14:44:41;3.32;
10.01.2025 14:44:42;3.31;
10.01.2025 14:44:47;3.31;
10.01.2025 14:44:48;3.32;
10.01.2025 14:44:49;3.31;
10.01.2025 14:44:52;3.31;
10.01.2025 14:44:53;3.32;
10.01.2025 14:44:54;3.32;
10.01.2025 14:44:55;3.31;
10.01.2025 14:44:57;3.31;
10.01.2025 14:44:58;3.32;
10.01.2025 14:45:00;3.32;
10.01.2025 14:45:01;3.3;
10.01.2025 14:45:02;3.31;
10.01.2025 14:45:03;3.32;
10.01.2025 14:45:04;3.31;
10.01.2025 14:45:18;3.31;
10.01.2025 14:45:19;3.32;
10.01.2025 14:45:20;3.32;
10.01.2025 14:45:21;3.31;
10.01.2025 14:45:22;3.32;
10.01.2025 14:45:23;3.32;
10.01.2025 14:45:24;3.31;
10.01.2025 14:45:25;3.31;
10.01.2025 14:45:26;3.3;
10.01.2025 14:45:27;3.31;
10.01.2025 14:45:28;3.31;
10.01.2025 14:45:29;3.32;
10.01.2025 14:45:30;3.32;
10.01.2025 14:45:31;3.31;
10.01.2025 14:45:32;3.31;
10.01.2025 14:45:33;3.32;
10.01.2025 14:45:34;3.31;
10.01.2025 14:45:35;3.32;
10.01.2025 14:45:38;3.32;
10.01.2025 14:45:39;3.31;
10.01.2025 14:45:40;3.31;
10.01.2025 14:45:41;3.32;
10.01.2025 14:45:42;3.31;
10.01.2025 14:45:43;3.31;
10.01.2025 14:45:44;3.32;
10.01.2025 14:45:46;3.32;
10.01.2025 14:45:47;3.33;
10.01.2025 14:45:48;3.33;
10.01.2025 14:45:49;3.32;
10.01.2025 14:45:50;3.32;
10.01.2025 14:45:51;3.33;
10.01.2025 14:45:52;3.32;
10.01.2025 14:45:54;3.32;
10.01.2025 14:45:55;3.31;
10.01.2025 14:45:56;3.32;
10.01.2025 14:46:01;3.32;
10.01.2025 14:46:02;3.31;
10.01.2025 14:46:03;3.32;
10.01.2025 14:46:04;3.32;
10.01.2025 14:46:05;3.31;
10.01.2025 14:46:06;3.32;
10.01.2025 14:46:12;3.32;
10.01.2025 14:46:13;3.31;
10.01.2025 14:46:18;3.31;
10.01.2025 14:46:19;3.32;
10.01.2025 14:46:22;3.32;
10.01.2025 14:46:23;3.31;
10.01.2025 14:46:24;3.32;
10.01.2025 14:46:25;3.32;
10.01.2025 14:46:26;3.31;
10.01.2025 14:46:27;3.32;
10.01.2025 14:46:30;3.32;
10.01.2025 14:46:31;3.31;
10.01.2025 14:46:32;3.32;
10.01.2025 14:46:33;3.32;
10.01.2025 14:46:34;3.31;
10.01.2025 14:46:36;3.31;
10.01.2025 14:46:37;3.32;
10.01.2025 14:46:39;3.32;
10.01.2025 14:46:40;3.31;
10.01.2025 14:46:41;3.32;
10.01.2025 14:46:45;3.32;
10.01.2025 14:46:46;3.31;
10.01.2025 14:46:47;3.32;
10.01.2025 14:46:52;3.32;
10.01.2025 14:46:53;3.31;
10.01.2025 14:46:54;3.31;
10.01.2025 14:46:55;3.32;
10.01.2025 14:46:56;3.32;
10.01.2025 14:46:57;3.31;
10.01.2025 14:46:58;3.32;
10.01.2025 14:46:59;3.33;
10.01.2025 14:47:00;3.32;
10.01.2025 14:47:01;3.31;
10.01.2025 14:47:02;3.32;
10.01.2025 14:47:05;3.32;
10.01.2025 14:47:06;3.33;
10.01.2025 14:47:07;3.33;
10.01.2025 14:47:08;3.32;
10.01.2025 14:47:10;3.32;
10.01.2025 14:47:11;3.31;
10.01.2025 14:47:12;3.32;
10.01.2025 14:47:13;3.32;
10.01.2025 14:47:14;3.31;
10.01.2025 14:47:15;3.32;
10.01.2025 14:47:16;3.31;
10.01.2025 14:47:17;3.32;
10.01.2025 14:47:18;3.31;
10.01.2025 14:47:19;3.31;
10.01.2025 14:47:20;3.32;
10.01.2025 14:47:22;3.32;
10.01.2025 14:47:23;3.33;
10.01.2025 14:47:24;3.32;
10.01.2025 14:47:25;3.31;
10.01.2025 14:47:26;3.31;
10.01.2025 14:47:27;3.32;
10.01.2025 14:47:29;3.32;
10.01.2025 14:47:30;3.33;
10.01.2025 14:47:31;3.32;
10.01.2025 14:47:39;3.32;
10.01.2025 14:47:40;3.31;
10.01.2025 14:47:41;3.32;
10.01.2025 14:47:42;3.32;
10.01.2025 14:47:43;3.33;
10.01.2025 14:47:44;3.32;
10.01.2025 14:47:45;3.33;
10.01.2025 14:47:46;3.32;
10.01.2025 14:47:50;3.32;
10.01.2025 14:47:51;3.33;
10.01.2025 14:47:52;3.32;
10.01.2025 14:47:58;3.32;
10.01.2025 14:47:59;3.31;
10.01.2025 14:48:00;3.33;
10.01.2025 14:48:01;3.32;
10.01.2025 14:48:02;3.31;
10.01.2025 14:48:03;3.31;
10.01.2025 14:48:04;3.32;
10.01.2025 14:48:06;3.32;
10.01.2025 14:48:07;3.31;
10.01.2025 14:48:08;3.32;
10.01.2025 14:48:19;3.32;
10.01.2025 14:48:20;3.31;
10.01.2025 14:48:21;3.32;
10.01.2025 14:48:26;3.32;
10.01.2025 14:48:27;3.33;
10.01.2025 14:48:28;3.32;
10.01.2025 14:48:38;3.32;
10.01.2025 14:48:39;3.31;
10.01.2025 14:48:40;3.32;
10.01.2025 14:48:43;3.32;
10.01.2025 14:48:44;3.31;
10.01.2025 14:48:45;3.32;
10.01.2025 14:48:46;3.33;
10.01.2025 14:48:47;3.33;
10.01.2025 14:48:48;3.32;
10.01.2025 14:48:53;3.32;
10.01.2025 14:48:54;3.33;
10.01.2025 14:48:55;3.32;
10.01.2025 14:48:56;3.33;
10.01.2025 14:48:57;3.32;
10.01.2025 14:48:59;3.32;
10.01.2025 14:49:00;3.33;
10.01.2025 14:49:01;3.32;
10.01.2025 14:49:02;3.31;
10.01.2025 14:49:03;3.32;
10.01.2025 14:49:05;3.32;
10.01.2025 14:49:06;3.31;
10.01.2025 14:49:07;3.32;
10.01.2025 14:49:22;3.32;
10.01.2025 14:49:23;3.33;
10.01.2025 14:49:24;3.32;
10.01.2025 14:49:26;3.32;
10.01.2025 14:49:27;3.33;
10.01.2025 14:49:29;3.33;
10.01.2025 14:49:30;3.32;
10.01.2025 14:49:31;3.32;
10.01.2025 14:49:32;3.33;
10.01.2025 14:49:33;3.33;
10.01.2025 14:49:34;3.32;
10.01.2025 14:49:35;3.33;
10.01.2025 14:49:36;3.32;
10.01.2025 14:49:37;3.32;
10.01.2025 14:49:38;3.33;
10.01.2025 14:49:39;3.32;
10.01.2025 14:49:42;3.32;
10.01.2025 14:49:43;3.33;
10.01.2025 14:49:44;3.32;
10.01.2025 14:49:45;3.33;
10.01.2025 14:49:46;3.32;
10.01.2025 14:49:47;3.33;
10.01.2025 14:49:48;3.32;
10.01.2025 14:49:49;3.33;
10.01.2025 14:49:53;3.33;
10.01.2025 14:49:54;3.32;
10.01.2025 14:49:56;3.32;
10.01.2025 14:49:57;3.33;
10.01.2025 14:49:59;3.33;
10.01.2025 14:50:00;3.32;
10.01.2025 14:50:05;3.32;
10.01.2025 14:50:06;3.33;
10.01.2025 14:50:08;3.33;
10.01.2025 14:50:09;3.32;
10.01.2025 14:50:10;3.33;
10.01.2025 14:50:11;3.32;
10.01.2025 14:50:12;3.32;
10.01.2025 14:50:13;3.33;
10.01.2025 14:50:15;3.33;
10.01.2025 14:50:16;3.32;
10.01.2025 14:50:31;3.32;
10.01.2025 14:50:32;3.33;
10.01.2025 14:50:33;3.32;
10.01.2025 14:50:34;3.32;
10.01.2025 14:50:35;3.33;
10.01.2025 14:50:36;3.32;
10.01.2025 14:50:38;3.32;
10.01.2025 14:50:39;3.33;
10.01.2025 14:50:40;3.32;
10.01.2025 14:50:41;3.33;
10.01.2025 14:50:45;3.33;
10.01.2025 14:50:46;3.32;
10.01.2025 14:50:47;3.33;
10.01.2025 14:50:52;3.33;
10.01.2025 14:50:53;3.32;
10.01.2025 14:50:54;3.33;
10.01.2025 14:50:55;3.32;
10.01.2025 14:50:56;3.33;
10.01.2025 14:50:58;3.33;
10.01.2025 14:50:59;3.32;
10.01.2025 14:51:00;3.32;
10.01.2025 14:51:01;3.33;
10.01.2025 14:51:02;3.33;
10.01.2025 14:51:03;3.32;
10.01.2025 14:51:06;3.32;
10.01.2025 14:51:07;3.33;
10.01.2025 14:51:10;3.33;
10.01.2025 14:51:11;3.32;
10.01.2025 14:51:12;3.33;
10.01.2025 14:51:13;3.33;
10.01.2025 14:51:14;3.32;
10.01.2025 14:51:15;3.34;
10.01.2025 14:51:16;3.33;
10.01.2025 14:51:17;3.32;
10.01.2025 14:51:18;3.33;
10.01.2025 14:51:19;3.32;
10.01.2025 14:51:20;3.33;
10.01.2025 14:51:21;3.32;
10.01.2025 14:51:22;3.32;
10.01.2025 14:51:23;3.33;
10.01.2025 14:51:31;3.33;
10.01.2025 14:51:32;3.32;
10.01.2025 14:51:33;3.33;
10.01.2025 14:51:34;3.33;
10.01.2025 14:51:35;3.32;
10.01.2025 14:51:36;3.32;
10.01.2025 14:51:37;3.33;
10.01.2025 14:51:39;3.33;
10.01.2025 14:51:40;3.32;
10.01.2025 14:51:41;3.33;
10.01.2025 14:51:42;3.32;
10.01.2025 14:51:43;3.33;
10.01.2025 14:51:48;3.33;
10.01.2025 14:51:49;3.32;
10.01.2025 14:51:50;3.32;
10.01.2025 14:51:51;3.33;
10.01.2025 14:51:52;3.32;
10.01.2025 14:51:54;3.32;
10.01.2025 14:51:55;3.34;
10.01.2025 14:51:56;3.33;
10.01.2025 14:51:57;3.32;
10.01.2025 14:51:58;3.33;
10.01.2025 14:52:02;3.33;
10.01.2025 14:52:03;3.32;
10.01.2025 14:52:04;3.33;
10.01.2025 14:52:05;3.33;
10.01.2025 14:52:06;3.34;
10.01.2025 14:52:08;3.34;
10.01.2025 14:52:09;3.33;
10.01.2025 14:52:12;3.33;
10.01.2025 14:52:13;3.32;
10.01.2025 14:52:14;3.33;
10.01.2025 14:52:15;3.33;
10.01.2025 14:52:16;3.34;
10.01.2025 14:52:17;3.33;
10.01.2025 14:52:18;3.32;
10.01.2025 14:52:19;3.33;
10.01.2025 14:52:20;3.33;
10.01.2025 14:52:21;3.34;
10.01.2025 14:52:22;3.33;
10.01.2025 14:52:33;3.33;
10.01.2025 14:52:34;3.34;
10.01.2025 14:52:35;3.33;
10.01.2025 14:52:42;3.33;
10.01.2025 14:52:43;3.34;
10.01.2025 14:52:44;3.32;
10.01.2025 14:52:45;3.33;
10.01.2025 14:52:48;3.33;
10.01.2025 14:52:49;3.32;
10.01.2025 14:52:50;3.33;
10.01.2025 14:52:51;3.33;
10.01.2025 14:52:52;3.32;
10.01.2025 14:52:54;3.32;
10.01.2025 14:52:55;3.33;
10.01.2025 14:52:56;3.33;
10.01.2025 14:52:57;3.32;
10.01.2025 14:52:58;3.32;
10.01.2025 14:52:59;3.33;
10.01.2025 14:53:00;3.33;
10.01.2025 14:53:01;3.32;
10.01.2025 14:53:03;3.32;
10.01.2025 14:53:04;3.33;
10.01.2025 14:53:05;3.32;
10.01.2025 14:53:07;3.32;
10.01.2025 14:53:08;3.33;
10.01.2025 14:53:12;3.33;
10.01.2025 14:53:13;3.32;
10.01.2025 14:53:14;3.32;
10.01.2025 14:53:15;3.33;
10.01.2025 14:53:16;3.33;
10.01.2025 14:53:17;3.34;
10.01.2025 14:53:18;3.32;
10.01.2025 14:53:19;3.33;
10.01.2025 14:53:23;3.33;
10.01.2025 14:53:24;3.32;
10.01.2025 14:53:25;3.33;
10.01.2025 14:53:27;3.33;
10.01.2025 14:53:28;3.32;
10.01.2025 14:53:29;3.33;
10.01.2025 14:53:31;3.33;
10.01.2025 14:53:32;3.32;
10.01.2025 14:53:33;3.33;
10.01.2025 14:53:34;3.32;
10.01.2025 14:53:35;3.33;
10.01.2025 14:53:36;3.33;
10.01.2025 14:53:37;3.32;
10.01.2025 14:53:38;3.33;
10.01.2025 14:53:39;3.32;
10.01.2025 14:53:40;3.33;
10.01.2025 14:53:41;3.32;
10.01.2025 14:53:42;3.32;
10.01.2025 14:53:43;3.33;
10.01.2025 14:53:47;3.33;
10.01.2025 14:53:48;3.34;
10.01.2025 14:53:49;3.33;
10.01.2025 14:53:50;3.33;
10.01.2025 14:53:51;3.34;
10.01.2025 14:53:52;3.33;
10.01.2025 14:53:53;3.33;
10.01.2025 14:53:54;3.32;
10.01.2025 14:53:55;3.33;
10.01.2025 14:53:58;3.33;
10.01.2025 14:53:59;3.34;
10.01.2025 14:54:00;3.33;
10.01.2025 14:54:03;3.33;
10.01.2025 14:54:04;3.32;
10.01.2025 14:54:05;3.33;
10.01.2025 14:54:11;3.33;
10.01.2025 14:54:12;3.32;
10.01.2025 14:54:14;3.32;
10.01.2025 14:54:15;3.33;
10.01.2025 14:54:16;3.32;
10.01.2025 14:54:17;3.32;
10.01.2025 14:54:18;3.33;
10.01.2025 14:54:19;3.33;
10.01.2025 14:54:20;3.32;
10.01.2025 14:54:21;3.33;
10.01.2025 14:54:22;3.32;
10.01.2025 14:54:24;3.32;
10.01.2025 14:54:25;3.33;
10.01.2025 14:54:30;3.33;
10.01.2025 14:54:31;3.32;
10.01.2025 14:54:32;3.33;
10.01.2025 14:54:37;3.33;
10.01.2025 14:54:38;3.32;
10.01.2025 14:54:39;3.32;
10.01.2025 14:54:40;3.33;
10.01.2025 14:54:47;3.33;
10.01.2025 14:54:48;3.34;
10.01.2025 14:54:49;3.33;
10.01.2025 14:54:51;3.33;
10.01.2025 14:54:52;3.34;
10.01.2025 14:54:53;3.33;
10.01.2025 14:54:55;3.33;
10.01.2025 14:54:56;3.34;
10.01.2025 14:54:57;3.33;
10.01.2025 14:54:58;3.34;
10.01.2025 14:54:59;3.33;
10.01.2025 14:55:06;3.33;
10.01.2025 14:55:07;3.34;
10.01.2025 14:55:08;3.34;
10.01.2025 14:55:09;3.33;
10.01.2025 14:55:10;3.34;
10.01.2025 14:55:11;3.34;
10.01.2025 14:55:12;3.33;
10.01.2025 14:55:13;3.33;
10.01.2025 14:55:14;3.32;
10.01.2025 14:55:15;3.33;
10.01.2025 14:55:18;3.33;
10.01.2025 14:55:19;3.34;
10.01.2025 14:55:20;3.33;
10.01.2025 14:55:24;3.33;
10.01.2025 14:55:25;3.34;
10.01.2025 14:55:26;3.33;
10.01.2025 14:55:28;3.33;
10.01.2025 14:55:29;3.32;
10.01.2025 14:55:30;3.34;
10.01.2025 14:55:32;3.34;
10.01.2025 14:55:33;3.33;
10.01.2025 14:55:34;3.34;
10.01.2025 14:55:35;3.33;
10.01.2025 14:55:40;3.33;
10.01.2025 14:55:41;3.34;
10.01.2025 14:55:42;3.33;
10.01.2025 14:55:57;3.33;
10.01.2025 14:55:58;3.34;
10.01.2025 14:55:59;3.32;
10.01.2025 14:56:00;3.34;
10.01.2025 14:56:01;3.34;
10.01.2025 14:56:02;3.33;
10.01.2025 14:56:05;3.33;
10.01.2025 14:56:06;3.34;
10.01.2025 14:56:07;3.33;
10.01.2025 14:56:10;3.33;
10.01.2025 14:56:11;3.34;
10.01.2025 14:56:12;3.33;
10.01.2025 14:56:13;3.33;
10.01.2025 14:56:14;3.34;
10.01.2025 14:56:15;3.34;
10.01.2025 14:56:16;3.33;
10.01.2025 14:56:17;3.33;
10.01.2025 14:56:18;3.34;
10.01.2025 14:56:19;3.33;
10.01.2025 14:56:22;3.33;
10.01.2025 14:56:23;3.34;
10.01.2025 14:56:24;3.34;
10.01.2025 14:56:25;3.32;
10.01.2025 14:56:26;3.33;
10.01.2025 14:56:27;3.34;
10.01.2025 14:56:28;3.33;
10.01.2025 14:56:29;3.33;
10.01.2025 14:56:30;3.34;
10.01.2025 14:56:32;3.34;
10.01.2025 14:56:33;3.33;
10.01.2025 14:56:35;3.33;
10.01.2025 14:56:36;3.32;
10.01.2025 14:56:37;3.33;
10.01.2025 14:56:39;3.33;
10.01.2025 14:56:40;3.32;
10.01.2025 14:56:41;3.34;
10.01.2025 14:56:42;3.33;
10.01.2025 14:56:43;3.34;
10.01.2025 14:56:44;3.33;
10.01.2025 14:56:46;3.33;
10.01.2025 14:56:47;3.34;
10.01.2025 14:56:48;3.34;
10.01.2025 14:56:49;3.33;
10.01.2025 14:56:51;3.33;
10.01.2025 14:56:52;3.34;
10.01.2025 14:56:53;3.33;
10.01.2025 14:56:54;3.34;
10.01.2025 14:56:55;3.33;
10.01.2025 14:56:57;3.33;
10.01.2025 14:56:58;3.34;
10.01.2025 14:57:00;3.34;
10.01.2025 14:57:01;3.33;
10.01.2025 14:57:03;3.33;
10.01.2025 14:57:04;3.34;
10.01.2025 14:57:05;3.33;
10.01.2025 14:57:06;3.33;
10.01.2025 14:57:07;3.34;
10.01.2025 14:57:08;3.34;
10.01.2025 14:57:09;3.33;
10.01.2025 14:57:11;3.33;
10.01.2025 14:57:12;3.34;
10.01.2025 14:57:14;3.34;
10.01.2025 14:57:15;3.33;
10.01.2025 14:57:17;3.33;
10.01.2025 14:57:18;3.34;
10.01.2025 14:57:19;3.33;
10.01.2025 14:57:25;3.33;
10.01.2025 14:57:26;3.34;
10.01.2025 14:57:28;3.34;
10.01.2025 14:57:29;3.33;
10.01.2025 14:57:30;3.34;
10.01.2025 14:57:31;3.33;
10.01.2025 14:57:36;3.33;
10.01.2025 14:57:37;3.34;
10.01.2025 14:57:38;3.34;
10.01.2025 14:57:39;3.33;
10.01.2025 14:57:44;3.33;
10.01.2025 14:57:45;3.34;
10.01.2025 14:57:46;3.33;
10.01.2025 14:57:47;3.34;
10.01.2025 14:57:48;3.33;
10.01.2025 14:57:49;3.33;
10.01.2025 14:57:50;3.34;
10.01.2025 14:57:51;3.33;
10.01.2025 14:57:52;3.34;
10.01.2025 14:57:54;3.34;
10.01.2025 14:57:55;3.33;
10.01.2025 14:57:56;3.34;
10.01.2025 14:57:57;3.35;
10.01.2025 14:57:58;3.34;
10.01.2025 14:57:59;3.33;
10.01.2025 14:58:00;3.33;
10.01.2025 14:58:01;3.34;
10.01.2025 14:58:07;3.34;
10.01.2025 14:58:08;3.33;
10.01.2025 14:58:09;3.34;
10.01.2025 14:58:11;3.34;
10.01.2025 14:58:12;3.33;
10.01.2025 14:58:13;3.34;
10.01.2025 14:58:17;3.34;
10.01.2025 14:58:18;3.33;
10.01.2025 14:58:19;3.34;
10.01.2025 14:58:20;3.34;
10.01.2025 14:58:21;3.33;
10.01.2025 14:58:23;3.33;
10.01.2025 14:58:24;3.34;
10.01.2025 14:58:25;3.34;
10.01.2025 14:58:26;3.33;
10.01.2025 14:58:29;3.33;
10.01.2025 14:58:30;3.34;
10.01.2025 14:58:31;3.33;
10.01.2025 14:58:32;3.33;
10.01.2025 14:58:33;3.34;
10.01.2025 14:58:34;3.33;
10.01.2025 14:58:35;3.34;
10.01.2025 14:58:36;3.33;
10.01.2025 14:58:40;3.33;
10.01.2025 14:58:41;3.34;
10.01.2025 14:58:42;3.33;
10.01.2025 14:58:43;3.34;
10.01.2025 14:58:44;3.33;
10.01.2025 14:58:51;3.33;
10.01.2025 14:58:52;3.34;
10.01.2025 14:58:53;3.33;
10.01.2025 14:58:55;3.33;
10.01.2025 14:58:56;3.34;
10.01.2025 14:58:57;3.33;
10.01.2025 14:59:02;3.33;
10.01.2025 14:59:03;3.34;
10.01.2025 14:59:04;3.33;
10.01.2025 14:59:07;3.33;
10.01.2025 14:59:08;3.32;
10.01.2025 14:59:09;3.33;
10.01.2025 14:59:10;3.33;
10.01.2025 14:59:11;3.34;
10.01.2025 14:59:12;3.33;
10.01.2025 14:59:18;3.33;
10.01.2025 14:59:19;3.34;
10.01.2025 14:59:20;3.33;
10.01.2025 14:59:22;3.33;
10.01.2025 14:59:23;3.35;
10.01.2025 14:59:24;3.34;
10.01.2025 14:59:25;3.33;
10.01.2025 14:59:28;3.33;
10.01.2025 14:59:29;3.34;
10.01.2025 14:59:30;3.33;
10.01.2025 14:59:31;3.33;
10.01.2025 14:59:32;3.32;
10.01.2025 14:59:33;3.32;
10.01.2025 14:59:34;3.35;
10.01.2025 14:59:35;3.33;
10.01.2025 14:59:36;3.34;
10.01.2025 14:59:37;3.34;
10.01.2025 14:59:38;3.33;
10.01.2025 14:59:39;3.32;
10.01.2025 14:59:40;3.34;
10.01.2025 14:59:41;3.33;
10.01.2025 14:59:43;3.33;
10.01.2025 14:59:44;3.34;
10.01.2025 14:59:45;3.34;
10.01.2025 14:59:46;3.33;
10.01.2025 14:59:48;3.33;
10.01.2025 14:59:49;3.34;
10.01.2025 14:59:50;3.34;
10.01.2025 14:59:51;3.33;
10.01.2025 14:59:52;3.33;
10.01.2025 14:59:53;3.34;
10.01.2025 14:59:54;3.34;
10.01.2025 14:59:55;3.33;
10.01.2025 14:59:56;3.34;
10.01.2025 14:59:58;3.34;
10.01.2025 14:59:59;3.33;
10.01.2025 15:00:00;3.33;
10.01.2025 15:00:01;3.34;
10.01.2025 15:00:02;3.34;
10.01.2025 15:00:03;3.33;
10.01.2025 15:00:04;3.34;
10.01.2025 15:00:05;3.33;
10.01.2025 15:00:06;3.34;
10.01.2025 15:00:07;3.34;
10.01.2025 15:00:08;3.33;
10.01.2025 15:00:09;3.34;
10.01.2025 15:00:26;3.34;
10.01.2025 15:00:27;3.35;
10.01.2025 15:00:28;3.34;
10.01.2025 15:00:30;3.34;
10.01.2025 15:00:31;3.35;
10.01.2025 15:00:32;3.34;
10.01.2025 15:00:44;3.34;
10.01.2025 15:00:45;3.33;
10.01.2025 15:00:46;3.34;
10.01.2025 15:00:48;3.34;
10.01.2025 15:00:49;3.33;
10.01.2025 15:00:50;3.35;
10.01.2025 15:00:51;3.34;
10.01.2025 15:00:59;3.34;
10.01.2025 15:01:00;3.35;
10.01.2025 15:01:01;3.35;
10.01.2025 15:01:02;3.34;
10.01.2025 15:01:03;3.34;
10.01.2025 15:01:04;3.35;
10.01.2025 15:01:05;3.34;
10.01.2025 15:01:06;3.33;
10.01.2025 15:01:07;3.34;
10.01.2025 15:01:08;3.35;
10.01.2025 15:01:09;3.34;
10.01.2025 15:01:10;3.33;
10.01.2025 15:01:11;3.34;
10.01.2025 15:01:12;3.35;
10.01.2025 15:01:13;3.34;
10.01.2025 15:01:14;3.33;
10.01.2025 15:01:15;3.34;
10.01.2025 15:01:16;3.33;
10.01.2025 15:01:17;3.34;
10.01.2025 15:01:19;3.34;
10.01.2025 15:01:20;3.35;
10.01.2025 15:01:21;3.34;
10.01.2025 15:01:22;3.34;
10.01.2025 15:01:23;3.33;
10.01.2025 15:01:24;3.34;
10.01.2025 15:01:25;3.35;
10.01.2025 15:01:26;3.34;
10.01.2025 15:01:27;3.34;
10.01.2025 15:01:28;3.33;
10.01.2025 15:01:29;3.34;
10.01.2025 15:01:30;3.34;
10.01.2025 15:01:31;3.35;
10.01.2025 15:01:32;3.34;
10.01.2025 15:01:35;3.34;
10.01.2025 15:01:36;3.35;
10.01.2025 15:01:37;3.34;
10.01.2025 15:01:38;3.34;
10.01.2025 15:01:39;3.35;
10.01.2025 15:01:40;3.34;
10.01.2025 15:01:41;3.34;
10.01.2025 15:01:42;3.35;
10.01.2025 15:01:43;3.34;
10.01.2025 15:01:49;3.34;
10.01.2025 15:01:50;3.35;
10.01.2025 15:01:51;3.34;
10.01.2025 15:01:57;3.34;
10.01.2025 15:01:58;3.35;
10.01.2025 15:01:59;3.34;
10.01.2025 15:02:07;3.34;
10.01.2025 15:02:08;3.35;
10.01.2025 15:02:09;3.34;
10.01.2025 15:02:10;3.35;
10.01.2025 15:02:14;3.35;
10.01.2025 15:02:15;3.34;
10.01.2025 15:02:16;3.35;
10.01.2025 15:02:17;3.35;
10.01.2025 15:02:18;3.34;
10.01.2025 15:02:19;3.35;
10.01.2025 15:02:20;3.34;
10.01.2025 15:02:23;3.34;
10.01.2025 15:02:24;3.35;
10.01.2025 15:02:25;3.34;
10.01.2025 15:02:26;3.34;
10.01.2025 15:02:27;3.35;
10.01.2025 15:02:28;3.34;
10.01.2025 15:02:32;3.34;
10.01.2025 15:02:33;3.35;
10.01.2025 15:02:34;3.34;
10.01.2025 15:02:37;3.34;
10.01.2025 15:02:38;3.35;
10.01.2025 15:02:39;3.34;
10.01.2025 15:02:40;3.34;
10.01.2025 15:02:41;3.35;
10.01.2025 15:02:43;3.35;
10.01.2025 15:02:44;3.34;
10.01.2025 15:02:45;3.35;
10.01.2025 15:02:47;3.35;
10.01.2025 15:02:48;3.34;
10.01.2025 15:02:50;3.34;
10.01.2025 15:02:51;3.35;
10.01.2025 15:02:52;3.35;
10.01.2025 15:02:53;3.34;
10.01.2025 15:02:54;3.34;
10.01.2025 15:02:55;3.35;
10.01.2025 15:03:00;3.35;
10.01.2025 15:03:01;3.34;
10.01.2025 15:03:02;3.35;
10.01.2025 15:03:05;3.35;
10.01.2025 15:03:06;3.34;
10.01.2025 15:03:07;3.35;
10.01.2025 15:03:08;3.34;
10.01.2025 15:03:09;3.35;
10.01.2025 15:03:10;3.34;
10.01.2025 15:03:12;3.34;
10.01.2025 15:03:13;3.35;
10.01.2025 15:03:14;3.34;
10.01.2025 15:03:16;3.34;
10.01.2025 15:03:17;3.35;
10.01.2025 15:03:18;3.34;
10.01.2025 15:03:20;3.34;
10.01.2025 15:03:21;3.35;
10.01.2025 15:03:23;3.35;
10.01.2025 15:03:24;3.34;
10.01.2025 15:03:25;3.35;
10.01.2025 15:03:26;3.34;
10.01.2025 15:03:28;3.34;
10.01.2025 15:03:29;3.35;
10.01.2025 15:03:30;3.34;
10.01.2025 15:03:31;3.35;
10.01.2025 15:03:32;3.34;
10.01.2025 15:03:33;3.36;
10.01.2025 15:03:34;3.35;
10.01.2025 15:03:46;3.35;
10.01.2025 15:03:47;3.34;
10.01.2025 15:03:48;3.34;
10.01.2025 15:03:49;3.35;
10.01.2025 15:03:50;3.34;
10.01.2025 15:03:51;3.35;
10.01.2025 15:03:52;3.35;
10.01.2025 15:03:53;3.34;
10.01.2025 15:03:54;3.34;
10.01.2025 15:03:55;3.35;
10.01.2025 15:03:58;3.35;
10.01.2025 15:03:59;3.34;
10.01.2025 15:04:00;3.34;
10.01.2025 15:04:01;3.35;
10.01.2025 15:04:02;3.34;
10.01.2025 15:04:04;3.34;
10.01.2025 15:04:05;3.35;
10.01.2025 15:04:06;3.35;
10.01.2025 15:04:07;3.34;
10.01.2025 15:04:09;3.34;
10.01.2025 15:04:10;3.35;
10.01.2025 15:04:11;3.34;
10.01.2025 15:04:12;3.34;
10.01.2025 15:04:13;3.35;
10.01.2025 15:04:14;3.35;
10.01.2025 15:04:15;3.34;
10.01.2025 15:04:16;3.34;
10.01.2025 15:04:17;3.35;
10.01.2025 15:04:18;3.34;
10.01.2025 15:04:20;3.34;
10.01.2025 15:04:21;3.35;
10.01.2025 15:04:22;3.34;
10.01.2025 15:04:23;3.34;
10.01.2025 15:04:24;3.35;
10.01.2025 15:04:25;3.34;
10.01.2025 15:04:28;3.34;
10.01.2025 15:04:29;3.35;
10.01.2025 15:04:36;3.35;
10.01.2025 15:04:37;3.34;
10.01.2025 15:04:38;3.34;
10.01.2025 15:04:39;3.35;
10.01.2025 15:04:40;3.34;
10.01.2025 15:04:41;3.34;
10.01.2025 15:04:42;3.35;
10.01.2025 15:04:44;3.35;
10.01.2025 15:04:45;3.34;
10.01.2025 15:04:47;3.34;
10.01.2025 15:04:48;3.35;
10.01.2025 15:04:49;3.35;
10.01.2025 15:04:50;3.34;
10.01.2025 15:04:51;3.35;
10.01.2025 15:04:52;3.34;
10.01.2025 15:04:53;3.35;
10.01.2025 15:04:54;3.35;
10.01.2025 15:04:55;3.34;
10.01.2025 15:04:56;3.35;
10.01.2025 15:04:57;3.35;
10.01.2025 15:04:58;3.34;
10.01.2025 15:05:00;3.34;
10.01.2025 15:05:01;3.35;
10.01.2025 15:05:02;3.34;
10.01.2025 15:05:03;3.35;
10.01.2025 15:05:04;3.34;
10.01.2025 15:05:05;3.35;
10.01.2025 15:05:08;3.35;
10.01.2025 15:05:09;3.34;
10.01.2025 15:05:14;3.34;
10.01.2025 15:05:15;3.35;
10.01.2025 15:05:16;3.34;
10.01.2025 15:05:18;3.34;
10.01.2025 15:05:19;3.35;
10.01.2025 15:05:20;3.35;
10.01.2025 15:05:21;3.34;
10.01.2025 15:05:24;3.34;
10.01.2025 15:05:25;3.35;
10.01.2025 15:05:28;3.35;
10.01.2025 15:05:29;3.34;
10.01.2025 15:05:32;3.34;
10.01.2025 15:05:33;3.35;
10.01.2025 15:05:34;3.34;
10.01.2025 15:05:36;3.34;
10.01.2025 15:05:37;3.35;
10.01.2025 15:05:38;3.35;
10.01.2025 15:05:39;3.34;
10.01.2025 15:05:40;3.35;
10.01.2025 15:05:42;3.35;
10.01.2025 15:05:43;3.34;
10.01.2025 15:05:44;3.36;
10.01.2025 15:05:45;3.35;
10.01.2025 15:05:46;3.35;
10.01.2025 15:05:47;3.34;
10.01.2025 15:05:48;3.35;
10.01.2025 15:05:49;3.34;
10.01.2025 15:05:50;3.35;
10.01.2025 15:05:51;3.34;
10.01.2025 15:05:54;3.34;
10.01.2025 15:05:55;3.35;
10.01.2025 15:05:56;3.35;
10.01.2025 15:05:57;3.34;
10.01.2025 15:05:58;3.34;
10.01.2025 15:05:59;3.35;
10.01.2025 15:06:01;3.35;
10.01.2025 15:06:02;3.34;
10.01.2025 15:06:03;3.34;
10.01.2025 15:06:04;3.35;
10.01.2025 15:06:05;3.35;
10.01.2025 15:06:06;3.34;
10.01.2025 15:06:07;3.35;
10.01.2025 15:06:08;3.35;
10.01.2025 15:06:09;3.34;
10.01.2025 15:06:10;3.35;
10.01.2025 15:06:11;3.35;
10.01.2025 15:06:12;3.34;
10.01.2025 15:06:13;3.35;
10.01.2025 15:06:14;3.35;
10.01.2025 15:06:15;3.34;
10.01.2025 15:06:17;3.34;
10.01.2025 15:06:18;3.35;
10.01.2025 15:06:20;3.35;
10.01.2025 15:06:21;3.34;
10.01.2025 15:06:22;3.35;
10.01.2025 15:06:23;3.34;
10.01.2025 15:06:26;3.34;
10.01.2025 15:06:27;3.35;
10.01.2025 15:06:28;3.34;
10.01.2025 15:06:32;3.34;
10.01.2025 15:06:33;3.35;
10.01.2025 15:06:34;3.34;
10.01.2025 15:06:35;3.35;
10.01.2025 15:06:36;3.34;
10.01.2025 15:06:39;3.34;
10.01.2025 15:06:40;3.35;
10.01.2025 15:06:41;3.35;
10.01.2025 15:06:42;3.34;
10.01.2025 15:06:43;3.35;
10.01.2025 15:06:44;3.35;
10.01.2025 15:06:45;3.36;
10.01.2025 15:06:46;3.34;
10.01.2025 15:06:49;3.34;
10.01.2025 15:06:50;3.35;
10.01.2025 15:06:54;3.35;
10.01.2025 15:06:55;3.34;
10.01.2025 15:06:58;3.34;
10.01.2025 15:06:59;3.35;
10.01.2025 15:07:03;3.35;
10.01.2025 15:07:04;3.34;
10.01.2025 15:07:05;3.35;
10.01.2025 15:07:06;3.34;
10.01.2025 15:07:07;3.34;
10.01.2025 15:07:08;3.35;
10.01.2025 15:07:09;3.34;
10.01.2025 15:07:11;3.34;
10.01.2025 15:07:12;3.35;
10.01.2025 15:07:13;3.35;
10.01.2025 15:07:14;3.34;
10.01.2025 15:07:15;3.35;
10.01.2025 15:07:16;3.35;
10.01.2025 15:07:17;3.34;
10.01.2025 15:07:18;3.35;
10.01.2025 15:07:22;3.35;
10.01.2025 15:07:23;3.34;
10.01.2025 15:07:24;3.34;
10.01.2025 15:07:25;3.35;
10.01.2025 15:07:26;3.35;
10.01.2025 15:07:27;3.34;
10.01.2025 15:07:29;3.34;
10.01.2025 15:07:30;3.35;
10.01.2025 15:07:31;3.35;
10.01.2025 15:07:32;3.34;
10.01.2025 15:07:35;3.34;
10.01.2025 15:07:36;3.35;
10.01.2025 15:07:37;3.35;
10.01.2025 15:07:38;3.34;
10.01.2025 15:07:45;3.34;
10.01.2025 15:07:46;3.35;
10.01.2025 15:07:47;3.34;
10.01.2025 15:07:48;3.35;
10.01.2025 15:07:49;3.35;
10.01.2025 15:07:50;3.36;
10.01.2025 15:07:51;3.35;
10.01.2025 15:07:52;3.35;
10.01.2025 15:07:53;3.33;
10.01.2025 15:07:54;3.35;
10.01.2025 15:07:55;3.34;
10.01.2025 15:07:56;3.34;
10.01.2025 15:07:57;3.35;
10.01.2025 15:07:58;3.35;
10.01.2025 15:07:59;3.34;
10.01.2025 15:08:00;3.34;
10.01.2025 15:08:01;3.35;
10.01.2025 15:08:02;3.34;
10.01.2025 15:08:03;3.34;
10.01.2025 15:08:04;3.35;
10.01.2025 15:08:06;3.35;
10.01.2025 15:08:07;3.34;
10.01.2025 15:08:08;3.35;
10.01.2025 15:08:09;3.34;
10.01.2025 15:08:11;3.34;
10.01.2025 15:08:12;3.35;
10.01.2025 15:08:15;3.35;
10.01.2025 15:08:16;3.34;
10.01.2025 15:08:18;3.34;
10.01.2025 15:08:19;3.35;
10.01.2025 15:08:20;3.35;
10.01.2025 15:08:21;3.34;
10.01.2025 15:08:22;3.34;
10.01.2025 15:08:23;3.35;
10.01.2025 15:08:24;3.34;
10.01.2025 15:08:27;3.34;
10.01.2025 15:08:28;3.35;
10.01.2025 15:08:29;3.34;
10.01.2025 15:08:30;3.35;
10.01.2025 15:08:32;3.35;
10.01.2025 15:08:33;3.34;
10.01.2025 15:08:34;3.34;
10.01.2025 15:08:35;3.35;
10.01.2025 15:08:36;3.35;
10.01.2025 15:08:37;3.34;
10.01.2025 15:08:38;3.35;
10.01.2025 15:08:40;3.35;
10.01.2025 15:08:41;3.34;
10.01.2025 15:08:42;3.35;
10.01.2025 15:08:43;3.34;
10.01.2025 15:08:44;3.34;
10.01.2025 15:08:45;3.35;
10.01.2025 15:08:46;3.34;
10.01.2025 15:08:53;3.34;
10.01.2025 15:08:54;3.35;
10.01.2025 15:08:57;3.35;
10.01.2025 15:08:58;3.34;
10.01.2025 15:08:59;3.34;
10.01.2025 15:09:00;3.35;
10.01.2025 15:09:02;3.35;
10.01.2025 15:09:03;3.34;
10.01.2025 15:09:04;3.35;
10.01.2025 15:09:07;3.35;
10.01.2025 15:09:08;3.34;
10.01.2025 15:09:09;3.35;
10.01.2025 15:09:10;3.35;
10.01.2025 15:09:11;3.34;
10.01.2025 15:09:12;3.34;
10.01.2025 15:09:13;3.35;
10.01.2025 15:09:14;3.34;
10.01.2025 15:09:15;3.35;
10.01.2025 15:09:23;3.35;
10.01.2025 15:09:24;3.34;
10.01.2025 15:09:25;3.35;
10.01.2025 15:09:26;3.35;
10.01.2025 15:09:27;3.34;
10.01.2025 15:09:28;3.35;
10.01.2025 15:09:29;3.34;
10.01.2025 15:09:30;3.34;
10.01.2025 15:09:31;3.35;
10.01.2025 15:09:32;3.34;
10.01.2025 15:09:33;3.35;
10.01.2025 15:09:34;3.34;
10.01.2025 15:09:35;3.36;
10.01.2025 15:09:36;3.35;
10.01.2025 15:09:37;3.34;
10.01.2025 15:09:39;3.34;
10.01.2025 15:09:40;3.35;
10.01.2025 15:09:41;3.35;
10.01.2025 15:09:42;3.34;
10.01.2025 15:09:43;3.35;
10.01.2025 15:09:46;3.35;
10.01.2025 15:09:47;3.34;
10.01.2025 15:09:48;3.35;
10.01.2025 15:09:50;3.35;
10.01.2025 15:09:51;3.34;
10.01.2025 15:09:52;3.35;
10.01.2025 15:09:53;3.34;
10.01.2025 15:09:54;3.34;
10.01.2025 15:09:55;3.35;
10.01.2025 15:09:58;3.35;
10.01.2025 15:09:59;3.34;
10.01.2025 15:10:00;3.35;
10.01.2025 15:10:01;3.34;
10.01.2025 15:10:03;3.34;
10.01.2025 15:10:04;3.35;
10.01.2025 15:10:05;3.34;
10.01.2025 15:10:06;3.35;
10.01.2025 15:10:08;3.35;
10.01.2025 15:10:09;3.34;
10.01.2025 15:10:10;3.35;
10.01.2025 15:10:20;3.35;
10.01.2025 15:10:21;3.34;
10.01.2025 15:10:22;3.35;
10.01.2025 15:10:23;3.34;
10.01.2025 15:10:24;3.36;
10.01.2025 15:10:25;3.34;
10.01.2025 15:10:26;3.35;
10.01.2025 15:10:28;3.35;
10.01.2025 15:10:29;3.34;
10.01.2025 15:10:30;3.35;
10.01.2025 15:10:31;3.35;
10.01.2025 15:10:32;3.34;
10.01.2025 15:10:33;3.35;
10.01.2025 15:10:41;3.35;
10.01.2025 15:10:42;3.34;
10.01.2025 15:10:43;3.35;
10.01.2025 15:10:48;3.35;
10.01.2025 15:10:49;3.34;
10.01.2025 15:10:50;3.35;
10.01.2025 15:10:51;3.34;
10.01.2025 15:10:52;3.34;
10.01.2025 15:10:53;3.35;
10.01.2025 15:10:56;3.35;
10.01.2025 15:10:57;3.34;
10.01.2025 15:10:59;3.34;
10.01.2025 15:11:00;3.35;
10.01.2025 15:11:03;3.35;
10.01.2025 15:11:04;3.34;
10.01.2025 15:11:05;3.35;
10.01.2025 15:11:07;3.35;
10.01.2025 15:11:08;3.34;
10.01.2025 15:11:12;3.34;
10.01.2025 15:11:13;3.35;
10.01.2025 15:11:14;3.35;
10.01.2025 15:11:15;3.34;
10.01.2025 15:11:16;3.35;
10.01.2025 15:11:20;3.35;
10.01.2025 15:11:21;3.36;
10.01.2025 15:11:22;3.35;
10.01.2025 15:11:23;3.35;
10.01.2025 15:11:24;3.34;
10.01.2025 15:11:25;3.35;
10.01.2025 15:11:26;3.35;
10.01.2025 15:11:27;3.36;
10.01.2025 15:11:29;3.36;
10.01.2025 15:11:30;3.35;
10.01.2025 15:11:31;3.35;
10.01.2025 15:11:32;3.34;
10.01.2025 15:11:33;3.35;
10.01.2025 15:11:39;3.35;
10.01.2025 15:11:40;3.34;
10.01.2025 15:11:41;3.34;
10.01.2025 15:11:42;3.35;
10.01.2025 15:11:54;3.35;
10.01.2025 15:11:55;3.34;
10.01.2025 15:11:56;3.35;
10.01.2025 15:12:07;3.35;
10.01.2025 15:12:08;3.36;
10.01.2025 15:12:09;3.35;
10.01.2025 15:12:10;3.36;
10.01.2025 15:12:11;3.35;
10.01.2025 15:12:17;3.35;
10.01.2025 15:12:18;3.36;
10.01.2025 15:12:19;3.35;
10.01.2025 15:12:22;3.35;
10.01.2025 15:12:23;3.36;
10.01.2025 15:12:24;3.35;
10.01.2025 15:12:29;3.35;
10.01.2025 15:12:30;3.34;
10.01.2025 15:12:31;3.35;
10.01.2025 15:12:32;3.35;
10.01.2025 15:12:33;3.34;
10.01.2025 15:12:34;3.35;
10.01.2025 15:12:35;3.34;
10.01.2025 15:12:36;3.35;
10.01.2025 15:12:37;3.36;
10.01.2025 15:12:38;3.35;
10.01.2025 15:12:39;3.35;
10.01.2025 15:12:40;3.34;
10.01.2025 15:12:41;3.35;
10.01.2025 15:12:42;3.35;
10.01.2025 15:12:43;3.33;
10.01.2025 15:12:44;3.35;
10.01.2025 15:12:50;3.35;
10.01.2025 15:12:51;3.34;
10.01.2025 15:12:52;3.35;
10.01.2025 15:12:53;3.35;
10.01.2025 15:12:54;3.36;
10.01.2025 15:12:55;3.35;
10.01.2025 15:12:57;3.35;
10.01.2025 15:12:58;3.34;
10.01.2025 15:12:59;3.35;
10.01.2025 15:13:00;3.36;
10.01.2025 15:13:01;3.35;
10.01.2025 15:13:02;3.34;
10.01.2025 15:13:03;3.35;
10.01.2025 15:13:04;3.35;
10.01.2025 15:13:05;3.36;
10.01.2025 15:13:06;3.35;
10.01.2025 15:13:11;3.35;
10.01.2025 15:13:12;3.34;
10.01.2025 15:13:13;3.35;
10.01.2025 15:13:15;3.35;
10.01.2025 15:13:16;3.36;
10.01.2025 15:13:17;3.35;
10.01.2025 15:13:36;3.35;
10.01.2025 15:13:37;3.34;
10.01.2025 15:13:38;3.35;
10.01.2025 15:13:43;3.35;
10.01.2025 15:13:44;3.34;
10.01.2025 15:13:45;3.35;
10.01.2025 15:13:50;3.35;
10.01.2025 15:13:51;3.34;
10.01.2025 15:13:54;3.34;
10.01.2025 15:13:55;3.35;
10.01.2025 15:13:59;3.35;
10.01.2025 15:14:00;3.34;
10.01.2025 15:14:01;3.35;
10.01.2025 15:14:12;3.35;
10.01.2025 15:14:13;3.34;
10.01.2025 15:14:14;3.35;
10.01.2025 15:14:18;3.35;
10.01.2025 15:14:19;3.34;
10.01.2025 15:14:20;3.35;
10.01.2025 15:14:21;3.35;
10.01.2025 15:14:22;3.36;
10.01.2025 15:14:23;3.34;
10.01.2025 15:14:24;3.35;
10.01.2025 15:14:30;3.35;
10.01.2025 15:14:31;3.34;
10.01.2025 15:14:34;3.34;
10.01.2025 15:14:35;3.35;
10.01.2025 15:14:37;3.35;
10.01.2025 15:14:38;3.34;
10.01.2025 15:14:39;3.35;
10.01.2025 15:14:43;3.35;
10.01.2025 15:14:44;3.34;
10.01.2025 15:14:45;3.36;
10.01.2025 15:14:46;3.35;
10.01.2025 15:14:49;3.35;
10.01.2025 15:14:50;3.36;
10.01.2025 15:14:51;3.35;
10.01.2025 15:14:54;3.35;
10.01.2025 15:14:55;3.36;
10.01.2025 15:14:56;3.35;
10.01.2025 15:15:00;3.35;
10.01.2025 15:15:01;3.34;
10.01.2025 15:15:02;3.35;
10.01.2025 15:15:03;3.35;
10.01.2025 15:15:04;3.36;
10.01.2025 15:15:05;3.35;
10.01.2025 15:15:06;3.35;
10.01.2025 15:15:07;3.34;
10.01.2025 15:15:08;3.36;
10.01.2025 15:15:09;3.35;
10.01.2025 15:15:12;3.35;
10.01.2025 15:15:13;3.34;
10.01.2025 15:15:15;3.34;
10.01.2025 15:15:16;3.35;
10.01.2025 15:15:23;3.35;
10.01.2025 15:15:24;3.36;
10.01.2025 15:15:25;3.35;
10.01.2025 15:15:31;3.35;
10.01.2025 15:15:32;3.36;
10.01.2025 15:15:33;3.35;
10.01.2025 15:15:40;3.35;
10.01.2025 15:15:41;3.36;
10.01.2025 15:15:42;3.35;
10.01.2025 15:15:43;3.35;
10.01.2025 15:15:44;3.36;
10.01.2025 15:15:45;3.35;
10.01.2025 15:15:46;3.35;
10.01.2025 15:15:47;3.36;
10.01.2025 15:15:49;3.36;
10.01.2025 15:15:50;3.35;
10.01.2025 15:15:51;3.35;
10.01.2025 15:15:52;3.36;
10.01.2025 15:15:53;3.35;
10.01.2025 15:15:54;3.35;
10.01.2025 15:15:55;3.36;
10.01.2025 15:15:56;3.35;
10.01.2025 15:15:59;3.35;
10.01.2025 15:16:00;3.36;
10.01.2025 15:16:01;3.35;
10.01.2025 15:16:08;3.35;
10.01.2025 15:16:09;3.36;
10.01.2025 15:16:10;3.35;
10.01.2025 15:16:12;3.35;
10.01.2025 15:16:13;3.36;
10.01.2025 15:16:15;3.36;
10.01.2025 15:16:16;3.35;
10.01.2025 15:16:17;3.35;
10.01.2025 15:16:18;3.36;
10.01.2025 15:16:19;3.36;
10.01.2025 15:16:20;3.35;
10.01.2025 15:16:21;3.36;
10.01.2025 15:16:22;3.35;
10.01.2025 15:16:26;3.35;
10.01.2025 15:16:27;3.36;
10.01.2025 15:16:28;3.35;
10.01.2025 15:16:29;3.35;
10.01.2025 15:16:30;3.36;
10.01.2025 15:16:31;3.35;
10.01.2025 15:16:32;3.35;
10.01.2025 15:16:33;3.36;
10.01.2025 15:16:36;3.36;
10.01.2025 15:16:37;3.35;
10.01.2025 15:16:38;3.36;
10.01.2025 15:16:39;3.35;
10.01.2025 15:16:41;3.35;
10.01.2025 15:16:42;3.36;
10.01.2025 15:16:43;3.36;
10.01.2025 15:16:44;3.34;
10.01.2025 15:16:45;3.35;
10.01.2025 15:16:46;3.35;
10.01.2025 15:16:47;3.36;
10.01.2025 15:16:48;3.36;
10.01.2025 15:16:49;3.35;
10.01.2025 15:16:51;3.35;
10.01.2025 15:16:52;3.36;
10.01.2025 15:16:53;3.36;
10.01.2025 15:16:54;3.35;
10.01.2025 15:16:56;3.35;
10.01.2025 15:16:57;3.36;
10.01.2025 15:16:58;3.35;
10.01.2025 15:17:00;3.35;
10.01.2025 15:17:01;3.36;
10.01.2025 15:17:02;3.36;
10.01.2025 15:17:03;3.35;
10.01.2025 15:17:04;3.36;
10.01.2025 15:17:05;3.35;
10.01.2025 15:17:06;3.36;
10.01.2025 15:17:07;3.35;
10.01.2025 15:17:11;3.35;
10.01.2025 15:17:12;3.36;
10.01.2025 15:17:13;3.35;
10.01.2025 15:17:14;3.36;
10.01.2025 15:17:15;3.36;
10.01.2025 15:17:16;3.35;
10.01.2025 15:17:17;3.35;
10.01.2025 15:17:18;3.36;
10.01.2025 15:17:19;3.36;
10.01.2025 15:17:20;3.35;
10.01.2025 15:17:21;3.36;
10.01.2025 15:17:22;3.35;
10.01.2025 15:17:23;3.36;
10.01.2025 15:17:25;3.36;
10.01.2025 15:17:26;3.35;
10.01.2025 15:17:27;3.35;
10.01.2025 15:17:28;3.36;
10.01.2025 15:17:29;3.36;
10.01.2025 15:17:30;3.35;
10.01.2025 15:17:31;3.36;
10.01.2025 15:17:33;3.36;
10.01.2025 15:17:34;3.35;
10.01.2025 15:17:35;3.36;
10.01.2025 15:17:36;3.36;
10.01.2025 15:17:37;3.35;
10.01.2025 15:17:40;3.35;
10.01.2025 15:17:41;3.36;
10.01.2025 15:17:42;3.35;
10.01.2025 15:17:44;3.35;
10.01.2025 15:17:45;3.36;
10.01.2025 15:17:46;3.36;
10.01.2025 15:17:47;3.35;
10.01.2025 15:17:49;3.35;
10.01.2025 15:17:50;3.34;
10.01.2025 15:17:51;3.35;
10.01.2025 15:17:52;3.36;
10.01.2025 15:17:53;3.35;
10.01.2025 15:17:56;3.35;
10.01.2025 15:17:57;3.34;
10.01.2025 15:17:58;3.35;
10.01.2025 15:17:59;3.35;
10.01.2025 15:18:00;3.34;
10.01.2025 15:18:01;3.35;
10.01.2025 15:18:02;3.36;
10.01.2025 15:18:03;3.34;
10.01.2025 15:18:04;3.35;
10.01.2025 15:18:09;3.35;
10.01.2025 15:18:10;3.36;
10.01.2025 15:18:12;3.36;
10.01.2025 15:18:13;3.35;
10.01.2025 15:18:16;3.35;
10.01.2025 15:18:17;3.36;
10.01.2025 15:18:18;3.34;
10.01.2025 15:18:19;3.35;
10.01.2025 15:18:20;3.36;
10.01.2025 15:18:22;3.36;
10.01.2025 15:18:23;3.35;
10.01.2025 15:18:24;3.36;
10.01.2025 15:18:27;3.36;
10.01.2025 15:18:28;3.35;
10.01.2025 15:18:30;3.35;
10.01.2025 15:18:31;3.36;
10.01.2025 15:18:32;3.35;
10.01.2025 15:18:33;3.36;
10.01.2025 15:18:34;3.35;
10.01.2025 15:18:50;3.35;
10.01.2025 15:18:51;3.36;
10.01.2025 15:18:52;3.35;
10.01.2025 15:18:53;3.35;
10.01.2025 15:18:54;3.34;
10.01.2025 15:18:55;3.34;
10.01.2025 15:18:56;3.35;
10.01.2025 15:18:57;3.34;
10.01.2025 15:18:58;3.35;
10.01.2025 15:18:59;3.35;
10.01.2025 15:19:00;3.34;
10.01.2025 15:19:01;3.35;
10.01.2025 15:19:02;3.35;
10.01.2025 15:19:03;3.36;
10.01.2025 15:19:04;3.35;
10.01.2025 15:19:15;3.35;
10.01.2025 15:19:16;3.36;
10.01.2025 15:19:17;3.36;
10.01.2025 15:19:18;3.35;
10.01.2025 15:19:21;3.35;
10.01.2025 15:19:22;3.36;
10.01.2025 15:19:23;3.35;
10.01.2025 15:19:24;3.35;
10.01.2025 15:19:25;3.36;
10.01.2025 15:19:26;3.35;
10.01.2025 15:19:27;3.36;
10.01.2025 15:19:28;3.35;
10.01.2025 15:19:29;3.35;
10.01.2025 15:19:30;3.34;
10.01.2025 15:19:31;3.35;
10.01.2025 15:19:33;3.35;
10.01.2025 15:19:34;3.34;
10.01.2025 15:19:35;3.36;
10.01.2025 15:19:36;3.35;
10.01.2025 15:19:37;3.36;
10.01.2025 15:19:38;3.35;
10.01.2025 15:19:45;3.35;
10.01.2025 15:19:46;3.34;
10.01.2025 15:19:47;3.35;
10.01.2025 15:19:48;3.36;
10.01.2025 15:19:49;3.36;
10.01.2025 15:19:50;3.35;
10.01.2025 15:19:51;3.35;
10.01.2025 15:19:52;3.36;
10.01.2025 15:19:53;3.35;
10.01.2025 15:19:59;3.35;
10.01.2025 15:20:00;3.36;
10.01.2025 15:20:01;3.36;
10.01.2025 15:20:02;3.34;
10.01.2025 15:20:03;3.35;
10.01.2025 15:20:04;3.36;
10.01.2025 15:20:05;3.35;
10.01.2025 15:20:11;3.35;
10.01.2025 15:20:12;3.36;
10.01.2025 15:20:13;3.35;
10.01.2025 15:20:17;3.35;
10.01.2025 15:20:18;3.36;
10.01.2025 15:20:19;3.35;
10.01.2025 15:20:27;3.35;
10.01.2025 15:20:28;3.36;
10.01.2025 15:20:29;3.35;
10.01.2025 15:20:31;3.35;
10.01.2025 15:20:32;3.34;
10.01.2025 15:20:33;3.35;
10.01.2025 15:20:39;3.35;
10.01.2025 15:20:40;3.36;
10.01.2025 15:20:41;3.35;
10.01.2025 15:20:42;3.35;
10.01.2025 15:20:43;3.34;
10.01.2025 15:20:44;3.35;
10.01.2025 15:20:45;3.34;
10.01.2025 15:20:46;3.35;
10.01.2025 15:20:47;3.34;
10.01.2025 15:20:48;3.35;
10.01.2025 15:21:10;3.35;
10.01.2025 15:21:11;3.34;
10.01.2025 15:21:12;3.35;
10.01.2025 15:21:17;3.35;
10.01.2025 15:21:18;3.34;
10.01.2025 15:21:19;3.35;
10.01.2025 15:21:21;3.35;
10.01.2025 15:21:22;3.36;
10.01.2025 15:21:23;3.35;
10.01.2025 15:21:29;3.35;
10.01.2025 15:21:30;3.36;
10.01.2025 15:21:31;3.34;
10.01.2025 15:21:32;3.36;
10.01.2025 15:21:35;3.36;
10.01.2025 15:21:36;3.35;
10.01.2025 15:21:39;3.35;
10.01.2025 15:21:40;3.36;
10.01.2025 15:21:44;3.36;
10.01.2025 15:21:45;3.35;
10.01.2025 15:21:46;3.35;
10.01.2025 15:21:47;3.36;
10.01.2025 15:21:48;3.36;
10.01.2025 15:21:49;3.34;
10.01.2025 15:21:50;3.36;
10.01.2025 15:21:51;3.35;
10.01.2025 15:21:52;3.36;
10.01.2025 15:21:53;3.35;
10.01.2025 15:21:54;3.35;
10.01.2025 15:21:55;3.36;
10.01.2025 15:21:56;3.35;
10.01.2025 15:21:59;3.35;
10.01.2025 15:22:00;3.36;
10.01.2025 15:22:01;3.35;
10.01.2025 15:22:02;3.36;
10.01.2025 15:22:03;3.35;
10.01.2025 15:22:05;3.35;
10.01.2025 15:22:06;3.36;
10.01.2025 15:22:07;3.35;
10.01.2025 15:22:08;3.36;
10.01.2025 15:22:10;3.36;
10.01.2025 15:22:11;3.35;
10.01.2025 15:22:12;3.36;
10.01.2025 15:22:13;3.35;
10.01.2025 15:22:14;3.36;
10.01.2025 15:22:15;3.35;
10.01.2025 15:22:16;3.36;
10.01.2025 15:22:17;3.36;
10.01.2025 15:22:18;3.35;
10.01.2025 15:22:19;3.36;
10.01.2025 15:22:21;3.36;
10.01.2025 15:22:22;3.35;
10.01.2025 15:22:24;3.35;
10.01.2025 15:22:25;3.36;
10.01.2025 15:22:26;3.36;
10.01.2025 15:22:27;3.34;
10.01.2025 15:22:28;3.35;
10.01.2025 15:22:29;3.36;
10.01.2025 15:22:30;3.35;
10.01.2025 15:22:31;3.34;
10.01.2025 15:22:32;3.36;
10.01.2025 15:22:36;3.36;
10.01.2025 15:22:37;3.35;
10.01.2025 15:22:38;3.36;
10.01.2025 15:22:39;3.35;
10.01.2025 15:22:40;3.36;
10.01.2025 15:22:41;3.35;
10.01.2025 15:22:42;3.35;
10.01.2025 15:22:43;3.36;
10.01.2025 15:22:44;3.35;
10.01.2025 15:22:45;3.36;
10.01.2025 15:22:49;3.36;
10.01.2025 15:22:50;3.35;
10.01.2025 15:22:51;3.36;
10.01.2025 15:22:52;3.36;
10.01.2025 15:22:53;3.35;
10.01.2025 15:22:54;3.36;
10.01.2025 15:22:55;3.36;
10.01.2025 15:22:56;3.35;
10.01.2025 15:22:57;3.36;
10.01.2025 15:22:58;3.36;
10.01.2025 15:22:59;3.35;
10.01.2025 15:23:00;3.35;
10.01.2025 15:23:01;3.36;
10.01.2025 15:23:02;3.36;
10.01.2025 15:23:03;3.35;
10.01.2025 15:23:04;3.36;
10.01.2025 15:23:05;3.36;
10.01.2025 15:23:06;3.35;
10.01.2025 15:23:07;3.36;
10.01.2025 15:23:08;3.36;
10.01.2025 15:23:09;3.35;
10.01.2025 15:23:10;3.36;
10.01.2025 15:23:11;3.35;
10.01.2025 15:23:12;3.36;
10.01.2025 15:23:14;3.36;
10.01.2025 15:23:15;3.35;
10.01.2025 15:23:16;3.36;
10.01.2025 15:23:17;3.35;
10.01.2025 15:23:18;3.35;
10.01.2025 15:23:19;3.36;
10.01.2025 15:23:21;3.36;
10.01.2025 15:23:22;3.35;
10.01.2025 15:23:23;3.36;
10.01.2025 15:23:24;3.35;
10.01.2025 15:23:25;3.35;
10.01.2025 15:23:26;3.36;
10.01.2025 15:23:29;3.36;
10.01.2025 15:23:30;3.35;
10.01.2025 15:23:33;3.35;
10.01.2025 15:23:34;3.36;
10.01.2025 15:23:35;3.36;
10.01.2025 15:23:36;3.35;
10.01.2025 15:23:37;3.35;
10.01.2025 15:23:38;3.36;
10.01.2025 15:23:39;3.35;
10.01.2025 15:23:41;3.35;
10.01.2025 15:23:42;3.36;
10.01.2025 15:23:46;3.36;
10.01.2025 15:23:47;3.35;
10.01.2025 15:23:48;3.35;
10.01.2025 15:23:49;3.36;
10.01.2025 15:23:50;3.36;
10.01.2025 15:23:51;3.35;
10.01.2025 15:23:52;3.36;
10.01.2025 15:23:56;3.36;
10.01.2025 15:23:57;3.35;
10.01.2025 15:23:58;3.35;
10.01.2025 15:23:59;3.36;
10.01.2025 15:24:00;3.35;
10.01.2025 15:24:03;3.35;
10.01.2025 15:24:04;3.36;
10.01.2025 15:24:05;3.35;
10.01.2025 15:24:06;3.35;
10.01.2025 15:24:07;3.36;
10.01.2025 15:24:09;3.36;
10.01.2025 15:24:10;3.35;
10.01.2025 15:24:11;3.36;
10.01.2025 15:24:14;3.36;
10.01.2025 15:24:15;3.34;
10.01.2025 15:24:16;3.36;
10.01.2025 15:24:17;3.36;
10.01.2025 15:24:18;3.34;
10.01.2025 15:24:19;3.36;
10.01.2025 15:24:20;3.35;
10.01.2025 15:24:21;3.36;
10.01.2025 15:24:22;3.36;
10.01.2025 15:24:23;3.37;
10.01.2025 15:24:24;3.36;
10.01.2025 15:24:26;3.36;
10.01.2025 15:24:27;3.35;
10.01.2025 15:24:28;3.36;
10.01.2025 15:24:30;3.36;
10.01.2025 15:24:31;3.35;
10.01.2025 15:24:32;3.36;
10.01.2025 15:24:33;3.35;
10.01.2025 15:24:34;3.35;
10.01.2025 15:24:35;3.36;
10.01.2025 15:24:42;3.36;
10.01.2025 15:24:43;3.35;
10.01.2025 15:24:45;3.35;
10.01.2025 15:24:46;3.36;
10.01.2025 15:24:51;3.36;
10.01.2025 15:24:52;3.35;
10.01.2025 15:24:53;3.35;
10.01.2025 15:24:54;3.36;
10.01.2025 15:24:55;3.35;
10.01.2025 15:24:56;3.36;
10.01.2025 15:24:57;3.36;
10.01.2025 15:24:58;3.35;
10.01.2025 15:24:59;3.36;
10.01.2025 15:25:04;3.36;
10.01.2025 15:25:05;3.35;
10.01.2025 15:25:06;3.36;
10.01.2025 15:25:07;3.35;
10.01.2025 15:25:08;3.36;
10.01.2025 15:25:09;3.35;
10.01.2025 15:25:10;3.36;
10.01.2025 15:25:12;3.36;
10.01.2025 15:25:13;3.37;
10.01.2025 15:25:14;3.36;
10.01.2025 15:25:17;3.36;
10.01.2025 15:25:18;3.35;
10.01.2025 15:25:19;3.36;
10.01.2025 15:25:31;3.36;
10.01.2025 15:25:32;3.35;
10.01.2025 15:25:33;3.35;
10.01.2025 15:25:34;3.36;
10.01.2025 15:25:43;3.36;
10.01.2025 15:25:44;3.35;
10.01.2025 15:25:45;3.36;
10.01.2025 15:25:46;3.36;
10.01.2025 15:25:47;3.35;
10.01.2025 15:25:48;3.36;
10.01.2025 15:25:50;3.36;
10.01.2025 15:25:51;3.37;
10.01.2025 15:25:52;3.36;
10.01.2025 15:25:55;3.36;
10.01.2025 15:25:56;3.35;
10.01.2025 15:25:57;3.35;
10.01.2025 15:25:58;3.36;
10.01.2025 15:25:59;3.36;
10.01.2025 15:26:00;3.35;
10.01.2025 15:26:01;3.36;
10.01.2025 15:26:02;3.36;
10.01.2025 15:26:03;3.35;
10.01.2025 15:26:04;3.36;
10.01.2025 15:26:05;3.35;
10.01.2025 15:26:06;3.35;
10.01.2025 15:26:07;3.36;
10.01.2025 15:26:15;3.36;
10.01.2025 15:26:16;3.35;
10.01.2025 15:26:17;3.36;
10.01.2025 15:26:18;3.35;
10.01.2025 15:26:20;3.35;
10.01.2025 15:26:21;3.37;
10.01.2025 15:26:22;3.36;
10.01.2025 15:26:24;3.36;
10.01.2025 15:26:25;3.35;
10.01.2025 15:26:26;3.36;
10.01.2025 15:26:27;3.35;
10.01.2025 15:26:29;3.35;
10.01.2025 15:26:30;3.36;
10.01.2025 15:26:31;3.37;
10.01.2025 15:26:32;3.36;
10.01.2025 15:26:42;3.36;
10.01.2025 15:26:43;3.35;
10.01.2025 15:26:44;3.36;
10.01.2025 15:26:45;3.35;
10.01.2025 15:26:47;3.35;
10.01.2025 15:26:48;3.36;
10.01.2025 15:26:51;3.36;
10.01.2025 15:26:52;3.37;
10.01.2025 15:26:53;3.36;
10.01.2025 15:27:00;3.36;
10.01.2025 15:27:01;3.37;
10.01.2025 15:27:02;3.36;
10.01.2025 15:27:07;3.36;
10.01.2025 15:27:08;3.35;
10.01.2025 15:27:09;3.36;
10.01.2025 15:27:11;3.36;
10.01.2025 15:27:12;3.37;
10.01.2025 15:27:13;3.36;
10.01.2025 15:27:16;3.36;
10.01.2025 15:27:17;3.35;
10.01.2025 15:27:18;3.37;
10.01.2025 15:27:19;3.36;
10.01.2025 15:27:20;3.36;
10.01.2025 15:27:21;3.37;
10.01.2025 15:27:23;3.37;
10.01.2025 15:27:24;3.36;
10.01.2025 15:27:37;3.36;
10.01.2025 15:27:38;3.35;
10.01.2025 15:27:40;3.35;
10.01.2025 15:27:41;3.36;
10.01.2025 15:27:43;3.36;
10.01.2025 15:27:44;3.35;
10.01.2025 15:27:45;3.36;
10.01.2025 15:27:46;3.35;
10.01.2025 15:27:47;3.36;
10.01.2025 15:27:53;3.36;
10.01.2025 15:27:54;3.35;
10.01.2025 15:27:55;3.36;
10.01.2025 15:27:56;3.35;
10.01.2025 15:27:57;3.35;
10.01.2025 15:27:58;3.36;
10.01.2025 15:27:59;3.36;
10.01.2025 15:28:00;3.35;
10.01.2025 15:28:01;3.36;
10.01.2025 15:28:05;3.36;
10.01.2025 15:28:06;3.37;
10.01.2025 15:28:07;3.36;
10.01.2025 15:28:08;3.35;
10.01.2025 15:28:09;3.36;
10.01.2025 15:28:10;3.37;
10.01.2025 15:28:11;3.36;
10.01.2025 15:28:22;3.36;
10.01.2025 15:28:23;3.37;
10.01.2025 15:28:24;3.35;
10.01.2025 15:28:25;3.36;
10.01.2025 15:28:28;3.36;
10.01.2025 15:28:29;3.35;
10.01.2025 15:28:30;3.36;
10.01.2025 15:28:33;3.36;
10.01.2025 15:28:34;3.35;
10.01.2025 15:28:35;3.36;
10.01.2025 15:28:36;3.35;
10.01.2025 15:28:37;3.36;
10.01.2025 15:28:39;3.36;
10.01.2025 15:28:40;3.35;
10.01.2025 15:28:41;3.36;
10.01.2025 15:28:42;3.36;
10.01.2025 15:28:43;3.35;
10.01.2025 15:28:44;3.36;
10.01.2025 15:28:46;3.36;
10.01.2025 15:28:47;3.37;
10.01.2025 15:28:48;3.35;
10.01.2025 15:28:49;3.35;
10.01.2025 15:28:50;3.36;
10.01.2025 15:28:51;3.36;
10.01.2025 15:28:52;3.35;
10.01.2025 15:28:53;3.35;
10.01.2025 15:28:54;3.36;
10.01.2025 15:28:56;3.36;
10.01.2025 15:28:57;3.35;
10.01.2025 15:28:58;3.37;
10.01.2025 15:28:59;3.37;
10.01.2025 15:29:00;3.36;
10.01.2025 15:29:02;3.36;
10.01.2025 15:29:03;3.35;
10.01.2025 15:29:04;3.35;
10.01.2025 15:29:05;3.37;
10.01.2025 15:29:06;3.36;
10.01.2025 15:29:07;3.37;
10.01.2025 15:29:08;3.36;
10.01.2025 15:29:09;3.36;
10.01.2025 15:29:10;3.37;
10.01.2025 15:29:11;3.37;
10.01.2025 15:29:12;3.36;
10.01.2025 15:29:13;3.37;
10.01.2025 15:29:14;3.37;
10.01.2025 15:29:15;3.36;
10.01.2025 15:29:16;3.36;
10.01.2025 15:29:17;3.37;
10.01.2025 15:29:18;3.36;
10.01.2025 15:29:20;3.36;
10.01.2025 15:29:21;3.37;
10.01.2025 15:29:22;3.36;
10.01.2025 15:29:23;3.37;
10.01.2025 15:29:24;3.37;
10.01.2025 15:29:25;3.36;
10.01.2025 15:29:34;3.36;
10.01.2025 15:29:35;3.37;
10.01.2025 15:29:36;3.36;
10.01.2025 15:29:38;3.36;
10.01.2025 15:29:39;3.37;
10.01.2025 15:29:40;3.36;
10.01.2025 15:29:41;3.35;
10.01.2025 15:29:42;3.36;
10.01.2025 15:29:44;3.36;
10.01.2025 15:29:45;3.37;
10.01.2025 15:29:46;3.36;
10.01.2025 15:29:51;3.36;
10.01.2025 15:29:52;3.35;
10.01.2025 15:29:53;3.36;
10.01.2025 15:29:54;3.35;
10.01.2025 15:29:55;3.37;
10.01.2025 15:29:56;3.36;
10.01.2025 15:29:57;3.35;
10.01.2025 15:29:58;3.36;
10.01.2025 15:29:59;3.37;
10.01.2025 15:30:00;3.37;
10.01.2025 15:30:01;3.36;
10.01.2025 15:30:06;3.36;
10.01.2025 15:30:07;3.37;
10.01.2025 15:30:08;3.36;
10.01.2025 15:30:11;3.36;
10.01.2025 15:30:12;3.37;
10.01.2025 15:30:13;3.36;
10.01.2025 15:30:16;3.36;
10.01.2025 15:30:17;3.37;
10.01.2025 15:30:18;3.36;
10.01.2025 15:30:19;3.36;
10.01.2025 15:30:20;3.35;
10.01.2025 15:30:21;3.35;
10.01.2025 15:30:22;3.37;
10.01.2025 15:30:23;3.36;
10.01.2025 15:30:24;3.36;
10.01.2025 15:30:25;3.37;
10.01.2025 15:30:26;3.37;
10.01.2025 15:30:27;3.36;
10.01.2025 15:30:34;3.36;
10.01.2025 15:30:35;3.37;
10.01.2025 15:30:36;3.36;
10.01.2025 15:30:41;3.36;
10.01.2025 15:30:42;3.35;
10.01.2025 15:30:43;3.36;
10.01.2025 15:30:44;3.36;
10.01.2025 15:30:45;3.37;
10.01.2025 15:30:46;3.37;
10.01.2025 15:30:47;3.36;
10.01.2025 15:30:51;3.36;
10.01.2025 15:30:52;3.37;
10.01.2025 15:30:53;3.37;
10.01.2025 15:30:54;3.36;
10.01.2025 15:30:57;3.36;
10.01.2025 15:30:58;3.37;
10.01.2025 15:30:59;3.35;
10.01.2025 15:31:00;3.36;
10.01.2025 15:31:03;3.36;
10.01.2025 15:31:04;3.37;
10.01.2025 15:31:05;3.36;
10.01.2025 15:31:06;3.37;
10.01.2025 15:31:07;3.37;
10.01.2025 15:31:08;3.35;
10.01.2025 15:31:09;3.36;
10.01.2025 15:31:10;3.37;
10.01.2025 15:31:11;3.36;
10.01.2025 15:31:18;3.36;
10.01.2025 15:31:19;3.35;
10.01.2025 15:31:20;3.36;
10.01.2025 15:31:26;3.36;
10.01.2025 15:31:27;3.37;
10.01.2025 15:31:28;3.36;
10.01.2025 15:31:40;3.36;
10.01.2025 15:31:41;3.37;
10.01.2025 15:31:42;3.36;
10.01.2025 15:31:48;3.36;
10.01.2025 15:31:49;3.37;
10.01.2025 15:31:50;3.35;
10.01.2025 15:31:51;3.36;
10.01.2025 15:31:54;3.36;
10.01.2025 15:31:55;3.37;
10.01.2025 15:31:56;3.36;
10.01.2025 15:32:01;3.36;
10.01.2025 15:32:02;3.37;
10.01.2025 15:32:03;3.36;
10.01.2025 15:32:12;3.36;
10.01.2025 15:32:13;3.37;
10.01.2025 15:32:14;3.36;
10.01.2025 15:32:15;3.35;
10.01.2025 15:32:16;3.36;
10.01.2025 15:32:17;3.36;
10.01.2025 15:32:18;3.37;
10.01.2025 15:32:19;3.36;
10.01.2025 15:32:20;3.37;
10.01.2025 15:32:21;3.36;
10.01.2025 15:32:22;3.37;
10.01.2025 15:32:23;3.37;
10.01.2025 15:32:24;3.36;
10.01.2025 15:32:27;3.36;
10.01.2025 15:32:28;3.35;
10.01.2025 15:32:29;3.37;
10.01.2025 15:32:30;3.37;
10.01.2025 15:32:31;3.36;
10.01.2025 15:32:43;3.36;
10.01.2025 15:32:44;3.35;
10.01.2025 15:32:45;3.35;
10.01.2025 15:32:46;3.36;
10.01.2025 15:32:47;3.37;
10.01.2025 15:32:48;3.35;
10.01.2025 15:32:51;3.35;
10.01.2025 15:32:52;3.36;
10.01.2025 15:32:54;3.36;
10.01.2025 15:32:55;3.37;
10.01.2025 15:32:56;3.36;
10.01.2025 15:32:57;3.35;
10.01.2025 15:32:58;3.35;
10.01.2025 15:32:59;3.36;
10.01.2025 15:33:00;3.35;
10.01.2025 15:33:01;3.36;
10.01.2025 15:33:10;3.36;
10.01.2025 15:33:11;3.38;
10.01.2025 15:33:12;3.36;
10.01.2025 15:33:13;3.36;
10.01.2025 15:33:14;3.37;
10.01.2025 15:33:15;3.37;
10.01.2025 15:33:16;3.36;
10.01.2025 15:33:22;3.36;
10.01.2025 15:33:23;3.37;
10.01.2025 15:33:24;3.36;
10.01.2025 15:33:29;3.36;
10.01.2025 15:33:30;3.35;
10.01.2025 15:33:31;3.36;
10.01.2025 15:33:32;3.36;
10.01.2025 15:33:33;3.37;
10.01.2025 15:33:34;3.36;
10.01.2025 15:33:35;3.36;
10.01.2025 15:33:36;3.37;
10.01.2025 15:33:37;3.36;
10.01.2025 15:33:38;3.35;
10.01.2025 15:33:39;3.36;
10.01.2025 15:33:40;3.36;
10.01.2025 15:33:41;3.37;
10.01.2025 15:33:42;3.36;
10.01.2025 15:33:45;3.36;
10.01.2025 15:33:46;3.37;
10.01.2025 15:33:47;3.37;
10.01.2025 15:33:48;3.36;
10.01.2025 15:33:55;3.36;
10.01.2025 15:33:56;3.35;
10.01.2025 15:33:57;3.36;
10.01.2025 15:33:58;3.37;
10.01.2025 15:33:59;3.36;
10.01.2025 15:34:08;3.36;
10.01.2025 15:34:09;3.35;
10.01.2025 15:34:10;3.36;
10.01.2025 15:34:11;3.36;
10.01.2025 15:34:12;3.37;
10.01.2025 15:34:13;3.37;
10.01.2025 15:34:14;3.36;
10.01.2025 15:34:15;3.36;
10.01.2025 15:34:16;3.37;
10.01.2025 15:34:17;3.37;
10.01.2025 15:34:18;3.36;
10.01.2025 15:34:24;3.36;
10.01.2025 15:34:25;3.37;
10.01.2025 15:34:26;3.36;
10.01.2025 15:34:30;3.36;
10.01.2025 15:34:31;3.37;
10.01.2025 15:34:32;3.36;
10.01.2025 15:34:35;3.36;
10.01.2025 15:34:36;3.37;
10.01.2025 15:34:37;3.35;
10.01.2025 15:34:38;3.37;
10.01.2025 15:34:39;3.36;
10.01.2025 15:34:41;3.36;
10.01.2025 15:34:42;3.37;
10.01.2025 15:34:43;3.36;
10.01.2025 15:34:44;3.37;
10.01.2025 15:34:45;3.37;
10.01.2025 15:34:46;3.36;
10.01.2025 15:34:47;3.36;
10.01.2025 15:34:48;3.37;
10.01.2025 15:34:49;3.37;
10.01.2025 15:34:50;3.36;
10.01.2025 15:34:51;3.37;
10.01.2025 15:34:52;3.36;
10.01.2025 15:34:53;3.36;
10.01.2025 15:34:54;3.37;
10.01.2025 15:34:55;3.37;
10.01.2025 15:34:56;3.36;
10.01.2025 15:34:57;3.37;
10.01.2025 15:35:00;3.37;
10.01.2025 15:35:01;3.36;
10.01.2025 15:35:02;3.37;
10.01.2025 15:35:03;3.36;
10.01.2025 15:35:06;3.36;
10.01.2025 15:35:07;3.37;
10.01.2025 15:35:08;3.36;
10.01.2025 15:35:09;3.37;
10.01.2025 15:35:15;3.37;
10.01.2025 15:35:16;3.36;
10.01.2025 15:35:17;3.37;
10.01.2025 15:35:18;3.36;
10.01.2025 15:35:19;3.36;
10.01.2025 15:35:20;3.37;
10.01.2025 15:35:25;3.37;
10.01.2025 15:35:26;3.36;
10.01.2025 15:35:27;3.37;
10.01.2025 15:35:38;3.37;
10.01.2025 15:35:39;3.38;
10.01.2025 15:35:40;3.36;
10.01.2025 15:35:41;3.37;
10.01.2025 15:35:42;3.37;
10.01.2025 15:35:43;3.36;
10.01.2025 15:35:44;3.37;
10.01.2025 15:35:45;3.37;
10.01.2025 15:35:46;3.36;
10.01.2025 15:35:47;3.37;
10.01.2025 15:35:48;3.37;
10.01.2025 15:35:49;3.36;
10.01.2025 15:35:50;3.37;
10.01.2025 15:35:51;3.37;
10.01.2025 15:35:52;3.36;
10.01.2025 15:35:53;3.36;
10.01.2025 15:35:54;3.37;
10.01.2025 15:35:56;3.37;
10.01.2025 15:35:57;3.36;
10.01.2025 15:35:58;3.36;
10.01.2025 15:35:59;3.37;
10.01.2025 15:36:00;3.36;
10.01.2025 15:36:01;3.37;
10.01.2025 15:36:02;3.37;
10.01.2025 15:36:03;3.36;
10.01.2025 15:36:04;3.37;
10.01.2025 15:36:05;3.36;
10.01.2025 15:36:06;3.37;
10.01.2025 15:36:07;3.36;
10.01.2025 15:36:08;3.36;
10.01.2025 15:36:09;3.37;
10.01.2025 15:36:13;3.37;
10.01.2025 15:36:14;3.36;
10.01.2025 15:36:15;3.37;
10.01.2025 15:36:16;3.37;
10.01.2025 15:36:17;3.36;
10.01.2025 15:36:18;3.37;
10.01.2025 15:36:19;3.37;
10.01.2025 15:36:20;3.36;
10.01.2025 15:36:21;3.36;
10.01.2025 15:36:22;3.37;
10.01.2025 15:36:23;3.37;
10.01.2025 15:36:24;3.36;
10.01.2025 15:36:25;3.36;
10.01.2025 15:36:26;3.35;
10.01.2025 15:36:27;3.37;
10.01.2025 15:36:28;3.36;
10.01.2025 15:36:29;3.37;
10.01.2025 15:36:30;3.36;
10.01.2025 15:36:31;3.36;
10.01.2025 15:36:32;3.37;
10.01.2025 15:36:36;3.37;
10.01.2025 15:36:37;3.36;
10.01.2025 15:36:38;3.37;
10.01.2025 15:36:39;3.36;
10.01.2025 15:36:40;3.36;
10.01.2025 15:36:41;3.37;
10.01.2025 15:36:44;3.37;
10.01.2025 15:36:45;3.36;
10.01.2025 15:36:47;3.36;
10.01.2025 15:36:48;3.37;
10.01.2025 15:36:49;3.37;
10.01.2025 15:36:50;3.38;
10.01.2025 15:36:51;3.37;
10.01.2025 15:36:52;3.36;
10.01.2025 15:36:53;3.36;
10.01.2025 15:36:54;3.37;
10.01.2025 15:36:55;3.36;
10.01.2025 15:36:57;3.36;
10.01.2025 15:36:58;3.37;
10.01.2025 15:36:59;3.36;
10.01.2025 15:37:00;3.36;
10.01.2025 15:37:01;3.37;
10.01.2025 15:37:02;3.36;
10.01.2025 15:37:03;3.37;
10.01.2025 15:37:04;3.37;
10.01.2025 15:37:05;3.36;
10.01.2025 15:37:06;3.37;
10.01.2025 15:37:07;3.36;
10.01.2025 15:37:08;3.37;
10.01.2025 15:37:14;3.37;
10.01.2025 15:37:15;3.36;
10.01.2025 15:37:16;3.37;
10.01.2025 15:37:20;3.37;
10.01.2025 15:37:21;3.35;
10.01.2025 15:37:22;3.37;
10.01.2025 15:37:23;3.37;
10.01.2025 15:37:24;3.36;
10.01.2025 15:37:25;3.36;
10.01.2025 15:37:26;3.37;
10.01.2025 15:37:28;3.37;
10.01.2025 15:37:29;3.36;
10.01.2025 15:37:30;3.36;
10.01.2025 15:37:31;3.37;
10.01.2025 15:37:32;3.38;
10.01.2025 15:37:33;3.36;
10.01.2025 15:37:34;3.37;
10.01.2025 15:37:35;3.37;
10.01.2025 15:37:36;3.36;
10.01.2025 15:37:37;3.37;
10.01.2025 15:37:38;3.37;
10.01.2025 15:37:39;3.36;
10.01.2025 15:37:40;3.36;
10.01.2025 15:37:41;3.37;
10.01.2025 15:37:43;3.37;
10.01.2025 15:37:44;3.38;
10.01.2025 15:37:45;3.37;
10.01.2025 15:37:46;3.37;
10.01.2025 15:37:47;3.36;
10.01.2025 15:37:48;3.37;
10.01.2025 15:37:49;3.36;
10.01.2025 15:37:50;3.36;
10.01.2025 15:37:51;3.37;
10.01.2025 15:37:52;3.36;
10.01.2025 15:37:53;3.37;
10.01.2025 15:37:55;3.37;
10.01.2025 15:37:56;3.36;
10.01.2025 15:37:58;3.36;
10.01.2025 15:37:59;3.37;
10.01.2025 15:38:00;3.37;
10.01.2025 15:38:01;3.36;
10.01.2025 15:38:02;3.37;
10.01.2025 15:38:03;3.37;
10.01.2025 15:38:04;3.36;
10.01.2025 15:38:05;3.36;
10.01.2025 15:38:06;3.37;
10.01.2025 15:38:07;3.37;
10.01.2025 15:38:08;3.36;
10.01.2025 15:38:09;3.37;
10.01.2025 15:38:10;3.36;
10.01.2025 15:38:14;3.36;
10.01.2025 15:38:15;3.37;
10.01.2025 15:38:17;3.37;
10.01.2025 15:38:18;3.38;
10.01.2025 15:38:19;3.36;
10.01.2025 15:38:20;3.37;
10.01.2025 15:38:25;3.37;
10.01.2025 15:38:26;3.36;
10.01.2025 15:38:27;3.36;
10.01.2025 15:38:28;3.37;
10.01.2025 15:38:31;3.37;
10.01.2025 15:38:32;3.36;
10.01.2025 15:38:33;3.37;
10.01.2025 15:38:36;3.37;
10.01.2025 15:38:37;3.36;
10.01.2025 15:38:38;3.36;
10.01.2025 15:38:39;3.37;
10.01.2025 15:38:49;3.37;
10.01.2025 15:38:50;3.38;
10.01.2025 15:38:51;3.38;
10.01.2025 15:38:52;3.37;
10.01.2025 15:38:54;3.37;
10.01.2025 15:38:55;3.36;
10.01.2025 15:38:56;3.38;
10.01.2025 15:38:57;3.37;
10.01.2025 15:39:05;3.37;
10.01.2025 15:39:06;3.38;
10.01.2025 15:39:08;3.38;
10.01.2025 15:39:09;3.37;
10.01.2025 15:39:10;3.38;
10.01.2025 15:39:11;3.38;
10.01.2025 15:39:12;3.37;
10.01.2025 15:39:13;3.36;
10.01.2025 15:39:14;3.37;
10.01.2025 15:39:15;3.37;
10.01.2025 15:39:16;3.36;
10.01.2025 15:39:17;3.37;
10.01.2025 15:39:22;3.37;
10.01.2025 15:39:23;3.38;
10.01.2025 15:39:24;3.37;
10.01.2025 15:39:25;3.36;
10.01.2025 15:39:26;3.37;
10.01.2025 15:39:27;3.38;
10.01.2025 15:39:28;3.37;
10.01.2025 15:39:29;3.38;
10.01.2025 15:39:30;3.37;
10.01.2025 15:39:32;3.37;
10.01.2025 15:39:33;3.38;
10.01.2025 15:39:34;3.37;
10.01.2025 15:39:35;3.38;
10.01.2025 15:39:36;3.37;
10.01.2025 15:39:39;3.37;
10.01.2025 15:39:40;3.38;
10.01.2025 15:39:41;3.37;
10.01.2025 15:39:42;3.38;
10.01.2025 15:39:43;3.36;
10.01.2025 15:39:44;3.37;
10.01.2025 15:39:45;3.38;
10.01.2025 15:39:46;3.38;
10.01.2025 15:39:47;3.37;
10.01.2025 15:39:50;3.37;
10.01.2025 15:39:51;3.36;
10.01.2025 15:39:52;3.38;
10.01.2025 15:39:53;3.37;
10.01.2025 15:39:54;3.37;
10.01.2025 15:39:55;3.36;
10.01.2025 15:39:56;3.37;
10.01.2025 15:39:57;3.36;
10.01.2025 15:39:58;3.37;
10.01.2025 15:40:00;3.37;
10.01.2025 15:40:01;3.36;
10.01.2025 15:40:02;3.37;
10.01.2025 15:40:04;3.37;
10.01.2025 15:40:05;3.36;
10.01.2025 15:40:06;3.37;
10.01.2025 15:40:07;3.36;
10.01.2025 15:40:08;3.37;
10.01.2025 15:40:15;3.37;
10.01.2025 15:40:16;3.36;
10.01.2025 15:40:17;3.36;
10.01.2025 15:40:18;3.37;
10.01.2025 15:40:25;3.37;
10.01.2025 15:40:26;3.36;
10.01.2025 15:40:27;3.37;
10.01.2025 15:40:45;3.37;
10.01.2025 15:40:46;3.36;
10.01.2025 15:40:47;3.37;
10.01.2025 15:40:48;3.38;
10.01.2025 15:40:49;3.37;
10.01.2025 15:40:55;3.37;
10.01.2025 15:40:56;3.38;
10.01.2025 15:40:57;3.37;
10.01.2025 15:40:58;3.37;
10.01.2025 15:40:59;3.36;
10.01.2025 15:41:00;3.37;
10.01.2025 15:41:01;3.38;
10.01.2025 15:41:02;3.36;
10.01.2025 15:41:03;3.37;
10.01.2025 15:41:04;3.38;
10.01.2025 15:41:05;3.37;
10.01.2025 15:41:06;3.38;
10.01.2025 15:41:07;3.38;
10.01.2025 15:41:08;3.37;
10.01.2025 15:41:09;3.37;
10.01.2025 15:41:10;3.38;
10.01.2025 15:41:11;3.37;
10.01.2025 15:41:15;3.37;
10.01.2025 15:41:16;3.36;
10.01.2025 15:41:17;3.37;
10.01.2025 15:41:18;3.37;
10.01.2025 15:41:19;3.36;
10.01.2025 15:41:20;3.37;
10.01.2025 15:41:22;3.37;
10.01.2025 15:41:23;3.38;
10.01.2025 15:41:24;3.36;
10.01.2025 15:41:26;3.36;
10.01.2025 15:41:27;3.38;
10.01.2025 15:41:28;3.38;
10.01.2025 15:41:29;3.37;
10.01.2025 15:41:30;3.37;
10.01.2025 15:41:31;3.38;
10.01.2025 15:41:32;3.37;
10.01.2025 15:41:33;3.37;
10.01.2025 15:41:34;3.38;
10.01.2025 15:41:35;3.37;
10.01.2025 15:41:41;3.37;
10.01.2025 15:41:42;3.36;
10.01.2025 15:41:43;3.37;
10.01.2025 15:41:44;3.38;
10.01.2025 15:41:45;3.38;
10.01.2025 15:41:46;3.37;
10.01.2025 15:41:47;3.37;
10.01.2025 15:41:48;3.38;
10.01.2025 15:41:49;3.37;
10.01.2025 15:41:57;3.37;
10.01.2025 15:41:58;3.38;
10.01.2025 15:41:59;3.36;
10.01.2025 15:42:00;3.36;
10.01.2025 15:42:01;3.37;
10.01.2025 15:42:03;3.37;
10.01.2025 15:42:04;3.36;
10.01.2025 15:42:05;3.37;
10.01.2025 15:42:06;3.36;
10.01.2025 15:42:07;3.37;
10.01.2025 15:42:08;3.37;
10.01.2025 15:42:09;3.38;
10.01.2025 15:42:10;3.37;
10.01.2025 15:42:11;3.38;
10.01.2025 15:42:12;3.37;
10.01.2025 15:42:14;3.37;
10.01.2025 15:42:15;3.38;
10.01.2025 15:42:16;3.37;
10.01.2025 15:42:18;3.37;
10.01.2025 15:42:19;3.36;
10.01.2025 15:42:20;3.37;
10.01.2025 15:42:22;3.37;
10.01.2025 15:42:23;3.38;
10.01.2025 15:42:24;3.37;
10.01.2025 15:42:25;3.38;
10.01.2025 15:42:27;3.38;
10.01.2025 15:42:28;3.36;
10.01.2025 15:42:29;3.36;
10.01.2025 15:42:30;3.37;
10.01.2025 15:42:31;3.37;
10.01.2025 15:42:32;3.36;
10.01.2025 15:42:33;3.37;
10.01.2025 15:42:35;3.37;
10.01.2025 15:42:36;3.36;
10.01.2025 15:42:39;3.36;
10.01.2025 15:42:40;3.37;
10.01.2025 15:42:41;3.36;
10.01.2025 15:42:42;3.36;
10.01.2025 15:42:43;3.37;
10.01.2025 15:42:47;3.37;
10.01.2025 15:42:48;3.38;
10.01.2025 15:42:49;3.37;
10.01.2025 15:42:54;3.37;
10.01.2025 15:42:55;3.38;
10.01.2025 15:42:56;3.38;
10.01.2025 15:42:57;3.37;
10.01.2025 15:42:58;3.37;
10.01.2025 15:42:59;3.38;
10.01.2025 15:43:00;3.37;
10.01.2025 15:43:01;3.38;
10.01.2025 15:43:02;3.37;
10.01.2025 15:43:03;3.38;
10.01.2025 15:43:04;3.37;
10.01.2025 15:43:05;3.37;
10.01.2025 15:43:06;3.36;
10.01.2025 15:43:07;3.37;
10.01.2025 15:43:08;3.38;
10.01.2025 15:43:09;3.37;
10.01.2025 15:43:18;3.37;
10.01.2025 15:43:19;3.38;
10.01.2025 15:43:20;3.37;
10.01.2025 15:43:22;3.37;
10.01.2025 15:43:23;3.38;
10.01.2025 15:43:24;3.37;
10.01.2025 15:43:30;3.37;
10.01.2025 15:43:31;3.38;
10.01.2025 15:43:32;3.37;
10.01.2025 15:43:36;3.37;
10.01.2025 15:43:37;3.38;
10.01.2025 15:43:38;3.38;
10.01.2025 15:43:39;3.37;
10.01.2025 15:43:42;3.37;
10.01.2025 15:43:43;3.38;
10.01.2025 15:43:44;3.38;
10.01.2025 15:43:45;3.37;
10.01.2025 15:43:49;3.37;
10.01.2025 15:43:50;3.36;
10.01.2025 15:43:51;3.37;
10.01.2025 15:43:52;3.37;
10.01.2025 15:43:53;3.38;
10.01.2025 15:43:54;3.37;
10.01.2025 15:43:57;3.37;
10.01.2025 15:43:58;3.38;
10.01.2025 15:43:59;3.36;
10.01.2025 15:44:00;3.37;
10.01.2025 15:44:06;3.37;
10.01.2025 15:44:07;3.38;
10.01.2025 15:44:08;3.37;
10.01.2025 15:44:11;3.37;
10.01.2025 15:44:12;3.38;
10.01.2025 15:44:13;3.37;
10.01.2025 15:44:14;3.37;
10.01.2025 15:44:15;3.38;
10.01.2025 15:44:16;3.37;
10.01.2025 15:44:21;3.37;
10.01.2025 15:44:22;3.36;
10.01.2025 15:44:23;3.36;
10.01.2025 15:44:24;3.37;
10.01.2025 15:44:27;3.37;
10.01.2025 15:44:28;3.36;
10.01.2025 15:44:29;3.37;
10.01.2025 15:44:33;3.37;
10.01.2025 15:44:34;3.36;
10.01.2025 15:44:35;3.36;
10.01.2025 15:44:36;3.37;
10.01.2025 15:44:44;3.37;
10.01.2025 15:44:45;3.38;
10.01.2025 15:44:46;3.38;
10.01.2025 15:44:47;3.37;
10.01.2025 15:44:48;3.36;
10.01.2025 15:44:49;3.37;
10.01.2025 15:44:52;3.37;
10.01.2025 15:44:53;3.36;
10.01.2025 15:44:54;3.37;
10.01.2025 15:44:59;3.37;
10.01.2025 15:45:00;3.38;
10.01.2025 15:45:01;3.37;
10.01.2025 15:45:08;3.37;
10.01.2025 15:45:09;3.38;
10.01.2025 15:45:11;3.38;
10.01.2025 15:45:12;3.37;
10.01.2025 15:45:13;3.37;
10.01.2025 15:45:14;3.38;
10.01.2025 15:45:15;3.36;
10.01.2025 15:45:16;3.37;
10.01.2025 15:45:21;3.37;
10.01.2025 15:45:22;3.36;
10.01.2025 15:45:23;3.37;
10.01.2025 15:45:29;3.37;
10.01.2025 15:45:30;3.36;
10.01.2025 15:45:31;3.37;
10.01.2025 15:45:37;3.37;
10.01.2025 15:45:38;3.38;
10.01.2025 15:45:39;3.38;
10.01.2025 15:45:40;3.37;
10.01.2025 15:45:41;3.37;
10.01.2025 15:45:42;3.38;
10.01.2025 15:45:43;3.37;
10.01.2025 15:45:44;3.36;
10.01.2025 15:45:45;3.37;
10.01.2025 15:45:46;3.37;
10.01.2025 15:45:47;3.38;
10.01.2025 15:45:49;3.38;
10.01.2025 15:45:50;3.37;
10.01.2025 15:45:51;3.38;
10.01.2025 15:45:52;3.38;
10.01.2025 15:45:53;3.37;
10.01.2025 15:45:57;3.37;
10.01.2025 15:45:58;3.38;
10.01.2025 15:46:00;3.38;
10.01.2025 15:46:01;3.37;
10.01.2025 15:46:06;3.37;
10.01.2025 15:46:07;3.38;
10.01.2025 15:46:08;3.37;
10.01.2025 15:46:09;3.38;
10.01.2025 15:46:10;3.37;
10.01.2025 15:46:11;3.37;
10.01.2025 15:46:12;3.38;
10.01.2025 15:46:13;3.37;
10.01.2025 15:46:15;3.37;
10.01.2025 15:46:16;3.38;
10.01.2025 15:46:17;3.38;
10.01.2025 15:46:18;3.37;
10.01.2025 15:46:19;3.38;
10.01.2025 15:46:20;3.37;
10.01.2025 15:46:22;3.37;
10.01.2025 15:46:23;3.38;
10.01.2025 15:46:25;3.38;
10.01.2025 15:46:26;3.37;
10.01.2025 15:46:28;3.37;
10.01.2025 15:46:29;3.38;
10.01.2025 15:46:30;3.37;
10.01.2025 15:46:36;3.37;
10.01.2025 15:46:37;3.38;
10.01.2025 15:46:39;3.38;
10.01.2025 15:46:40;3.37;
10.01.2025 15:46:44;3.37;
10.01.2025 15:46:45;3.38;
10.01.2025 15:46:46;3.37;
10.01.2025 15:46:49;3.37;
10.01.2025 15:46:50;3.38;
10.01.2025 15:46:51;3.37;
10.01.2025 15:46:57;3.37;
10.01.2025 15:46:58;3.36;
10.01.2025 15:46:59;3.37;
10.01.2025 15:47:07;3.37;
10.01.2025 15:47:08;3.38;
10.01.2025 15:47:09;3.37;
10.01.2025 15:47:10;3.37;
10.01.2025 15:47:11;3.38;
10.01.2025 15:47:12;3.37;
10.01.2025 15:47:18;3.37;
10.01.2025 15:47:19;3.36;
10.01.2025 15:47:20;3.37;
10.01.2025 15:47:21;3.37;
10.01.2025 15:47:22;3.38;
10.01.2025 15:47:23;3.37;
10.01.2025 15:47:24;3.38;
10.01.2025 15:47:25;3.37;
10.01.2025 15:47:32;3.37;
10.01.2025 15:47:33;3.38;
10.01.2025 15:47:34;3.37;
10.01.2025 15:47:35;3.38;
10.01.2025 15:47:36;3.37;
10.01.2025 15:47:41;3.37;
10.01.2025 15:47:42;3.38;
10.01.2025 15:47:44;3.38;
10.01.2025 15:47:45;3.37;
10.01.2025 15:47:49;3.37;
10.01.2025 15:47:50;3.38;
10.01.2025 15:47:51;3.37;
10.01.2025 15:47:52;3.37;
10.01.2025 15:47:53;3.38;
10.01.2025 15:47:54;3.37;
10.01.2025 15:47:56;3.37;
10.01.2025 15:47:57;3.38;
10.01.2025 15:47:58;3.36;
10.01.2025 15:47:59;3.38;
10.01.2025 15:48:03;3.38;
10.01.2025 15:48:04;3.37;
10.01.2025 15:48:05;3.37;
10.01.2025 15:48:06;3.38;
10.01.2025 15:48:07;3.37;
10.01.2025 15:48:08;3.37;
10.01.2025 15:48:09;3.38;
10.01.2025 15:48:10;3.37;
10.01.2025 15:48:12;3.37;
10.01.2025 15:48:13;3.38;
10.01.2025 15:48:14;3.37;
10.01.2025 15:48:15;3.37;
10.01.2025 15:48:16;3.36;
10.01.2025 15:48:17;3.37;
10.01.2025 15:48:18;3.38;
10.01.2025 15:48:19;3.38;
10.01.2025 15:48:20;3.37;
10.01.2025 15:48:21;3.38;
10.01.2025 15:48:22;3.37;
10.01.2025 15:48:23;3.36;
10.01.2025 15:48:24;3.38;
10.01.2025 15:48:25;3.37;
10.01.2025 15:48:26;3.38;
10.01.2025 15:48:27;3.37;
10.01.2025 15:48:31;3.37;
10.01.2025 15:48:32;3.38;
10.01.2025 15:48:33;3.37;
10.01.2025 15:48:34;3.37;
10.01.2025 15:48:35;3.36;
10.01.2025 15:48:36;3.38;
10.01.2025 15:48:37;3.37;
10.01.2025 15:48:38;3.37;
10.01.2025 15:48:39;3.38;
10.01.2025 15:48:40;3.37;
10.01.2025 15:48:41;3.37;
10.01.2025 15:48:42;3.38;
10.01.2025 15:48:43;3.38;
10.01.2025 15:48:44;3.37;
10.01.2025 15:48:50;3.37;
10.01.2025 15:48:51;3.38;
10.01.2025 15:48:52;3.37;
10.01.2025 15:48:54;3.37;
10.01.2025 15:48:55;3.38;
10.01.2025 15:48:56;3.37;
10.01.2025 15:49:00;3.37;
10.01.2025 15:49:01;3.38;
10.01.2025 15:49:02;3.37;
10.01.2025 15:49:10;3.37;
10.01.2025 15:49:11;3.38;
10.01.2025 15:49:12;3.37;
10.01.2025 15:49:13;3.37;
10.01.2025 15:49:14;3.38;
10.01.2025 15:49:15;3.37;
10.01.2025 15:49:16;3.38;
10.01.2025 15:49:17;3.37;
10.01.2025 15:49:18;3.37;
10.01.2025 15:49:19;3.38;
10.01.2025 15:49:20;3.38;
10.01.2025 15:49:21;3.37;
10.01.2025 15:49:22;3.38;
10.01.2025 15:49:25;3.38;
10.01.2025 15:49:26;3.37;
10.01.2025 15:49:27;3.37;
10.01.2025 15:49:28;3.38;
10.01.2025 15:49:29;3.37;
10.01.2025 15:49:30;3.37;
10.01.2025 15:49:31;3.38;
10.01.2025 15:49:32;3.37;
10.01.2025 15:49:37;3.37;
10.01.2025 15:49:38;3.38;
10.01.2025 15:49:39;3.37;
10.01.2025 15:49:41;3.37;
10.01.2025 15:49:42;3.38;
10.01.2025 15:49:43;3.37;
10.01.2025 15:49:44;3.37;
10.01.2025 15:49:45;3.38;
10.01.2025 15:49:46;3.38;
10.01.2025 15:49:47;3.37;
10.01.2025 15:49:48;3.37;
10.01.2025 15:49:49;3.38;
10.01.2025 15:49:50;3.39;
10.01.2025 15:49:51;3.37;
10.01.2025 15:49:53;3.37;
10.01.2025 15:49:54;3.38;
10.01.2025 15:49:56;3.38;
10.01.2025 15:49:57;3.37;
10.01.2025 15:49:58;3.38;
10.01.2025 15:49:59;3.37;
10.01.2025 15:50:00;3.39;
10.01.2025 15:50:01;3.37;
10.01.2025 15:50:02;3.37;
10.01.2025 15:50:03;3.38;
10.01.2025 15:50:06;3.38;
10.01.2025 15:50:07;3.37;
10.01.2025 15:50:08;3.38;
10.01.2025 15:50:09;3.36;
10.01.2025 15:50:10;3.37;
10.01.2025 15:50:11;3.38;
10.01.2025 15:50:12;3.38;
10.01.2025 15:50:13;3.37;
10.01.2025 15:50:15;3.37;
10.01.2025 15:50:16;3.38;
10.01.2025 15:50:17;3.37;
10.01.2025 15:50:18;3.38;
10.01.2025 15:50:19;3.38;
10.01.2025 15:50:20;3.37;
10.01.2025 15:50:21;3.37;
10.01.2025 15:50:22;3.38;
10.01.2025 15:50:23;3.37;
10.01.2025 15:50:25;3.37;
10.01.2025 15:50:26;3.38;
10.01.2025 15:50:29;3.38;
10.01.2025 15:50:30;3.37;
10.01.2025 15:50:31;3.38;
10.01.2025 15:50:33;3.38;
10.01.2025 15:50:34;3.37;
10.01.2025 15:50:35;3.37;
10.01.2025 15:50:36;3.38;
10.01.2025 15:50:39;3.38;
10.01.2025 15:50:40;3.37;
10.01.2025 15:50:42;3.37;
10.01.2025 15:50:43;3.38;
10.01.2025 15:50:44;3.39;
10.01.2025 15:50:45;3.38;
10.01.2025 15:50:46;3.37;
10.01.2025 15:50:47;3.38;
10.01.2025 15:50:50;3.38;
10.01.2025 15:50:51;3.37;
10.01.2025 15:50:52;3.37;
10.01.2025 15:50:53;3.38;
10.01.2025 15:50:58;3.38;
10.01.2025 15:50:59;3.37;
10.01.2025 15:51:00;3.37;
10.01.2025 15:51:01;3.38;
10.01.2025 15:51:06;3.38;
10.01.2025 15:51:07;3.37;
10.01.2025 15:51:08;3.37;
10.01.2025 15:51:09;3.38;
10.01.2025 15:51:10;3.37;
10.01.2025 15:51:11;3.38;
10.01.2025 15:51:12;3.38;
10.01.2025 15:51:13;3.37;
10.01.2025 15:51:14;3.37;
10.01.2025 15:51:15;3.38;
10.01.2025 15:51:16;3.38;
10.01.2025 15:51:17;3.37;
10.01.2025 15:51:22;3.37;
10.01.2025 15:51:23;3.38;
10.01.2025 15:51:24;3.37;
10.01.2025 15:51:25;3.38;
10.01.2025 15:51:26;3.38;
10.01.2025 15:51:27;3.37;
10.01.2025 15:51:28;3.38;
10.01.2025 15:51:29;3.37;
10.01.2025 15:51:30;3.38;
10.01.2025 15:51:33;3.38;
10.01.2025 15:51:34;3.37;
10.01.2025 15:51:35;3.37;
10.01.2025 15:51:36;3.38;
10.01.2025 15:51:37;3.37;
10.01.2025 15:51:39;3.37;
10.01.2025 15:51:40;3.38;
10.01.2025 15:51:41;3.38;
10.01.2025 15:51:42;3.37;
10.01.2025 15:51:43;3.38;
10.01.2025 15:51:46;3.38;
10.01.2025 15:51:47;3.37;
10.01.2025 15:51:48;3.37;
10.01.2025 15:51:49;3.38;
10.01.2025 15:51:50;3.37;
10.01.2025 15:51:51;3.38;
10.01.2025 15:51:52;3.37;
10.01.2025 15:51:53;3.38;
10.01.2025 15:51:57;3.38;
10.01.2025 15:51:58;3.37;
10.01.2025 15:52:06;3.37;
10.01.2025 15:52:07;3.38;
10.01.2025 15:52:08;3.37;
10.01.2025 15:52:09;3.37;
10.01.2025 15:52:10;3.38;
10.01.2025 15:52:11;3.37;
10.01.2025 15:52:12;3.38;
10.01.2025 15:52:13;3.37;
10.01.2025 15:52:14;3.37;
10.01.2025 15:52:15;3.38;
10.01.2025 15:52:16;3.37;
10.01.2025 15:52:17;3.38;
10.01.2025 15:52:18;3.37;
10.01.2025 15:52:19;3.37;
10.01.2025 15:52:20;3.38;
10.01.2025 15:52:21;3.37;
10.01.2025 15:52:22;3.38;
10.01.2025 15:52:23;3.37;
10.01.2025 15:52:24;3.37;
10.01.2025 15:52:25;3.38;
10.01.2025 15:52:26;3.37;
10.01.2025 15:52:27;3.36;
10.01.2025 15:52:28;3.38;
10.01.2025 15:52:29;3.37;
10.01.2025 15:52:30;3.38;
10.01.2025 15:52:32;3.38;
10.01.2025 15:52:33;3.37;
10.01.2025 15:52:34;3.38;
10.01.2025 15:52:36;3.38;
10.01.2025 15:52:37;3.37;
10.01.2025 15:52:38;3.38;
10.01.2025 15:52:39;3.37;
10.01.2025 15:52:40;3.37;
10.01.2025 15:52:41;3.38;
10.01.2025 15:52:42;3.37;
10.01.2025 15:52:44;3.37;
10.01.2025 15:52:45;3.39;
10.01.2025 15:52:46;3.38;
10.01.2025 15:52:47;3.38;
10.01.2025 15:52:48;3.37;
10.01.2025 15:52:49;3.37;
10.01.2025 15:52:50;3.38;
10.01.2025 15:52:54;3.38;
10.01.2025 15:52:55;3.37;
10.01.2025 15:52:57;3.37;
10.01.2025 15:52:58;3.38;
10.01.2025 15:52:59;3.38;
10.01.2025 15:53:00;3.37;
10.01.2025 15:53:01;3.37;
10.01.2025 15:53:02;3.38;
10.01.2025 15:53:03;3.38;
10.01.2025 15:53:04;3.37;
10.01.2025 15:53:06;3.37;
10.01.2025 15:53:07;3.38;
10.01.2025 15:53:09;3.38;
10.01.2025 15:53:10;3.37;
10.01.2025 15:53:11;3.38;
10.01.2025 15:53:12;3.37;
10.01.2025 15:53:13;3.38;
10.01.2025 15:53:15;3.38;
10.01.2025 15:53:16;3.39;
10.01.2025 15:53:17;3.38;
10.01.2025 15:53:20;3.38;
10.01.2025 15:53:21;3.37;
10.01.2025 15:53:22;3.38;
10.01.2025 15:53:23;3.37;
10.01.2025 15:53:24;3.37;
10.01.2025 15:53:25;3.38;
10.01.2025 15:53:26;3.37;
10.01.2025 15:53:27;3.37;
10.01.2025 15:53:28;3.36;
10.01.2025 15:53:29;3.38;
10.01.2025 15:53:30;3.38;
10.01.2025 15:53:31;3.37;
10.01.2025 15:53:34;3.37;
10.01.2025 15:53:35;3.38;
10.01.2025 15:53:36;3.37;
10.01.2025 15:53:37;3.38;
10.01.2025 15:53:41;3.38;
10.01.2025 15:53:42;3.37;
10.01.2025 15:53:43;3.38;
10.01.2025 15:53:44;3.38;
10.01.2025 15:53:45;3.37;
10.01.2025 15:53:47;3.37;
10.01.2025 15:53:48;3.38;
10.01.2025 15:53:49;3.37;
10.01.2025 15:53:50;3.38;
10.01.2025 15:53:51;3.37;
10.01.2025 15:53:52;3.38;
10.01.2025 15:53:53;3.38;
10.01.2025 15:53:54;3.37;
10.01.2025 15:53:55;3.37;
10.01.2025 15:53:56;3.38;
10.01.2025 15:54:01;3.38;
10.01.2025 15:54:02;3.37;
10.01.2025 15:54:03;3.38;
10.01.2025 15:54:04;3.37;
10.01.2025 15:54:05;3.38;
10.01.2025 15:54:07;3.38;
10.01.2025 15:54:08;3.37;
10.01.2025 15:54:09;3.38;
10.01.2025 15:54:10;3.38;
10.01.2025 15:54:11;3.39;
10.01.2025 15:54:12;3.37;
10.01.2025 15:54:13;3.37;
10.01.2025 15:54:14;3.38;
10.01.2025 15:54:15;3.37;
10.01.2025 15:54:16;3.37;
10.01.2025 15:54:17;3.38;
10.01.2025 15:54:19;3.38;
10.01.2025 15:54:20;3.37;
10.01.2025 15:54:21;3.38;
10.01.2025 15:54:23;3.38;
10.01.2025 15:54:24;3.37;
10.01.2025 15:54:25;3.38;
10.01.2025 15:54:26;3.37;
10.01.2025 15:54:27;3.38;
10.01.2025 15:54:28;3.37;
10.01.2025 15:54:31;3.37;
10.01.2025 15:54:32;3.38;
10.01.2025 15:54:33;3.37;
10.01.2025 15:54:34;3.38;
10.01.2025 15:54:36;3.38;
10.01.2025 15:54:37;3.37;
10.01.2025 15:54:38;3.38;
10.01.2025 15:54:39;3.38;
10.01.2025 15:54:40;3.39;
10.01.2025 15:54:41;3.38;
10.01.2025 15:54:44;3.38;
10.01.2025 15:54:45;3.37;
10.01.2025 15:54:46;3.38;
10.01.2025 15:54:49;3.38;
10.01.2025 15:54:50;3.37;
10.01.2025 15:54:51;3.38;
10.01.2025 15:55:02;3.38;
10.01.2025 15:55:03;3.37;
10.01.2025 15:55:04;3.37;
10.01.2025 15:55:05;3.38;
10.01.2025 15:55:12;3.38;
10.01.2025 15:55:13;3.37;
10.01.2025 15:55:14;3.37;
10.01.2025 15:55:15;3.38;
10.01.2025 15:55:16;3.37;
10.01.2025 15:55:20;3.37;
10.01.2025 15:55:21;3.38;
10.01.2025 15:55:25;3.38;
10.01.2025 15:55:26;3.37;
10.01.2025 15:55:27;3.39;
10.01.2025 15:55:28;3.38;
10.01.2025 15:55:29;3.38;
10.01.2025 15:55:30;3.37;
10.01.2025 15:55:31;3.38;
10.01.2025 15:55:33;3.38;
10.01.2025 15:55:34;3.37;
10.01.2025 15:55:35;3.38;
10.01.2025 15:55:42;3.38;
10.01.2025 15:55:43;3.37;
10.01.2025 15:55:45;3.37;
10.01.2025 15:55:46;3.38;
10.01.2025 15:55:47;3.39;
10.01.2025 15:55:48;3.38;
10.01.2025 15:55:51;3.38;
10.01.2025 15:55:52;3.37;
10.01.2025 15:55:53;3.38;
10.01.2025 15:55:54;3.38;
10.01.2025 15:55:55;3.37;
10.01.2025 15:55:56;3.38;
10.01.2025 15:55:57;3.37;
10.01.2025 15:55:58;3.38;
10.01.2025 15:56:00;3.38;
10.01.2025 15:56:01;3.37;
10.01.2025 15:56:02;3.38;
10.01.2025 15:56:05;3.38;
10.01.2025 15:56:06;3.37;
10.01.2025 15:56:07;3.38;
10.01.2025 15:56:08;3.38;
10.01.2025 15:56:09;3.37;
10.01.2025 15:56:10;3.38;
10.01.2025 15:56:15;3.38;
10.01.2025 15:56:16;3.37;
10.01.2025 15:56:17;3.38;
10.01.2025 15:56:19;3.38;
10.01.2025 15:56:20;3.37;
10.01.2025 15:56:21;3.38;
10.01.2025 15:56:22;3.38;
10.01.2025 15:56:23;3.37;
10.01.2025 15:56:24;3.37;
10.01.2025 15:56:25;3.38;
10.01.2025 15:56:26;3.37;
10.01.2025 15:56:27;3.37;
10.01.2025 15:56:28;3.38;
10.01.2025 15:56:30;3.38;
10.01.2025 15:56:31;3.37;
10.01.2025 15:56:32;3.38;
10.01.2025 15:56:33;3.37;
10.01.2025 15:56:34;3.38;
10.01.2025 15:56:37;3.38;
10.01.2025 15:56:38;3.37;
10.01.2025 15:56:39;3.38;
10.01.2025 15:56:40;3.38;
10.01.2025 15:56:41;3.37;
10.01.2025 15:56:42;3.38;
10.01.2025 15:56:43;3.38;
10.01.2025 15:56:44;3.37;
10.01.2025 15:56:45;3.37;
10.01.2025 15:56:46;3.38;
10.01.2025 15:56:47;3.38;
10.01.2025 15:56:48;3.37;
10.01.2025 15:56:49;3.38;
10.01.2025 15:56:51;3.38;
10.01.2025 15:56:52;3.37;
10.01.2025 15:56:53;3.38;
10.01.2025 15:56:54;3.37;
10.01.2025 15:56:55;3.37;
10.01.2025 15:56:56;3.38;
10.01.2025 15:56:57;3.37;
10.01.2025 15:57:02;3.37;
10.01.2025 15:57:03;3.38;
10.01.2025 15:57:04;3.38;
10.01.2025 15:57:05;3.37;
10.01.2025 15:57:06;3.37;
10.01.2025 15:57:07;3.38;
10.01.2025 15:57:08;3.38;
10.01.2025 15:57:09;3.37;
10.01.2025 15:57:10;3.38;
10.01.2025 15:57:11;3.38;
10.01.2025 15:57:12;3.37;
10.01.2025 15:57:13;3.39;
10.01.2025 15:57:14;3.38;
10.01.2025 15:57:18;3.38;
10.01.2025 15:57:19;3.37;
10.01.2025 15:57:20;3.37;
10.01.2025 15:57:21;3.38;
10.01.2025 15:57:22;3.37;
10.01.2025 15:57:23;3.38;
10.01.2025 15:57:24;3.37;
10.01.2025 15:57:25;3.38;
10.01.2025 15:57:26;3.37;
10.01.2025 15:57:27;3.38;
10.01.2025 15:57:34;3.38;
10.01.2025 15:57:35;3.37;
10.01.2025 15:57:36;3.38;
10.01.2025 15:57:46;3.38;
10.01.2025 15:57:47;3.37;
10.01.2025 15:57:48;3.38;
10.01.2025 15:57:49;3.37;
10.01.2025 15:57:50;3.38;
10.01.2025 15:57:51;3.37;
10.01.2025 15:57:52;3.37;
10.01.2025 15:57:53;3.39;
10.01.2025 15:57:54;3.37;
10.01.2025 15:57:58;3.37;
10.01.2025 15:57:59;3.38;
10.01.2025 15:58:00;3.37;
10.01.2025 15:58:01;3.37;
10.01.2025 15:58:02;3.38;
10.01.2025 15:58:03;3.37;
10.01.2025 15:58:04;3.38;
10.01.2025 15:58:05;3.37;
10.01.2025 15:58:06;3.37;
10.01.2025 15:58:07;3.38;
10.01.2025 15:58:09;3.38;
10.01.2025 15:58:10;3.37;
10.01.2025 15:58:11;3.37;
10.01.2025 15:58:12;3.38;
10.01.2025 15:58:19;3.38;
10.01.2025 15:58:20;3.37;
10.01.2025 15:58:21;3.38;
10.01.2025 15:58:22;3.37;
10.01.2025 15:58:23;3.38;
10.01.2025 15:58:28;3.38;
10.01.2025 15:58:29;3.37;
10.01.2025 15:58:30;3.37;
10.01.2025 15:58:31;3.38;
10.01.2025 15:58:37;3.38;
10.01.2025 15:58:38;3.37;
10.01.2025 15:58:39;3.38;
10.01.2025 15:58:47;3.38;
10.01.2025 15:58:48;3.37;
10.01.2025 15:58:49;3.38;
10.01.2025 15:58:55;3.38;
10.01.2025 15:58:56;3.37;
10.01.2025 15:58:57;3.38;
10.01.2025 15:59:03;3.38;
10.01.2025 15:59:04;3.37;
10.01.2025 15:59:05;3.38;
10.01.2025 15:59:06;3.38;
10.01.2025 15:59:07;3.37;
10.01.2025 15:59:08;3.38;
10.01.2025 15:59:09;3.37;
10.01.2025 15:59:10;3.38;
10.01.2025 15:59:11;3.38;
10.01.2025 15:59:12;3.37;
10.01.2025 15:59:13;3.37;
10.01.2025 15:59:14;3.38;
10.01.2025 15:59:15;3.37;
10.01.2025 15:59:16;3.37;
10.01.2025 15:59:17;3.38;
10.01.2025 15:59:20;3.38;
10.01.2025 15:59:21;3.37;
10.01.2025 15:59:22;3.37;
10.01.2025 15:59:23;3.38;
10.01.2025 15:59:24;3.37;
10.01.2025 15:59:25;3.37;
10.01.2025 15:59:26;3.38;
10.01.2025 15:59:27;3.38;
10.01.2025 15:59:28;3.37;
10.01.2025 15:59:29;3.38;
10.01.2025 15:59:40;3.38;
10.01.2025 15:59:41;3.37;
10.01.2025 15:59:42;3.37;
10.01.2025 15:59:43;3.38;
10.01.2025 15:59:44;3.37;
10.01.2025 15:59:46;3.37;
10.01.2025 15:59:47;3.38;
10.01.2025 15:59:48;3.37;
10.01.2025 15:59:50;3.37;
10.01.2025 15:59:51;3.38;
10.01.2025 15:59:52;3.38;
10.01.2025 15:59:53;3.37;
10.01.2025 15:59:54;3.38;
10.01.2025 15:59:55;3.38;
10.01.2025 15:59:56;3.37;
10.01.2025 15:59:58;3.37;
10.01.2025 15:59:59;3.38;
10.01.2025 16:00:06;3.38;
10.01.2025 16:00:07;3.37;
10.01.2025 16:00:08;3.38;
10.01.2025 16:00:09;3.38;
10.01.2025 16:00:10;3.37;
10.01.2025 16:00:13;3.37;
10.01.2025 16:00:14;3.38;
10.01.2025 16:00:15;3.37;
10.01.2025 16:00:16;3.37;
10.01.2025 16:00:17;3.38;
10.01.2025 16:00:20;3.38;
10.01.2025 16:00:21;3.37;
10.01.2025 16:00:22;3.38;
10.01.2025 16:00:23;3.37;
10.01.2025 16:00:24;3.37;
10.01.2025 16:00:25;3.38;
10.01.2025 16:00:26;3.38;
10.01.2025 16:00:27;3.37;
10.01.2025 16:00:29;3.37;
10.01.2025 16:00:30;3.38;
10.01.2025 16:00:31;3.37;
10.01.2025 16:00:32;3.38;
10.01.2025 16:00:35;3.38;
10.01.2025 16:00:36;3.37;
10.01.2025 16:00:37;3.38;
10.01.2025 16:00:38;3.38;
10.01.2025 16:00:39;3.39;
10.01.2025 16:00:40;3.38;
10.01.2025 16:00:41;3.37;
10.01.2025 16:00:42;3.38;
10.01.2025 16:00:43;3.38;
10.01.2025 16:00:44;3.37;
10.01.2025 16:00:46;3.37;
10.01.2025 16:00:47;3.38;
10.01.2025 16:00:51;3.38;
10.01.2025 16:00:52;3.37;
10.01.2025 16:00:53;3.39;
10.01.2025 16:00:54;3.38;
10.01.2025 16:00:55;3.39;
10.01.2025 16:00:56;3.38;
10.01.2025 16:00:58;3.38;
10.01.2025 16:00:59;3.37;
10.01.2025 16:01:00;3.38;
10.01.2025 16:01:01;3.38;
10.01.2025 16:01:02;3.37;
10.01.2025 16:01:03;3.38;
10.01.2025 16:01:05;3.38;
10.01.2025 16:01:06;3.37;
10.01.2025 16:01:07;3.38;
10.01.2025 16:01:12;3.38;
10.01.2025 16:01:13;3.37;
10.01.2025 16:01:14;3.38;
10.01.2025 16:01:17;3.38;
10.01.2025 16:01:18;3.37;
10.01.2025 16:01:19;3.38;
10.01.2025 16:01:22;3.38;
10.01.2025 16:01:23;3.37;
10.01.2025 16:01:24;3.38;
10.01.2025 16:01:28;3.38;
10.01.2025 16:01:29;3.37;
10.01.2025 16:01:30;3.38;
10.01.2025 16:01:32;3.38;
10.01.2025 16:01:33;3.39;
10.01.2025 16:01:34;3.38;
10.01.2025 16:01:36;3.38;
10.01.2025 16:01:37;3.37;
10.01.2025 16:01:38;3.38;
10.01.2025 16:01:39;3.37;
10.01.2025 16:01:40;3.38;
10.01.2025 16:01:42;3.38;
10.01.2025 16:01:43;3.37;
10.01.2025 16:01:44;3.38;
10.01.2025 16:01:49;3.38;
10.01.2025 16:01:50;3.37;
10.01.2025 16:01:51;3.37;
10.01.2025 16:01:52;3.38;
10.01.2025 16:01:56;3.38;
10.01.2025 16:01:57;3.37;
10.01.2025 16:01:58;3.38;
10.01.2025 16:02:07;3.38;
10.01.2025 16:02:08;3.37;
10.01.2025 16:02:09;3.38;
10.01.2025 16:02:10;3.38;
10.01.2025 16:02:11;3.39;
10.01.2025 16:02:12;3.38;
10.01.2025 16:02:13;3.38;
10.01.2025 16:02:14;3.37;
10.01.2025 16:02:15;3.38;
10.01.2025 16:02:16;3.37;
10.01.2025 16:02:17;3.38;
10.01.2025 16:02:21;3.38;
10.01.2025 16:02:22;3.37;
10.01.2025 16:02:23;3.37;
10.01.2025 16:02:24;3.38;
10.01.2025 16:02:25;3.38;
10.01.2025 16:02:26;3.37;
10.01.2025 16:02:27;3.38;
10.01.2025 16:02:28;3.39;
10.01.2025 16:02:29;3.38;
10.01.2025 16:02:31;3.38;
10.01.2025 16:02:32;3.37;
10.01.2025 16:02:33;3.37;
10.01.2025 16:02:34;3.38;
10.01.2025 16:02:35;3.38;
10.01.2025 16:02:36;3.39;
10.01.2025 16:02:37;3.37;
10.01.2025 16:02:38;3.37;
10.01.2025 16:02:39;3.38;
10.01.2025 16:02:40;3.37;
10.01.2025 16:02:41;3.38;
10.01.2025 16:02:42;3.37;
10.01.2025 16:02:43;3.37;
10.01.2025 16:02:44;3.38;
10.01.2025 16:02:45;3.37;
10.01.2025 16:02:46;3.38;
10.01.2025 16:02:47;3.37;
10.01.2025 16:02:48;3.38;
10.01.2025 16:02:49;3.37;
10.01.2025 16:02:50;3.38;
10.01.2025 16:02:51;3.38;
10.01.2025 16:02:52;3.37;
10.01.2025 16:02:53;3.38;
10.01.2025 16:02:54;3.38;
10.01.2025 16:02:55;3.37;
10.01.2025 16:02:56;3.37;
10.01.2025 16:02:57;3.38;
10.01.2025 16:02:58;3.37;
10.01.2025 16:03:00;3.37;
10.01.2025 16:03:01;3.38;
10.01.2025 16:03:04;3.38;
10.01.2025 16:03:05;3.37;
10.01.2025 16:03:06;3.38;
10.01.2025 16:03:07;3.37;
10.01.2025 16:03:08;3.38;
10.01.2025 16:03:09;3.37;
10.01.2025 16:03:10;3.38;
10.01.2025 16:03:12;3.38;
10.01.2025 16:03:13;3.37;
10.01.2025 16:03:14;3.37;
10.01.2025 16:03:15;3.38;
10.01.2025 16:03:17;3.38;
10.01.2025 16:03:18;3.37;
10.01.2025 16:03:19;3.38;
10.01.2025 16:03:20;3.37;
10.01.2025 16:03:21;3.38;
10.01.2025 16:03:22;3.38;
10.01.2025 16:03:23;3.37;
10.01.2025 16:03:24;3.37;
10.01.2025 16:03:25;3.38;
10.01.2025 16:03:26;3.38;
10.01.2025 16:03:27;3.37;
10.01.2025 16:03:28;3.37;
10.01.2025 16:03:29;3.38;
10.01.2025 16:03:30;3.37;
10.01.2025 16:03:31;3.38;
10.01.2025 16:03:33;3.38;
10.01.2025 16:03:34;3.37;
10.01.2025 16:03:36;3.37;
10.01.2025 16:03:37;3.38;
10.01.2025 16:03:38;3.37;
10.01.2025 16:03:40;3.37;
10.01.2025 16:03:41;3.38;
10.01.2025 16:03:42;3.37;
10.01.2025 16:03:44;3.37;
10.01.2025 16:03:45;3.38;
10.01.2025 16:03:47;3.38;
10.01.2025 16:03:48;3.37;
10.01.2025 16:03:49;3.37;
10.01.2025 16:03:50;3.38;
10.01.2025 16:03:51;3.38;
10.01.2025 16:03:52;3.37;
10.01.2025 16:03:57;3.37;
10.01.2025 16:03:58;3.38;
10.01.2025 16:03:59;3.37;
10.01.2025 16:04:00;3.38;
10.01.2025 16:04:01;3.37;
10.01.2025 16:04:02;3.38;
10.01.2025 16:04:03;3.37;
10.01.2025 16:04:04;3.38;
10.01.2025 16:04:05;3.37;
10.01.2025 16:04:08;3.37;
10.01.2025 16:04:09;3.38;
10.01.2025 16:04:14;3.38;
10.01.2025 16:04:15;3.37;
10.01.2025 16:04:16;3.37;
10.01.2025 16:04:17;3.38;
10.01.2025 16:04:19;3.38;
10.01.2025 16:04:20;3.37;
10.01.2025 16:04:25;3.37;
10.01.2025 16:04:26;3.38;
10.01.2025 16:04:34;3.38;
10.01.2025 16:04:35;3.37;
10.01.2025 16:04:36;3.37;
10.01.2025 16:04:37;3.38;
10.01.2025 16:04:40;3.38;
10.01.2025 16:04:41;3.39;
10.01.2025 16:04:42;3.38;
10.01.2025 16:04:43;3.37;
10.01.2025 16:04:44;3.38;
10.01.2025 16:04:45;3.37;
10.01.2025 16:04:46;3.38;
10.01.2025 16:04:53;3.38;
10.01.2025 16:04:54;3.37;
10.01.2025 16:04:55;3.39;
10.01.2025 16:04:56;3.37;
10.01.2025 16:04:57;3.38;
10.01.2025 16:05:03;3.38;
10.01.2025 16:05:04;3.37;
10.01.2025 16:05:05;3.38;
10.01.2025 16:05:06;3.37;
10.01.2025 16:05:07;3.38;
10.01.2025 16:05:08;3.37;
10.01.2025 16:05:09;3.38;
10.01.2025 16:05:10;3.37;
10.01.2025 16:05:13;3.37;
10.01.2025 16:05:14;3.38;
10.01.2025 16:05:15;3.37;
10.01.2025 16:05:16;3.38;
10.01.2025 16:05:18;3.38;
10.01.2025 16:05:19;3.37;
10.01.2025 16:05:20;3.38;
10.01.2025 16:05:21;3.37;
10.01.2025 16:05:22;3.38;
10.01.2025 16:05:23;3.38;
10.01.2025 16:05:24;3.37;
10.01.2025 16:05:25;3.38;
10.01.2025 16:05:27;3.38;
10.01.2025 16:05:28;3.37;
10.01.2025 16:05:29;3.38;
10.01.2025 16:05:32;3.38;
10.01.2025 16:05:33;3.36;
10.01.2025 16:05:34;3.37;
10.01.2025 16:05:35;3.38;
10.01.2025 16:05:37;3.38;
10.01.2025 16:05:38;3.37;
10.01.2025 16:05:39;3.37;
10.01.2025 16:05:40;3.38;
10.01.2025 16:05:41;3.37;
10.01.2025 16:05:42;3.38;
10.01.2025 16:05:43;3.37;
10.01.2025 16:05:44;3.38;
10.01.2025 16:05:45;3.37;
10.01.2025 16:05:46;3.38;
10.01.2025 16:05:49;3.38;
10.01.2025 16:05:50;3.37;
10.01.2025 16:05:51;3.38;
10.01.2025 16:05:54;3.38;
10.01.2025 16:05:55;3.37;
10.01.2025 16:05:56;3.38;
10.01.2025 16:05:57;3.37;
10.01.2025 16:05:58;3.38;
10.01.2025 16:05:59;3.37;
10.01.2025 16:06:00;3.38;
10.01.2025 16:06:01;3.37;
10.01.2025 16:06:02;3.37;
10.01.2025 16:06:03;3.38;
10.01.2025 16:06:05;3.38;
10.01.2025 16:06:06;3.37;
10.01.2025 16:06:07;3.38;
10.01.2025 16:06:08;3.37;
10.01.2025 16:06:10;3.37;
10.01.2025 16:06:11;3.39;
10.01.2025 16:06:12;3.38;
10.01.2025 16:06:13;3.37;
10.01.2025 16:06:15;3.37;
10.01.2025 16:06:16;3.38;
10.01.2025 16:06:17;3.37;
10.01.2025 16:06:18;3.38;
10.01.2025 16:06:20;3.38;
10.01.2025 16:06:21;3.37;
10.01.2025 16:06:22;3.38;
10.01.2025 16:06:24;3.38;
10.01.2025 16:06:25;3.37;
10.01.2025 16:06:27;3.37;
10.01.2025 16:06:28;3.38;
10.01.2025 16:06:29;3.38;
10.01.2025 16:06:30;3.37;
10.01.2025 16:06:31;3.37;
10.01.2025 16:06:32;3.38;
10.01.2025 16:06:33;3.38;
10.01.2025 16:06:34;3.37;
10.01.2025 16:06:35;3.38;
10.01.2025 16:06:37;3.38;
10.01.2025 16:06:38;3.37;
10.01.2025 16:06:39;3.38;
10.01.2025 16:06:40;3.38;
10.01.2025 16:06:41;3.39;
10.01.2025 16:06:42;3.38;
10.01.2025 16:06:46;3.38;
10.01.2025 16:06:47;3.37;
10.01.2025 16:06:48;3.37;
10.01.2025 16:06:49;3.38;
10.01.2025 16:06:51;3.38;
10.01.2025 16:06:52;3.37;
10.01.2025 16:06:54;3.37;
10.01.2025 16:06:55;3.38;
10.01.2025 16:07:00;3.38;
10.01.2025 16:07:01;3.37;
10.01.2025 16:07:04;3.37;
10.01.2025 16:07:05;3.38;
10.01.2025 16:07:08;3.38;
10.01.2025 16:07:09;3.37;
10.01.2025 16:07:11;3.37;
10.01.2025 16:07:12;3.38;
10.01.2025 16:07:17;3.38;
10.01.2025 16:07:18;3.37;
10.01.2025 16:07:19;3.38;
10.01.2025 16:07:22;3.38;
10.01.2025 16:07:23;3.37;
10.01.2025 16:07:24;3.38;
10.01.2025 16:07:27;3.38;
10.01.2025 16:07:28;3.37;
10.01.2025 16:07:29;3.38;
10.01.2025 16:07:30;3.37;
10.01.2025 16:07:31;3.37;
10.01.2025 16:07:32;3.38;
10.01.2025 16:07:33;3.37;
10.01.2025 16:07:34;3.38;
10.01.2025 16:07:35;3.37;
10.01.2025 16:07:36;3.37;
10.01.2025 16:07:37;3.38;
10.01.2025 16:07:39;3.38;
10.01.2025 16:07:40;3.37;
10.01.2025 16:07:41;3.39;
10.01.2025 16:07:42;3.38;
10.01.2025 16:07:43;3.39;
10.01.2025 16:07:44;3.38;
10.01.2025 16:07:52;3.38;
10.01.2025 16:07:53;3.37;
10.01.2025 16:07:54;3.38;
10.01.2025 16:07:55;3.37;
10.01.2025 16:07:56;3.39;
10.01.2025 16:07:57;3.38;
10.01.2025 16:07:59;3.38;
10.01.2025 16:08:00;3.39;
10.01.2025 16:08:01;3.38;
10.01.2025 16:08:05;3.38;
10.01.2025 16:08:06;3.37;
10.01.2025 16:08:07;3.38;
10.01.2025 16:08:08;3.38;
10.01.2025 16:08:09;3.39;
10.01.2025 16:08:10;3.39;
10.01.2025 16:08:11;3.38;
10.01.2025 16:08:12;3.39;
10.01.2025 16:08:13;3.39;
10.01.2025 16:08:14;3.38;
10.01.2025 16:08:16;3.38;
10.01.2025 16:08:17;3.37;
10.01.2025 16:08:18;3.38;
10.01.2025 16:08:23;3.38;
10.01.2025 16:08:24;3.37;
10.01.2025 16:08:26;3.37;
10.01.2025 16:08:27;3.38;
10.01.2025 16:08:30;3.38;
10.01.2025 16:08:31;3.37;
10.01.2025 16:08:32;3.38;
10.01.2025 16:08:33;3.37;
10.01.2025 16:08:35;3.37;
10.01.2025 16:08:36;3.38;
10.01.2025 16:08:38;3.38;
10.01.2025 16:08:39;3.37;
10.01.2025 16:08:40;3.39;
10.01.2025 16:08:41;3.38;
10.01.2025 16:08:42;3.38;
10.01.2025 16:08:43;3.37;
10.01.2025 16:08:45;3.37;
10.01.2025 16:08:46;3.38;
10.01.2025 16:08:47;3.37;
10.01.2025 16:08:48;3.38;
10.01.2025 16:08:49;3.39;
10.01.2025 16:08:50;3.37;
10.01.2025 16:08:51;3.38;
10.01.2025 16:08:58;3.38;
10.01.2025 16:08:59;3.39;
10.01.2025 16:09:00;3.38;
10.01.2025 16:09:02;3.38;
10.01.2025 16:09:03;3.37;
10.01.2025 16:09:04;3.38;
10.01.2025 16:09:05;3.37;
10.01.2025 16:09:06;3.38;
10.01.2025 16:09:07;3.37;
10.01.2025 16:09:08;3.38;
10.01.2025 16:09:11;3.38;
10.01.2025 16:09:12;3.37;
10.01.2025 16:09:13;3.37;
10.01.2025 16:09:14;3.38;
10.01.2025 16:09:15;3.37;
10.01.2025 16:09:16;3.38;
10.01.2025 16:09:20;3.38;
10.01.2025 16:09:21;3.37;
10.01.2025 16:09:22;3.38;
10.01.2025 16:09:23;3.37;
10.01.2025 16:09:24;3.38;
10.01.2025 16:09:25;3.37;
10.01.2025 16:09:27;3.37;
10.01.2025 16:09:28;3.38;
10.01.2025 16:09:29;3.37;
10.01.2025 16:09:30;3.38;
10.01.2025 16:09:34;3.38;
10.01.2025 16:09:35;3.37;
10.01.2025 16:09:36;3.38;
10.01.2025 16:09:37;3.38;
10.01.2025 16:09:38;3.37;
10.01.2025 16:09:40;3.37;
10.01.2025 16:09:41;3.38;
10.01.2025 16:09:42;3.37;
10.01.2025 16:09:43;3.37;
10.01.2025 16:09:44;3.38;
10.01.2025 16:09:46;3.38;
10.01.2025 16:09:47;3.37;
10.01.2025 16:09:48;3.38;
10.01.2025 16:09:49;3.37;
10.01.2025 16:09:50;3.37;
10.01.2025 16:09:51;3.38;
10.01.2025 16:09:52;3.37;
10.01.2025 16:09:53;3.37;
10.01.2025 16:09:54;3.38;
10.01.2025 16:09:56;3.38;
10.01.2025 16:09:57;3.37;
10.01.2025 16:09:58;3.37;
10.01.2025 16:09:59;3.38;
10.01.2025 16:10:04;3.38;
10.01.2025 16:10:05;3.37;
10.01.2025 16:10:06;3.38;
10.01.2025 16:10:08;3.38;
10.01.2025 16:10:09;3.37;
10.01.2025 16:10:10;3.38;
10.01.2025 16:10:19;3.38;
10.01.2025 16:10:20;3.37;
10.01.2025 16:10:21;3.38;
10.01.2025 16:10:24;3.38;
10.01.2025 16:10:25;3.37;
10.01.2025 16:10:28;3.37;
10.01.2025 16:10:29;3.38;
10.01.2025 16:10:31;3.38;
10.01.2025 16:10:32;3.37;
10.01.2025 16:10:33;3.37;
10.01.2025 16:10:34;3.38;
10.01.2025 16:10:39;3.38;
10.01.2025 16:10:40;3.37;
10.01.2025 16:10:41;3.37;
10.01.2025 16:10:42;3.38;
10.01.2025 16:10:43;3.38;
10.01.2025 16:10:44;3.39;
10.01.2025 16:10:45;3.38;
10.01.2025 16:10:48;3.38;
10.01.2025 16:10:49;3.39;
10.01.2025 16:10:50;3.38;
10.01.2025 16:10:51;3.39;
10.01.2025 16:10:52;3.39;
10.01.2025 16:10:53;3.38;
10.01.2025 16:10:55;3.38;
10.01.2025 16:10:56;3.39;
10.01.2025 16:10:57;3.38;
10.01.2025 16:11:00;3.38;
10.01.2025 16:11:01;3.39;
10.01.2025 16:11:02;3.38;
10.01.2025 16:11:03;3.39;
10.01.2025 16:11:04;3.38;
10.01.2025 16:11:06;3.38;
10.01.2025 16:11:07;3.37;
10.01.2025 16:11:09;3.37;
10.01.2025 16:11:10;3.38;
10.01.2025 16:11:12;3.38;
10.01.2025 16:11:13;3.39;
10.01.2025 16:11:14;3.38;
10.01.2025 16:11:18;3.38;
10.01.2025 16:11:19;3.39;
10.01.2025 16:11:20;3.38;
10.01.2025 16:11:21;3.39;
10.01.2025 16:11:22;3.38;
10.01.2025 16:11:23;3.38;
10.01.2025 16:11:24;3.39;
10.01.2025 16:11:25;3.38;
10.01.2025 16:11:26;3.38;
10.01.2025 16:11:27;3.37;
10.01.2025 16:11:28;3.38;
10.01.2025 16:11:29;3.38;
10.01.2025 16:11:30;3.37;
10.01.2025 16:11:31;3.38;
10.01.2025 16:11:35;3.38;
10.01.2025 16:11:36;3.36;
10.01.2025 16:11:37;3.37;
10.01.2025 16:11:38;3.37;
10.01.2025 16:11:39;3.38;
10.01.2025 16:11:41;3.38;
10.01.2025 16:11:42;3.39;
10.01.2025 16:11:43;3.38;
10.01.2025 16:11:47;3.38;
10.01.2025 16:11:48;3.39;
10.01.2025 16:11:49;3.38;
10.01.2025 16:11:50;3.38;
10.01.2025 16:11:51;3.39;
10.01.2025 16:11:52;3.39;
10.01.2025 16:11:53;3.38;
10.01.2025 16:11:56;3.38;
10.01.2025 16:11:57;3.37;
10.01.2025 16:11:58;3.38;
10.01.2025 16:12:02;3.38;
10.01.2025 16:12:03;3.39;
10.01.2025 16:12:04;3.38;
10.01.2025 16:12:05;3.38;
10.01.2025 16:12:06;3.39;
10.01.2025 16:12:07;3.38;
10.01.2025 16:12:09;3.38;
10.01.2025 16:12:10;3.37;
10.01.2025 16:12:11;3.37;
10.01.2025 16:12:12;3.38;
10.01.2025 16:12:13;3.39;
10.01.2025 16:12:14;3.39;
10.01.2025 16:12:15;3.38;
10.01.2025 16:12:16;3.39;
10.01.2025 16:12:17;3.39;
10.01.2025 16:12:18;3.38;
10.01.2025 16:12:19;3.39;
10.01.2025 16:12:20;3.38;
10.01.2025 16:12:21;3.38;
10.01.2025 16:12:22;3.39;
10.01.2025 16:12:23;3.38;
10.01.2025 16:12:31;3.38;
10.01.2025 16:12:32;3.39;
10.01.2025 16:12:33;3.38;
10.01.2025 16:12:35;3.38;
10.01.2025 16:12:36;3.39;
10.01.2025 16:12:37;3.38;
10.01.2025 16:12:39;3.38;
10.01.2025 16:12:40;3.39;
10.01.2025 16:12:41;3.38;
10.01.2025 16:12:42;3.39;
10.01.2025 16:12:43;3.38;
10.01.2025 16:12:48;3.38;
10.01.2025 16:12:49;3.39;
10.01.2025 16:12:50;3.38;
10.01.2025 16:12:51;3.37;
10.01.2025 16:12:52;3.38;
10.01.2025 16:12:53;3.38;
10.01.2025 16:12:54;3.39;
10.01.2025 16:12:55;3.38;
10.01.2025 16:12:56;3.38;
10.01.2025 16:12:57;3.37;
10.01.2025 16:12:58;3.39;
10.01.2025 16:12:59;3.38;
10.01.2025 16:13:03;3.38;
10.01.2025 16:13:04;3.39;
10.01.2025 16:13:05;3.38;
10.01.2025 16:13:07;3.38;
10.01.2025 16:13:08;3.39;
10.01.2025 16:13:09;3.38;
10.01.2025 16:13:10;3.38;
10.01.2025 16:13:11;3.37;
10.01.2025 16:13:12;3.39;
10.01.2025 16:13:13;3.38;
10.01.2025 16:13:14;3.39;
10.01.2025 16:13:15;3.38;
10.01.2025 16:13:16;3.39;
10.01.2025 16:13:18;3.39;
10.01.2025 16:13:19;3.38;
10.01.2025 16:13:21;3.38;
10.01.2025 16:13:22;3.39;
10.01.2025 16:13:23;3.38;
10.01.2025 16:13:24;3.39;
10.01.2025 16:13:25;3.39;
10.01.2025 16:13:26;3.38;
10.01.2025 16:13:28;3.38;
10.01.2025 16:13:29;3.39;
10.01.2025 16:13:30;3.39;
10.01.2025 16:13:31;3.38;
10.01.2025 16:13:32;3.39;
10.01.2025 16:13:33;3.39;
10.01.2025 16:13:34;3.38;
10.01.2025 16:13:37;3.38;
10.01.2025 16:13:38;3.39;
10.01.2025 16:13:40;3.39;
10.01.2025 16:13:41;3.38;
10.01.2025 16:13:42;3.39;
10.01.2025 16:13:43;3.38;
10.01.2025 16:13:45;3.38;
10.01.2025 16:13:46;3.39;
10.01.2025 16:13:47;3.38;
10.01.2025 16:13:48;3.39;
10.01.2025 16:13:49;3.39;
10.01.2025 16:13:50;3.37;
10.01.2025 16:13:51;3.38;
10.01.2025 16:13:52;3.39;
10.01.2025 16:13:53;3.38;
10.01.2025 16:13:54;3.38;
10.01.2025 16:13:55;3.39;
10.01.2025 16:13:56;3.38;
10.01.2025 16:14:00;3.38;
10.01.2025 16:14:01;3.39;
10.01.2025 16:14:02;3.38;
10.01.2025 16:14:03;3.38;
10.01.2025 16:14:04;3.37;
10.01.2025 16:14:05;3.38;
10.01.2025 16:14:06;3.38;
10.01.2025 16:14:07;3.39;
10.01.2025 16:14:08;3.39;
10.01.2025 16:14:09;3.38;
10.01.2025 16:14:12;3.38;
10.01.2025 16:14:13;3.39;
10.01.2025 16:14:14;3.38;
10.01.2025 16:14:15;3.38;
10.01.2025 16:14:16;3.39;
10.01.2025 16:14:17;3.38;
10.01.2025 16:14:22;3.38;
10.01.2025 16:14:23;3.37;
10.01.2025 16:14:24;3.37;
10.01.2025 16:14:25;3.38;
10.01.2025 16:14:29;3.38;
10.01.2025 16:14:30;3.37;
10.01.2025 16:14:31;3.38;
10.01.2025 16:14:34;3.38;
10.01.2025 16:14:35;3.37;
10.01.2025 16:14:36;3.38;
10.01.2025 16:14:39;3.38;
10.01.2025 16:14:40;3.39;
10.01.2025 16:14:41;3.38;
10.01.2025 16:14:42;3.39;
10.01.2025 16:14:43;3.38;
10.01.2025 16:14:44;3.39;
10.01.2025 16:14:45;3.38;
10.01.2025 16:14:46;3.39;
10.01.2025 16:14:47;3.38;
10.01.2025 16:14:48;3.38;
10.01.2025 16:14:49;3.39;
10.01.2025 16:14:50;3.39;
10.01.2025 16:14:51;3.38;
10.01.2025 16:14:52;3.39;
10.01.2025 16:14:53;3.39;
10.01.2025 16:14:54;3.38;
10.01.2025 16:14:55;3.38;
10.01.2025 16:14:56;3.39;
10.01.2025 16:14:57;3.38;
10.01.2025 16:14:58;3.38;
10.01.2025 16:14:59;3.39;
10.01.2025 16:15:00;3.38;
10.01.2025 16:15:01;3.38;
10.01.2025 16:15:02;3.39;
10.01.2025 16:15:04;3.39;
10.01.2025 16:15:05;3.38;
10.01.2025 16:15:06;3.39;
10.01.2025 16:15:07;3.38;
10.01.2025 16:15:08;3.38;
10.01.2025 16:15:09;3.39;
10.01.2025 16:15:10;3.38;
10.01.2025 16:15:11;3.39;
10.01.2025 16:15:12;3.39;
10.01.2025 16:15:13;3.38;
10.01.2025 16:15:16;3.38;
10.01.2025 16:15:17;3.39;
10.01.2025 16:15:18;3.38;
10.01.2025 16:15:20;3.38;
10.01.2025 16:15:21;3.39;
10.01.2025 16:15:22;3.38;
10.01.2025 16:15:24;3.38;
10.01.2025 16:15:25;3.39;
10.01.2025 16:15:26;3.39;
10.01.2025 16:15:27;3.38;
10.01.2025 16:15:28;3.39;
10.01.2025 16:15:29;3.38;
10.01.2025 16:15:30;3.39;
10.01.2025 16:15:31;3.38;
10.01.2025 16:15:33;3.38;
10.01.2025 16:15:34;3.39;
10.01.2025 16:15:35;3.39;
10.01.2025 16:15:36;3.38;
10.01.2025 16:15:37;3.39;
10.01.2025 16:15:38;3.39;
10.01.2025 16:15:39;3.38;
10.01.2025 16:15:42;3.38;
10.01.2025 16:15:43;3.39;
10.01.2025 16:15:44;3.38;
10.01.2025 16:15:45;3.38;
10.01.2025 16:15:46;3.39;
10.01.2025 16:15:47;3.38;
10.01.2025 16:15:50;3.38;
10.01.2025 16:15:51;3.37;
10.01.2025 16:15:52;3.38;
10.01.2025 16:15:53;3.39;
10.01.2025 16:15:54;3.39;
10.01.2025 16:15:55;3.38;
10.01.2025 16:15:56;3.38;
10.01.2025 16:15:57;3.39;
10.01.2025 16:15:58;3.38;
10.01.2025 16:15:59;3.38;
10.01.2025 16:16:00;3.39;
10.01.2025 16:16:01;3.38;
10.01.2025 16:16:02;3.39;
10.01.2025 16:16:03;3.39;
10.01.2025 16:16:04;3.38;
10.01.2025 16:16:05;3.39;
10.01.2025 16:16:06;3.38;
10.01.2025 16:16:17;3.38;
10.01.2025 16:16:18;3.39;
10.01.2025 16:16:19;3.38;
10.01.2025 16:16:25;3.38;
10.01.2025 16:16:26;3.39;
10.01.2025 16:16:27;3.39;
10.01.2025 16:16:28;3.38;
10.01.2025 16:16:29;3.39;
10.01.2025 16:16:30;3.38;
10.01.2025 16:16:31;3.38;
10.01.2025 16:16:32;3.39;
10.01.2025 16:16:33;3.38;
10.01.2025 16:16:34;3.39;
10.01.2025 16:16:35;3.38;
10.01.2025 16:16:37;3.38;
10.01.2025 16:16:38;3.39;
10.01.2025 16:16:39;3.39;
10.01.2025 16:16:40;3.38;
10.01.2025 16:16:41;3.39;
10.01.2025 16:16:43;3.39;
10.01.2025 16:16:44;3.38;
10.01.2025 16:16:46;3.38;
10.01.2025 16:16:47;3.39;
10.01.2025 16:16:48;3.38;
10.01.2025 16:16:49;3.39;
10.01.2025 16:16:50;3.38;
10.01.2025 16:16:51;3.39;
10.01.2025 16:16:52;3.38;
10.01.2025 16:16:53;3.39;
10.01.2025 16:16:54;3.38;
10.01.2025 16:16:55;3.39;
10.01.2025 16:16:56;3.38;
10.01.2025 16:16:57;3.38;
10.01.2025 16:16:58;3.39;
10.01.2025 16:17:02;3.39;
10.01.2025 16:17:03;3.38;
10.01.2025 16:17:04;3.39;
10.01.2025 16:17:05;3.39;
10.01.2025 16:17:06;3.38;
10.01.2025 16:17:07;3.38;
10.01.2025 16:17:08;3.39;
10.01.2025 16:17:09;3.38;
10.01.2025 16:17:10;3.38;
10.01.2025 16:17:11;3.39;
10.01.2025 16:17:12;3.39;
10.01.2025 16:17:13;3.38;
10.01.2025 16:17:14;3.39;
10.01.2025 16:17:15;3.38;
10.01.2025 16:17:17;3.38;
10.01.2025 16:17:18;3.39;
10.01.2025 16:17:19;3.38;
10.01.2025 16:17:21;3.38;
10.01.2025 16:17:22;3.37;
10.01.2025 16:17:23;3.38;
10.01.2025 16:17:24;3.38;
10.01.2025 16:17:25;3.39;
10.01.2025 16:17:26;3.38;
10.01.2025 16:17:27;3.39;
10.01.2025 16:17:28;3.38;
10.01.2025 16:17:30;3.38;
10.01.2025 16:17:31;3.39;
10.01.2025 16:17:32;3.38;
10.01.2025 16:17:37;3.38;
10.01.2025 16:17:38;3.39;
10.01.2025 16:17:39;3.38;
10.01.2025 16:17:40;3.37;
10.01.2025 16:17:41;3.38;
10.01.2025 16:17:42;3.38;
10.01.2025 16:17:43;3.39;
10.01.2025 16:17:44;3.38;
10.01.2025 16:17:47;3.38;
10.01.2025 16:17:48;3.39;
10.01.2025 16:17:51;3.39;
10.01.2025 16:17:52;3.38;
10.01.2025 16:17:55;3.38;
10.01.2025 16:17:56;3.39;
10.01.2025 16:17:57;3.39;
10.01.2025 16:17:58;3.38;
10.01.2025 16:18:00;3.38;
10.01.2025 16:18:01;3.39;
10.01.2025 16:18:02;3.39;
10.01.2025 16:18:03;3.38;
10.01.2025 16:18:04;3.39;
10.01.2025 16:18:05;3.37;
10.01.2025 16:18:06;3.39;
10.01.2025 16:18:07;3.38;
10.01.2025 16:18:08;3.39;
10.01.2025 16:18:09;3.38;
10.01.2025 16:18:10;3.37;
10.01.2025 16:18:11;3.39;
10.01.2025 16:18:12;3.39;
10.01.2025 16:18:13;3.38;
10.01.2025 16:18:14;3.38;
10.01.2025 16:18:15;3.39;
10.01.2025 16:18:18;3.39;
10.01.2025 16:18:19;3.38;
10.01.2025 16:18:20;3.39;
10.01.2025 16:18:21;3.38;
10.01.2025 16:18:22;3.38;
10.01.2025 16:18:23;3.39;
10.01.2025 16:18:24;3.38;
10.01.2025 16:18:25;3.39;
10.01.2025 16:18:26;3.38;
10.01.2025 16:18:27;3.37;
10.01.2025 16:18:28;3.38;
10.01.2025 16:18:30;3.38;
10.01.2025 16:18:31;3.39;
10.01.2025 16:18:32;3.38;
10.01.2025 16:18:34;3.38;
10.01.2025 16:18:35;3.39;
10.01.2025 16:18:36;3.38;
10.01.2025 16:18:40;3.38;
10.01.2025 16:18:41;3.39;
10.01.2025 16:18:42;3.38;
10.01.2025 16:18:45;3.38;
10.01.2025 16:18:46;3.39;
10.01.2025 16:18:47;3.38;
10.01.2025 16:18:48;3.38;
10.01.2025 16:18:49;3.39;
10.01.2025 16:18:50;3.39;
10.01.2025 16:18:51;3.38;
10.01.2025 16:18:52;3.39;
10.01.2025 16:18:53;3.39;
10.01.2025 16:18:54;3.4;
10.01.2025 16:18:55;3.39;
10.01.2025 16:18:56;3.38;
10.01.2025 16:18:57;3.39;
10.01.2025 16:18:58;3.38;
10.01.2025 16:19:02;3.38;
10.01.2025 16:19:03;3.39;
10.01.2025 16:19:04;3.39;
10.01.2025 16:19:05;3.38;
10.01.2025 16:19:13;3.38;
10.01.2025 16:19:14;3.39;
10.01.2025 16:19:15;3.38;
10.01.2025 16:19:22;3.38;
10.01.2025 16:19:23;3.39;
10.01.2025 16:19:24;3.38;
10.01.2025 16:19:26;3.38;
10.01.2025 16:19:27;3.39;
10.01.2025 16:19:28;3.38;
10.01.2025 16:19:29;3.38;
10.01.2025 16:19:30;3.39;
10.01.2025 16:19:31;3.38;
10.01.2025 16:19:33;3.38;
10.01.2025 16:19:34;3.39;
10.01.2025 16:19:35;3.39;
10.01.2025 16:19:36;3.38;
10.01.2025 16:19:37;3.39;
10.01.2025 16:19:38;3.38;
10.01.2025 16:19:39;3.38;
10.01.2025 16:19:40;3.39;
10.01.2025 16:19:41;3.38;
10.01.2025 16:19:42;3.38;
10.01.2025 16:19:43;3.39;
10.01.2025 16:19:44;3.38;
10.01.2025 16:19:45;3.38;
10.01.2025 16:19:46;3.39;
10.01.2025 16:19:47;3.38;
10.01.2025 16:19:49;3.38;
10.01.2025 16:19:50;3.39;
10.01.2025 16:19:51;3.38;
10.01.2025 16:19:53;3.38;
10.01.2025 16:19:54;3.39;
10.01.2025 16:19:55;3.39;
10.01.2025 16:19:56;3.38;
10.01.2025 16:20:00;3.38;
10.01.2025 16:20:01;3.39;
10.01.2025 16:20:03;3.39;
10.01.2025 16:20:04;3.38;
10.01.2025 16:20:06;3.38;
10.01.2025 16:20:07;3.39;
10.01.2025 16:20:09;3.39;
10.01.2025 16:20:10;3.38;
10.01.2025 16:20:11;3.38;
10.01.2025 16:20:12;3.39;
10.01.2025 16:20:13;3.38;
10.01.2025 16:20:23;3.38;
10.01.2025 16:20:24;3.39;
10.01.2025 16:20:25;3.38;
10.01.2025 16:20:27;3.38;
10.01.2025 16:20:28;3.39;
10.01.2025 16:20:29;3.38;
10.01.2025 16:20:30;3.39;
10.01.2025 16:20:31;3.38;
10.01.2025 16:20:34;3.38;
10.01.2025 16:20:35;3.39;
10.01.2025 16:20:36;3.38;
10.01.2025 16:20:39;3.38;
10.01.2025 16:20:40;3.39;
10.01.2025 16:20:41;3.38;
10.01.2025 16:20:42;3.39;
10.01.2025 16:20:43;3.38;
10.01.2025 16:20:44;3.39;
10.01.2025 16:20:45;3.38;
10.01.2025 16:20:54;3.38;
10.01.2025 16:20:55;3.39;
10.01.2025 16:20:56;3.38;
10.01.2025 16:20:57;3.38;
10.01.2025 16:20:58;3.39;
10.01.2025 16:20:59;3.39;
10.01.2025 16:21:00;3.38;
10.01.2025 16:21:01;3.39;
10.01.2025 16:21:04;3.39;
10.01.2025 16:21:05;3.38;
10.01.2025 16:21:06;3.38;
10.01.2025 16:21:07;3.39;
10.01.2025 16:21:08;3.39;
10.01.2025 16:21:09;3.38;
10.01.2025 16:21:10;3.39;
10.01.2025 16:21:11;3.38;
10.01.2025 16:21:12;3.38;
10.01.2025 16:21:13;3.39;
10.01.2025 16:21:14;3.37;
10.01.2025 16:21:15;3.39;
10.01.2025 16:21:16;3.38;
10.01.2025 16:21:18;3.38;
10.01.2025 16:21:19;3.39;
10.01.2025 16:21:23;3.39;
10.01.2025 16:21:24;3.38;
10.01.2025 16:21:25;3.39;
10.01.2025 16:21:26;3.39;
10.01.2025 16:21:27;3.38;
10.01.2025 16:21:31;3.38;
10.01.2025 16:21:32;3.39;
10.01.2025 16:21:33;3.39;
10.01.2025 16:21:34;3.38;
10.01.2025 16:21:35;3.38;
10.01.2025 16:21:36;3.39;
10.01.2025 16:21:37;3.38;
10.01.2025 16:21:38;3.39;
10.01.2025 16:21:39;3.38;
10.01.2025 16:21:42;3.38;
10.01.2025 16:21:43;3.39;
10.01.2025 16:21:44;3.38;
10.01.2025 16:21:45;3.39;
10.01.2025 16:21:46;3.39;
10.01.2025 16:21:47;3.38;
10.01.2025 16:21:48;3.39;
10.01.2025 16:21:49;3.38;
10.01.2025 16:21:51;3.38;
10.01.2025 16:21:52;3.4;
10.01.2025 16:21:53;3.38;
10.01.2025 16:21:56;3.38;
10.01.2025 16:21:57;3.39;
10.01.2025 16:21:58;3.38;
10.01.2025 16:22:00;3.38;
10.01.2025 16:22:01;3.39;
10.01.2025 16:22:02;3.39;
10.01.2025 16:22:03;3.38;
10.01.2025 16:22:04;3.39;
10.01.2025 16:22:05;3.38;
10.01.2025 16:22:06;3.39;
10.01.2025 16:22:07;3.38;
10.01.2025 16:22:08;3.39;
10.01.2025 16:22:09;3.38;
10.01.2025 16:22:11;3.38;
10.01.2025 16:22:12;3.39;
10.01.2025 16:22:14;3.39;
10.01.2025 16:22:15;3.38;
10.01.2025 16:22:19;3.38;
10.01.2025 16:22:20;3.39;
10.01.2025 16:22:21;3.38;
10.01.2025 16:22:27;3.38;
10.01.2025 16:22:28;3.39;
10.01.2025 16:22:29;3.38;
10.01.2025 16:22:31;3.38;
10.01.2025 16:22:32;3.39;
10.01.2025 16:22:33;3.38;
10.01.2025 16:22:34;3.38;
10.01.2025 16:22:35;3.39;
10.01.2025 16:22:36;3.38;
10.01.2025 16:22:37;3.39;
10.01.2025 16:22:38;3.39;
10.01.2025 16:22:39;3.38;
10.01.2025 16:22:42;3.38;
10.01.2025 16:22:43;3.39;
10.01.2025 16:22:45;3.39;
10.01.2025 16:22:46;3.38;
10.01.2025 16:22:47;3.38;
10.01.2025 16:22:48;3.39;
10.01.2025 16:22:49;3.38;
10.01.2025 16:22:50;3.39;
10.01.2025 16:22:52;3.39;
10.01.2025 16:22:53;3.38;
10.01.2025 16:22:54;3.39;
10.01.2025 16:22:55;3.39;
10.01.2025 16:22:56;3.38;
10.01.2025 16:22:58;3.38;
10.01.2025 16:22:59;3.37;
10.01.2025 16:23:00;3.38;
10.01.2025 16:23:01;3.38;
10.01.2025 16:23:02;3.39;
10.01.2025 16:23:04;3.39;
10.01.2025 16:23:05;3.38;
10.01.2025 16:23:06;3.39;
10.01.2025 16:23:07;3.38;
10.01.2025 16:23:08;3.39;
10.01.2025 16:23:09;3.39;
10.01.2025 16:23:10;3.37;
10.01.2025 16:23:11;3.38;
10.01.2025 16:23:12;3.37;
10.01.2025 16:23:13;3.39;
10.01.2025 16:23:14;3.38;
10.01.2025 16:23:15;3.38;
10.01.2025 16:23:16;3.39;
10.01.2025 16:23:17;3.38;
10.01.2025 16:23:18;3.38;
10.01.2025 16:23:19;3.39;
10.01.2025 16:23:20;3.39;
10.01.2025 16:23:21;3.38;
10.01.2025 16:23:27;3.38;
10.01.2025 16:23:28;3.39;
10.01.2025 16:23:29;3.39;
10.01.2025 16:23:30;3.37;
10.01.2025 16:23:31;3.38;
10.01.2025 16:23:32;3.39;
10.01.2025 16:23:33;3.38;
10.01.2025 16:23:34;3.39;
10.01.2025 16:23:35;3.38;
10.01.2025 16:23:37;3.38;
10.01.2025 16:23:38;3.39;
10.01.2025 16:23:39;3.38;
10.01.2025 16:23:42;3.38;
10.01.2025 16:23:43;3.39;
10.01.2025 16:23:49;3.39;
10.01.2025 16:23:50;3.38;
10.01.2025 16:23:53;3.38;
10.01.2025 16:23:54;3.39;
10.01.2025 16:23:55;3.39;
10.01.2025 16:23:56;3.38;
10.01.2025 16:24:00;3.38;
10.01.2025 16:24:01;3.39;
10.01.2025 16:24:02;3.38;
10.01.2025 16:24:03;3.38;
10.01.2025 16:24:04;3.39;
10.01.2025 16:24:06;3.39;
10.01.2025 16:24:07;3.38;
10.01.2025 16:24:09;3.38;
10.01.2025 16:24:10;3.39;
10.01.2025 16:24:11;3.38;
10.01.2025 16:24:12;3.39;
10.01.2025 16:24:15;3.39;
10.01.2025 16:24:16;3.38;
10.01.2025 16:24:19;3.38;
10.01.2025 16:24:20;3.37;
10.01.2025 16:24:21;3.38;
10.01.2025 16:24:29;3.38;
10.01.2025 16:24:30;3.39;
10.01.2025 16:24:31;3.38;
10.01.2025 16:24:32;3.39;
10.01.2025 16:24:33;3.38;
10.01.2025 16:24:37;3.38;
10.01.2025 16:24:38;3.39;
10.01.2025 16:24:39;3.39;
10.01.2025 16:24:40;3.38;
10.01.2025 16:24:41;3.39;
10.01.2025 16:24:42;3.38;
10.01.2025 16:24:43;3.39;
10.01.2025 16:24:44;3.39;
10.01.2025 16:24:45;3.38;
10.01.2025 16:24:46;3.39;
10.01.2025 16:24:47;3.39;
10.01.2025 16:24:48;3.38;
10.01.2025 16:24:49;3.39;
10.01.2025 16:24:51;3.39;
10.01.2025 16:24:52;3.38;
10.01.2025 16:24:53;3.38;
10.01.2025 16:24:54;3.39;
10.01.2025 16:24:55;3.38;
10.01.2025 16:24:59;3.38;
10.01.2025 16:25:00;3.39;
10.01.2025 16:25:01;3.38;
10.01.2025 16:25:02;3.39;
10.01.2025 16:25:03;3.39;
10.01.2025 16:25:04;3.38;
10.01.2025 16:25:05;3.39;
10.01.2025 16:25:06;3.39;
10.01.2025 16:25:07;3.37;
10.01.2025 16:25:08;3.38;
10.01.2025 16:25:09;3.39;
10.01.2025 16:25:10;3.38;
10.01.2025 16:25:14;3.38;
10.01.2025 16:25:15;3.39;
10.01.2025 16:25:22;3.39;
10.01.2025 16:25:23;3.38;
10.01.2025 16:25:24;3.38;
10.01.2025 16:25:25;3.39;
10.01.2025 16:25:26;3.39;
10.01.2025 16:25:27;3.38;
10.01.2025 16:25:28;3.39;
10.01.2025 16:25:31;3.39;
10.01.2025 16:25:32;3.38;
10.01.2025 16:25:33;3.39;
10.01.2025 16:25:35;3.39;
10.01.2025 16:25:36;3.38;
10.01.2025 16:25:39;3.38;
10.01.2025 16:25:40;3.39;
10.01.2025 16:25:41;3.38;
10.01.2025 16:25:42;3.39;
10.01.2025 16:25:43;3.39;
10.01.2025 16:25:44;3.38;
10.01.2025 16:25:53;3.38;
10.01.2025 16:25:54;3.39;
10.01.2025 16:25:55;3.38;
10.01.2025 16:25:56;3.39;
10.01.2025 16:25:57;3.38;
10.01.2025 16:25:59;3.38;
10.01.2025 16:26:00;3.39;
10.01.2025 16:26:01;3.38;
10.01.2025 16:26:02;3.39;
10.01.2025 16:26:03;3.39;
10.01.2025 16:26:04;3.38;
10.01.2025 16:26:05;3.38;
10.01.2025 16:26:06;3.39;
10.01.2025 16:26:07;3.39;
10.01.2025 16:26:08;3.38;
10.01.2025 16:26:11;3.38;
10.01.2025 16:26:12;3.39;
10.01.2025 16:26:13;3.37;
10.01.2025 16:26:14;3.38;
10.01.2025 16:26:15;3.39;
10.01.2025 16:26:16;3.38;
10.01.2025 16:26:17;3.38;
10.01.2025 16:26:18;3.37;
10.01.2025 16:26:19;3.38;
10.01.2025 16:26:20;3.39;
10.01.2025 16:26:21;3.38;
10.01.2025 16:26:22;3.38;
10.01.2025 16:26:23;3.39;
10.01.2025 16:26:24;3.38;
10.01.2025 16:26:27;3.38;
10.01.2025 16:26:28;3.39;
10.01.2025 16:26:29;3.38;
10.01.2025 16:26:32;3.38;
10.01.2025 16:26:33;3.37;
10.01.2025 16:26:34;3.37;
10.01.2025 16:26:35;3.38;
10.01.2025 16:26:36;3.38;
10.01.2025 16:26:37;3.39;
10.01.2025 16:26:38;3.37;
10.01.2025 16:26:39;3.38;
10.01.2025 16:26:44;3.38;
10.01.2025 16:26:45;3.39;
10.01.2025 16:26:46;3.38;
10.01.2025 16:26:48;3.38;
10.01.2025 16:26:49;3.39;
10.01.2025 16:26:50;3.38;
10.01.2025 16:26:57;3.38;
10.01.2025 16:26:58;3.39;
10.01.2025 16:26:59;3.37;
10.01.2025 16:27:00;3.37;
10.01.2025 16:27:01;3.38;
10.01.2025 16:27:02;3.37;
10.01.2025 16:27:03;3.38;
10.01.2025 16:27:07;3.38;
10.01.2025 16:27:08;3.39;
10.01.2025 16:27:09;3.38;
10.01.2025 16:27:10;3.39;
10.01.2025 16:27:11;3.38;
10.01.2025 16:27:17;3.38;
10.01.2025 16:27:18;3.39;
10.01.2025 16:27:19;3.39;
10.01.2025 16:27:20;3.38;
10.01.2025 16:27:27;3.38;
10.01.2025 16:27:28;3.39;
10.01.2025 16:27:29;3.38;
10.01.2025 16:27:30;3.39;
10.01.2025 16:27:31;3.38;
10.01.2025 16:27:32;3.38;
10.01.2025 16:27:33;3.39;
10.01.2025 16:27:34;3.38;
10.01.2025 16:27:36;3.38;
10.01.2025 16:27:37;3.39;
10.01.2025 16:27:38;3.38;
10.01.2025 16:27:40;3.38;
10.01.2025 16:27:41;3.37;
10.01.2025 16:27:42;3.38;
10.01.2025 16:27:43;3.39;
10.01.2025 16:27:44;3.38;
10.01.2025 16:27:50;3.38;
10.01.2025 16:27:51;3.39;
10.01.2025 16:27:52;3.38;
10.01.2025 16:27:53;3.39;
10.01.2025 16:27:54;3.38;
10.01.2025 16:27:56;3.38;
10.01.2025 16:27:57;3.39;
10.01.2025 16:27:58;3.39;
10.01.2025 16:27:59;3.38;
10.01.2025 16:28:00;3.38;
10.01.2025 16:28:01;3.39;
10.01.2025 16:28:02;3.39;
10.01.2025 16:28:03;3.38;
10.01.2025 16:28:05;3.38;
10.01.2025 16:28:06;3.39;
10.01.2025 16:28:07;3.38;
10.01.2025 16:28:08;3.39;
10.01.2025 16:28:09;3.38;
10.01.2025 16:28:10;3.39;
10.01.2025 16:28:11;3.38;
10.01.2025 16:28:12;3.38;
10.01.2025 16:28:13;3.39;
10.01.2025 16:28:15;3.39;
10.01.2025 16:28:16;3.38;
10.01.2025 16:28:17;3.38;
10.01.2025 16:28:18;3.39;
10.01.2025 16:28:20;3.39;
10.01.2025 16:28:21;3.38;
10.01.2025 16:28:22;3.39;
10.01.2025 16:28:23;3.38;
10.01.2025 16:28:29;3.38;
10.01.2025 16:28:30;3.37;
10.01.2025 16:28:31;3.38;
10.01.2025 16:28:32;3.39;
10.01.2025 16:28:33;3.38;
10.01.2025 16:28:34;3.39;
10.01.2025 16:28:35;3.38;
10.01.2025 16:28:36;3.38;
10.01.2025 16:28:37;3.39;
10.01.2025 16:28:38;3.38;
10.01.2025 16:28:39;3.39;
10.01.2025 16:28:40;3.39;
10.01.2025 16:28:41;3.38;
10.01.2025 16:28:42;3.38;
10.01.2025 16:28:43;3.39;
10.01.2025 16:28:44;3.38;
10.01.2025 16:28:49;3.38;
10.01.2025 16:28:50;3.37;
10.01.2025 16:28:51;3.38;
10.01.2025 16:28:52;3.39;
10.01.2025 16:28:53;3.38;
10.01.2025 16:28:55;3.38;
10.01.2025 16:28:56;3.39;
10.01.2025 16:28:57;3.38;
10.01.2025 16:28:58;3.39;
10.01.2025 16:28:59;3.38;
10.01.2025 16:29:00;3.39;
10.01.2025 16:29:01;3.37;
10.01.2025 16:29:02;3.38;
10.01.2025 16:29:03;3.39;
10.01.2025 16:29:04;3.38;
10.01.2025 16:29:05;3.39;
10.01.2025 16:29:06;3.39;
10.01.2025 16:29:07;3.38;
10.01.2025 16:29:08;3.38;
10.01.2025 16:29:09;3.39;
10.01.2025 16:29:10;3.38;
10.01.2025 16:29:11;3.39;
10.01.2025 16:29:12;3.39;
10.01.2025 16:29:13;3.38;
10.01.2025 16:29:16;3.38;
10.01.2025 16:29:17;3.39;
10.01.2025 16:29:18;3.39;
10.01.2025 16:29:19;3.38;
10.01.2025 16:29:20;3.39;
10.01.2025 16:29:21;3.39;
10.01.2025 16:29:22;3.38;
10.01.2025 16:29:23;3.38;
10.01.2025 16:29:24;3.39;
10.01.2025 16:29:26;3.39;
10.01.2025 16:29:27;3.38;
10.01.2025 16:29:29;3.38;
10.01.2025 16:29:30;3.39;
10.01.2025 16:29:31;3.38;
10.01.2025 16:29:36;3.38;
10.01.2025 16:29:37;3.39;
10.01.2025 16:29:38;3.37;
10.01.2025 16:29:39;3.38;
10.01.2025 16:29:40;3.39;
10.01.2025 16:29:44;3.39;
10.01.2025 16:29:45;3.38;
10.01.2025 16:29:47;3.38;
10.01.2025 16:29:48;3.39;
10.01.2025 16:29:49;3.38;
10.01.2025 16:29:52;3.38;
10.01.2025 16:29:53;3.39;
10.01.2025 16:29:54;3.38;
10.01.2025 16:29:56;3.38;
10.01.2025 16:29:57;3.39;
10.01.2025 16:29:59;3.39;
10.01.2025 16:30:00;3.38;
10.01.2025 16:30:01;3.39;
10.01.2025 16:30:02;3.39;
10.01.2025 16:30:03;3.38;
10.01.2025 16:30:05;3.38;
10.01.2025 16:30:06;3.4;
10.01.2025 16:30:07;3.39;
10.01.2025 16:30:15;3.39;
10.01.2025 16:30:16;3.38;
10.01.2025 16:30:17;3.39;
10.01.2025 16:30:19;3.39;
10.01.2025 16:30:20;3.38;
10.01.2025 16:30:21;3.39;
10.01.2025 16:30:22;3.4;
10.01.2025 16:30:23;3.38;
10.01.2025 16:30:24;3.39;
10.01.2025 16:30:25;3.38;
10.01.2025 16:30:26;3.39;
10.01.2025 16:30:27;3.39;
10.01.2025 16:30:28;3.4;
10.01.2025 16:30:29;3.39;
10.01.2025 16:30:36;3.39;
10.01.2025 16:30:37;3.38;
10.01.2025 16:30:38;3.39;
10.01.2025 16:30:41;3.39;
10.01.2025 16:30:42;3.38;
10.01.2025 16:30:43;3.39;
10.01.2025 16:30:46;3.39;
10.01.2025 16:30:47;3.38;
10.01.2025 16:30:48;3.39;
10.01.2025 16:30:49;3.39;
10.01.2025 16:30:50;3.38;
10.01.2025 16:30:51;3.39;
10.01.2025 16:30:52;3.4;
10.01.2025 16:30:53;3.38;
10.01.2025 16:30:54;3.38;
10.01.2025 16:30:55;3.39;
10.01.2025 16:30:56;3.4;
10.01.2025 16:30:57;3.39;
10.01.2025 16:30:58;3.38;
10.01.2025 16:30:59;3.38;
10.01.2025 16:31:00;3.39;
10.01.2025 16:31:03;3.39;
10.01.2025 16:31:04;3.38;
10.01.2025 16:31:05;3.39;
10.01.2025 16:31:07;3.39;
10.01.2025 16:31:08;3.38;
10.01.2025 16:31:09;3.38;
10.01.2025 16:31:10;3.39;
10.01.2025 16:31:11;3.38;
10.01.2025 16:31:13;3.38;
10.01.2025 16:31:14;3.39;
10.01.2025 16:31:16;3.39;
10.01.2025 16:31:17;3.38;
10.01.2025 16:31:18;3.39;
10.01.2025 16:31:19;3.39;
10.01.2025 16:31:20;3.38;
10.01.2025 16:31:21;3.38;
10.01.2025 16:31:22;3.39;
10.01.2025 16:31:24;3.39;
10.01.2025 16:31:25;3.38;
10.01.2025 16:31:26;3.38;
10.01.2025 16:31:27;3.39;
10.01.2025 16:31:28;3.39;
10.01.2025 16:31:29;3.38;
10.01.2025 16:31:34;3.38;
10.01.2025 16:31:35;3.39;
10.01.2025 16:31:36;3.39;
10.01.2025 16:31:37;3.38;
10.01.2025 16:31:41;3.38;
10.01.2025 16:31:42;3.37;
10.01.2025 16:31:43;3.38;
10.01.2025 16:31:44;3.39;
10.01.2025 16:31:45;3.39;
10.01.2025 16:31:46;3.38;
10.01.2025 16:31:47;3.38;
10.01.2025 16:31:48;3.37;
10.01.2025 16:31:49;3.38;
10.01.2025 16:31:53;3.38;
10.01.2025 16:31:54;3.39;
10.01.2025 16:31:56;3.39;
10.01.2025 16:31:57;3.38;
10.01.2025 16:31:58;3.39;
10.01.2025 16:31:59;3.38;
10.01.2025 16:32:02;3.38;
10.01.2025 16:32:03;3.39;
10.01.2025 16:32:04;3.38;
10.01.2025 16:32:05;3.39;
10.01.2025 16:32:06;3.38;
10.01.2025 16:32:07;3.39;
10.01.2025 16:32:08;3.39;
10.01.2025 16:32:09;3.38;
10.01.2025 16:32:10;3.39;
10.01.2025 16:32:11;3.39;
10.01.2025 16:32:12;3.38;
10.01.2025 16:32:13;3.39;
10.01.2025 16:32:14;3.38;
10.01.2025 16:32:16;3.38;
10.01.2025 16:32:17;3.37;
10.01.2025 16:32:18;3.38;
10.01.2025 16:32:20;3.38;
10.01.2025 16:32:21;3.39;
10.01.2025 16:32:22;3.38;
10.01.2025 16:32:25;3.38;
10.01.2025 16:32:26;3.39;
10.01.2025 16:32:28;3.39;
10.01.2025 16:32:29;3.38;
10.01.2025 16:32:30;3.39;
10.01.2025 16:32:31;3.38;
10.01.2025 16:32:32;3.39;
10.01.2025 16:32:35;3.39;
10.01.2025 16:32:36;3.38;
10.01.2025 16:32:37;3.39;
10.01.2025 16:32:38;3.39;
10.01.2025 16:32:39;3.38;
10.01.2025 16:32:40;3.38;
10.01.2025 16:32:41;3.39;
10.01.2025 16:32:42;3.38;
10.01.2025 16:32:43;3.38;
10.01.2025 16:32:44;3.39;
10.01.2025 16:32:45;3.38;
10.01.2025 16:32:51;3.38;
10.01.2025 16:32:52;3.39;
10.01.2025 16:32:53;3.38;
10.01.2025 16:32:54;3.39;
10.01.2025 16:32:55;3.37;
10.01.2025 16:32:56;3.38;
10.01.2025 16:32:57;3.39;
10.01.2025 16:32:58;3.38;
10.01.2025 16:33:05;3.38;
10.01.2025 16:33:06;3.39;
10.01.2025 16:33:07;3.38;
10.01.2025 16:33:09;3.38;
10.01.2025 16:33:10;3.39;
10.01.2025 16:33:11;3.38;
10.01.2025 16:33:12;3.39;
10.01.2025 16:33:13;3.38;
10.01.2025 16:33:14;3.39;
10.01.2025 16:33:16;3.39;
10.01.2025 16:33:17;3.38;
10.01.2025 16:33:20;3.38;
10.01.2025 16:33:21;3.39;
10.01.2025 16:33:22;3.38;
10.01.2025 16:33:26;3.38;
10.01.2025 16:33:27;3.39;
10.01.2025 16:33:28;3.38;
10.01.2025 16:33:29;3.39;
10.01.2025 16:33:30;3.38;
10.01.2025 16:33:31;3.38;
10.01.2025 16:33:32;3.39;
10.01.2025 16:33:35;3.39;
10.01.2025 16:33:36;3.38;
10.01.2025 16:33:37;3.39;
10.01.2025 16:33:38;3.38;
10.01.2025 16:33:39;3.39;
10.01.2025 16:33:40;3.39;
10.01.2025 16:33:41;3.38;
10.01.2025 16:33:45;3.38;
10.01.2025 16:33:46;3.39;
10.01.2025 16:33:47;3.38;
10.01.2025 16:33:48;3.39;
10.01.2025 16:33:53;3.39;
10.01.2025 16:33:54;3.38;
10.01.2025 16:33:55;3.39;
10.01.2025 16:33:56;3.38;
10.01.2025 16:33:57;3.39;
10.01.2025 16:33:58;3.38;
10.01.2025 16:33:59;3.39;
10.01.2025 16:34:03;3.39;
10.01.2025 16:34:04;3.38;
10.01.2025 16:34:05;3.39;
10.01.2025 16:34:06;3.39;
10.01.2025 16:34:07;3.38;
10.01.2025 16:34:10;3.38;
10.01.2025 16:34:11;3.39;
10.01.2025 16:34:12;3.39;
10.01.2025 16:34:13;3.38;
10.01.2025 16:34:14;3.38;
10.01.2025 16:34:15;3.39;
10.01.2025 16:34:16;3.39;
10.01.2025 16:34:17;3.38;
10.01.2025 16:34:18;3.39;
10.01.2025 16:34:19;3.38;
10.01.2025 16:34:20;3.39;
10.01.2025 16:34:21;3.38;
10.01.2025 16:34:22;3.38;
10.01.2025 16:34:23;3.39;
10.01.2025 16:34:24;3.38;
10.01.2025 16:34:25;3.38;
10.01.2025 16:34:26;3.39;
10.01.2025 16:34:27;3.38;
10.01.2025 16:34:28;3.39;
10.01.2025 16:34:29;3.38;
10.01.2025 16:34:34;3.38;
10.01.2025 16:34:35;3.39;
10.01.2025 16:34:37;3.39;
10.01.2025 16:34:38;3.38;
10.01.2025 16:34:39;3.38;
10.01.2025 16:34:40;3.39;
10.01.2025 16:34:41;3.38;
10.01.2025 16:34:42;3.39;
10.01.2025 16:34:45;3.39;
10.01.2025 16:34:46;3.38;
10.01.2025 16:34:47;3.4;
10.01.2025 16:34:48;3.39;
10.01.2025 16:34:53;3.39;
10.01.2025 16:34:54;3.38;
10.01.2025 16:34:55;3.39;
10.01.2025 16:34:56;3.38;
10.01.2025 16:34:57;3.39;
10.01.2025 16:35:06;3.39;
10.01.2025 16:35:07;3.38;
10.01.2025 16:35:08;3.39;
10.01.2025 16:35:09;3.39;
10.01.2025 16:35:10;3.38;
10.01.2025 16:35:13;3.38;
10.01.2025 16:35:14;3.39;
10.01.2025 16:35:15;3.38;
10.01.2025 16:35:16;3.39;
10.01.2025 16:35:17;3.38;
10.01.2025 16:35:18;3.39;
10.01.2025 16:35:19;3.38;
10.01.2025 16:35:20;3.38;
10.01.2025 16:35:21;3.39;
10.01.2025 16:35:22;3.39;
10.01.2025 16:35:23;3.38;
10.01.2025 16:35:25;3.38;
10.01.2025 16:35:26;3.39;
10.01.2025 16:35:29;3.39;
10.01.2025 16:35:30;3.4;
10.01.2025 16:35:31;3.39;
10.01.2025 16:35:32;3.38;
10.01.2025 16:35:33;3.38;
10.01.2025 16:35:34;3.39;
10.01.2025 16:35:35;3.39;
10.01.2025 16:35:36;3.38;
10.01.2025 16:35:37;3.39;
10.01.2025 16:35:40;3.39;
10.01.2025 16:35:41;3.38;
10.01.2025 16:35:43;3.38;
10.01.2025 16:35:44;3.39;
10.01.2025 16:35:45;3.39;
10.01.2025 16:35:46;3.38;
10.01.2025 16:35:47;3.38;
10.01.2025 16:35:48;3.39;
10.01.2025 16:35:49;3.38;
10.01.2025 16:35:50;3.39;
10.01.2025 16:35:51;3.38;
10.01.2025 16:35:52;3.4;
10.01.2025 16:35:53;3.39;
10.01.2025 16:35:56;3.39;
10.01.2025 16:35:57;3.4;
10.01.2025 16:35:58;3.39;
10.01.2025 16:35:59;3.38;
10.01.2025 16:36:00;3.38;
10.01.2025 16:36:01;3.39;
10.01.2025 16:36:02;3.39;
10.01.2025 16:36:03;3.38;
10.01.2025 16:36:04;3.39;
10.01.2025 16:36:08;3.39;
10.01.2025 16:36:09;3.38;
10.01.2025 16:36:10;3.39;
10.01.2025 16:36:13;3.39;
10.01.2025 16:36:14;3.38;
10.01.2025 16:36:15;3.38;
10.01.2025 16:36:16;3.39;
10.01.2025 16:36:17;3.39;
10.01.2025 16:36:18;3.38;
10.01.2025 16:36:19;3.38;
10.01.2025 16:36:20;3.39;
10.01.2025 16:36:26;3.39;
10.01.2025 16:36:27;3.38;
10.01.2025 16:36:29;3.38;
10.01.2025 16:36:30;3.39;
10.01.2025 16:36:33;3.39;
10.01.2025 16:36:34;3.38;
10.01.2025 16:36:35;3.39;
10.01.2025 16:36:40;3.39;
10.01.2025 16:36:41;3.38;
10.01.2025 16:36:43;3.38;
10.01.2025 16:36:44;3.39;
10.01.2025 16:36:45;3.38;
10.01.2025 16:36:46;3.39;
10.01.2025 16:36:48;3.39;
10.01.2025 16:36:49;3.4;
10.01.2025 16:36:50;3.39;
10.01.2025 16:36:52;3.39;
10.01.2025 16:36:53;3.38;
10.01.2025 16:36:54;3.39;
10.01.2025 16:36:59;3.39;
10.01.2025 16:37:00;3.38;
10.01.2025 16:37:01;3.39;
10.01.2025 16:37:02;3.38;
10.01.2025 16:37:03;3.39;
10.01.2025 16:37:04;3.39;
10.01.2025 16:37:05;3.38;
10.01.2025 16:37:06;3.39;
10.01.2025 16:37:07;3.39;
10.01.2025 16:37:08;3.38;
10.01.2025 16:37:09;3.39;
10.01.2025 16:37:10;3.4;
10.01.2025 16:37:11;3.39;
10.01.2025 16:37:14;3.39;
10.01.2025 16:37:15;3.38;
10.01.2025 16:37:16;3.39;
10.01.2025 16:37:17;3.38;
10.01.2025 16:37:18;3.38;
10.01.2025 16:37:19;3.39;
10.01.2025 16:37:22;3.39;
10.01.2025 16:37:23;3.4;
10.01.2025 16:37:24;3.39;
10.01.2025 16:37:26;3.39;
10.01.2025 16:37:27;3.38;
10.01.2025 16:37:28;3.38;
10.01.2025 16:37:29;3.39;
10.01.2025 16:37:30;3.39;
10.01.2025 16:37:31;3.38;
10.01.2025 16:37:32;3.39;
10.01.2025 16:37:33;3.39;
10.01.2025 16:37:34;3.38;
10.01.2025 16:37:35;3.38;
10.01.2025 16:37:36;3.39;
10.01.2025 16:37:37;3.39;
10.01.2025 16:37:38;3.38;
10.01.2025 16:37:39;3.39;
10.01.2025 16:37:41;3.39;
10.01.2025 16:37:42;3.4;
10.01.2025 16:37:43;3.39;
10.01.2025 16:37:45;3.39;
10.01.2025 16:37:46;3.38;
10.01.2025 16:37:47;3.39;
10.01.2025 16:37:48;3.38;
10.01.2025 16:37:49;3.39;
10.01.2025 16:37:50;3.39;
10.01.2025 16:37:51;3.38;
10.01.2025 16:37:52;3.39;
10.01.2025 16:37:53;3.38;
10.01.2025 16:37:54;3.39;
10.01.2025 16:37:56;3.39;
10.01.2025 16:37:57;3.38;
10.01.2025 16:37:58;3.38;
10.01.2025 16:37:59;3.39;
10.01.2025 16:38:00;3.38;
10.01.2025 16:38:02;3.38;
10.01.2025 16:38:03;3.39;
10.01.2025 16:38:04;3.38;
10.01.2025 16:38:05;3.39;
10.01.2025 16:38:09;3.39;
10.01.2025 16:38:10;3.38;
10.01.2025 16:38:11;3.39;
10.01.2025 16:38:13;3.39;
10.01.2025 16:38:14;3.38;
10.01.2025 16:38:15;3.39;
10.01.2025 16:38:16;3.38;
10.01.2025 16:38:17;3.39;
10.01.2025 16:38:18;3.39;
10.01.2025 16:38:19;3.38;
10.01.2025 16:38:21;3.38;
10.01.2025 16:38:22;3.39;
10.01.2025 16:38:23;3.38;
10.01.2025 16:38:24;3.38;
10.01.2025 16:38:25;3.39;
10.01.2025 16:38:30;3.39;
10.01.2025 16:38:31;3.38;
10.01.2025 16:38:32;3.39;
10.01.2025 16:38:33;3.38;
10.01.2025 16:38:34;3.39;
10.01.2025 16:38:36;3.39;
10.01.2025 16:38:37;3.38;
10.01.2025 16:38:38;3.39;
10.01.2025 16:38:39;3.38;
10.01.2025 16:38:40;3.39;
10.01.2025 16:38:41;3.39;
10.01.2025 16:38:42;3.38;
10.01.2025 16:38:43;3.38;
10.01.2025 16:38:44;3.39;
10.01.2025 16:38:45;3.38;
10.01.2025 16:38:46;3.39;
10.01.2025 16:38:47;3.38;
10.01.2025 16:38:51;3.38;
10.01.2025 16:38:52;3.39;
10.01.2025 16:38:53;3.38;
10.01.2025 16:38:54;3.39;
10.01.2025 16:38:55;3.37;
10.01.2025 16:38:56;3.39;
10.01.2025 16:38:58;3.39;
10.01.2025 16:38:59;3.38;
10.01.2025 16:39:00;3.39;
10.01.2025 16:39:02;3.39;
10.01.2025 16:39:03;3.38;
10.01.2025 16:39:04;3.38;
10.01.2025 16:39:05;3.39;
10.01.2025 16:39:06;3.38;
10.01.2025 16:39:07;3.39;
10.01.2025 16:39:08;3.39;
10.01.2025 16:39:09;3.38;
10.01.2025 16:39:10;3.38;
10.01.2025 16:39:11;3.39;
10.01.2025 16:39:12;3.38;
10.01.2025 16:39:13;3.39;
10.01.2025 16:39:15;3.39;
10.01.2025 16:39:16;3.38;
10.01.2025 16:39:17;3.39;
10.01.2025 16:39:25;3.39;
10.01.2025 16:39:26;3.38;
10.01.2025 16:39:29;3.38;
10.01.2025 16:39:30;3.39;
10.01.2025 16:39:31;3.38;
10.01.2025 16:39:32;3.39;
10.01.2025 16:39:33;3.38;
10.01.2025 16:39:34;3.39;
10.01.2025 16:39:35;3.38;
10.01.2025 16:39:36;3.39;
10.01.2025 16:39:37;3.38;
10.01.2025 16:39:38;3.38;
10.01.2025 16:39:39;3.39;
10.01.2025 16:39:40;3.38;
10.01.2025 16:39:42;3.38;
10.01.2025 16:39:43;3.39;
10.01.2025 16:39:44;3.39;
10.01.2025 16:39:45;3.38;
10.01.2025 16:39:46;3.39;
10.01.2025 16:39:47;3.38;
10.01.2025 16:39:49;3.38;
10.01.2025 16:39:50;3.39;
10.01.2025 16:39:51;3.38;
10.01.2025 16:39:52;3.39;
10.01.2025 16:39:53;3.39;
10.01.2025 16:39:54;3.38;
10.01.2025 16:39:55;3.38;
10.01.2025 16:39:56;3.39;
10.01.2025 16:39:57;3.38;
10.01.2025 16:39:58;3.39;
10.01.2025 16:39:59;3.39;
10.01.2025 16:40:00;3.38;
10.01.2025 16:40:01;3.39;
10.01.2025 16:40:03;3.39;
10.01.2025 16:40:04;3.4;
10.01.2025 16:40:05;3.39;
10.01.2025 16:40:06;3.38;
10.01.2025 16:40:08;3.38;
10.01.2025 16:40:09;3.39;
10.01.2025 16:40:10;3.38;
10.01.2025 16:40:11;3.39;
10.01.2025 16:40:14;3.39;
10.01.2025 16:40:15;3.38;
10.01.2025 16:40:16;3.39;
10.01.2025 16:40:17;3.38;
10.01.2025 16:40:19;3.38;
10.01.2025 16:40:20;3.39;
10.01.2025 16:40:21;3.38;
10.01.2025 16:40:22;3.39;
10.01.2025 16:40:23;3.38;
10.01.2025 16:40:24;3.39;
10.01.2025 16:40:32;3.39;
10.01.2025 16:40:33;3.38;
10.01.2025 16:40:34;3.39;
10.01.2025 16:40:35;3.39;
10.01.2025 16:40:36;3.38;
10.01.2025 16:40:37;3.39;
10.01.2025 16:40:42;3.39;
10.01.2025 16:40:43;3.38;
10.01.2025 16:40:46;3.38;
10.01.2025 16:40:47;3.39;
10.01.2025 16:40:48;3.38;
10.01.2025 16:40:50;3.38;
10.01.2025 16:40:51;3.39;
10.01.2025 16:40:52;3.39;
10.01.2025 16:40:53;3.38;
10.01.2025 16:40:54;3.37;
10.01.2025 16:40:55;3.38;
10.01.2025 16:40:56;3.38;
10.01.2025 16:40:57;3.39;
10.01.2025 16:40:58;3.39;
10.01.2025 16:40:59;3.38;
10.01.2025 16:41:00;3.38;
10.01.2025 16:41:01;3.39;
10.01.2025 16:41:02;3.39;
10.01.2025 16:41:03;3.38;
10.01.2025 16:41:04;3.38;
10.01.2025 16:41:05;3.39;
10.01.2025 16:41:06;3.39;
10.01.2025 16:41:07;3.38;
10.01.2025 16:41:08;3.38;
10.01.2025 16:41:09;3.39;
10.01.2025 16:41:11;3.39;
10.01.2025 16:41:12;3.38;
10.01.2025 16:41:13;3.39;
10.01.2025 16:41:14;3.4;
10.01.2025 16:41:15;3.38;
10.01.2025 16:41:16;3.39;
10.01.2025 16:41:17;3.38;
10.01.2025 16:41:18;3.39;
10.01.2025 16:41:19;3.38;
10.01.2025 16:41:20;3.39;
10.01.2025 16:41:35;3.39;
10.01.2025 16:41:36;3.4;
10.01.2025 16:41:37;3.38;
10.01.2025 16:41:38;3.39;
10.01.2025 16:41:44;3.39;
10.01.2025 16:41:45;3.38;
10.01.2025 16:41:46;3.39;
10.01.2025 16:41:50;3.39;
10.01.2025 16:41:51;3.38;
10.01.2025 16:41:52;3.39;
10.01.2025 16:41:54;3.39;
10.01.2025 16:41:55;3.4;
10.01.2025 16:41:56;3.39;
10.01.2025 16:42:02;3.39;
10.01.2025 16:42:03;3.38;
10.01.2025 16:42:04;3.39;
10.01.2025 16:42:05;3.38;
10.01.2025 16:42:06;3.39;
10.01.2025 16:42:07;3.39;
10.01.2025 16:42:08;3.38;
10.01.2025 16:42:14;3.38;
10.01.2025 16:42:15;3.39;
10.01.2025 16:42:16;3.38;
10.01.2025 16:42:17;3.38;
10.01.2025 16:42:18;3.39;
10.01.2025 16:42:30;3.39;
10.01.2025 16:42:31;3.38;
10.01.2025 16:42:32;3.39;
10.01.2025 16:42:34;3.39;
10.01.2025 16:42:35;3.38;
10.01.2025 16:42:36;3.39;
10.01.2025 16:42:47;3.39;
10.01.2025 16:42:48;3.38;
10.01.2025 16:42:49;3.38;
10.01.2025 16:42:50;3.39;
10.01.2025 16:42:51;3.38;
10.01.2025 16:42:52;3.39;
10.01.2025 16:43:03;3.39;
10.01.2025 16:43:04;3.38;
10.01.2025 16:43:05;3.38;
10.01.2025 16:43:06;3.39;
10.01.2025 16:43:08;3.39;
10.01.2025 16:43:09;3.38;
10.01.2025 16:43:10;3.39;
10.01.2025 16:43:11;3.38;
10.01.2025 16:43:12;3.4;
10.01.2025 16:43:13;3.38;
10.01.2025 16:43:14;3.38;
10.01.2025 16:43:15;3.39;
10.01.2025 16:43:16;3.38;
10.01.2025 16:43:17;3.38;
10.01.2025 16:43:18;3.39;
10.01.2025 16:43:19;3.39;
10.01.2025 16:43:20;3.38;
10.01.2025 16:43:21;3.39;
10.01.2025 16:43:23;3.39;
10.01.2025 16:43:24;3.38;
10.01.2025 16:43:26;3.38;
10.01.2025 16:43:27;3.39;
10.01.2025 16:43:32;3.39;
10.01.2025 16:43:33;3.38;
10.01.2025 16:43:34;3.38;
10.01.2025 16:43:35;3.39;
10.01.2025 16:43:36;3.39;
10.01.2025 16:43:37;3.38;
10.01.2025 16:43:38;3.39;
10.01.2025 16:43:41;3.39;
10.01.2025 16:43:42;3.38;
10.01.2025 16:43:43;3.38;
10.01.2025 16:43:44;3.39;
10.01.2025 16:43:51;3.39;
10.01.2025 16:43:52;3.38;
10.01.2025 16:43:53;3.38;
10.01.2025 16:43:54;3.39;
10.01.2025 16:43:55;3.39;
10.01.2025 16:43:56;3.38;
10.01.2025 16:43:57;3.38;
10.01.2025 16:43:58;3.39;
10.01.2025 16:43:59;3.4;
10.01.2025 16:44:00;3.39;
10.01.2025 16:44:01;3.38;
10.01.2025 16:44:02;3.39;
10.01.2025 16:44:08;3.39;
10.01.2025 16:44:09;3.38;
10.01.2025 16:44:10;3.39;
10.01.2025 16:44:16;3.39;
10.01.2025 16:44:17;3.4;
10.01.2025 16:44:18;3.39;
10.01.2025 16:44:29;3.39;
10.01.2025 16:44:30;3.4;
10.01.2025 16:44:31;3.39;
10.01.2025 16:44:37;3.39;
10.01.2025 16:44:38;3.38;
10.01.2025 16:44:39;3.39;
10.01.2025 16:44:46;3.39;
10.01.2025 16:44:47;3.4;
10.01.2025 16:44:48;3.39;
10.01.2025 16:44:54;3.39;
10.01.2025 16:44:55;3.38;
10.01.2025 16:44:56;3.39;
10.01.2025 16:45:04;3.39;
10.01.2025 16:45:05;3.38;
10.01.2025 16:45:06;3.39;
10.01.2025 16:45:11;3.39;
10.01.2025 16:45:12;3.38;
10.01.2025 16:45:13;3.38;
10.01.2025 16:45:14;3.39;
10.01.2025 16:45:19;3.39;
10.01.2025 16:45:20;3.38;
10.01.2025 16:45:21;3.39;
10.01.2025 16:45:23;3.39;
10.01.2025 16:45:24;3.4;
10.01.2025 16:45:25;3.39;
10.01.2025 16:45:26;3.38;
10.01.2025 16:45:27;3.4;
10.01.2025 16:45:28;3.39;
10.01.2025 16:45:29;3.38;
10.01.2025 16:45:30;3.39;
10.01.2025 16:45:34;3.39;
10.01.2025 16:45:35;3.4;
10.01.2025 16:45:36;3.39;
10.01.2025 16:45:37;3.38;
10.01.2025 16:45:38;3.39;
10.01.2025 16:45:49;3.39;
10.01.2025 16:45:50;3.38;
10.01.2025 16:45:51;3.39;
10.01.2025 16:45:52;3.38;
10.01.2025 16:45:53;3.39;
10.01.2025 16:45:58;3.39;
10.01.2025 16:45:59;3.38;
10.01.2025 16:46:00;3.38;
10.01.2025 16:46:01;3.39;
10.01.2025 16:46:04;3.39;
10.01.2025 16:46:05;3.4;
10.01.2025 16:46:06;3.39;
10.01.2025 16:46:07;3.39;
10.01.2025 16:46:08;3.38;
10.01.2025 16:46:09;3.38;
10.01.2025 16:46:10;3.39;
10.01.2025 16:46:11;3.38;
10.01.2025 16:46:13;3.38;
10.01.2025 16:46:14;3.39;
10.01.2025 16:46:15;3.38;
10.01.2025 16:46:16;3.39;
10.01.2025 16:46:18;3.39;
10.01.2025 16:46:19;3.38;
10.01.2025 16:46:20;3.39;
10.01.2025 16:46:21;3.39;
10.01.2025 16:46:22;3.38;
10.01.2025 16:46:23;3.38;
10.01.2025 16:46:24;3.39;
10.01.2025 16:46:25;3.37;
10.01.2025 16:46:26;3.39;
10.01.2025 16:46:27;3.38;
10.01.2025 16:46:28;3.38;
10.01.2025 16:46:29;3.39;
10.01.2025 16:46:30;3.38;
10.01.2025 16:46:34;3.38;
10.01.2025 16:46:35;3.39;
10.01.2025 16:46:36;3.38;
10.01.2025 16:46:37;3.38;
10.01.2025 16:46:38;3.39;
10.01.2025 16:46:39;3.38;
10.01.2025 16:46:40;3.39;
10.01.2025 16:46:44;3.39;
10.01.2025 16:46:45;3.38;
10.01.2025 16:46:46;3.39;
10.01.2025 16:46:50;3.39;
10.01.2025 16:46:51;3.38;
10.01.2025 16:46:52;3.38;
10.01.2025 16:46:53;3.39;
10.01.2025 16:46:54;3.38;
10.01.2025 16:46:55;3.38;
10.01.2025 16:46:56;3.39;
10.01.2025 16:46:57;3.38;
10.01.2025 16:46:58;3.38;
10.01.2025 16:46:59;3.39;
10.01.2025 16:47:00;3.38;
10.01.2025 16:47:05;3.38;
10.01.2025 16:47:06;3.39;
10.01.2025 16:47:07;3.38;
10.01.2025 16:47:11;3.38;
10.01.2025 16:47:12;3.39;
10.01.2025 16:47:13;3.38;
10.01.2025 16:47:15;3.38;
10.01.2025 16:47:16;3.39;
10.01.2025 16:47:17;3.38;
10.01.2025 16:47:18;3.38;
10.01.2025 16:47:19;3.39;
10.01.2025 16:47:20;3.39;
10.01.2025 16:47:21;3.38;
10.01.2025 16:47:22;3.38;
10.01.2025 16:47:23;3.39;
10.01.2025 16:47:24;3.39;
10.01.2025 16:47:25;3.38;
10.01.2025 16:47:26;3.38;
10.01.2025 16:47:27;3.39;
10.01.2025 16:47:28;3.38;
10.01.2025 16:47:29;3.39;
10.01.2025 16:47:31;3.39;
10.01.2025 16:47:32;3.38;
10.01.2025 16:47:35;3.38;
10.01.2025 16:47:36;3.39;
10.01.2025 16:47:39;3.39;
10.01.2025 16:47:40;3.38;
10.01.2025 16:47:41;3.38;
10.01.2025 16:47:42;3.39;
10.01.2025 16:47:43;3.38;
10.01.2025 16:47:45;3.38;
10.01.2025 16:47:46;3.39;
10.01.2025 16:47:47;3.38;
10.01.2025 16:47:48;3.39;
10.01.2025 16:47:49;3.38;
10.01.2025 16:47:50;3.39;
10.01.2025 16:47:51;3.39;
10.01.2025 16:47:52;3.38;
10.01.2025 16:47:53;3.38;
10.01.2025 16:47:54;3.39;
10.01.2025 16:47:56;3.39;
10.01.2025 16:47:57;3.38;
10.01.2025 16:48:00;3.38;
10.01.2025 16:48:01;3.39;
10.01.2025 16:48:03;3.39;
10.01.2025 16:48:04;3.38;
10.01.2025 16:48:05;3.38;
10.01.2025 16:48:06;3.39;
10.01.2025 16:48:07;3.38;
10.01.2025 16:48:08;3.39;
10.01.2025 16:48:11;3.39;
10.01.2025 16:48:12;3.38;
10.01.2025 16:48:13;3.39;
10.01.2025 16:48:14;3.39;
10.01.2025 16:48:15;3.38;
10.01.2025 16:48:16;3.39;
10.01.2025 16:48:17;3.39;
10.01.2025 16:48:18;3.38;
10.01.2025 16:48:22;3.38;
10.01.2025 16:48:23;3.39;
10.01.2025 16:48:24;3.39;
10.01.2025 16:48:25;3.38;
10.01.2025 16:48:27;3.38;
10.01.2025 16:48:28;3.39;
10.01.2025 16:48:30;3.39;
10.01.2025 16:48:31;3.38;
10.01.2025 16:48:33;3.38;
10.01.2025 16:48:34;3.39;
10.01.2025 16:48:35;3.39;
10.01.2025 16:48:36;3.38;
10.01.2025 16:48:37;3.38;
10.01.2025 16:48:38;3.39;
10.01.2025 16:48:39;3.38;
10.01.2025 16:48:40;3.38;
10.01.2025 16:48:41;3.39;
10.01.2025 16:48:43;3.39;
10.01.2025 16:48:44;3.38;
10.01.2025 16:48:45;3.39;
10.01.2025 16:48:46;3.38;
10.01.2025 16:48:48;3.38;
10.01.2025 16:48:49;3.39;
10.01.2025 16:48:50;3.38;
10.01.2025 16:48:51;3.39;
10.01.2025 16:48:54;3.39;
10.01.2025 16:48:55;3.38;
10.01.2025 16:48:56;3.39;
10.01.2025 16:48:57;3.39;
10.01.2025 16:48:58;3.38;
10.01.2025 16:48:59;3.39;
10.01.2025 16:49:00;3.38;
10.01.2025 16:49:01;3.39;
10.01.2025 16:49:04;3.39;
10.01.2025 16:49:05;3.38;
10.01.2025 16:49:06;3.39;
10.01.2025 16:49:07;3.39;
10.01.2025 16:49:08;3.38;
10.01.2025 16:49:09;3.39;
10.01.2025 16:49:12;3.39;
10.01.2025 16:49:13;3.38;
10.01.2025 16:49:15;3.38;
10.01.2025 16:49:16;3.39;
10.01.2025 16:49:18;3.39;
10.01.2025 16:49:19;3.38;
10.01.2025 16:49:20;3.39;
10.01.2025 16:49:22;3.39;
10.01.2025 16:49:24;3.38;
10.01.2025 16:49:25;3.39;
10.01.2025 16:49:26;3.38;
10.01.2025 16:49:27;3.38;
10.01.2025 16:49:28;3.39;
10.01.2025 16:49:38;3.39;
10.01.2025 16:49:39;3.38;
10.01.2025 16:49:40;3.4;
10.01.2025 16:49:41;3.39;
10.01.2025 16:49:42;3.38;
10.01.2025 16:49:43;3.38;
10.01.2025 16:49:44;3.39;
10.01.2025 16:49:47;3.39;
10.01.2025 16:49:48;3.37;
10.01.2025 16:49:49;3.38;
10.01.2025 16:49:50;3.39;
10.01.2025 16:49:51;3.39;
10.01.2025 16:49:52;3.38;
10.01.2025 16:49:53;3.39;
10.01.2025 16:49:54;3.39;
10.01.2025 16:49:55;3.38;
10.01.2025 16:49:56;3.39;
10.01.2025 16:49:57;3.38;
10.01.2025 16:49:58;3.39;
10.01.2025 16:49:59;3.38;
10.01.2025 16:50:00;3.38;
10.01.2025 16:50:01;3.39;
10.01.2025 16:50:02;3.39;
10.01.2025 16:50:03;3.38;
10.01.2025 16:50:05;3.38;
10.01.2025 16:50:06;3.39;
10.01.2025 16:50:07;3.38;
10.01.2025 16:50:08;3.39;
10.01.2025 16:50:10;3.39;
10.01.2025 16:50:11;3.38;
10.01.2025 16:50:12;3.39;
10.01.2025 16:50:13;3.39;
10.01.2025 16:50:14;3.38;
10.01.2025 16:50:15;3.39;
10.01.2025 16:50:16;3.38;
10.01.2025 16:50:17;3.39;
10.01.2025 16:50:18;3.39;
10.01.2025 16:50:19;3.38;
10.01.2025 16:50:22;3.38;
10.01.2025 16:50:23;3.39;
10.01.2025 16:50:24;3.38;
10.01.2025 16:50:25;3.39;
10.01.2025 16:50:26;3.38;
10.01.2025 16:50:27;3.39;
10.01.2025 16:50:33;3.39;
10.01.2025 16:50:34;3.38;
10.01.2025 16:50:35;3.38;
10.01.2025 16:50:36;3.39;
10.01.2025 16:50:38;3.39;
10.01.2025 16:50:39;3.38;
10.01.2025 16:50:40;3.39;
10.01.2025 16:50:41;3.38;
10.01.2025 16:50:42;3.39;
10.01.2025 16:50:46;3.39;
10.01.2025 16:50:47;3.38;
10.01.2025 16:50:48;3.38;
10.01.2025 16:50:49;3.39;
10.01.2025 16:50:50;3.38;
10.01.2025 16:50:51;3.39;
10.01.2025 16:50:52;3.39;
10.01.2025 16:50:53;3.38;
10.01.2025 16:50:54;3.38;
10.01.2025 16:50:55;3.39;
10.01.2025 16:50:56;3.39;
10.01.2025 16:50:57;3.4;
10.01.2025 16:50:58;3.39;
10.01.2025 16:51:00;3.39;
10.01.2025 16:51:01;3.38;
10.01.2025 16:51:03;3.38;
10.01.2025 16:51:04;3.39;
10.01.2025 16:51:05;3.39;
10.01.2025 16:51:06;3.38;
10.01.2025 16:51:07;3.38;
10.01.2025 16:51:08;3.39;
10.01.2025 16:51:09;3.39;
10.01.2025 16:51:10;3.38;
10.01.2025 16:51:11;3.38;
10.01.2025 16:51:12;3.39;
10.01.2025 16:51:13;3.39;
10.01.2025 16:51:14;3.38;
10.01.2025 16:51:15;3.39;
10.01.2025 16:51:24;3.39;
10.01.2025 16:51:25;3.4;
10.01.2025 16:51:26;3.4;
10.01.2025 16:51:27;3.39;
10.01.2025 16:51:28;3.38;
10.01.2025 16:51:29;3.39;
10.01.2025 16:51:30;3.38;
10.01.2025 16:51:31;3.39;
10.01.2025 16:51:33;3.39;
10.01.2025 16:51:34;3.38;
10.01.2025 16:51:35;3.39;
10.01.2025 16:51:36;3.39;
10.01.2025 16:51:37;3.38;
10.01.2025 16:51:38;3.39;
10.01.2025 16:51:46;3.39;
10.01.2025 16:51:47;3.38;
10.01.2025 16:51:48;3.38;
10.01.2025 16:51:49;3.39;
10.01.2025 16:51:50;3.39;
10.01.2025 16:51:51;3.38;
10.01.2025 16:51:52;3.39;
10.01.2025 16:51:53;3.39;
10.01.2025 16:51:54;3.4;
10.01.2025 16:51:55;3.39;
10.01.2025 16:51:56;3.38;
10.01.2025 16:51:57;3.38;
10.01.2025 16:51:58;3.39;
10.01.2025 16:51:59;3.38;
10.01.2025 16:52:00;3.39;
10.01.2025 16:52:03;3.39;
10.01.2025 16:52:04;3.38;
10.01.2025 16:52:06;3.38;
10.01.2025 16:52:07;3.39;
10.01.2025 16:52:17;3.39;
10.01.2025 16:52:18;3.38;
10.01.2025 16:52:19;3.38;
10.01.2025 16:52:20;3.39;
10.01.2025 16:52:25;3.39;
10.01.2025 16:52:26;3.38;
10.01.2025 16:52:27;3.39;
10.01.2025 16:52:28;3.39;
10.01.2025 16:52:29;3.38;
10.01.2025 16:52:30;3.39;
10.01.2025 16:52:31;3.38;
10.01.2025 16:52:38;3.38;
10.01.2025 16:52:39;3.39;
10.01.2025 16:52:40;3.38;
10.01.2025 16:52:41;3.38;
10.01.2025 16:52:42;3.39;
10.01.2025 16:52:43;3.39;
10.01.2025 16:52:44;3.38;
10.01.2025 16:52:45;3.38;
10.01.2025 16:52:46;3.39;
10.01.2025 16:52:49;3.39;
10.01.2025 16:52:50;3.38;
10.01.2025 16:52:51;3.39;
10.01.2025 16:52:52;3.38;
10.01.2025 16:52:53;3.39;
10.01.2025 16:52:54;3.38;
10.01.2025 16:52:55;3.39;
10.01.2025 16:52:56;3.39;
10.01.2025 16:52:57;3.38;
10.01.2025 16:52:58;3.39;
10.01.2025 16:53:03;3.39;
10.01.2025 16:53:04;3.38;
10.01.2025 16:53:05;3.39;
10.01.2025 16:53:06;3.38;
10.01.2025 16:53:10;3.38;
10.01.2025 16:53:11;3.39;
10.01.2025 16:53:12;3.38;
10.01.2025 16:53:13;3.39;
10.01.2025 16:53:14;3.39;
10.01.2025 16:53:15;3.38;
10.01.2025 16:53:16;3.39;
10.01.2025 16:53:21;3.39;
10.01.2025 16:53:22;3.38;
10.01.2025 16:53:23;3.39;
10.01.2025 16:53:24;3.39;
10.01.2025 16:53:25;3.4;
10.01.2025 16:53:26;3.38;
10.01.2025 16:53:27;3.39;
10.01.2025 16:53:28;3.39;
10.01.2025 16:53:29;3.4;
10.01.2025 16:53:30;3.38;
10.01.2025 16:53:31;3.38;
10.01.2025 16:53:32;3.39;
10.01.2025 16:53:35;3.39;
10.01.2025 16:53:36;3.38;
10.01.2025 16:53:37;3.4;
10.01.2025 16:53:38;3.39;
10.01.2025 16:53:41;3.39;
10.01.2025 16:53:42;3.4;
10.01.2025 16:53:43;3.39;
10.01.2025 16:53:48;3.39;
10.01.2025 16:53:49;3.38;
10.01.2025 16:53:50;3.39;
10.01.2025 16:53:53;3.39;
10.01.2025 16:53:54;3.4;
10.01.2025 16:53:55;3.39;
10.01.2025 16:54:02;3.39;
10.01.2025 16:54:03;3.38;
10.01.2025 16:54:04;3.39;
10.01.2025 16:54:08;3.39;
10.01.2025 16:54:09;3.4;
10.01.2025 16:54:10;3.39;
10.01.2025 16:54:11;3.38;
10.01.2025 16:54:12;3.39;
10.01.2025 16:54:13;3.38;
10.01.2025 16:54:14;3.39;
10.01.2025 16:54:19;3.39;
10.01.2025 16:54:20;3.38;
10.01.2025 16:54:21;3.39;
10.01.2025 16:54:22;3.38;
10.01.2025 16:54:23;3.38;
10.01.2025 16:54:24;3.39;
10.01.2025 16:54:31;3.39;
10.01.2025 16:54:32;3.38;
10.01.2025 16:54:33;3.39;
10.01.2025 16:54:35;3.39;
10.01.2025 16:54:36;3.38;
10.01.2025 16:54:37;3.39;
10.01.2025 16:54:42;3.39;
10.01.2025 16:54:43;3.38;
10.01.2025 16:54:44;3.38;
10.01.2025 16:54:45;3.39;
10.01.2025 16:54:50;3.39;
10.01.2025 16:54:51;3.38;
10.01.2025 16:54:52;3.39;
10.01.2025 16:54:53;3.4;
10.01.2025 16:54:54;3.39;
10.01.2025 16:54:56;3.39;
10.01.2025 16:54:57;3.38;
10.01.2025 16:54:58;3.39;
10.01.2025 16:55:02;3.39;
10.01.2025 16:55:03;3.4;
10.01.2025 16:55:04;3.39;
10.01.2025 16:55:05;3.39;
10.01.2025 16:55:06;3.38;
10.01.2025 16:55:07;3.39;
10.01.2025 16:55:10;3.39;
10.01.2025 16:55:11;3.38;
10.01.2025 16:55:12;3.39;
10.01.2025 16:55:13;3.39;
10.01.2025 16:55:14;3.4;
10.01.2025 16:55:15;3.39;
10.01.2025 16:55:16;3.38;
10.01.2025 16:55:17;3.39;
10.01.2025 16:55:18;3.39;
10.01.2025 16:55:19;3.38;
10.01.2025 16:55:20;3.39;
10.01.2025 16:55:28;3.39;
10.01.2025 16:55:29;3.4;
10.01.2025 16:55:30;3.39;
10.01.2025 16:55:33;3.39;
10.01.2025 16:55:34;3.38;
10.01.2025 16:55:35;3.39;
10.01.2025 16:55:36;3.39;
10.01.2025 16:55:37;3.4;
10.01.2025 16:55:38;3.39;
10.01.2025 16:55:39;3.4;
10.01.2025 16:55:40;3.39;
10.01.2025 16:55:44;3.39;
10.01.2025 16:55:45;3.4;
10.01.2025 16:55:46;3.39;
10.01.2025 16:55:47;3.38;
10.01.2025 16:55:48;3.39;
10.01.2025 16:55:54;3.39;
10.01.2025 16:55:55;3.38;
10.01.2025 16:55:56;3.39;
10.01.2025 16:55:58;3.39;
10.01.2025 16:55:59;3.4;
10.01.2025 16:56:00;3.39;
10.01.2025 16:56:01;3.38;
10.01.2025 16:56:02;3.38;
10.01.2025 16:56:03;3.39;
10.01.2025 16:56:04;3.39;
10.01.2025 16:56:05;3.4;
10.01.2025 16:56:06;3.39;
10.01.2025 16:56:07;3.4;
10.01.2025 16:56:08;3.39;
10.01.2025 16:56:12;3.39;
10.01.2025 16:56:13;3.38;
10.01.2025 16:56:14;3.39;
10.01.2025 16:56:17;3.39;
10.01.2025 16:56:18;3.4;
10.01.2025 16:56:19;3.38;
10.01.2025 16:56:21;3.38;
10.01.2025 16:56:22;3.39;
10.01.2025 16:56:23;3.39;
10.01.2025 16:56:24;3.38;
10.01.2025 16:56:25;3.39;
10.01.2025 16:56:29;3.39;
10.01.2025 16:56:30;3.38;
10.01.2025 16:56:31;3.39;
10.01.2025 16:56:36;3.39;
10.01.2025 16:56:37;3.38;
10.01.2025 16:56:38;3.39;
10.01.2025 16:56:43;3.39;
10.01.2025 16:56:44;3.38;
10.01.2025 16:56:45;3.39;
10.01.2025 16:56:48;3.39;
10.01.2025 16:56:49;3.4;
10.01.2025 16:56:50;3.39;
10.01.2025 16:57:01;3.39;
10.01.2025 16:57:02;3.38;
10.01.2025 16:57:03;3.39;
10.01.2025 16:57:11;3.39;
10.01.2025 16:57:12;3.38;
10.01.2025 16:57:13;3.39;
10.01.2025 16:57:17;3.39;
10.01.2025 16:57:18;3.38;
10.01.2025 16:57:19;3.38;
10.01.2025 16:57:20;3.39;
10.01.2025 16:57:30;3.39;
10.01.2025 16:57:31;3.38;
10.01.2025 16:57:32;3.38;
10.01.2025 16:57:33;3.39;
10.01.2025 16:57:34;3.38;
10.01.2025 16:57:35;3.39;
10.01.2025 16:57:59;3.39;
10.01.2025 16:58:00;3.38;
10.01.2025 16:58:01;3.39;
10.01.2025 16:58:02;3.39;
10.01.2025 16:58:03;3.38;
10.01.2025 16:58:04;3.39;
10.01.2025 16:58:07;3.39;
10.01.2025 16:58:08;3.38;
10.01.2025 16:58:09;3.39;
10.01.2025 16:58:12;3.39;
10.01.2025 16:58:13;3.38;
10.01.2025 16:58:14;3.4;
10.01.2025 16:58:15;3.39;
10.01.2025 16:58:17;3.39;
10.01.2025 16:58:18;3.4;
10.01.2025 16:58:19;3.39;
10.01.2025 16:58:22;3.39;
10.01.2025 16:58:23;3.4;
10.01.2025 16:58:24;3.39;
10.01.2025 16:58:26;3.39;
10.01.2025 16:58:27;3.38;
10.01.2025 16:58:28;3.39;
10.01.2025 16:58:31;3.39;
10.01.2025 16:58:32;3.4;
10.01.2025 16:58:33;3.39;
10.01.2025 16:58:38;3.39;
10.01.2025 16:58:39;3.4;
10.01.2025 16:58:40;3.39;
10.01.2025 16:58:41;3.39;
10.01.2025 16:58:42;3.4;
10.01.2025 16:58:43;3.39;
10.01.2025 16:58:46;3.39;
10.01.2025 16:58:47;3.4;
10.01.2025 16:58:48;3.39;
10.01.2025 16:58:52;3.39;
10.01.2025 16:58:53;3.38;
10.01.2025 16:58:54;3.39;
10.01.2025 16:58:55;3.39;
10.01.2025 16:58:56;3.38;
10.01.2025 16:58:57;3.4;
10.01.2025 16:58:58;3.39;
10.01.2025 16:58:59;3.39;
10.01.2025 16:59:00;3.38;
10.01.2025 16:59:01;3.39;
10.01.2025 16:59:02;3.38;
10.01.2025 16:59:03;3.39;
10.01.2025 16:59:06;3.39;
10.01.2025 16:59:07;3.38;
10.01.2025 16:59:08;3.39;
10.01.2025 16:59:14;3.39;
10.01.2025 16:59:15;3.38;
10.01.2025 16:59:16;3.39;
10.01.2025 16:59:18;3.39;
10.01.2025 16:59:19;3.4;
10.01.2025 16:59:20;3.38;
10.01.2025 16:59:21;3.39;
10.01.2025 16:59:29;3.39;
10.01.2025 16:59:30;3.4;
10.01.2025 16:59:31;3.39;
10.01.2025 16:59:34;3.39;
10.01.2025 16:59:35;3.38;
10.01.2025 16:59:36;3.39;
10.01.2025 16:59:45;3.39;
10.01.2025 16:59:46;3.38;
10.01.2025 16:59:47;3.39;
10.01.2025 16:59:51;3.39;
10.01.2025 16:59:52;3.38;
10.01.2025 16:59:53;3.39;
10.01.2025 16:59:56;3.39;
10.01.2025 16:59:57;3.4;
10.01.2025 16:59:58;3.39;
10.01.2025 16:59:59;3.4;
10.01.2025 17:00:00;3.39;
10.01.2025 17:00:09;3.39;
10.01.2025 17:00:10;3.38;
10.01.2025 17:00:11;3.39;
10.01.2025 17:00:13;3.39;
10.01.2025 17:00:14;3.38;
10.01.2025 17:00:15;3.39;
10.01.2025 17:00:16;3.4;
10.01.2025 17:00:17;3.39;
10.01.2025 17:00:21;3.39;
10.01.2025 17:00:22;3.38;
10.01.2025 17:00:23;3.39;
10.01.2025 17:00:27;3.39;
10.01.2025 17:00:28;3.38;
10.01.2025 17:00:29;3.39;
10.01.2025 17:00:35;3.39;
10.01.2025 17:00:36;3.4;
10.01.2025 17:00:37;3.38;
10.01.2025 17:00:38;3.39;
10.01.2025 17:00:43;3.39;
10.01.2025 17:00:44;3.38;
10.01.2025 17:00:45;3.38;
10.01.2025 17:00:46;3.39;
10.01.2025 17:00:49;3.39;
10.01.2025 17:00:50;3.4;
10.01.2025 17:00:51;3.39;
10.01.2025 17:00:52;3.38;
10.01.2025 17:00:53;3.39;
10.01.2025 17:01:00;3.39;
10.01.2025 17:01:01;3.38;
10.01.2025 17:01:02;3.39;
10.01.2025 17:01:07;3.39;
10.01.2025 17:01:08;3.4;
10.01.2025 17:01:09;3.39;
10.01.2025 17:01:10;3.39;
10.01.2025 17:01:11;3.4;
10.01.2025 17:01:12;3.39;
10.01.2025 17:01:15;3.39;
10.01.2025 17:01:16;3.4;
10.01.2025 17:01:17;3.4;
10.01.2025 17:01:18;3.39;
10.01.2025 17:01:21;3.39;
10.01.2025 17:01:22;3.4;
10.01.2025 17:01:23;3.39;
10.01.2025 17:01:26;3.39;
10.01.2025 17:01:27;3.4;
10.01.2025 17:01:28;3.39;
10.01.2025 17:01:33;3.39;
10.01.2025 17:01:34;3.4;
10.01.2025 17:01:35;3.4;
10.01.2025 17:01:36;3.39;
10.01.2025 17:01:37;3.39;
10.01.2025 17:01:38;3.4;
10.01.2025 17:01:39;3.39;
10.01.2025 17:01:46;3.39;
10.01.2025 17:01:47;3.4;
10.01.2025 17:01:48;3.39;
10.01.2025 17:01:49;3.39;
10.01.2025 17:01:50;3.38;
10.01.2025 17:01:51;3.39;
10.01.2025 17:01:52;3.38;
10.01.2025 17:01:53;3.39;
10.01.2025 17:01:55;3.39;
10.01.2025 17:01:56;3.4;
10.01.2025 17:01:57;3.39;
10.01.2025 17:01:59;3.39;
10.01.2025 17:02:00;3.4;
10.01.2025 17:02:01;3.39;
10.01.2025 17:02:02;3.39;
10.01.2025 17:02:03;3.4;
10.01.2025 17:02:04;3.38;
10.01.2025 17:02:05;3.39;
10.01.2025 17:02:07;3.39;
10.01.2025 17:02:08;3.38;
10.01.2025 17:02:09;3.39;
10.01.2025 17:02:18;3.39;
10.01.2025 17:02:19;3.38;
10.01.2025 17:02:20;3.38;
10.01.2025 17:02:21;3.39;
10.01.2025 17:02:23;3.39;
10.01.2025 17:02:24;3.38;
10.01.2025 17:02:25;3.39;
10.01.2025 17:02:27;3.39;
10.01.2025 17:02:28;3.38;
10.01.2025 17:02:29;3.39;
10.01.2025 17:02:30;3.39;
10.01.2025 17:02:31;3.38;
10.01.2025 17:02:32;3.39;
10.01.2025 17:02:38;3.39;
10.01.2025 17:02:39;3.38;
10.01.2025 17:02:40;3.38;
10.01.2025 17:02:41;3.39;
10.01.2025 17:02:42;3.39;
10.01.2025 17:02:43;3.4;
10.01.2025 17:02:44;3.4;
10.01.2025 17:02:45;3.39;
10.01.2025 17:02:47;3.39;
10.01.2025 17:02:48;3.38;
10.01.2025 17:02:49;3.39;
10.01.2025 17:02:57;3.39;
10.01.2025 17:02:58;3.4;
10.01.2025 17:02:59;3.39;
10.01.2025 17:03:01;3.39;
10.01.2025 17:03:02;3.4;
10.01.2025 17:03:03;3.39;
10.01.2025 17:03:14;3.39;
10.01.2025 17:03:15;3.4;
10.01.2025 17:03:16;3.39;
10.01.2025 17:03:23;3.39;
10.01.2025 17:03:24;3.4;
10.01.2025 17:03:25;3.39;
10.01.2025 17:03:26;3.39;
10.01.2025 17:03:27;3.38;
10.01.2025 17:03:28;3.39;
10.01.2025 17:03:29;3.4;
10.01.2025 17:03:30;3.38;
10.01.2025 17:03:31;3.39;
10.01.2025 17:03:35;3.39;
10.01.2025 17:03:36;3.4;
10.01.2025 17:03:37;3.39;
10.01.2025 17:03:38;3.39;
10.01.2025 17:03:39;3.38;
10.01.2025 17:03:40;3.39;
10.01.2025 17:03:41;3.38;
10.01.2025 17:03:42;3.39;
10.01.2025 17:03:44;3.39;
10.01.2025 17:03:45;3.4;
10.01.2025 17:03:46;3.39;
10.01.2025 17:03:49;3.39;
10.01.2025 17:03:50;3.4;
10.01.2025 17:03:51;3.39;
10.01.2025 17:03:53;3.39;
10.01.2025 17:03:54;3.4;
10.01.2025 17:03:55;3.38;
10.01.2025 17:03:56;3.39;
10.01.2025 17:03:57;3.39;
10.01.2025 17:03:58;3.38;
10.01.2025 17:03:59;3.39;
10.01.2025 17:04:00;3.39;
10.01.2025 17:04:01;3.38;
10.01.2025 17:04:02;3.39;
10.01.2025 17:04:03;3.38;
10.01.2025 17:04:04;3.4;
10.01.2025 17:04:05;3.38;
10.01.2025 17:04:06;3.39;
10.01.2025 17:04:10;3.39;
10.01.2025 17:04:11;3.4;
10.01.2025 17:04:12;3.39;
10.01.2025 17:04:14;3.39;
10.01.2025 17:04:15;3.38;
10.01.2025 17:04:16;3.39;
10.01.2025 17:04:17;3.4;
10.01.2025 17:04:18;3.38;
10.01.2025 17:04:19;3.38;
10.01.2025 17:04:20;3.39;
10.01.2025 17:04:22;3.39;
10.01.2025 17:04:23;3.38;
10.01.2025 17:04:24;3.39;
10.01.2025 17:04:25;3.39;
10.01.2025 17:04:26;3.38;
10.01.2025 17:04:27;3.39;
10.01.2025 17:04:28;3.38;
10.01.2025 17:04:29;3.39;
10.01.2025 17:04:30;3.39;
10.01.2025 17:04:31;3.38;
10.01.2025 17:04:32;3.38;
10.01.2025 17:04:33;3.39;
10.01.2025 17:04:37;3.39;
10.01.2025 17:04:38;3.4;
10.01.2025 17:04:39;3.39;
10.01.2025 17:04:40;3.39;
10.01.2025 17:04:41;3.38;
10.01.2025 17:04:42;3.38;
10.01.2025 17:04:43;3.39;
10.01.2025 17:04:44;3.39;
10.01.2025 17:04:45;3.38;
10.01.2025 17:04:46;3.38;
10.01.2025 17:04:47;3.39;
10.01.2025 17:04:48;3.38;
10.01.2025 17:04:50;3.38;
10.01.2025 17:04:51;3.39;
10.01.2025 17:05:06;3.39;
10.01.2025 17:05:07;3.38;
10.01.2025 17:05:08;3.39;
10.01.2025 17:05:09;3.39;
10.01.2025 17:05:10;3.4;
10.01.2025 17:05:11;3.39;
10.01.2025 17:05:12;3.4;
10.01.2025 17:05:13;3.39;
10.01.2025 17:05:14;3.39;
10.01.2025 17:05:15;3.38;
10.01.2025 17:05:16;3.39;
10.01.2025 17:05:17;3.38;
10.01.2025 17:05:18;3.39;
10.01.2025 17:05:21;3.39;
10.01.2025 17:05:22;3.38;
10.01.2025 17:05:23;3.39;
10.01.2025 17:05:24;3.38;
10.01.2025 17:05:25;3.38;
10.01.2025 17:05:26;3.39;
10.01.2025 17:05:31;3.39;
10.01.2025 17:05:32;3.4;
10.01.2025 17:05:33;3.39;
10.01.2025 17:05:38;3.39;
10.01.2025 17:05:39;3.4;
10.01.2025 17:05:40;3.4;
10.01.2025 17:05:41;3.39;
10.01.2025 17:05:42;3.4;
10.01.2025 17:05:43;3.39;
10.01.2025 17:05:47;3.39;
10.01.2025 17:05:48;3.4;
10.01.2025 17:05:49;3.39;
10.01.2025 17:05:50;3.4;
10.01.2025 17:05:51;3.39;
10.01.2025 17:05:52;3.38;
10.01.2025 17:05:53;3.4;
10.01.2025 17:05:54;3.4;
10.01.2025 17:05:55;3.39;
10.01.2025 17:05:57;3.39;
10.01.2025 17:05:58;3.4;
10.01.2025 17:05:59;3.39;
10.01.2025 17:06:01;3.39;
10.01.2025 17:06:02;3.4;
10.01.2025 17:06:03;3.39;
10.01.2025 17:06:07;3.39;
10.01.2025 17:06:08;3.4;
10.01.2025 17:06:09;3.39;
10.01.2025 17:06:10;3.39;
10.01.2025 17:06:11;3.4;
10.01.2025 17:06:13;3.4;
10.01.2025 17:06:14;3.39;
10.01.2025 17:06:16;3.39;
10.01.2025 17:06:17;3.4;
10.01.2025 17:06:18;3.38;
10.01.2025 17:06:19;3.39;
10.01.2025 17:06:20;3.39;
10.01.2025 17:06:21;3.4;
10.01.2025 17:06:22;3.39;
10.01.2025 17:06:23;3.39;
10.01.2025 17:06:24;3.4;
10.01.2025 17:06:25;3.38;
10.01.2025 17:06:26;3.39;
10.01.2025 17:06:27;3.4;
10.01.2025 17:06:28;3.4;
10.01.2025 17:06:29;3.39;
10.01.2025 17:06:30;3.39;
10.01.2025 17:06:31;3.4;
10.01.2025 17:06:32;3.4;
10.01.2025 17:06:33;3.39;
10.01.2025 17:06:34;3.4;
10.01.2025 17:06:35;3.39;
10.01.2025 17:06:38;3.39;
10.01.2025 17:06:39;3.4;
10.01.2025 17:06:40;3.39;
10.01.2025 17:06:41;3.4;
10.01.2025 17:06:42;3.38;
10.01.2025 17:06:43;3.39;
10.01.2025 17:06:44;3.39;
10.01.2025 17:06:45;3.4;
10.01.2025 17:06:46;3.39;
10.01.2025 17:06:49;3.39;
10.01.2025 17:06:50;3.38;
10.01.2025 17:06:51;3.39;
10.01.2025 17:06:52;3.39;
10.01.2025 17:06:53;3.4;
10.01.2025 17:06:54;3.39;
10.01.2025 17:06:56;3.39;
10.01.2025 17:06:57;3.4;
10.01.2025 17:06:58;3.4;
10.01.2025 17:06:59;3.39;
10.01.2025 17:07:06;3.39;
10.01.2025 17:07:07;3.38;
10.01.2025 17:07:08;3.39;
10.01.2025 17:07:10;3.39;
10.01.2025 17:07:11;3.4;
10.01.2025 17:07:12;3.38;
10.01.2025 17:07:13;3.39;
10.01.2025 17:07:16;3.39;
10.01.2025 17:07:17;3.4;
10.01.2025 17:07:18;3.39;
10.01.2025 17:07:20;3.39;
10.01.2025 17:07:21;3.38;
10.01.2025 17:07:22;3.39;
10.01.2025 17:07:23;3.4;
10.01.2025 17:07:24;3.39;
10.01.2025 17:07:25;3.39;
10.01.2025 17:07:26;3.38;
10.01.2025 17:07:27;3.39;
10.01.2025 17:07:31;3.39;
10.01.2025 17:07:32;3.4;
10.01.2025 17:07:33;3.39;
10.01.2025 17:07:35;3.39;
10.01.2025 17:07:36;3.4;
10.01.2025 17:07:37;3.39;
10.01.2025 17:07:38;3.4;
10.01.2025 17:07:39;3.39;
10.01.2025 17:07:41;3.39;
10.01.2025 17:07:42;3.4;
10.01.2025 17:07:43;3.39;
10.01.2025 17:07:44;3.39;
10.01.2025 17:07:45;3.4;
10.01.2025 17:07:46;3.39;
10.01.2025 17:07:47;3.39;
10.01.2025 17:07:48;3.38;
10.01.2025 17:07:49;3.39;
10.01.2025 17:07:50;3.38;
10.01.2025 17:07:52;3.38;
10.01.2025 17:07:53;3.39;
10.01.2025 17:07:54;3.4;
10.01.2025 17:07:55;3.39;
10.01.2025 17:07:56;3.39;
10.01.2025 17:07:57;3.38;
10.01.2025 17:07:58;3.39;
10.01.2025 17:08:03;3.39;
10.01.2025 17:08:04;3.4;
10.01.2025 17:08:05;3.39;
10.01.2025 17:08:06;3.38;
10.01.2025 17:08:07;3.39;
10.01.2025 17:08:19;3.39;
10.01.2025 17:08:20;3.38;
10.01.2025 17:08:21;3.39;
10.01.2025 17:08:26;3.39;
10.01.2025 17:08:27;3.4;
10.01.2025 17:08:28;3.39;
10.01.2025 17:08:29;3.4;
10.01.2025 17:08:30;3.39;
10.01.2025 17:08:31;3.39;
10.01.2025 17:08:32;3.38;
10.01.2025 17:08:33;3.39;
10.01.2025 17:08:35;3.39;
10.01.2025 17:08:36;3.4;
10.01.2025 17:08:37;3.4;
10.01.2025 17:08:38;3.39;
10.01.2025 17:08:44;3.39;
10.01.2025 17:08:45;3.38;
10.01.2025 17:08:46;3.4;
10.01.2025 17:08:47;3.39;
10.01.2025 17:08:48;3.4;
10.01.2025 17:08:49;3.39;
10.01.2025 17:08:50;3.4;
10.01.2025 17:08:51;3.39;
10.01.2025 17:08:54;3.39;
10.01.2025 17:08:55;3.4;
10.01.2025 17:08:56;3.39;
10.01.2025 17:09:05;3.39;
10.01.2025 17:09:06;3.38;
10.01.2025 17:09:07;3.39;
10.01.2025 17:09:08;3.39;
10.01.2025 17:09:09;3.4;
10.01.2025 17:09:10;3.39;
10.01.2025 17:09:11;3.39;
10.01.2025 17:09:12;3.38;
10.01.2025 17:09:13;3.39;
10.01.2025 17:09:14;3.39;
10.01.2025 17:09:15;3.38;
10.01.2025 17:09:16;3.39;
10.01.2025 17:09:17;3.38;
10.01.2025 17:09:18;3.39;
10.01.2025 17:09:20;3.39;
10.01.2025 17:09:21;3.4;
10.01.2025 17:09:22;3.4;
10.01.2025 17:09:23;3.39;
10.01.2025 17:09:36;3.39;
10.01.2025 17:09:37;3.4;
10.01.2025 17:09:40;3.4;
10.01.2025 17:09:41;3.39;
10.01.2025 17:09:42;3.4;
10.01.2025 17:09:43;3.39;
10.01.2025 17:09:50;3.39;
10.01.2025 17:09:51;3.4;
10.01.2025 17:09:52;3.39;
10.01.2025 17:09:53;3.4;
10.01.2025 17:09:54;3.39;
10.01.2025 17:09:55;3.4;
10.01.2025 17:09:56;3.39;
10.01.2025 17:09:57;3.4;
10.01.2025 17:09:58;3.39;
10.01.2025 17:09:59;3.4;
10.01.2025 17:10:00;3.39;
10.01.2025 17:10:01;3.4;
10.01.2025 17:10:02;3.39;
10.01.2025 17:10:16;3.39;
10.01.2025 17:10:17;3.4;
10.01.2025 17:10:18;3.39;
10.01.2025 17:10:20;3.39;
10.01.2025 17:10:21;3.4;
10.01.2025 17:10:22;3.38;
10.01.2025 17:10:23;3.39;
10.01.2025 17:10:24;3.4;
10.01.2025 17:10:25;3.39;
10.01.2025 17:10:26;3.38;
10.01.2025 17:10:27;3.39;
10.01.2025 17:10:31;3.39;
10.01.2025 17:10:32;3.4;
10.01.2025 17:10:33;3.39;
10.01.2025 17:10:35;3.39;
10.01.2025 17:10:36;3.4;
10.01.2025 17:10:37;3.39;
10.01.2025 17:10:41;3.39;
10.01.2025 17:10:42;3.4;
10.01.2025 17:10:44;3.4;
10.01.2025 17:10:45;3.39;
10.01.2025 17:10:46;3.4;
10.01.2025 17:10:55;3.4;
10.01.2025 17:10:56;3.39;
10.01.2025 17:10:57;3.39;
10.01.2025 17:10:58;3.4;
10.01.2025 17:10:59;3.39;
10.01.2025 17:11:01;3.39;
10.01.2025 17:11:02;3.4;
10.01.2025 17:11:03;3.39;
10.01.2025 17:11:06;3.39;
10.01.2025 17:11:07;3.4;
10.01.2025 17:11:08;3.39;
10.01.2025 17:11:11;3.39;
10.01.2025 17:11:12;3.38;
10.01.2025 17:11:13;3.39;
10.01.2025 17:11:16;3.39;
10.01.2025 17:11:17;3.37;
10.01.2025 17:11:18;3.39;
10.01.2025 17:11:19;3.39;
10.01.2025 17:11:20;3.4;
10.01.2025 17:11:21;3.39;
10.01.2025 17:11:22;3.39;
10.01.2025 17:11:23;3.4;
10.01.2025 17:11:24;3.4;
10.01.2025 17:11:25;3.39;
10.01.2025 17:11:26;3.39;
10.01.2025 17:11:27;3.4;
10.01.2025 17:11:28;3.39;
10.01.2025 17:11:31;3.39;
10.01.2025 17:11:32;3.4;
10.01.2025 17:11:33;3.39;
10.01.2025 17:11:38;3.39;
10.01.2025 17:11:39;3.4;
10.01.2025 17:11:40;3.39;
10.01.2025 17:11:42;3.39;
10.01.2025 17:11:43;3.4;
10.01.2025 17:11:44;3.39;
10.01.2025 17:11:47;3.39;
10.01.2025 17:11:48;3.4;
10.01.2025 17:11:49;3.39;
10.01.2025 17:11:50;3.39;
10.01.2025 17:11:51;3.4;
10.01.2025 17:11:52;3.39;
10.01.2025 17:11:53;3.39;
10.01.2025 17:11:54;3.4;
10.01.2025 17:11:55;3.39;
10.01.2025 17:11:58;3.39;
10.01.2025 17:11:59;3.4;
10.01.2025 17:12:00;3.39;
10.01.2025 17:12:05;3.39;
10.01.2025 17:12:06;3.38;
10.01.2025 17:12:07;3.39;
10.01.2025 17:12:10;3.39;
10.01.2025 17:12:11;3.38;
10.01.2025 17:12:12;3.39;
10.01.2025 17:12:13;3.39;
10.01.2025 17:12:14;3.38;
10.01.2025 17:12:15;3.39;
10.01.2025 17:12:16;3.39;
10.01.2025 17:12:17;3.4;
10.01.2025 17:12:18;3.39;
10.01.2025 17:12:19;3.4;
10.01.2025 17:12:20;3.39;
10.01.2025 17:12:21;3.4;
10.01.2025 17:12:22;3.39;
10.01.2025 17:12:23;3.39;
10.01.2025 17:12:24;3.38;
10.01.2025 17:12:25;3.39;
10.01.2025 17:12:27;3.39;
10.01.2025 17:12:28;3.38;
10.01.2025 17:12:29;3.39;
10.01.2025 17:12:38;3.39;
10.01.2025 17:12:39;3.4;
10.01.2025 17:12:40;3.39;
10.01.2025 17:12:45;3.39;
10.01.2025 17:12:46;3.38;
10.01.2025 17:12:49;3.38;
10.01.2025 17:12:50;3.39;
10.01.2025 17:12:51;3.38;
10.01.2025 17:12:52;3.39;
10.01.2025 17:12:53;3.39;
10.01.2025 17:12:54;3.4;
10.01.2025 17:12:55;3.39;
10.01.2025 17:12:59;3.39;
10.01.2025 17:13:00;3.4;
10.01.2025 17:13:01;3.39;
10.01.2025 17:13:09;3.39;
10.01.2025 17:13:10;3.4;
10.01.2025 17:13:11;3.39;
10.01.2025 17:13:17;3.39;
10.01.2025 17:13:18;3.4;
10.01.2025 17:13:19;3.39;
10.01.2025 17:13:22;3.39;
10.01.2025 17:13:23;3.38;
10.01.2025 17:13:24;3.39;
10.01.2025 17:13:25;3.38;
10.01.2025 17:13:26;3.39;
10.01.2025 17:13:35;3.39;
10.01.2025 17:13:36;3.38;
10.01.2025 17:13:37;3.39;
10.01.2025 17:13:52;3.39;
10.01.2025 17:13:53;3.4;
10.01.2025 17:13:54;3.39;
10.01.2025 17:13:56;3.39;
10.01.2025 17:13:57;3.4;
10.01.2025 17:13:58;3.39;
10.01.2025 17:14:04;3.39;
10.01.2025 17:14:05;3.38;
10.01.2025 17:14:06;3.39;
10.01.2025 17:14:07;3.4;
10.01.2025 17:14:08;3.39;
10.01.2025 17:14:09;3.39;
10.01.2025 17:14:10;3.4;
10.01.2025 17:14:11;3.39;
10.01.2025 17:14:12;3.38;
10.01.2025 17:14:13;3.38;
10.01.2025 17:14:14;3.39;
10.01.2025 17:14:17;3.39;
10.01.2025 17:14:18;3.38;
10.01.2025 17:14:19;3.39;
10.01.2025 17:14:22;3.39;
10.01.2025 17:14:23;3.4;
10.01.2025 17:14:24;3.4;
10.01.2025 17:14:25;3.39;
10.01.2025 17:14:26;3.39;
10.01.2025 17:14:27;3.4;
10.01.2025 17:14:28;3.39;
10.01.2025 17:14:31;3.39;
10.01.2025 17:14:32;3.38;
10.01.2025 17:14:33;3.39;
10.01.2025 17:14:34;3.4;
10.01.2025 17:14:35;3.39;
10.01.2025 17:14:36;3.4;
10.01.2025 17:14:37;3.39;
10.01.2025 17:14:38;3.4;
10.01.2025 17:14:39;3.39;
10.01.2025 17:14:43;3.39;
10.01.2025 17:14:44;3.38;
10.01.2025 17:14:45;3.39;
10.01.2025 17:14:49;3.39;
10.01.2025 17:14:50;3.4;
10.01.2025 17:14:51;3.4;
10.01.2025 17:14:52;3.39;
10.01.2025 17:14:53;3.4;
10.01.2025 17:14:54;3.39;
10.01.2025 17:14:56;3.39;
10.01.2025 17:14:57;3.38;
10.01.2025 17:14:58;3.39;
10.01.2025 17:14:59;3.4;
10.01.2025 17:15:00;3.39;
10.01.2025 17:15:01;3.4;
10.01.2025 17:15:02;3.39;
10.01.2025 17:15:07;3.39;
10.01.2025 17:15:08;3.38;
10.01.2025 17:15:09;3.39;
10.01.2025 17:15:12;3.39;
10.01.2025 17:15:13;3.4;
10.01.2025 17:15:14;3.39;
10.01.2025 17:15:15;3.38;
10.01.2025 17:15:16;3.38;
10.01.2025 17:15:17;3.4;
10.01.2025 17:15:18;3.39;
10.01.2025 17:15:19;3.4;
10.01.2025 17:15:20;3.39;
10.01.2025 17:15:21;3.39;
10.01.2025 17:15:22;3.4;
10.01.2025 17:15:23;3.39;
10.01.2025 17:15:24;3.39;
10.01.2025 17:15:25;3.4;
10.01.2025 17:15:26;3.39;
10.01.2025 17:15:27;3.4;
10.01.2025 17:15:28;3.4;
10.01.2025 17:15:29;3.39;
10.01.2025 17:15:32;3.39;
10.01.2025 17:15:33;3.4;
10.01.2025 17:15:34;3.39;
10.01.2025 17:15:35;3.4;
10.01.2025 17:15:36;3.38;
10.01.2025 17:15:37;3.39;
10.01.2025 17:15:40;3.39;
10.01.2025 17:15:41;3.38;
10.01.2025 17:15:42;3.39;
10.01.2025 17:15:43;3.38;
10.01.2025 17:15:44;3.39;
10.01.2025 17:15:45;3.4;
10.01.2025 17:15:46;3.39;
10.01.2025 17:15:47;3.4;
10.01.2025 17:15:48;3.38;
10.01.2025 17:15:49;3.38;
10.01.2025 17:15:50;3.39;
10.01.2025 17:15:51;3.4;
10.01.2025 17:15:52;3.39;
10.01.2025 17:15:54;3.39;
10.01.2025 17:15:55;3.4;
10.01.2025 17:15:58;3.4;
10.01.2025 17:15:59;3.39;
10.01.2025 17:16:02;3.39;
10.01.2025 17:16:03;3.4;
10.01.2025 17:16:05;3.4;
10.01.2025 17:16:06;3.39;
10.01.2025 17:16:07;3.4;
10.01.2025 17:16:08;3.39;
10.01.2025 17:16:09;3.4;
10.01.2025 17:16:10;3.4;
10.01.2025 17:16:11;3.39;
10.01.2025 17:16:18;3.39;
10.01.2025 17:16:19;3.4;
10.01.2025 17:16:20;3.39;
10.01.2025 17:16:23;3.39;
10.01.2025 17:16:24;3.38;
10.01.2025 17:16:25;3.4;
10.01.2025 17:16:26;3.39;
10.01.2025 17:16:35;3.39;
10.01.2025 17:16:36;3.4;
10.01.2025 17:16:37;3.39;
10.01.2025 17:16:38;3.38;
10.01.2025 17:16:39;3.39;
10.01.2025 17:16:40;3.39;
10.01.2025 17:16:41;3.38;
10.01.2025 17:16:42;3.39;
10.01.2025 17:16:43;3.39;
10.01.2025 17:16:44;3.4;
10.01.2025 17:16:45;3.38;
10.01.2025 17:16:46;3.39;
10.01.2025 17:16:52;3.39;
10.01.2025 17:16:53;3.4;
10.01.2025 17:16:54;3.39;
10.01.2025 17:16:55;3.39;
10.01.2025 17:16:56;3.38;
10.01.2025 17:16:57;3.39;
10.01.2025 17:17:04;3.39;
10.01.2025 17:17:05;3.4;
10.01.2025 17:17:06;3.39;
10.01.2025 17:17:10;3.39;
10.01.2025 17:17:11;3.38;
10.01.2025 17:17:12;3.4;
10.01.2025 17:17:13;3.4;
10.01.2025 17:17:14;3.39;
10.01.2025 17:17:15;3.38;
10.01.2025 17:17:16;3.39;
10.01.2025 17:17:18;3.39;
10.01.2025 17:17:19;3.4;
10.01.2025 17:17:21;3.4;
10.01.2025 17:17:22;3.39;
10.01.2025 17:17:26;3.39;
10.01.2025 17:17:27;3.4;
10.01.2025 17:17:28;3.39;
10.01.2025 17:17:30;3.39;
10.01.2025 17:17:31;3.4;
10.01.2025 17:17:32;3.39;
10.01.2025 17:17:34;3.39;
10.01.2025 17:17:35;3.38;
10.01.2025 17:17:36;3.4;
10.01.2025 17:17:37;3.4;
10.01.2025 17:17:38;3.39;
10.01.2025 17:17:39;3.4;
10.01.2025 17:17:40;3.39;
10.01.2025 17:17:41;3.38;
10.01.2025 17:17:42;3.39;
10.01.2025 17:17:43;3.4;
10.01.2025 17:17:44;3.39;
10.01.2025 17:17:47;3.39;
10.01.2025 17:17:48;3.4;
10.01.2025 17:17:49;3.39;
10.01.2025 17:17:52;3.39;
10.01.2025 17:17:53;3.4;
10.01.2025 17:17:54;3.4;
10.01.2025 17:17:55;3.39;
10.01.2025 17:17:56;3.39;
10.01.2025 17:17:57;3.4;
10.01.2025 17:17:58;3.39;
10.01.2025 17:18:00;3.39;
10.01.2025 17:18:01;3.4;
10.01.2025 17:18:02;3.39;
10.01.2025 17:18:03;3.38;
10.01.2025 17:18:04;3.39;
10.01.2025 17:18:08;3.39;
10.01.2025 17:18:09;3.4;
10.01.2025 17:18:10;3.39;
10.01.2025 17:18:19;3.39;
10.01.2025 17:18:20;3.4;
10.01.2025 17:18:21;3.39;
10.01.2025 17:18:22;3.39;
10.01.2025 17:18:23;3.4;
10.01.2025 17:18:24;3.4;
10.01.2025 17:18:25;3.39;
10.01.2025 17:18:26;3.39;
10.01.2025 17:18:27;3.4;
10.01.2025 17:18:28;3.39;
10.01.2025 17:18:29;3.4;
10.01.2025 17:18:32;3.4;
10.01.2025 17:18:33;3.38;
10.01.2025 17:18:34;3.39;
10.01.2025 17:18:43;3.39;
10.01.2025 17:18:44;3.4;
10.01.2025 17:18:45;3.39;
10.01.2025 17:18:47;3.39;
10.01.2025 17:18:48;3.4;
10.01.2025 17:18:49;3.39;
10.01.2025 17:18:53;3.39;
10.01.2025 17:18:54;3.4;
10.01.2025 17:18:55;3.39;
10.01.2025 17:19:00;3.39;
10.01.2025 17:19:01;3.4;
10.01.2025 17:19:02;3.39;
10.01.2025 17:19:03;3.4;
10.01.2025 17:19:04;3.39;
10.01.2025 17:19:07;3.39;
10.01.2025 17:19:08;3.4;
10.01.2025 17:19:09;3.39;
10.01.2025 17:19:10;3.4;
10.01.2025 17:19:11;3.39;
10.01.2025 17:19:18;3.39;
10.01.2025 17:19:19;3.4;
10.01.2025 17:19:20;3.39;
10.01.2025 17:19:26;3.39;
10.01.2025 17:19:27;3.4;
10.01.2025 17:19:31;3.4;
10.01.2025 17:19:32;3.39;
10.01.2025 17:19:33;3.38;
10.01.2025 17:19:34;3.39;
10.01.2025 17:19:40;3.39;
10.01.2025 17:19:41;3.4;
10.01.2025 17:19:42;3.39;
10.01.2025 17:19:43;3.39;
10.01.2025 17:19:44;3.38;
10.01.2025 17:19:45;3.39;
10.01.2025 17:19:46;3.39;
10.01.2025 17:19:47;3.4;
10.01.2025 17:19:48;3.39;
10.01.2025 17:19:49;3.38;
10.01.2025 17:19:50;3.39;
10.01.2025 17:19:58;3.39;
10.01.2025 17:19:59;3.4;
10.01.2025 17:20:00;3.39;
10.01.2025 17:20:06;3.39;
10.01.2025 17:20:07;3.4;
10.01.2025 17:20:08;3.39;
10.01.2025 17:20:09;3.4;
10.01.2025 17:20:10;3.39;
10.01.2025 17:20:14;3.39;
10.01.2025 17:20:15;3.4;
10.01.2025 17:20:16;3.39;
10.01.2025 17:20:17;3.4;
10.01.2025 17:20:18;3.39;
10.01.2025 17:20:22;3.39;
10.01.2025 17:20:23;3.4;
10.01.2025 17:20:24;3.4;
10.01.2025 17:20:25;3.39;
10.01.2025 17:20:29;3.39;
10.01.2025 17:20:30;3.4;
10.01.2025 17:20:31;3.4;
10.01.2025 17:20:32;3.39;
10.01.2025 17:20:33;3.38;
10.01.2025 17:20:34;3.39;
10.01.2025 17:20:35;3.4;
10.01.2025 17:20:36;3.39;
10.01.2025 17:20:38;3.39;
10.01.2025 17:20:39;3.41;
10.01.2025 17:20:40;3.4;
10.01.2025 17:20:42;3.4;
10.01.2025 17:20:43;3.39;
10.01.2025 17:20:47;3.39;
10.01.2025 17:20:48;3.4;
10.01.2025 17:20:49;3.39;
10.01.2025 17:20:50;3.39;
10.01.2025 17:20:51;3.4;
10.01.2025 17:20:52;3.39;
10.01.2025 17:20:56;3.39;
10.01.2025 17:20:57;3.4;
10.01.2025 17:20:58;3.39;
10.01.2025 17:21:02;3.39;
10.01.2025 17:21:03;3.4;
10.01.2025 17:21:04;3.39;
10.01.2025 17:21:05;3.4;
10.01.2025 17:21:06;3.4;
10.01.2025 17:21:07;3.39;
10.01.2025 17:21:08;3.39;
10.01.2025 17:21:09;3.4;
10.01.2025 17:21:10;3.39;
10.01.2025 17:21:11;3.39;
10.01.2025 17:21:12;3.4;
10.01.2025 17:21:13;3.39;
10.01.2025 17:21:14;3.4;
10.01.2025 17:21:15;3.4;
10.01.2025 17:21:16;3.39;
10.01.2025 17:21:17;3.39;
10.01.2025 17:21:18;3.4;
10.01.2025 17:21:19;3.38;
10.01.2025 17:21:20;3.39;
10.01.2025 17:21:21;3.4;
10.01.2025 17:21:22;3.39;
10.01.2025 17:21:23;3.4;
10.01.2025 17:21:24;3.39;
10.01.2025 17:21:26;3.39;
10.01.2025 17:21:27;3.4;
10.01.2025 17:21:28;3.39;
10.01.2025 17:21:35;3.39;
10.01.2025 17:21:36;3.4;
10.01.2025 17:21:37;3.39;
10.01.2025 17:21:40;3.39;
10.01.2025 17:21:41;3.4;
10.01.2025 17:21:42;3.4;
10.01.2025 17:21:43;3.39;
10.01.2025 17:21:45;3.39;
10.01.2025 17:21:46;3.4;
10.01.2025 17:21:47;3.4;
10.01.2025 17:21:48;3.39;
10.01.2025 17:21:49;3.41;
10.01.2025 17:21:50;3.39;
10.01.2025 17:21:56;3.39;
10.01.2025 17:21:57;3.38;
10.01.2025 17:21:58;3.39;
10.01.2025 17:21:59;3.39;
10.01.2025 17:22:00;3.38;
10.01.2025 17:22:01;3.39;
10.01.2025 17:22:08;3.39;
10.01.2025 17:22:09;3.4;
10.01.2025 17:22:10;3.39;
10.01.2025 17:22:11;3.39;
10.01.2025 17:22:12;3.4;
10.01.2025 17:22:13;3.39;
10.01.2025 17:22:19;3.39;
10.01.2025 17:22:20;3.4;
10.01.2025 17:22:21;3.39;
10.01.2025 17:22:23;3.39;
10.01.2025 17:22:24;3.4;
10.01.2025 17:22:25;3.39;
10.01.2025 17:22:27;3.39;
10.01.2025 17:22:28;3.4;
10.01.2025 17:22:29;3.39;
10.01.2025 17:22:38;3.39;
10.01.2025 17:22:39;3.4;
10.01.2025 17:22:40;3.39;
10.01.2025 17:22:41;3.39;
10.01.2025 17:22:42;3.4;
10.01.2025 17:22:43;3.39;
10.01.2025 17:22:44;3.39;
10.01.2025 17:22:45;3.4;
10.01.2025 17:22:46;3.39;
10.01.2025 17:22:47;3.4;
10.01.2025 17:22:48;3.4;
10.01.2025 17:22:49;3.39;
10.01.2025 17:22:50;3.4;
10.01.2025 17:22:52;3.4;
10.01.2025 17:22:53;3.39;
10.01.2025 17:22:54;3.39;
10.01.2025 17:22:55;3.4;
10.01.2025 17:22:56;3.39;
10.01.2025 17:23:04;3.39;
10.01.2025 17:23:05;3.4;
10.01.2025 17:23:06;3.39;
10.01.2025 17:23:09;3.39;
10.01.2025 17:23:10;3.38;
10.01.2025 17:23:11;3.39;
10.01.2025 17:23:11;3.38;
10.01.2025 17:23:13;3.39;
10.01.2025 17:23:14;3.39;
10.01.2025 17:23:15;3.4;
10.01.2025 17:23:16;3.39;
10.01.2025 17:23:20;3.39;
10.01.2025 17:23:21;3.4;
10.01.2025 17:23:22;3.39;
10.01.2025 17:23:25;3.39;
10.01.2025 17:23:26;3.4;
10.01.2025 17:23:27;3.38;
10.01.2025 17:23:28;3.4;
10.01.2025 17:23:29;3.39;
10.01.2025 17:23:30;3.4;
10.01.2025 17:23:31;3.39;
10.01.2025 17:23:32;3.39;
10.01.2025 17:23:33;3.38;
10.01.2025 17:23:34;3.39;
10.01.2025 17:23:35;3.38;
10.01.2025 17:23:36;3.39;
10.01.2025 17:23:40;3.39;
10.01.2025 17:23:41;3.4;
10.01.2025 17:23:42;3.39;
10.01.2025 17:23:43;3.39;
10.01.2025 17:23:44;3.4;
10.01.2025 17:23:45;3.39;
10.01.2025 17:23:49;3.39;
10.01.2025 17:23:50;3.4;
10.01.2025 17:23:51;3.39;
10.01.2025 17:23:57;3.39;
10.01.2025 17:23:58;3.4;
10.01.2025 17:23:59;3.39;
10.01.2025 17:24:00;3.4;
10.01.2025 17:24:01;3.39;
10.01.2025 17:24:02;3.38;
10.01.2025 17:24:03;3.4;
10.01.2025 17:24:04;3.39;
10.01.2025 17:24:06;3.39;
10.01.2025 17:24:07;3.4;
10.01.2025 17:24:08;3.4;
10.01.2025 17:24:09;3.39;
10.01.2025 17:24:12;3.39;
10.01.2025 17:24:13;3.4;
10.01.2025 17:24:14;3.4;
10.01.2025 17:24:15;3.39;
10.01.2025 17:24:16;3.4;
10.01.2025 17:24:17;3.39;
10.01.2025 17:24:19;3.39;
10.01.2025 17:24:20;3.4;
10.01.2025 17:24:21;3.4;
10.01.2025 17:24:22;3.39;
10.01.2025 17:24:28;3.39;
10.01.2025 17:24:29;3.4;
10.01.2025 17:24:30;3.39;
10.01.2025 17:24:31;3.4;
10.01.2025 17:24:32;3.39;
10.01.2025 17:24:35;3.39;
10.01.2025 17:24:36;3.4;
10.01.2025 17:24:37;3.39;
10.01.2025 17:24:41;3.39;
10.01.2025 17:24:42;3.4;
10.01.2025 17:24:43;3.39;
10.01.2025 17:24:49;3.39;
10.01.2025 17:24:50;3.4;
10.01.2025 17:24:51;3.39;
10.01.2025 17:24:52;3.38;
10.01.2025 17:24:53;3.39;
10.01.2025 17:25:00;3.39;
10.01.2025 17:25:01;3.4;
10.01.2025 17:25:02;3.38;
10.01.2025 17:25:03;3.4;
10.01.2025 17:25:04;3.38;
10.01.2025 17:25:05;3.39;
10.01.2025 17:25:11;3.39;
10.01.2025 17:25:12;3.38;
10.01.2025 17:25:13;3.39;
10.01.2025 17:25:15;3.39;
10.01.2025 17:25:16;3.4;
10.01.2025 17:25:17;3.39;
10.01.2025 17:25:28;3.39;
10.01.2025 17:25:29;3.4;
10.01.2025 17:25:30;3.39;
10.01.2025 17:25:33;3.39;
10.01.2025 17:25:34;3.38;
10.01.2025 17:25:35;3.39;
10.01.2025 17:25:47;3.39;
10.01.2025 17:25:48;3.4;
10.01.2025 17:25:49;3.39;
10.01.2025 17:25:56;3.39;
10.01.2025 17:25:57;3.4;
10.01.2025 17:25:58;3.39;
10.01.2025 17:25:59;3.4;
10.01.2025 17:26:00;3.39;
10.01.2025 17:26:02;3.39;
10.01.2025 17:26:03;3.4;
10.01.2025 17:26:04;3.4;
10.01.2025 17:26:05;3.39;
10.01.2025 17:26:06;3.4;
10.01.2025 17:26:08;3.4;
10.01.2025 17:26:09;3.39;
10.01.2025 17:26:10;3.4;
10.01.2025 17:26:12;3.4;
10.01.2025 17:26:13;3.39;
10.01.2025 17:26:14;3.39;
10.01.2025 17:26:15;3.4;
10.01.2025 17:26:16;3.39;
10.01.2025 17:26:18;3.39;
10.01.2025 17:26:19;3.4;
10.01.2025 17:26:22;3.4;
10.01.2025 17:26:23;3.39;
10.01.2025 17:26:24;3.39;
10.01.2025 17:26:25;3.4;
10.01.2025 17:26:26;3.4;
10.01.2025 17:26:27;3.39;
10.01.2025 17:26:28;3.4;
10.01.2025 17:26:29;3.39;
10.01.2025 17:26:33;3.39;
10.01.2025 17:26:34;3.4;
10.01.2025 17:26:35;3.39;
10.01.2025 17:26:38;3.39;
10.01.2025 17:26:39;3.4;
10.01.2025 17:26:40;3.39;
10.01.2025 17:26:41;3.4;
10.01.2025 17:26:42;3.39;
10.01.2025 17:26:47;3.39;
10.01.2025 17:26:48;3.4;
10.01.2025 17:26:51;3.4;
10.01.2025 17:26:52;3.39;
10.01.2025 17:26:53;3.39;
10.01.2025 17:26:54;3.4;
10.01.2025 17:26:55;3.4;
10.01.2025 17:26:56;3.39;
10.01.2025 17:27:03;3.39;
10.01.2025 17:27:04;3.4;
10.01.2025 17:27:05;3.39;
10.01.2025 17:27:07;3.39;
10.01.2025 17:27:08;3.39;
10.01.2025 17:27:09;3.39;
10.01.2025 17:27:10;3.4;
10.01.2025 17:27:11;3.39;
10.01.2025 17:27:12;3.4;
10.01.2025 17:27:13;3.39;
10.01.2025 17:27:17;3.39;
10.01.2025 17:27:18;3.38;
10.01.2025 17:27:19;3.38;
10.01.2025 17:27:20;3.39;
10.01.2025 17:27:21;3.4;
10.01.2025 17:27:22;3.39;
10.01.2025 17:27:23;3.39;
10.01.2025 17:27:24;3.4;
10.01.2025 17:27:25;3.39;
10.01.2025 17:27:27;3.39;
10.01.2025 17:27:28;3.4;
10.01.2025 17:27:29;3.4;
10.01.2025 17:27:30;3.39;
10.01.2025 17:27:31;3.4;
10.01.2025 17:27:32;3.4;
10.01.2025 17:27:33;3.39;
10.01.2025 17:27:40;3.39;
10.01.2025 17:27:41;3.4;
10.01.2025 17:27:42;3.39;
10.01.2025 17:27:43;3.39;
10.01.2025 17:27:44;3.4;
10.01.2025 17:27:46;3.4;
10.01.2025 17:27:47;3.39;
10.01.2025 17:27:50;3.39;
10.01.2025 17:27:51;3.4;
10.01.2025 17:27:52;3.39;
10.01.2025 17:27:53;3.39;
10.01.2025 17:27:54;3.41;
10.01.2025 17:27:55;3.39;
10.01.2025 17:27:56;3.4;
10.01.2025 17:27:58;3.4;
10.01.2025 17:27:59;3.39;
10.01.2025 17:28:00;3.39;
10.01.2025 17:28:01;3.4;
10.01.2025 17:28:02;3.39;
10.01.2025 17:28:03;3.41;
10.01.2025 17:28:04;3.39;
10.01.2025 17:28:05;3.4;
10.01.2025 17:28:15;3.4;
10.01.2025 17:28:16;3.39;
10.01.2025 17:28:17;3.4;
10.01.2025 17:28:19;3.4;
10.01.2025 17:28:20;3.39;
10.01.2025 17:28:21;3.39;
10.01.2025 17:28:22;3.4;
10.01.2025 17:28:23;3.4;
10.01.2025 17:28:24;3.39;
10.01.2025 17:28:28;3.39;
10.01.2025 17:28:29;3.4;
10.01.2025 17:28:32;3.4;
10.01.2025 17:28:33;3.39;
10.01.2025 17:28:34;3.4;
10.01.2025 17:28:36;3.4;
10.01.2025 17:28:37;3.39;
10.01.2025 17:28:38;3.39;
10.01.2025 17:28:39;3.4;
10.01.2025 17:28:40;3.39;
10.01.2025 17:28:41;3.39;
10.01.2025 17:28:42;3.4;
10.01.2025 17:28:43;3.39;
10.01.2025 17:28:45;3.39;
10.01.2025 17:28:46;3.4;
10.01.2025 17:28:47;3.39;
10.01.2025 17:28:48;3.4;
10.01.2025 17:28:53;3.4;
10.01.2025 17:28:54;3.39;
10.01.2025 17:28:55;3.4;
10.01.2025 17:28:56;3.39;
10.01.2025 17:28:57;3.39;
10.01.2025 17:28:58;3.4;
10.01.2025 17:28:59;3.39;
10.01.2025 17:29:00;3.4;
10.01.2025 17:29:01;3.4;
10.01.2025 17:29:02;3.39;
10.01.2025 17:29:03;3.4;
10.01.2025 17:29:04;3.39;
10.01.2025 17:29:05;3.39;
10.01.2025 17:29:06;3.4;
10.01.2025 17:29:07;3.39;
10.01.2025 17:29:09;3.39;
10.01.2025 17:29:10;3.4;
10.01.2025 17:29:11;3.39;
10.01.2025 17:29:12;3.4;
10.01.2025 17:29:14;3.4;
10.01.2025 17:29:15;3.39;
10.01.2025 17:29:16;3.38;
10.01.2025 17:29:17;3.39;
10.01.2025 17:29:19;3.39;
10.01.2025 17:29:20;3.4;
10.01.2025 17:29:21;3.39;
10.01.2025 17:29:31;3.39;
10.01.2025 17:29:32;3.4;
10.01.2025 17:29:36;3.4;
10.01.2025 17:29:37;3.39;
10.01.2025 17:29:39;3.39;
10.01.2025 17:29:40;3.4;
10.01.2025 17:29:41;3.39;
10.01.2025 17:29:42;3.39;
10.01.2025 17:29:43;3.4;
10.01.2025 17:29:44;3.4;
10.01.2025 17:29:45;3.39;
10.01.2025 17:29:46;3.39;
10.01.2025 17:29:47;3.4;
10.01.2025 17:29:48;3.4;
10.01.2025 17:29:49;3.39;
10.01.2025 17:29:50;3.39;
10.01.2025 17:29:51;3.4;
10.01.2025 17:29:52;3.39;
10.01.2025 17:29:53;3.4;
10.01.2025 17:29:54;3.4;
10.01.2025 17:29:55;3.39;
10.01.2025 17:29:56;3.39;
10.01.2025 17:29:57;3.4;
10.01.2025 17:29:58;3.39;
10.01.2025 17:29:59;3.4;
10.01.2025 17:30:00;3.4;
10.01.2025 17:30:01;3.39;
10.01.2025 17:30:02;3.39;
10.01.2025 17:30:03;3.4;
10.01.2025 17:30:04;3.39;
10.01.2025 17:30:05;3.4;
10.01.2025 17:30:06;3.4;
10.01.2025 17:30:07;3.39;
10.01.2025 17:30:10;3.39;
10.01.2025 17:30:11;3.4;
10.01.2025 17:30:17;3.4;
10.01.2025 17:30:18;3.39;
10.01.2025 17:30:19;3.4;
10.01.2025 17:30:20;3.39;
10.01.2025 17:30:23;3.39;
10.01.2025 17:30:24;3.4;
10.01.2025 17:30:25;3.39;
10.01.2025 17:30:26;3.39;
10.01.2025 17:30:27;3.38;
10.01.2025 17:30:28;3.4;
10.01.2025 17:30:29;3.39;
10.01.2025 17:30:30;3.4;
10.01.2025 17:30:31;3.39;
10.01.2025 17:30:32;3.4;
10.01.2025 17:30:34;3.4;
10.01.2025 17:30:35;3.39;
10.01.2025 17:30:36;3.4;
10.01.2025 17:30:39;3.4;
10.01.2025 17:30:40;3.39;
10.01.2025 17:30:41;3.39;
10.01.2025 17:30:42;3.4;
10.01.2025 17:30:43;3.4;
10.01.2025 17:30:44;3.41;
10.01.2025 17:30:45;3.4;
10.01.2025 17:30:51;3.4;
10.01.2025 17:30:52;3.39;
10.01.2025 17:30:53;3.4;
10.01.2025 17:30:54;3.4;
10.01.2025 17:30:55;3.39;
10.01.2025 17:30:56;3.4;
10.01.2025 17:30:57;3.39;
10.01.2025 17:30:58;3.39;
10.01.2025 17:30:59;3.4;
10.01.2025 17:31:00;3.39;
10.01.2025 17:31:02;3.39;
10.01.2025 17:31:03;3.4;
10.01.2025 17:31:04;3.4;
10.01.2025 17:31:05;3.41;
10.01.2025 17:31:06;3.39;
10.01.2025 17:31:07;3.4;
10.01.2025 17:31:11;3.4;
10.01.2025 17:31:12;3.39;
10.01.2025 17:31:14;3.39;
10.01.2025 17:31:15;3.4;
10.01.2025 17:31:16;3.39;
10.01.2025 17:31:17;3.4;
10.01.2025 17:31:19;3.4;
10.01.2025 17:31:20;3.39;
10.01.2025 17:31:21;3.4;
10.01.2025 17:31:24;3.4;
10.01.2025 17:31:25;3.39;
10.01.2025 17:31:26;3.39;
10.01.2025 17:31:27;3.4;
10.01.2025 17:31:29;3.4;
10.01.2025 17:31:30;3.39;
10.01.2025 17:31:31;3.39;
10.01.2025 17:31:32;3.4;
10.01.2025 17:31:34;3.4;
10.01.2025 17:31:35;3.39;
10.01.2025 17:31:39;3.39;
10.01.2025 17:31:40;3.4;
10.01.2025 17:31:41;3.4;
10.01.2025 17:31:42;3.39;
10.01.2025 17:31:43;3.4;
10.01.2025 17:31:44;3.39;
10.01.2025 17:31:49;3.39;
10.01.2025 17:31:50;3.4;
10.01.2025 17:31:52;3.4;
10.01.2025 17:31:53;3.39;
10.01.2025 17:31:54;3.4;
10.01.2025 17:31:55;3.39;
10.01.2025 17:31:56;3.4;
10.01.2025 17:31:57;3.4;
10.01.2025 17:31:58;3.39;
10.01.2025 17:31:59;3.4;
10.01.2025 17:32:00;3.4;
10.01.2025 17:32:01;3.39;
10.01.2025 17:32:03;3.39;
10.01.2025 17:32:04;3.4;
10.01.2025 17:32:05;3.39;
10.01.2025 17:32:06;3.4;
10.01.2025 17:32:07;3.39;
10.01.2025 17:32:08;3.4;
10.01.2025 17:32:09;3.4;
10.01.2025 17:32:10;3.39;
10.01.2025 17:32:11;3.4;
10.01.2025 17:32:12;3.39;
10.01.2025 17:32:13;3.4;
10.01.2025 17:32:14;3.4;
10.01.2025 17:32:15;3.39;
10.01.2025 17:32:16;3.4;
10.01.2025 17:32:20;3.4;
10.01.2025 17:32:21;3.39;
10.01.2025 17:32:22;3.4;
10.01.2025 17:32:23;3.4;
10.01.2025 17:32:24;3.39;
10.01.2025 17:32:25;3.4;
10.01.2025 17:32:38;3.4;
10.01.2025 17:32:39;3.39;
10.01.2025 17:32:40;3.39;
10.01.2025 17:32:41;3.4;
10.01.2025 17:32:42;3.4;
10.01.2025 17:32:43;3.39;
10.01.2025 17:32:46;3.39;
10.01.2025 17:32:47;3.4;
10.01.2025 17:32:48;3.39;
10.01.2025 17:32:49;3.39;
10.01.2025 17:32:50;3.4;
10.01.2025 17:32:51;3.4;
10.01.2025 17:32:52;3.39;
10.01.2025 17:32:54;3.39;
10.01.2025 17:32:55;3.4;
10.01.2025 17:32:57;3.4;
10.01.2025 17:32:58;3.39;
10.01.2025 17:32:59;3.4;
10.01.2025 17:33:00;3.39;
10.01.2025 17:33:01;3.39;
10.01.2025 17:33:02;3.4;
10.01.2025 17:33:03;3.4;
10.01.2025 17:33:04;3.39;
10.01.2025 17:33:05;3.4;
10.01.2025 17:33:06;3.39;
10.01.2025 17:33:07;3.4;
10.01.2025 17:33:08;3.39;
10.01.2025 17:33:09;3.39;
10.01.2025 17:33:10;3.4;
10.01.2025 17:33:11;3.38;
10.01.2025 17:33:12;3.4;
10.01.2025 17:33:13;3.4;
10.01.2025 17:33:14;3.39;
10.01.2025 17:33:20;3.39;
10.01.2025 17:33:21;3.4;
10.01.2025 17:33:22;3.39;
10.01.2025 17:33:23;3.38;
10.01.2025 17:33:24;3.39;
10.01.2025 17:33:25;3.4;
10.01.2025 17:33:26;3.4;
10.01.2025 17:33:27;3.39;
10.01.2025 17:33:28;3.38;
10.01.2025 17:33:29;3.39;
10.01.2025 17:33:30;3.4;
10.01.2025 17:33:31;3.39;
10.01.2025 17:33:33;3.39;
10.01.2025 17:33:34;3.4;
10.01.2025 17:33:35;3.39;
10.01.2025 17:33:36;3.4;
10.01.2025 17:33:37;3.39;
10.01.2025 17:33:39;3.39;
10.01.2025 17:33:40;3.4;
10.01.2025 17:33:42;3.4;
10.01.2025 17:33:43;3.38;
10.01.2025 17:33:44;3.4;
10.01.2025 17:33:45;3.39;
10.01.2025 17:33:46;3.39;
10.01.2025 17:33:47;3.38;
10.01.2025 17:33:48;3.4;
10.01.2025 17:33:49;3.4;
10.01.2025 17:33:50;3.39;
10.01.2025 17:33:51;3.38;
10.01.2025 17:33:52;3.39;
10.01.2025 17:33:57;3.39;
10.01.2025 17:33:58;3.4;
10.01.2025 17:33:59;3.39;
10.01.2025 17:34:04;3.39;
10.01.2025 17:34:05;3.4;
10.01.2025 17:34:06;3.39;
10.01.2025 17:34:07;3.4;
10.01.2025 17:34:08;3.39;
10.01.2025 17:34:09;3.4;
10.01.2025 17:34:10;3.39;
10.01.2025 17:34:14;3.39;
10.01.2025 17:34:15;3.38;
10.01.2025 17:34:16;3.4;
10.01.2025 17:34:17;3.39;
10.01.2025 17:34:22;3.39;
10.01.2025 17:34:23;3.4;
10.01.2025 17:34:24;3.38;
10.01.2025 17:34:25;3.39;
10.01.2025 17:34:27;3.39;
10.01.2025 17:34:28;3.4;
10.01.2025 17:34:29;3.38;
10.01.2025 17:34:30;3.39;
10.01.2025 17:34:33;3.39;
10.01.2025 17:34:34;3.4;
10.01.2025 17:34:35;3.39;
10.01.2025 17:34:36;3.39;
10.01.2025 17:34:37;3.4;
10.01.2025 17:34:40;3.4;
10.01.2025 17:34:41;3.39;
10.01.2025 17:34:42;3.4;
10.01.2025 17:34:43;3.39;
10.01.2025 17:34:45;3.39;
10.01.2025 17:34:46;3.4;
10.01.2025 17:34:47;3.4;
10.01.2025 17:34:48;3.39;
10.01.2025 17:34:49;3.39;
10.01.2025 17:34:50;3.4;
10.01.2025 17:34:54;3.4;
10.01.2025 17:34:55;3.39;
10.01.2025 17:34:57;3.39;
10.01.2025 17:34:58;3.4;
10.01.2025 17:35:00;3.4;
10.01.2025 17:35:01;3.39;
10.01.2025 17:35:02;3.39;
10.01.2025 17:35:03;3.4;
10.01.2025 17:35:04;3.38;
10.01.2025 17:35:05;3.4;
10.01.2025 17:35:06;3.39;
10.01.2025 17:35:07;3.39;
10.01.2025 17:35:08;3.4;
10.01.2025 17:35:09;3.39;
10.01.2025 17:35:10;3.38;
10.01.2025 17:35:11;3.39;
10.01.2025 17:35:12;3.4;
10.01.2025 17:35:13;3.4;
10.01.2025 17:35:14;3.39;
10.01.2025 17:35:15;3.4;
10.01.2025 17:35:16;3.4;
10.01.2025 17:35:17;3.39;
10.01.2025 17:35:22;3.39;
10.01.2025 17:35:23;3.4;
10.01.2025 17:35:24;3.39;
10.01.2025 17:35:25;3.39;
10.01.2025 17:35:26;3.4;
10.01.2025 17:35:28;3.4;
10.01.2025 17:35:29;3.39;
10.01.2025 17:35:30;3.4;
10.01.2025 17:35:31;3.39;
10.01.2025 17:35:32;3.39;
10.01.2025 17:35:33;3.4;
10.01.2025 17:35:34;3.4;
10.01.2025 17:35:35;3.39;
10.01.2025 17:35:36;3.39;
10.01.2025 17:35:37;3.4;
10.01.2025 17:35:38;3.4;
10.01.2025 17:35:39;3.39;
10.01.2025 17:35:40;3.39;
10.01.2025 17:35:41;3.4;
10.01.2025 17:35:42;3.39;
10.01.2025 17:35:44;3.39;
10.01.2025 17:35:45;3.4;
10.01.2025 17:35:46;3.4;
10.01.2025 17:35:47;3.39;
10.01.2025 17:35:50;3.39;
10.01.2025 17:35:51;3.4;
10.01.2025 17:35:52;3.39;
10.01.2025 17:35:53;3.4;
10.01.2025 17:35:54;3.39;
10.01.2025 17:35:57;3.39;
10.01.2025 17:35:58;3.4;
10.01.2025 17:35:59;3.39;
10.01.2025 17:36:01;3.39;
10.01.2025 17:36:02;3.4;
10.01.2025 17:36:03;3.39;
10.01.2025 17:36:11;3.39;
10.01.2025 17:36:12;3.38;
10.01.2025 17:36:13;3.39;
10.01.2025 17:36:15;3.39;
10.01.2025 17:36:16;3.38;
10.01.2025 17:36:17;3.39;
10.01.2025 17:36:18;3.39;
10.01.2025 17:36:19;3.38;
10.01.2025 17:36:20;3.39;
10.01.2025 17:36:21;3.38;
10.01.2025 17:36:22;3.4;
10.01.2025 17:36:24;3.4;
10.01.2025 17:36:25;3.39;
10.01.2025 17:36:27;3.39;
10.01.2025 17:36:28;3.4;
10.01.2025 17:36:29;3.4;
10.01.2025 17:36:30;3.39;
10.01.2025 17:36:31;3.39;
10.01.2025 17:36:32;3.4;
10.01.2025 17:36:33;3.39;
10.01.2025 17:36:37;3.39;
10.01.2025 17:36:38;3.4;
10.01.2025 17:36:39;3.39;
10.01.2025 17:36:42;3.39;
10.01.2025 17:36:43;3.4;
10.01.2025 17:36:44;3.39;
10.01.2025 17:36:45;3.4;
10.01.2025 17:36:46;3.39;
10.01.2025 17:36:47;3.4;
10.01.2025 17:36:48;3.4;
10.01.2025 17:36:49;3.39;
10.01.2025 17:36:50;3.39;
10.01.2025 17:36:51;3.4;
10.01.2025 17:36:53;3.4;
10.01.2025 17:36:54;3.39;
10.01.2025 17:36:55;3.4;
10.01.2025 17:37:01;3.4;
10.01.2025 17:37:02;3.38;
10.01.2025 17:37:03;3.39;
10.01.2025 17:37:04;3.4;
10.01.2025 17:37:05;3.4;
10.01.2025 17:37:06;3.39;
10.01.2025 17:37:08;3.39;
10.01.2025 17:37:09;3.4;
10.01.2025 17:37:10;3.39;
10.01.2025 17:37:11;3.39;
10.01.2025 17:37:12;3.4;
10.01.2025 17:37:13;3.39;
10.01.2025 17:37:14;3.4;
10.01.2025 17:37:15;3.4;
10.01.2025 17:37:16;3.39;
10.01.2025 17:37:19;3.39;
10.01.2025 17:37:20;3.4;
10.01.2025 17:37:21;3.38;
10.01.2025 17:37:22;3.38;
10.01.2025 17:37:23;3.39;
10.01.2025 17:37:25;3.39;
10.01.2025 17:37:26;3.38;
10.01.2025 17:37:27;3.39;
10.01.2025 17:37:28;3.4;
10.01.2025 17:37:29;3.39;
10.01.2025 17:37:31;3.39;
10.01.2025 17:37:32;3.4;
10.01.2025 17:37:34;3.4;
10.01.2025 17:37:35;3.39;
10.01.2025 17:37:37;3.39;
10.01.2025 17:37:38;3.38;
10.01.2025 17:37:39;3.39;
10.01.2025 17:37:40;3.38;
10.01.2025 17:37:41;3.39;
10.01.2025 17:37:42;3.4;
10.01.2025 17:37:43;3.39;
10.01.2025 17:37:44;3.39;
10.01.2025 17:37:45;3.4;
10.01.2025 17:37:46;3.4;
10.01.2025 17:37:47;3.39;
10.01.2025 17:37:49;3.39;
10.01.2025 17:37:50;3.4;
10.01.2025 17:37:51;3.39;
10.01.2025 17:37:52;3.4;
10.01.2025 17:37:53;3.39;
10.01.2025 17:37:54;3.39;
10.01.2025 17:37:55;3.4;
10.01.2025 17:37:56;3.39;
10.01.2025 17:37:57;3.4;
10.01.2025 17:37:58;3.39;
10.01.2025 17:38:00;3.39;
10.01.2025 17:38:01;3.38;
10.01.2025 17:38:02;3.39;
10.01.2025 17:38:03;3.4;
10.01.2025 17:38:04;3.39;
10.01.2025 17:38:05;3.39;
10.01.2025 17:38:06;3.4;
10.01.2025 17:38:07;3.39;
10.01.2025 17:38:08;3.4;
10.01.2025 17:38:09;3.39;
10.01.2025 17:38:10;3.4;
10.01.2025 17:38:13;3.4;
10.01.2025 17:38:14;3.39;
10.01.2025 17:38:15;3.39;
10.01.2025 17:38:16;3.4;
10.01.2025 17:38:19;3.4;
10.01.2025 17:38:20;3.39;
10.01.2025 17:38:21;3.4;
10.01.2025 17:38:23;3.4;
10.01.2025 17:38:24;3.39;
10.01.2025 17:38:25;3.4;
10.01.2025 17:38:26;3.4;
10.01.2025 17:38:27;3.39;
10.01.2025 17:38:28;3.4;
10.01.2025 17:38:29;3.4;
10.01.2025 17:38:30;3.39;
10.01.2025 17:38:31;3.39;
10.01.2025 17:38:32;3.4;
10.01.2025 17:38:35;3.4;
10.01.2025 17:38:36;3.38;
10.01.2025 17:38:37;3.4;
10.01.2025 17:38:38;3.39;
10.01.2025 17:38:40;3.39;
10.01.2025 17:38:41;3.4;
10.01.2025 17:38:44;3.4;
10.01.2025 17:38:45;3.39;
10.01.2025 17:38:46;3.39;
10.01.2025 17:38:47;3.4;
10.01.2025 17:38:48;3.4;
10.01.2025 17:38:49;3.39;
10.01.2025 17:38:50;3.39;
10.01.2025 17:38:51;3.4;
10.01.2025 17:38:52;3.4;
10.01.2025 17:38:53;3.39;
10.01.2025 17:38:54;3.39;
10.01.2025 17:38:55;3.4;
10.01.2025 17:38:56;3.4;
10.01.2025 17:38:57;3.39;
10.01.2025 17:38:58;3.39;
10.01.2025 17:38:59;3.4;
10.01.2025 17:39:00;3.4;
10.01.2025 17:39:01;3.39;
10.01.2025 17:39:02;3.39;
10.01.2025 17:39:03;3.4;
10.01.2025 17:39:04;3.39;
10.01.2025 17:39:05;3.39;
10.01.2025 17:39:06;3.38;
10.01.2025 17:39:07;3.39;
10.01.2025 17:39:08;3.39;
10.01.2025 17:39:09;3.4;
10.01.2025 17:39:10;3.39;
10.01.2025 17:39:11;3.4;
10.01.2025 17:39:12;3.39;
10.01.2025 17:39:13;3.4;
10.01.2025 17:39:14;3.4;
10.01.2025 17:39:15;3.39;
10.01.2025 17:39:16;3.39;
10.01.2025 17:39:17;3.4;
10.01.2025 17:39:18;3.4;
10.01.2025 17:39:19;3.39;
10.01.2025 17:39:21;3.39;
10.01.2025 17:39:22;3.4;
10.01.2025 17:39:23;3.39;
10.01.2025 17:39:25;3.39;
10.01.2025 17:39:26;3.4;
10.01.2025 17:39:27;3.39;
10.01.2025 17:39:29;3.39;
10.01.2025 17:39:30;3.4;
10.01.2025 17:39:32;3.4;
10.01.2025 17:39:33;3.39;
10.01.2025 17:39:37;3.39;
10.01.2025 17:39:38;3.4;
10.01.2025 17:39:39;3.4;
10.01.2025 17:39:40;3.39;
10.01.2025 17:39:41;3.4;
10.01.2025 17:39:42;3.4;
10.01.2025 17:39:43;3.39;
10.01.2025 17:39:44;3.4;
10.01.2025 17:39:45;3.39;
10.01.2025 17:39:46;3.39;
10.01.2025 17:39:47;3.4;
10.01.2025 17:39:48;3.39;
10.01.2025 17:39:49;3.39;
10.01.2025 17:39:50;3.4;
10.01.2025 17:39:51;3.39;
10.01.2025 17:39:54;3.39;
10.01.2025 17:39:55;3.4;
10.01.2025 17:39:56;3.4;
10.01.2025 17:39:57;3.39;
10.01.2025 17:39:58;3.4;
10.01.2025 17:40:01;3.4;
10.01.2025 17:40:02;3.39;
10.01.2025 17:40:03;3.4;
10.01.2025 17:40:05;3.4;
10.01.2025 17:40:06;3.39;
10.01.2025 17:40:07;3.4;
10.01.2025 17:40:12;3.4;
10.01.2025 17:40:13;3.39;
10.01.2025 17:40:14;3.4;
10.01.2025 17:40:15;3.39;
10.01.2025 17:40:21;3.39;
10.01.2025 17:40:22;3.4;
10.01.2025 17:40:23;3.4;
10.01.2025 17:40:24;3.39;
10.01.2025 17:40:25;3.4;
10.01.2025 17:40:27;3.4;
10.01.2025 17:40:28;3.39;
10.01.2025 17:40:30;3.39;
10.01.2025 17:40:31;3.38;
10.01.2025 17:40:32;3.4;
10.01.2025 17:40:33;3.39;
10.01.2025 17:40:34;3.39;
10.01.2025 17:40:35;3.4;
10.01.2025 17:40:36;3.39;
10.01.2025 17:40:37;3.4;
10.01.2025 17:40:39;3.4;
10.01.2025 17:40:40;3.39;
10.01.2025 17:40:45;3.39;
10.01.2025 17:40:46;3.4;
10.01.2025 17:40:47;3.39;
10.01.2025 17:40:49;3.39;
10.01.2025 17:40:50;3.4;
10.01.2025 17:40:51;3.39;
10.01.2025 17:40:53;3.39;
10.01.2025 17:40:54;3.4;
10.01.2025 17:40:55;3.41;
10.01.2025 17:40:56;3.4;
10.01.2025 17:41:01;3.4;
10.01.2025 17:41:02;3.39;
10.01.2025 17:41:03;3.39;
10.01.2025 17:41:04;3.4;
10.01.2025 17:41:05;3.4;
10.01.2025 17:41:06;3.39;
10.01.2025 17:41:10;3.39;
10.01.2025 17:41:11;3.4;
10.01.2025 17:41:12;3.39;
10.01.2025 17:41:13;3.4;
10.01.2025 17:41:14;3.39;
10.01.2025 17:41:23;3.39;
10.01.2025 17:41:24;3.38;
10.01.2025 17:41:25;3.39;
10.01.2025 17:41:26;3.39;
10.01.2025 17:41:27;3.4;
10.01.2025 17:41:28;3.4;
10.01.2025 17:41:29;3.39;
10.01.2025 17:41:30;3.4;
10.01.2025 17:41:31;3.39;
10.01.2025 17:41:36;3.39;
10.01.2025 17:41:37;3.4;
10.01.2025 17:41:38;3.4;
10.01.2025 17:41:39;3.39;
10.01.2025 17:41:41;3.39;
10.01.2025 17:41:42;3.4;
10.01.2025 17:41:48;3.4;
10.01.2025 17:41:49;3.39;
10.01.2025 17:41:50;3.4;
10.01.2025 17:41:51;3.39;
10.01.2025 17:41:53;3.39;
10.01.2025 17:41:54;3.4;
10.01.2025 17:41:55;3.39;
10.01.2025 17:42:03;3.39;
10.01.2025 17:42:04;3.4;
10.01.2025 17:42:06;3.4;
10.01.2025 17:42:07;3.39;
10.01.2025 17:42:08;3.4;
10.01.2025 17:42:09;3.38;
10.01.2025 17:42:10;3.38;
10.01.2025 17:42:11;3.4;
10.01.2025 17:42:12;3.4;
10.01.2025 17:42:13;3.39;
10.01.2025 17:42:14;3.39;
10.01.2025 17:42:15;3.4;
10.01.2025 17:42:18;3.4;
10.01.2025 17:42:19;3.39;
10.01.2025 17:42:21;3.39;
10.01.2025 17:42:22;3.4;
10.01.2025 17:42:24;3.4;
10.01.2025 17:42:25;3.39;
10.01.2025 17:42:26;3.41;
10.01.2025 17:42:27;3.39;
10.01.2025 17:42:28;3.4;
10.01.2025 17:42:29;3.4;
10.01.2025 17:42:30;3.39;
10.01.2025 17:42:32;3.39;
10.01.2025 17:42:33;3.4;
10.01.2025 17:42:34;3.4;
10.01.2025 17:42:35;3.39;
10.01.2025 17:42:36;3.4;
10.01.2025 17:42:37;3.39;
10.01.2025 17:42:38;3.4;
10.01.2025 17:42:39;3.39;
10.01.2025 17:42:42;3.39;
10.01.2025 17:42:43;3.4;
10.01.2025 17:42:44;3.4;
10.01.2025 17:42:45;3.39;
10.01.2025 17:42:46;3.39;
10.01.2025 17:42:47;3.4;
10.01.2025 17:42:48;3.39;
10.01.2025 17:42:49;3.39;
10.01.2025 17:42:50;3.4;
10.01.2025 17:42:51;3.4;
10.01.2025 17:42:52;3.39;
10.01.2025 17:42:54;3.39;
10.01.2025 17:42:55;3.4;
10.01.2025 17:42:56;3.39;
10.01.2025 17:42:57;3.4;
10.01.2025 17:42:59;3.4;
10.01.2025 17:43:00;3.39;
10.01.2025 17:43:01;3.4;
10.01.2025 17:43:02;3.4;
10.01.2025 17:43:03;3.39;
10.01.2025 17:43:04;3.4;
10.01.2025 17:43:05;3.4;
10.01.2025 17:43:06;3.39;
10.01.2025 17:43:09;3.39;
10.01.2025 17:43:10;3.38;
10.01.2025 17:43:11;3.39;
10.01.2025 17:43:12;3.39;
10.01.2025 17:43:13;3.4;
10.01.2025 17:43:14;3.39;
10.01.2025 17:43:15;3.4;
10.01.2025 17:43:17;3.4;
10.01.2025 17:43:18;3.39;
10.01.2025 17:43:19;3.38;
10.01.2025 17:43:20;3.39;
10.01.2025 17:43:21;3.4;
10.01.2025 17:43:22;3.4;
10.01.2025 17:43:23;3.39;
10.01.2025 17:43:24;3.39;
10.01.2025 17:43:25;3.4;
10.01.2025 17:43:30;3.4;
10.01.2025 17:43:31;3.39;
10.01.2025 17:43:34;3.39;
10.01.2025 17:43:35;3.4;
10.01.2025 17:43:36;3.39;
10.01.2025 17:43:37;3.4;
10.01.2025 17:43:38;3.39;
10.01.2025 17:43:42;3.39;
10.01.2025 17:43:43;3.4;
10.01.2025 17:43:44;3.39;
10.01.2025 17:43:47;3.39;
10.01.2025 17:43:48;3.4;
10.01.2025 17:43:50;3.4;
10.01.2025 17:43:51;3.39;
10.01.2025 17:43:52;3.4;
10.01.2025 17:43:55;3.4;
10.01.2025 17:43:56;3.39;
10.01.2025 17:43:57;3.4;
10.01.2025 17:43:58;3.39;
10.01.2025 17:44:09;3.39;
10.01.2025 17:44:10;3.4;
10.01.2025 17:44:11;3.4;
10.01.2025 17:44:12;3.39;
10.01.2025 17:44:13;3.39;
10.01.2025 17:44:14;3.4;
10.01.2025 17:44:15;3.39;
10.01.2025 17:44:18;3.39;
10.01.2025 17:44:19;3.4;
10.01.2025 17:44:20;3.39;
10.01.2025 17:44:21;3.39;
10.01.2025 17:44:22;3.4;
10.01.2025 17:44:23;3.39;
10.01.2025 17:44:24;3.39;
10.01.2025 17:44:25;3.4;
10.01.2025 17:44:26;3.39;
10.01.2025 17:44:27;3.4;
10.01.2025 17:44:28;3.39;
10.01.2025 17:44:29;3.4;
10.01.2025 17:44:30;3.39;
10.01.2025 17:44:44;3.39;
10.01.2025 17:44:45;3.4;
10.01.2025 17:44:46;3.4;
10.01.2025 17:44:47;3.39;
10.01.2025 17:44:52;3.39;
10.01.2025 17:44:53;3.4;
10.01.2025 17:44:56;3.4;
10.01.2025 17:44:57;3.39;
10.01.2025 17:44:58;3.4;
10.01.2025 17:44:59;3.4;
10.01.2025 17:45:00;3.39;
10.01.2025 17:45:01;3.38;
10.01.2025 17:45:02;3.4;
10.01.2025 17:45:04;3.4;
10.01.2025 17:45:05;3.39;
10.01.2025 17:45:06;3.4;
10.01.2025 17:45:07;3.39;
10.01.2025 17:45:08;3.39;
10.01.2025 17:45:09;3.4;
10.01.2025 17:45:10;3.39;
10.01.2025 17:45:11;3.4;
10.01.2025 17:45:12;3.39;
10.01.2025 17:45:13;3.4;
10.01.2025 17:45:14;3.39;
10.01.2025 17:45:15;3.39;
10.01.2025 17:45:16;3.4;
10.01.2025 17:45:18;3.4;
10.01.2025 17:45:19;3.39;
10.01.2025 17:45:20;3.39;
10.01.2025 17:45:21;3.4;
10.01.2025 17:45:22;3.39;
10.01.2025 17:45:23;3.39;
10.01.2025 17:45:24;3.4;
10.01.2025 17:45:29;3.4;
10.01.2025 17:45:30;3.39;
10.01.2025 17:45:31;3.4;
10.01.2025 17:45:32;3.4;
10.01.2025 17:45:33;3.39;
10.01.2025 17:45:34;3.4;
10.01.2025 17:45:37;3.4;
10.01.2025 17:45:38;3.39;
10.01.2025 17:45:40;3.39;
10.01.2025 17:45:41;3.4;
10.01.2025 17:45:42;3.39;
10.01.2025 17:45:43;3.4;
10.01.2025 17:45:44;3.4;
10.01.2025 17:45:45;3.39;
10.01.2025 17:45:52;3.39;
10.01.2025 17:45:53;3.4;
10.01.2025 17:45:54;3.39;
10.01.2025 17:46:00;3.39;
10.01.2025 17:46:01;3.4;
10.01.2025 17:46:02;3.39;
10.01.2025 17:46:06;3.39;
10.01.2025 17:46:07;3.4;
10.01.2025 17:46:08;3.39;
10.01.2025 17:46:09;3.4;
10.01.2025 17:46:10;3.39;
10.01.2025 17:46:17;3.39;
10.01.2025 17:46:18;3.4;
10.01.2025 17:46:19;3.4;
10.01.2025 17:46:20;3.39;
10.01.2025 17:46:21;3.4;
10.01.2025 17:46:22;3.4;
10.01.2025 17:46:23;3.39;
10.01.2025 17:46:24;3.4;
10.01.2025 17:46:25;3.39;
10.01.2025 17:46:26;3.4;
10.01.2025 17:46:27;3.4;
10.01.2025 17:46:28;3.39;
10.01.2025 17:46:29;3.4;
10.01.2025 17:46:30;3.4;
10.01.2025 17:46:31;3.39;
10.01.2025 17:46:32;3.4;
10.01.2025 17:46:33;3.39;
10.01.2025 17:46:34;3.4;
10.01.2025 17:46:36;3.4;
10.01.2025 17:46:37;3.39;
10.01.2025 17:46:38;3.4;
10.01.2025 17:46:39;3.39;
10.01.2025 17:46:40;3.4;
10.01.2025 17:46:41;3.4;
10.01.2025 17:46:42;3.39;
10.01.2025 17:46:43;3.4;
10.01.2025 17:46:47;3.4;
10.01.2025 17:46:48;3.39;
10.01.2025 17:46:49;3.4;
10.01.2025 17:46:50;3.39;
10.01.2025 17:46:52;3.39;
10.01.2025 17:46:53;3.4;
10.01.2025 17:46:54;3.39;
10.01.2025 17:46:56;3.39;
10.01.2025 17:46:57;3.4;
10.01.2025 17:46:58;3.4;
10.01.2025 17:46:59;3.39;
10.01.2025 17:47:00;3.4;
10.01.2025 17:47:03;3.4;
10.01.2025 17:47:04;3.39;
10.01.2025 17:47:05;3.4;
10.01.2025 17:47:08;3.4;
10.01.2025 17:47:09;3.39;
10.01.2025 17:47:10;3.4;
10.01.2025 17:47:17;3.4;
10.01.2025 17:47:18;3.39;
10.01.2025 17:47:19;3.4;
10.01.2025 17:47:20;3.4;
10.01.2025 17:47:21;3.39;
10.01.2025 17:47:22;3.4;
10.01.2025 17:47:23;3.4;
10.01.2025 17:47:24;3.39;
10.01.2025 17:47:25;3.39;
10.01.2025 17:47:26;3.4;
10.01.2025 17:47:27;3.39;
10.01.2025 17:47:28;3.4;
10.01.2025 17:47:29;3.4;
10.01.2025 17:47:30;3.39;
10.01.2025 17:47:31;3.4;
10.01.2025 17:47:32;3.4;
10.01.2025 17:47:33;3.39;
10.01.2025 17:47:35;3.39;
10.01.2025 17:47:36;3.4;
10.01.2025 17:47:37;3.39;
10.01.2025 17:47:42;3.39;
10.01.2025 17:47:43;3.4;
10.01.2025 17:47:44;3.38;
10.01.2025 17:47:45;3.39;
10.01.2025 17:47:46;3.39;
10.01.2025 17:47:47;3.4;
10.01.2025 17:47:48;3.39;
10.01.2025 17:47:49;3.4;
10.01.2025 17:47:50;3.39;
10.01.2025 17:47:53;3.39;
10.01.2025 17:47:54;3.4;
10.01.2025 17:47:55;3.38;
10.01.2025 17:47:56;3.4;
10.01.2025 17:47:57;3.39;
10.01.2025 17:47:58;3.4;
10.01.2025 17:47:59;3.4;
10.01.2025 17:48:00;3.41;
10.01.2025 17:48:01;3.4;
10.01.2025 17:48:02;3.4;
10.01.2025 17:48:03;3.39;
10.01.2025 17:48:04;3.4;
10.01.2025 17:48:05;3.39;
10.01.2025 17:48:06;3.39;
10.01.2025 17:48:07;3.38;
10.01.2025 17:48:08;3.4;
10.01.2025 17:48:09;3.39;
10.01.2025 17:48:10;3.4;
10.01.2025 17:48:11;3.39;
10.01.2025 17:48:12;3.39;
10.01.2025 17:48:13;3.4;
10.01.2025 17:48:14;3.39;
10.01.2025 17:48:15;3.39;
10.01.2025 17:48:16;3.4;
10.01.2025 17:48:17;3.39;
10.01.2025 17:48:18;3.4;
10.01.2025 17:48:19;3.39;
10.01.2025 17:48:20;3.4;
10.01.2025 17:48:21;3.4;
10.01.2025 17:48:22;3.39;
10.01.2025 17:48:24;3.39;
10.01.2025 17:48:25;3.4;
10.01.2025 17:48:26;3.4;
10.01.2025 17:48:27;3.39;
10.01.2025 17:48:28;3.39;
10.01.2025 17:48:29;3.4;
10.01.2025 17:48:30;3.4;
10.01.2025 17:48:31;3.38;
10.01.2025 17:48:32;3.39;
10.01.2025 17:48:33;3.4;
10.01.2025 17:48:34;3.39;
10.01.2025 17:48:35;3.4;
10.01.2025 17:48:36;3.39;
10.01.2025 17:48:37;3.4;
10.01.2025 17:48:40;3.4;
10.01.2025 17:48:41;3.39;
10.01.2025 17:48:42;3.4;
10.01.2025 17:48:45;3.4;
10.01.2025 17:48:46;3.39;
10.01.2025 17:48:47;3.4;
10.01.2025 17:48:48;3.39;
10.01.2025 17:48:49;3.4;
10.01.2025 17:48:50;3.39;
10.01.2025 17:48:52;3.39;
10.01.2025 17:48:53;3.4;
10.01.2025 17:48:54;3.4;
10.01.2025 17:48:55;3.39;
10.01.2025 17:49:00;3.39;
10.01.2025 17:49:01;3.4;
10.01.2025 17:49:02;3.39;
10.01.2025 17:49:03;3.4;
10.01.2025 17:49:04;3.4;
10.01.2025 17:49:05;3.39;
10.01.2025 17:49:06;3.4;
10.01.2025 17:49:07;3.4;
10.01.2025 17:49:08;3.39;
10.01.2025 17:49:09;3.4;
10.01.2025 17:49:10;3.39;
10.01.2025 17:49:12;3.39;
10.01.2025 17:49:13;3.4;
10.01.2025 17:49:14;3.39;
10.01.2025 17:49:15;3.4;
10.01.2025 17:49:16;3.39;
10.01.2025 17:49:20;3.39;
10.01.2025 17:49:21;3.4;
10.01.2025 17:49:22;3.39;
10.01.2025 17:49:24;3.39;
10.01.2025 17:49:25;3.4;
10.01.2025 17:49:26;3.4;
10.01.2025 17:49:27;3.39;
10.01.2025 17:49:32;3.39;
10.01.2025 17:49:33;3.4;
10.01.2025 17:49:34;3.39;
10.01.2025 17:49:40;3.39;
10.01.2025 17:49:41;3.4;
10.01.2025 17:49:42;3.4;
10.01.2025 17:49:43;3.39;
10.01.2025 17:49:44;3.4;
10.01.2025 17:49:45;3.39;
10.01.2025 17:49:46;3.39;
10.01.2025 17:49:47;3.4;
10.01.2025 17:49:48;3.39;
10.01.2025 17:49:49;3.39;
10.01.2025 17:49:50;3.4;
10.01.2025 17:49:51;3.4;
10.01.2025 17:49:52;3.39;
10.01.2025 17:49:53;3.4;
10.01.2025 17:49:54;3.4;
10.01.2025 17:49:55;3.39;
10.01.2025 17:49:56;3.4;
10.01.2025 17:49:57;3.39;
10.01.2025 17:49:58;3.39;
10.01.2025 17:49:59;3.41;
10.01.2025 17:50:00;3.4;
10.01.2025 17:50:01;3.39;
10.01.2025 17:50:02;3.39;
10.01.2025 17:50:03;3.4;
10.01.2025 17:50:05;3.4;
10.01.2025 17:50:06;3.39;
10.01.2025 17:50:09;3.39;
10.01.2025 17:50:10;3.4;
10.01.2025 17:50:11;3.4;
10.01.2025 17:50:12;3.39;
10.01.2025 17:50:13;3.4;
10.01.2025 17:50:14;3.4;
10.01.2025 17:50:15;3.39;
10.01.2025 17:50:16;3.39;
10.01.2025 17:50:17;3.4;
10.01.2025 17:50:18;3.4;
10.01.2025 17:50:19;3.39;
10.01.2025 17:50:23;3.39;
10.01.2025 17:50:24;3.4;
10.01.2025 17:50:25;3.4;
10.01.2025 17:50:26;3.39;
10.01.2025 17:50:29;3.39;
10.01.2025 17:50:30;3.4;
10.01.2025 17:50:38;3.4;
10.01.2025 17:50:39;3.39;
10.01.2025 17:50:40;3.4;
10.01.2025 17:50:41;3.39;
10.01.2025 17:50:43;3.39;
10.01.2025 17:50:44;3.4;
10.01.2025 17:50:45;3.39;
10.01.2025 17:50:46;3.4;
10.01.2025 17:50:47;3.4;
10.01.2025 17:50:48;3.39;
10.01.2025 17:50:49;3.4;
10.01.2025 17:50:56;3.4;
10.01.2025 17:50:57;3.39;
10.01.2025 17:50:58;3.4;
10.01.2025 17:51:00;3.4;
10.01.2025 17:51:01;3.39;
10.01.2025 17:51:02;3.39;
10.01.2025 17:51:03;3.4;
10.01.2025 17:51:05;3.4;
10.01.2025 17:51:06;3.39;
10.01.2025 17:51:07;3.39;
10.01.2025 17:51:08;3.4;
10.01.2025 17:51:09;3.39;
10.01.2025 17:51:10;3.4;
10.01.2025 17:51:11;3.39;
10.01.2025 17:51:12;3.4;
10.01.2025 17:51:13;3.39;
10.01.2025 17:51:15;3.39;
10.01.2025 17:51:16;3.4;
10.01.2025 17:51:17;3.39;
10.01.2025 17:51:18;3.4;
10.01.2025 17:51:19;3.39;
10.01.2025 17:51:20;3.4;
10.01.2025 17:51:25;3.4;
10.01.2025 17:51:26;3.39;
10.01.2025 17:51:27;3.4;
10.01.2025 17:51:28;3.39;
10.01.2025 17:51:32;3.39;
10.01.2025 17:51:33;3.4;
10.01.2025 17:51:35;3.4;
10.01.2025 17:51:36;3.39;
10.01.2025 17:51:37;3.4;
10.01.2025 17:51:39;3.4;
10.01.2025 17:51:40;3.39;
10.01.2025 17:51:41;3.39;
10.01.2025 17:51:42;3.4;
10.01.2025 17:51:44;3.4;
10.01.2025 17:51:45;3.39;
10.01.2025 17:51:46;3.39;
10.01.2025 17:51:47;3.4;
10.01.2025 17:51:49;3.4;
10.01.2025 17:51:50;3.39;
10.01.2025 17:51:51;3.4;
10.01.2025 17:51:53;3.4;
10.01.2025 17:51:54;3.39;
10.01.2025 17:51:55;3.4;
10.01.2025 17:51:56;3.39;
10.01.2025 17:52:03;3.39;
10.01.2025 17:52:04;3.4;
10.01.2025 17:52:05;3.39;
10.01.2025 17:52:08;3.39;
10.01.2025 17:52:09;3.4;
10.01.2025 17:52:10;3.39;
10.01.2025 17:52:12;3.39;
10.01.2025 17:52:13;3.4;
10.01.2025 17:52:14;3.4;
10.01.2025 17:52:15;3.39;
10.01.2025 17:52:16;3.4;
10.01.2025 17:52:17;3.39;
10.01.2025 17:52:19;3.39;
10.01.2025 17:52:20;3.38;
10.01.2025 17:52:21;3.4;
10.01.2025 17:52:22;3.39;
10.01.2025 17:52:23;3.39;
10.01.2025 17:52:24;3.4;
10.01.2025 17:52:25;3.39;
10.01.2025 17:52:26;3.4;
10.01.2025 17:52:28;3.4;
10.01.2025 17:52:29;3.39;
10.01.2025 17:52:31;3.39;
10.01.2025 17:52:32;3.4;
10.01.2025 17:52:33;3.39;
10.01.2025 17:52:34;3.4;
10.01.2025 17:52:35;3.39;
10.01.2025 17:52:40;3.39;
10.01.2025 17:52:41;3.4;
10.01.2025 17:52:42;3.39;
10.01.2025 17:52:43;3.4;
10.01.2025 17:52:44;3.39;
10.01.2025 17:52:45;3.39;
10.01.2025 17:52:46;3.4;
10.01.2025 17:52:47;3.39;
10.01.2025 17:52:48;3.39;
10.01.2025 17:52:49;3.4;
10.01.2025 17:52:50;3.39;
10.01.2025 17:52:51;3.4;
10.01.2025 17:52:52;3.4;
10.01.2025 17:52:53;3.39;
10.01.2025 17:52:56;3.39;
10.01.2025 17:52:57;3.4;
10.01.2025 17:52:58;3.39;
10.01.2025 17:53:09;3.39;
10.01.2025 17:53:10;3.4;
10.01.2025 17:53:11;3.39;
10.01.2025 17:53:13;3.39;
10.01.2025 17:53:14;3.4;
10.01.2025 17:53:18;3.4;
10.01.2025 17:53:19;3.39;
10.01.2025 17:53:20;3.4;
10.01.2025 17:53:21;3.41;
10.01.2025 17:53:22;3.4;
10.01.2025 17:53:23;3.4;
10.01.2025 17:53:24;3.39;
10.01.2025 17:53:27;3.39;
10.01.2025 17:53:28;3.4;
10.01.2025 17:53:30;3.4;
10.01.2025 17:53:31;3.39;
10.01.2025 17:53:32;3.39;
10.01.2025 17:53:33;3.4;
10.01.2025 17:53:34;3.39;
10.01.2025 17:53:35;3.39;
10.01.2025 17:53:36;3.4;
10.01.2025 17:53:37;3.39;
10.01.2025 17:53:41;3.39;
10.01.2025 17:53:42;3.4;
10.01.2025 17:53:43;3.39;
10.01.2025 17:53:46;3.39;
10.01.2025 17:53:47;3.4;
10.01.2025 17:53:48;3.39;
10.01.2025 17:53:49;3.4;
10.01.2025 17:53:50;3.4;
10.01.2025 17:53:51;3.39;
10.01.2025 17:54:04;3.39;
10.01.2025 17:54:05;3.38;
10.01.2025 17:54:06;3.4;
10.01.2025 17:54:07;3.38;
10.01.2025 17:54:08;3.4;
10.01.2025 17:54:09;3.39;
10.01.2025 17:54:20;3.39;
10.01.2025 17:54:21;3.38;
10.01.2025 17:54:22;3.39;
10.01.2025 17:54:24;3.39;
10.01.2025 17:54:25;3.4;
10.01.2025 17:54:26;3.39;
10.01.2025 17:54:28;3.39;
10.01.2025 17:54:29;3.4;
10.01.2025 17:54:30;3.4;
10.01.2025 17:54:31;3.39;
10.01.2025 17:54:32;3.4;
10.01.2025 17:54:33;3.39;
10.01.2025 17:54:34;3.39;
10.01.2025 17:54:35;3.4;
10.01.2025 17:54:36;3.39;
10.01.2025 17:54:38;3.39;
10.01.2025 17:54:39;3.4;
10.01.2025 17:54:41;3.4;
10.01.2025 17:54:42;3.39;
10.01.2025 17:54:43;3.4;
10.01.2025 17:54:44;3.39;
10.01.2025 17:54:48;3.39;
10.01.2025 17:54:49;3.41;
10.01.2025 17:54:50;3.4;
10.01.2025 17:54:51;3.39;
10.01.2025 17:54:52;3.4;
10.01.2025 17:54:53;3.39;
10.01.2025 17:54:54;3.4;
10.01.2025 17:54:55;3.39;
10.01.2025 17:54:58;3.39;
10.01.2025 17:54:59;3.4;
10.01.2025 17:55:00;3.39;
10.01.2025 17:55:01;3.4;
10.01.2025 17:55:02;3.39;
10.01.2025 17:55:03;3.39;
10.01.2025 17:55:04;3.4;
10.01.2025 17:55:05;3.39;
10.01.2025 17:55:06;3.4;
10.01.2025 17:55:07;3.39;
10.01.2025 17:55:08;3.39;
10.01.2025 17:55:09;3.38;
10.01.2025 17:55:10;3.39;
10.01.2025 17:55:13;3.39;
10.01.2025 17:55:14;3.4;
10.01.2025 17:55:15;3.39;
10.01.2025 17:55:16;3.4;
10.01.2025 17:55:17;3.39;
10.01.2025 17:55:18;3.4;
10.01.2025 17:55:19;3.39;
10.01.2025 17:55:22;3.39;
10.01.2025 17:55:23;3.4;
10.01.2025 17:55:24;3.38;
10.01.2025 17:55:25;3.39;
10.01.2025 17:55:27;3.39;
10.01.2025 17:55:28;3.4;
10.01.2025 17:55:29;3.39;
10.01.2025 17:55:34;3.39;
10.01.2025 17:55:35;3.4;
10.01.2025 17:55:36;3.39;
10.01.2025 17:55:37;3.4;
10.01.2025 17:55:38;3.39;
10.01.2025 17:55:39;3.39;
10.01.2025 17:55:40;3.4;
10.01.2025 17:55:41;3.39;
10.01.2025 17:55:42;3.4;
10.01.2025 17:55:43;3.39;
10.01.2025 17:55:44;3.38;
10.01.2025 17:55:45;3.39;
10.01.2025 17:55:49;3.39;
10.01.2025 17:55:50;3.38;
10.01.2025 17:55:51;3.39;
10.01.2025 17:55:54;3.39;
10.01.2025 17:55:55;3.4;
10.01.2025 17:55:56;3.39;
10.01.2025 17:55:57;3.39;
10.01.2025 17:55:58;3.38;
10.01.2025 17:55:59;3.39;
10.01.2025 17:56:00;3.4;
10.01.2025 17:56:01;3.39;
10.01.2025 17:56:02;3.4;
10.01.2025 17:56:03;3.39;
10.01.2025 17:56:08;3.39;
10.01.2025 17:56:09;3.4;
10.01.2025 17:56:10;3.4;
10.01.2025 17:56:11;3.39;
10.01.2025 17:56:12;3.39;
10.01.2025 17:56:13;3.4;
10.01.2025 17:56:14;3.39;
10.01.2025 17:56:15;3.4;
10.01.2025 17:56:16;3.4;
10.01.2025 17:56:17;3.39;
10.01.2025 17:56:18;3.4;
10.01.2025 17:56:19;3.39;
10.01.2025 17:56:20;3.39;
10.01.2025 17:56:21;3.4;
10.01.2025 17:56:22;3.39;
10.01.2025 17:56:23;3.38;
10.01.2025 17:56:24;3.4;
10.01.2025 17:56:25;3.4;
10.01.2025 17:56:26;3.39;
10.01.2025 17:56:28;3.39;
10.01.2025 17:56:29;3.4;
10.01.2025 17:56:30;3.39;
10.01.2025 17:56:33;3.39;
10.01.2025 17:56:34;3.4;
10.01.2025 17:56:35;3.4;
10.01.2025 17:56:36;3.39;
10.01.2025 17:56:37;3.39;
10.01.2025 17:56:38;3.4;
10.01.2025 17:56:40;3.4;
10.01.2025 17:56:41;3.39;
10.01.2025 17:56:42;3.4;
10.01.2025 17:56:44;3.4;
10.01.2025 17:56:45;3.39;
10.01.2025 17:56:47;3.39;
10.01.2025 17:56:48;3.4;
10.01.2025 17:56:49;3.39;
10.01.2025 17:56:52;3.39;
10.01.2025 17:56:53;3.4;
10.01.2025 17:56:54;3.39;
10.01.2025 17:56:55;3.38;
10.01.2025 17:56:56;3.39;
10.01.2025 17:56:57;3.4;
10.01.2025 17:56:58;3.39;
10.01.2025 17:56:59;3.4;
10.01.2025 17:57:00;3.4;
10.01.2025 17:57:01;3.39;
10.01.2025 17:57:03;3.39;
10.01.2025 17:57:04;3.38;
10.01.2025 17:57:05;3.39;
10.01.2025 17:57:07;3.39;
10.01.2025 17:57:08;3.38;
10.01.2025 17:57:09;3.39;
10.01.2025 17:57:15;3.39;
10.01.2025 17:57:16;3.38;
10.01.2025 17:57:17;3.39;
10.01.2025 17:57:18;3.4;
10.01.2025 17:57:19;3.39;
10.01.2025 17:57:26;3.39;
10.01.2025 17:57:27;3.4;
10.01.2025 17:57:28;3.39;
10.01.2025 17:57:30;3.39;
10.01.2025 17:57:31;3.4;
10.01.2025 17:57:32;3.4;
10.01.2025 17:57:33;3.39;
10.01.2025 17:57:34;3.4;
10.01.2025 17:57:35;3.39;
10.01.2025 17:57:37;3.39;
10.01.2025 17:57:38;3.4;
10.01.2025 17:57:39;3.39;
10.01.2025 17:57:40;3.39;
10.01.2025 17:57:41;3.4;
10.01.2025 17:57:42;3.39;
10.01.2025 17:57:43;3.4;
10.01.2025 17:57:44;3.39;
10.01.2025 17:57:45;3.4;
10.01.2025 17:57:46;3.39;
10.01.2025 17:57:47;3.4;
10.01.2025 17:57:48;3.39;
10.01.2025 17:57:56;3.39;
10.01.2025 17:57:57;3.4;
10.01.2025 17:57:58;3.4;
10.01.2025 17:57:59;3.39;
10.01.2025 17:58:05;3.39;
10.01.2025 17:58:06;3.4;
10.01.2025 17:58:07;3.39;
10.01.2025 17:58:08;3.38;
10.01.2025 17:58:09;3.39;
10.01.2025 17:58:15;3.39;
10.01.2025 17:58:16;3.4;
10.01.2025 17:58:17;3.39;
10.01.2025 17:58:19;3.39;
10.01.2025 17:58:20;3.4;
10.01.2025 17:58:21;3.39;
10.01.2025 17:58:25;3.39;
10.01.2025 17:58:26;3.4;
10.01.2025 17:58:27;3.39;
10.01.2025 17:58:28;3.4;
10.01.2025 17:58:29;3.4;
10.01.2025 17:58:30;3.39;
10.01.2025 17:58:31;3.39;
10.01.2025 17:58:32;3.4;
10.01.2025 17:58:33;3.4;
10.01.2025 17:58:34;3.39;
10.01.2025 17:58:35;3.4;
10.01.2025 17:58:36;3.39;
10.01.2025 17:58:38;3.39;
10.01.2025 17:58:39;3.38;
10.01.2025 17:58:40;3.4;
10.01.2025 17:58:42;3.4;
10.01.2025 17:58:43;3.39;
10.01.2025 17:58:45;3.39;
10.01.2025 17:58:46;3.4;
10.01.2025 17:58:47;3.39;
10.01.2025 17:58:48;3.39;
10.01.2025 17:58:49;3.4;
10.01.2025 17:58:50;3.39;
10.01.2025 17:58:53;3.39;
10.01.2025 17:58:54;3.4;
10.01.2025 17:58:55;3.39;
10.01.2025 17:58:56;3.4;
10.01.2025 17:58:58;3.4;
10.01.2025 17:58:59;3.39;
10.01.2025 17:59:00;3.4;
10.01.2025 17:59:01;3.4;
10.01.2025 17:59:02;3.39;
10.01.2025 17:59:03;3.4;
10.01.2025 17:59:04;3.39;
10.01.2025 17:59:05;3.39;
10.01.2025 17:59:06;3.4;
10.01.2025 17:59:07;3.4;
10.01.2025 17:59:08;3.39;
10.01.2025 17:59:09;3.39;
10.01.2025 17:59:10;3.4;
10.01.2025 17:59:11;3.39;
10.01.2025 17:59:17;3.39;
10.01.2025 17:59:18;3.4;
10.01.2025 17:59:19;3.39;
10.01.2025 17:59:20;3.4;
10.01.2025 17:59:21;3.39;
10.01.2025 17:59:23;3.39;
10.01.2025 17:59:24;3.4;
10.01.2025 17:59:25;3.39;
10.01.2025 17:59:26;3.39;
10.01.2025 17:59:27;3.4;
10.01.2025 17:59:28;3.39;
10.01.2025 17:59:29;3.39;
10.01.2025 17:59:30;3.4;
10.01.2025 17:59:31;3.4;
10.01.2025 17:59:32;3.39;
10.01.2025 17:59:36;3.39;
10.01.2025 17:59:37;3.38;
10.01.2025 17:59:38;3.39;
10.01.2025 17:59:41;3.39;
10.01.2025 17:59:42;3.4;
10.01.2025 17:59:43;3.4;
10.01.2025 17:59:44;3.39;
10.01.2025 17:59:50;3.39;
10.01.2025 17:59:51;3.4;
10.01.2025 17:59:52;3.39;
10.01.2025 17:59:54;3.39;
10.01.2025 17:59:55;3.4;
10.01.2025 17:59:56;3.39;
10.01.2025 17:59:57;3.39;
10.01.2025 17:59:58;3.4;
10.01.2025 17:59:59;3.4;
10.01.2025 18:00:00;3.39;
10.01.2025 18:00:03;3.39;
10.01.2025 18:00:04;3.4;
10.01.2025 18:00:05;3.4;
10.01.2025 18:00:06;3.39;
10.01.2025 18:00:07;3.39;
10.01.2025 18:00:08;3.4;
10.01.2025 18:00:09;3.39;
10.01.2025 18:00:11;3.39;
10.01.2025 18:00:12;3.38;
10.01.2025 18:00:13;3.39;
10.01.2025 18:00:24;3.39;
10.01.2025 18:00:25;3.38;
10.01.2025 18:00:26;3.39;
10.01.2025 18:00:27;3.38;
10.01.2025 18:00:28;3.39;
10.01.2025 18:00:30;3.39;
10.01.2025 18:00:31;3.4;
10.01.2025 18:00:32;3.4;
10.01.2025 18:00:33;3.39;
10.01.2025 18:00:35;3.39;
10.01.2025 18:00:36;3.38;
10.01.2025 18:00:37;3.39;
10.01.2025 18:00:38;3.38;
10.01.2025 18:00:40;3.38;
10.01.2025 18:00:41;3.4;
10.01.2025 18:00:42;3.39;
10.01.2025 18:00:44;3.39;
10.01.2025 18:00:45;3.4;
10.01.2025 18:00:46;3.39;
10.01.2025 18:00:55;3.39;
10.01.2025 18:00:56;3.4;
10.01.2025 18:00:57;3.39;
10.01.2025 18:00:58;3.4;
10.01.2025 18:00:59;3.39;
10.01.2025 18:01:00;3.39;
10.01.2025 18:01:01;3.38;
10.01.2025 18:01:02;3.39;
10.01.2025 18:01:06;3.39;
10.01.2025 18:01:07;3.38;
10.01.2025 18:01:08;3.39;
10.01.2025 18:01:09;3.38;
10.01.2025 18:01:10;3.38;
10.01.2025 18:01:11;3.39;
10.01.2025 18:01:16;3.39;
10.01.2025 18:01:17;3.4;
10.01.2025 18:01:18;3.39;
10.01.2025 18:01:20;3.39;
10.01.2025 18:01:21;3.4;
10.01.2025 18:01:22;3.4;
10.01.2025 18:01:23;3.39;
10.01.2025 18:01:24;3.4;
10.01.2025 18:01:25;3.39;
10.01.2025 18:01:26;3.4;
10.01.2025 18:01:27;3.4;
10.01.2025 18:01:28;3.39;
10.01.2025 18:01:31;3.39;
10.01.2025 18:01:32;3.38;
10.01.2025 18:01:33;3.39;
10.01.2025 18:01:34;3.39;
10.01.2025 18:01:35;3.38;
10.01.2025 18:01:36;3.39;
10.01.2025 18:01:37;3.4;
10.01.2025 18:01:38;3.39;
10.01.2025 18:01:49;3.39;
10.01.2025 18:01:50;3.4;
10.01.2025 18:01:51;3.38;
10.01.2025 18:01:52;3.39;
10.01.2025 18:01:53;3.4;
10.01.2025 18:01:54;3.39;
10.01.2025 18:02:02;3.39;
10.01.2025 18:02:03;3.4;
10.01.2025 18:02:04;3.39;
10.01.2025 18:02:08;3.39;
10.01.2025 18:02:09;3.38;
10.01.2025 18:02:10;3.38;
10.01.2025 18:02:11;3.39;
10.01.2025 18:02:12;3.39;
10.01.2025 18:02:13;3.38;
10.01.2025 18:02:14;3.39;
10.01.2025 18:02:18;3.39;
10.01.2025 18:02:19;3.38;
10.01.2025 18:02:20;3.39;
10.01.2025 18:02:21;3.38;
10.01.2025 18:02:22;3.38;
10.01.2025 18:02:23;3.39;
10.01.2025 18:02:24;3.39;
10.01.2025 18:02:25;3.38;
10.01.2025 18:02:26;3.39;
10.01.2025 18:02:30;3.39;
10.01.2025 18:02:31;3.38;
10.01.2025 18:02:32;3.39;
10.01.2025 18:02:36;3.39;
10.01.2025 18:02:37;3.4;
10.01.2025 18:02:38;3.39;
10.01.2025 18:02:45;3.39;
10.01.2025 18:02:46;3.4;
10.01.2025 18:02:47;3.38;
10.01.2025 18:02:48;3.39;
10.01.2025 18:02:49;3.39;
10.01.2025 18:02:50;3.38;
10.01.2025 18:02:51;3.39;
10.01.2025 18:02:55;3.39;
10.01.2025 18:02:56;3.38;
10.01.2025 18:02:57;3.39;
10.01.2025 18:02:58;3.39;
10.01.2025 18:02:59;3.38;
10.01.2025 18:03:00;3.39;
10.01.2025 18:03:07;3.39;
10.01.2025 18:03:08;3.38;
10.01.2025 18:03:09;3.39;
10.01.2025 18:03:10;3.38;
10.01.2025 18:03:11;3.39;
10.01.2025 18:03:17;3.39;
10.01.2025 18:03:18;3.4;
10.01.2025 18:03:19;3.39;
10.01.2025 18:03:20;3.39;
10.01.2025 18:03:21;3.38;
10.01.2025 18:03:22;3.39;
10.01.2025 18:03:26;3.39;
10.01.2025 18:03:27;3.38;
10.01.2025 18:03:28;3.39;
10.01.2025 18:03:29;3.4;
10.01.2025 18:03:30;3.39;
10.01.2025 18:03:31;3.38;
10.01.2025 18:03:32;3.4;
10.01.2025 18:03:34;3.4;
10.01.2025 18:03:35;3.38;
10.01.2025 18:03:36;3.4;
10.01.2025 18:03:37;3.39;
10.01.2025 18:03:38;3.39;
10.01.2025 18:03:39;3.38;
10.01.2025 18:03:40;3.39;
10.01.2025 18:03:41;3.4;
10.01.2025 18:03:42;3.4;
10.01.2025 18:03:43;3.39;
10.01.2025 18:03:47;3.39;
10.01.2025 18:03:48;3.4;
10.01.2025 18:03:49;3.4;
10.01.2025 18:03:50;3.39;
10.01.2025 18:03:51;3.4;
10.01.2025 18:03:52;3.39;
10.01.2025 18:03:56;3.39;
10.01.2025 18:03:57;3.4;
10.01.2025 18:03:58;3.39;
10.01.2025 18:04:01;3.39;
10.01.2025 18:04:02;3.4;
10.01.2025 18:04:03;3.39;
10.01.2025 18:04:04;3.4;
10.01.2025 18:04:07;3.4;
10.01.2025 18:04:08;3.39;
10.01.2025 18:04:09;3.39;
10.01.2025 18:04:10;3.4;
10.01.2025 18:04:11;3.39;
10.01.2025 18:04:17;3.39;
10.01.2025 18:04:18;3.4;
10.01.2025 18:04:19;3.39;
10.01.2025 18:04:27;3.39;
10.01.2025 18:04:28;3.4;
10.01.2025 18:04:29;3.39;
10.01.2025 18:04:33;3.39;
10.01.2025 18:04:34;3.4;
10.01.2025 18:04:35;3.39;
10.01.2025 18:04:37;3.39;
10.01.2025 18:04:38;3.38;
10.01.2025 18:04:39;3.39;
10.01.2025 18:04:41;3.39;
10.01.2025 18:04:42;3.4;
10.01.2025 18:04:43;3.39;
10.01.2025 18:04:45;3.39;
10.01.2025 18:04:46;3.38;
10.01.2025 18:04:47;3.4;
10.01.2025 18:04:48;3.4;
10.01.2025 18:04:49;3.39;
10.01.2025 18:04:51;3.39;
10.01.2025 18:04:52;3.38;
10.01.2025 18:04:53;3.39;
10.01.2025 18:04:55;3.39;
10.01.2025 18:04:56;3.4;
10.01.2025 18:04:58;3.4;
10.01.2025 18:04:59;3.39;
10.01.2025 18:05:03;3.39;
10.01.2025 18:05:04;3.4;
10.01.2025 18:05:05;3.39;
10.01.2025 18:05:06;3.39;
10.01.2025 18:05:07;3.4;
10.01.2025 18:05:08;3.39;
10.01.2025 18:05:09;3.4;
10.01.2025 18:05:10;3.39;
10.01.2025 18:05:14;3.39;
10.01.2025 18:05:15;3.4;
10.01.2025 18:05:16;3.39;
10.01.2025 18:05:17;3.38;
10.01.2025 18:05:18;3.4;
10.01.2025 18:05:19;3.39;
10.01.2025 18:05:20;3.39;
10.01.2025 18:05:21;3.4;
10.01.2025 18:05:22;3.39;
10.01.2025 18:05:26;3.39;
10.01.2025 18:05:27;3.4;
10.01.2025 18:05:28;3.39;
10.01.2025 18:05:29;3.39;
10.01.2025 18:05:30;3.4;
10.01.2025 18:05:31;3.39;
10.01.2025 18:05:32;3.4;
10.01.2025 18:05:33;3.39;
10.01.2025 18:05:34;3.4;
10.01.2025 18:05:35;3.39;
10.01.2025 18:05:38;3.39;
10.01.2025 18:05:39;3.4;
10.01.2025 18:05:42;3.4;
10.01.2025 18:05:43;3.39;
10.01.2025 18:05:44;3.39;
10.01.2025 18:05:45;3.4;
10.01.2025 18:05:46;3.4;
10.01.2025 18:05:47;3.39;
10.01.2025 18:05:49;3.39;
10.01.2025 18:05:50;3.4;
10.01.2025 18:05:51;3.39;
10.01.2025 18:05:52;3.38;
10.01.2025 18:05:53;3.4;
10.01.2025 18:05:54;3.39;
10.01.2025 18:05:55;3.39;
10.01.2025 18:05:56;3.4;
10.01.2025 18:05:57;3.39;
10.01.2025 18:05:58;3.4;
10.01.2025 18:05:59;3.4;
10.01.2025 18:06:00;3.39;
10.01.2025 18:06:02;3.39;
10.01.2025 18:06:03;3.38;
10.01.2025 18:06:04;3.39;
10.01.2025 18:06:05;3.39;
10.01.2025 18:06:06;3.4;
10.01.2025 18:06:07;3.39;
10.01.2025 18:06:09;3.39;
10.01.2025 18:06:10;3.4;
10.01.2025 18:06:11;3.39;
10.01.2025 18:06:12;3.4;
10.01.2025 18:06:16;3.4;
10.01.2025 18:06:17;3.39;
10.01.2025 18:06:19;3.39;
10.01.2025 18:06:20;3.4;
10.01.2025 18:06:21;3.4;
10.01.2025 18:06:22;3.39;
10.01.2025 18:06:24;3.39;
10.01.2025 18:06:25;3.4;
10.01.2025 18:06:26;3.39;
10.01.2025 18:06:27;3.4;
10.01.2025 18:06:28;3.39;
10.01.2025 18:06:29;3.4;
10.01.2025 18:06:30;3.39;
10.01.2025 18:06:31;3.39;
10.01.2025 18:06:32;3.4;
10.01.2025 18:06:33;3.39;
10.01.2025 18:06:35;3.39;
10.01.2025 18:06:36;3.38;
10.01.2025 18:06:37;3.4;
10.01.2025 18:06:38;3.39;
10.01.2025 18:06:39;3.38;
10.01.2025 18:06:40;3.39;
10.01.2025 18:06:41;3.38;
10.01.2025 18:06:42;3.4;
10.01.2025 18:06:43;3.4;
10.01.2025 18:06:44;3.39;
10.01.2025 18:06:45;3.39;
10.01.2025 18:06:46;3.4;
10.01.2025 18:06:47;3.4;
10.01.2025 18:06:48;3.39;
10.01.2025 18:06:49;3.4;
10.01.2025 18:06:50;3.39;
10.01.2025 18:06:53;3.39;
10.01.2025 18:06:54;3.4;
10.01.2025 18:06:55;3.39;
10.01.2025 18:06:56;3.38;
10.01.2025 18:06:57;3.4;
10.01.2025 18:06:58;3.39;
10.01.2025 18:07:06;3.39;
10.01.2025 18:07:07;3.4;
10.01.2025 18:07:08;3.39;
10.01.2025 18:07:11;3.39;
10.01.2025 18:07:12;3.4;
10.01.2025 18:07:13;3.4;
10.01.2025 18:07:14;3.39;
10.01.2025 18:07:22;3.39;
10.01.2025 18:07:23;3.4;
10.01.2025 18:07:24;3.39;
10.01.2025 18:07:27;3.39;
10.01.2025 18:07:28;3.4;
10.01.2025 18:07:29;3.4;
10.01.2025 18:07:30;3.39;
10.01.2025 18:07:31;3.4;
10.01.2025 18:07:32;3.39;
10.01.2025 18:07:34;3.39;
10.01.2025 18:07:35;3.4;
10.01.2025 18:07:36;3.39;
10.01.2025 18:07:37;3.4;
10.01.2025 18:07:38;3.39;
10.01.2025 18:07:39;3.4;
10.01.2025 18:07:40;3.4;
10.01.2025 18:07:41;3.38;
10.01.2025 18:07:42;3.39;
10.01.2025 18:07:46;3.39;
10.01.2025 18:07:47;3.4;
10.01.2025 18:07:48;3.39;
10.01.2025 18:07:51;3.39;
10.01.2025 18:07:52;3.4;
10.01.2025 18:07:53;3.39;
10.01.2025 18:07:54;3.39;
10.01.2025 18:07:55;3.4;
10.01.2025 18:07:56;3.39;
10.01.2025 18:08:01;3.39;
10.01.2025 18:08:02;3.4;
10.01.2025 18:08:03;3.39;
10.01.2025 18:08:04;3.4;
10.01.2025 18:08:05;3.39;
10.01.2025 18:08:06;3.4;
10.01.2025 18:08:07;3.39;
10.01.2025 18:08:09;3.39;
10.01.2025 18:08:10;3.4;
10.01.2025 18:08:11;3.4;
10.01.2025 18:08:12;3.39;
10.01.2025 18:08:13;3.4;
10.01.2025 18:08:14;3.39;
10.01.2025 18:08:15;3.4;
10.01.2025 18:08:16;3.39;
10.01.2025 18:08:17;3.39;
10.01.2025 18:08:18;3.4;
10.01.2025 18:08:20;3.4;
10.01.2025 18:08:21;3.39;
10.01.2025 18:08:22;3.4;
10.01.2025 18:08:23;3.39;
10.01.2025 18:08:31;3.39;
10.01.2025 18:08:32;3.4;
10.01.2025 18:08:33;3.4;
10.01.2025 18:08:34;3.38;
10.01.2025 18:08:35;3.39;
10.01.2025 18:08:36;3.39;
10.01.2025 18:08:37;3.4;
10.01.2025 18:08:38;3.39;
10.01.2025 18:08:43;3.39;
10.01.2025 18:08:44;3.4;
10.01.2025 18:08:46;3.4;
10.01.2025 18:08:47;3.39;
10.01.2025 18:08:52;3.39;
10.01.2025 18:08:53;3.4;
10.01.2025 18:08:58;3.4;
10.01.2025 18:08:59;3.39;
10.01.2025 18:09:00;3.4;
10.01.2025 18:09:02;3.4;
10.01.2025 18:09:03;3.39;
10.01.2025 18:09:04;3.4;
10.01.2025 18:09:05;3.39;
10.01.2025 18:09:06;3.4;
10.01.2025 18:09:07;3.39;
10.01.2025 18:09:11;3.39;
10.01.2025 18:09:12;3.4;
10.01.2025 18:09:13;3.39;
10.01.2025 18:09:14;3.39;
10.01.2025 18:09:15;3.4;
10.01.2025 18:09:17;3.4;
10.01.2025 18:09:18;3.39;
10.01.2025 18:09:19;3.39;
10.01.2025 18:09:20;3.4;
10.01.2025 18:09:21;3.39;
10.01.2025 18:09:22;3.39;
10.01.2025 18:09:23;3.4;
10.01.2025 18:09:24;3.4;
10.01.2025 18:09:25;3.39;
10.01.2025 18:09:26;3.4;
10.01.2025 18:09:27;3.4;
10.01.2025 18:09:28;3.39;
10.01.2025 18:09:29;3.4;
10.01.2025 18:09:33;3.4;
10.01.2025 18:09:34;3.39;
10.01.2025 18:09:36;3.39;
10.01.2025 18:09:37;3.4;
10.01.2025 18:09:38;3.39;
10.01.2025 18:09:39;3.4;
10.01.2025 18:09:40;3.39;
10.01.2025 18:09:41;3.4;
10.01.2025 18:09:45;3.4;
10.01.2025 18:09:46;3.39;
10.01.2025 18:09:47;3.4;
10.01.2025 18:09:48;3.39;
10.01.2025 18:09:49;3.4;
10.01.2025 18:09:50;3.4;
10.01.2025 18:09:51;3.39;
10.01.2025 18:09:52;3.4;
10.01.2025 18:09:53;3.39;
10.01.2025 18:09:55;3.39;
10.01.2025 18:09:56;3.4;
10.01.2025 18:09:57;3.4;
10.01.2025 18:09:58;3.39;
10.01.2025 18:09:59;3.39;
10.01.2025 18:10:00;3.4;
10.01.2025 18:10:02;3.4;
10.01.2025 18:10:03;3.39;
10.01.2025 18:10:07;3.39;
10.01.2025 18:10:08;3.4;
10.01.2025 18:10:09;3.39;
10.01.2025 18:10:10;3.39;
10.01.2025 18:10:11;3.4;
10.01.2025 18:10:13;3.4;
10.01.2025 18:10:14;3.39;
10.01.2025 18:10:15;3.39;
10.01.2025 18:10:16;3.4;
10.01.2025 18:10:17;3.39;
10.01.2025 18:10:18;3.39;
10.01.2025 18:10:19;3.4;
10.01.2025 18:10:20;3.39;
10.01.2025 18:10:21;3.39;
10.01.2025 18:10:22;3.4;
10.01.2025 18:10:23;3.39;
10.01.2025 18:10:26;3.39;
10.01.2025 18:10:27;3.4;
10.01.2025 18:10:28;3.39;
10.01.2025 18:10:29;3.4;
10.01.2025 18:10:30;3.39;
10.01.2025 18:10:35;3.39;
10.01.2025 18:10:36;3.4;
10.01.2025 18:10:37;3.39;
10.01.2025 18:10:38;3.4;
10.01.2025 18:10:39;3.4;
10.01.2025 18:10:40;3.39;
10.01.2025 18:10:46;3.39;
10.01.2025 18:10:47;3.4;
10.01.2025 18:10:48;3.4;
10.01.2025 18:10:49;3.39;
10.01.2025 18:10:50;3.4;
10.01.2025 18:10:58;3.4;
10.01.2025 18:10:59;3.39;
10.01.2025 18:11:01;3.39;
10.01.2025 18:11:02;3.4;
10.01.2025 18:11:03;3.39;
10.01.2025 18:11:04;3.4;
10.01.2025 18:11:07;3.4;
10.01.2025 18:11:08;3.39;
10.01.2025 18:11:09;3.39;
10.01.2025 18:11:10;3.4;
10.01.2025 18:11:11;3.39;
10.01.2025 18:11:12;3.4;
10.01.2025 18:11:13;3.39;
10.01.2025 18:11:14;3.4;
10.01.2025 18:11:15;3.39;
10.01.2025 18:11:16;3.4;
10.01.2025 18:11:19;3.4;
10.01.2025 18:11:20;3.39;
10.01.2025 18:11:21;3.4;
10.01.2025 18:11:23;3.4;
10.01.2025 18:11:24;3.39;
10.01.2025 18:11:25;3.39;
10.01.2025 18:11:26;3.4;
10.01.2025 18:11:27;3.39;
10.01.2025 18:11:28;3.39;
10.01.2025 18:11:29;3.4;
10.01.2025 18:11:30;3.39;
10.01.2025 18:11:31;3.4;
10.01.2025 18:11:32;3.4;
10.01.2025 18:11:33;3.39;
10.01.2025 18:11:34;3.39;
10.01.2025 18:11:35;3.38;
10.01.2025 18:11:36;3.39;
10.01.2025 18:11:37;3.4;
10.01.2025 18:11:38;3.4;
10.01.2025 18:11:39;3.39;
10.01.2025 18:11:40;3.4;
10.01.2025 18:11:41;3.39;
10.01.2025 18:11:44;3.39;
10.01.2025 18:11:45;3.4;
10.01.2025 18:11:46;3.39;
10.01.2025 18:11:47;3.4;
10.01.2025 18:11:51;3.4;
10.01.2025 18:11:52;3.39;
10.01.2025 18:12:00;3.39;
10.01.2025 18:12:01;3.38;
10.01.2025 18:12:02;3.4;
10.01.2025 18:12:03;3.39;
10.01.2025 18:12:04;3.39;
10.01.2025 18:12:05;3.38;
10.01.2025 18:12:06;3.4;
10.01.2025 18:12:07;3.39;
10.01.2025 18:12:10;3.39;
10.01.2025 18:12:11;3.4;
10.01.2025 18:12:12;3.39;
10.01.2025 18:12:13;3.4;
10.01.2025 18:12:16;3.4;
10.01.2025 18:12:17;3.39;
10.01.2025 18:12:18;3.4;
10.01.2025 18:12:20;3.4;
10.01.2025 18:12:21;3.39;
10.01.2025 18:12:22;3.4;
10.01.2025 18:12:23;3.4;
10.01.2025 18:12:24;3.39;
10.01.2025 18:12:25;3.39;
10.01.2025 18:12:26;3.4;
10.01.2025 18:12:27;3.39;
10.01.2025 18:12:30;3.39;
10.01.2025 18:12:31;3.4;
10.01.2025 18:12:32;3.4;
10.01.2025 18:12:33;3.39;
10.01.2025 18:12:34;3.4;
10.01.2025 18:12:35;3.4;
10.01.2025 18:12:36;3.39;
10.01.2025 18:12:37;3.4;
10.01.2025 18:12:38;3.4;
10.01.2025 18:12:39;3.39;
10.01.2025 18:12:40;3.39;
10.01.2025 18:12:41;3.4;
10.01.2025 18:12:47;3.4;
10.01.2025 18:12:48;3.39;
10.01.2025 18:12:49;3.4;
10.01.2025 18:12:50;3.4;
10.01.2025 18:12:51;3.39;
10.01.2025 18:12:55;3.39;
10.01.2025 18:12:56;3.4;
10.01.2025 18:12:57;3.39;
10.01.2025 18:12:58;3.4;
10.01.2025 18:12:59;3.4;
10.01.2025 18:13:00;3.39;
10.01.2025 18:13:01;3.4;
10.01.2025 18:13:02;3.39;
10.01.2025 18:13:03;3.39;
10.01.2025 18:13:04;3.4;
10.01.2025 18:13:05;3.39;
10.01.2025 18:13:07;3.39;
10.01.2025 18:13:08;3.4;
10.01.2025 18:13:09;3.39;
10.01.2025 18:13:10;3.39;
10.01.2025 18:13:11;3.38;
10.01.2025 18:13:12;3.39;
10.01.2025 18:13:13;3.39;
10.01.2025 18:13:14;3.38;
10.01.2025 18:13:15;3.39;
10.01.2025 18:13:16;3.4;
10.01.2025 18:13:17;3.39;
10.01.2025 18:13:19;3.39;
10.01.2025 18:13:20;3.4;
10.01.2025 18:13:21;3.4;
10.01.2025 18:13:22;3.39;
10.01.2025 18:13:26;3.39;
10.01.2025 18:13:27;3.38;
10.01.2025 18:13:28;3.39;
10.01.2025 18:13:31;3.39;
10.01.2025 18:13:32;3.38;
10.01.2025 18:13:33;3.39;
10.01.2025 18:13:40;3.39;
10.01.2025 18:13:41;3.38;
10.01.2025 18:13:42;3.39;
10.01.2025 18:13:43;3.39;
10.01.2025 18:13:44;3.38;
10.01.2025 18:13:45;3.4;
10.01.2025 18:13:46;3.39;
10.01.2025 18:13:47;3.39;
10.01.2025 18:13:48;3.4;
10.01.2025 18:13:49;3.4;
10.01.2025 18:13:50;3.39;
10.01.2025 18:13:59;3.39;
10.01.2025 18:14:00;3.4;
10.01.2025 18:14:01;3.39;
10.01.2025 18:14:02;3.38;
10.01.2025 18:14:03;3.39;
10.01.2025 18:14:07;3.39;
10.01.2025 18:14:08;3.38;
10.01.2025 18:14:09;3.39;
10.01.2025 18:14:10;3.39;
10.01.2025 18:14:11;3.4;
10.01.2025 18:14:12;3.38;
10.01.2025 18:14:13;3.39;
10.01.2025 18:14:20;3.39;
10.01.2025 18:14:21;3.38;
10.01.2025 18:14:22;3.39;
10.01.2025 18:14:23;3.4;
10.01.2025 18:14:24;3.4;
10.01.2025 18:14:25;3.39;
10.01.2025 18:14:33;3.39;
10.01.2025 18:14:34;3.38;
10.01.2025 18:14:35;3.39;
10.01.2025 18:14:48;3.39;
10.01.2025 18:14:49;3.4;
10.01.2025 18:14:50;3.4;
10.01.2025 18:14:51;3.39;
10.01.2025 18:14:53;3.39;
10.01.2025 18:14:54;3.4;
10.01.2025 18:14:55;3.4;
10.01.2025 18:14:56;3.39;
10.01.2025 18:14:57;3.38;
10.01.2025 18:14:58;3.39;
10.01.2025 18:14:59;3.39;
10.01.2025 18:15:00;3.4;
10.01.2025 18:15:01;3.39;
10.01.2025 18:15:07;3.39;
10.01.2025 18:15:08;3.4;
10.01.2025 18:15:09;3.39;
10.01.2025 18:15:17;3.39;
10.01.2025 18:15:18;3.4;
10.01.2025 18:15:19;3.39;
10.01.2025 18:15:21;3.39;
10.01.2025 18:15:22;3.4;
10.01.2025 18:15:23;3.4;
10.01.2025 18:15:24;3.39;
10.01.2025 18:15:26;3.39;
10.01.2025 18:15:27;3.4;
10.01.2025 18:15:28;3.39;
10.01.2025 18:15:29;3.39;
10.01.2025 18:15:30;3.4;
10.01.2025 18:15:31;3.38;
10.01.2025 18:15:32;3.39;
10.01.2025 18:15:33;3.38;
10.01.2025 18:15:34;3.39;
10.01.2025 18:15:39;3.39;
10.01.2025 18:15:40;3.4;
10.01.2025 18:15:41;3.39;
10.01.2025 18:15:42;3.4;
10.01.2025 18:15:47;3.4;
10.01.2025 18:15:48;3.39;
10.01.2025 18:15:50;3.39;
10.01.2025 18:15:51;3.4;
10.01.2025 18:15:53;3.4;
10.01.2025 18:15:54;3.39;
10.01.2025 18:15:55;3.4;
10.01.2025 18:16:00;3.4;
10.01.2025 18:16:01;3.41;
10.01.2025 18:16:02;3.39;
10.01.2025 18:16:04;3.39;
10.01.2025 18:16:05;3.4;
10.01.2025 18:16:09;3.4;
10.01.2025 18:16:10;3.39;
10.01.2025 18:16:11;3.4;
10.01.2025 18:16:12;3.39;
10.01.2025 18:16:13;3.39;
10.01.2025 18:16:14;3.4;
10.01.2025 18:16:16;3.4;
10.01.2025 18:16:17;3.39;
10.01.2025 18:16:23;3.39;
10.01.2025 18:16:24;3.38;
10.01.2025 18:16:25;3.4;
10.01.2025 18:16:26;3.39;
10.01.2025 18:16:28;3.39;
10.01.2025 18:16:29;3.4;
10.01.2025 18:16:30;3.39;
10.01.2025 18:16:31;3.38;
10.01.2025 18:16:32;3.39;
10.01.2025 18:16:33;3.39;
10.01.2025 18:16:34;3.38;
10.01.2025 18:16:35;3.39;
10.01.2025 18:16:40;3.39;
10.01.2025 18:16:41;3.38;
10.01.2025 18:16:42;3.39;
10.01.2025 18:16:43;3.4;
10.01.2025 18:16:45;3.4;
10.01.2025 18:16:46;3.39;
10.01.2025 18:16:50;3.39;
10.01.2025 18:16:51;3.4;
10.01.2025 18:16:52;3.39;
10.01.2025 18:16:53;3.4;
10.01.2025 18:16:57;3.4;
10.01.2025 18:16:58;3.39;
10.01.2025 18:17:00;3.39;
10.01.2025 18:17:01;3.4;
10.01.2025 18:17:02;3.39;
10.01.2025 18:17:03;3.39;
10.01.2025 18:17:04;3.4;
10.01.2025 18:17:05;3.39;
10.01.2025 18:17:06;3.39;
10.01.2025 18:17:07;3.4;
10.01.2025 18:17:08;3.4;
10.01.2025 18:17:09;3.39;
10.01.2025 18:17:10;3.39;
10.01.2025 18:17:11;3.4;
10.01.2025 18:17:12;3.39;
10.01.2025 18:17:13;3.4;
10.01.2025 18:17:14;3.39;
10.01.2025 18:17:15;3.39;
10.01.2025 18:17:16;3.38;
10.01.2025 18:17:17;3.39;
10.01.2025 18:17:18;3.4;
10.01.2025 18:17:19;3.39;
10.01.2025 18:17:20;3.38;
10.01.2025 18:17:21;3.39;
10.01.2025 18:17:22;3.39;
10.01.2025 18:17:23;3.4;
10.01.2025 18:17:24;3.39;
10.01.2025 18:17:30;3.39;
10.01.2025 18:17:31;3.38;
10.01.2025 18:17:32;3.4;
10.01.2025 18:17:33;3.4;
10.01.2025 18:17:34;3.39;
10.01.2025 18:17:36;3.39;
10.01.2025 18:17:37;3.4;
10.01.2025 18:17:38;3.39;
10.01.2025 18:17:41;3.39;
10.01.2025 18:17:42;3.4;
10.01.2025 18:17:43;3.4;
10.01.2025 18:17:44;3.39;
10.01.2025 18:17:48;3.39;
10.01.2025 18:17:49;3.4;
10.01.2025 18:17:50;3.39;
10.01.2025 18:17:55;3.39;
10.01.2025 18:17:56;3.38;
10.01.2025 18:17:57;3.39;
10.01.2025 18:17:58;3.4;
10.01.2025 18:17:59;3.39;
10.01.2025 18:18:08;3.39;
10.01.2025 18:18:09;3.4;
10.01.2025 18:18:13;3.4;
10.01.2025 18:18:14;3.41;
10.01.2025 18:18:15;3.39;
10.01.2025 18:18:16;3.4;
10.01.2025 18:18:17;3.4;
10.01.2025 18:18:18;3.39;
10.01.2025 18:18:20;3.39;
10.01.2025 18:18:21;3.4;
10.01.2025 18:18:22;3.39;
10.01.2025 18:18:24;3.39;
10.01.2025 18:18:25;3.4;
10.01.2025 18:18:27;3.4;
10.01.2025 18:18:28;3.39;
10.01.2025 18:18:33;3.39;
10.01.2025 18:18:34;3.4;
10.01.2025 18:18:36;3.4;
10.01.2025 18:18:37;3.39;
10.01.2025 18:18:38;3.39;
10.01.2025 18:18:39;3.4;
10.01.2025 18:18:40;3.39;
10.01.2025 18:18:47;3.39;
10.01.2025 18:18:48;3.4;
10.01.2025 18:18:49;3.39;
10.01.2025 18:18:57;3.39;
10.01.2025 18:18:58;3.4;
10.01.2025 18:19:00;3.4;
10.01.2025 18:19:01;3.39;
10.01.2025 18:19:02;3.4;
10.01.2025 18:19:03;3.4;
10.01.2025 18:19:04;3.39;
10.01.2025 18:19:05;3.41;
10.01.2025 18:19:06;3.4;
10.01.2025 18:19:10;3.4;
10.01.2025 18:19:11;3.39;
10.01.2025 18:19:12;3.4;
10.01.2025 18:19:14;3.4;
10.01.2025 18:19:15;3.39;
10.01.2025 18:19:17;3.39;
10.01.2025 18:19:18;3.4;
10.01.2025 18:19:19;3.39;
10.01.2025 18:19:20;3.4;
10.01.2025 18:19:21;3.39;
10.01.2025 18:19:22;3.4;
10.01.2025 18:19:23;3.4;
10.01.2025 18:19:24;3.39;
10.01.2025 18:19:26;3.39;
10.01.2025 18:19:27;3.4;
10.01.2025 18:19:28;3.39;
10.01.2025 18:19:29;3.4;
10.01.2025 18:19:30;3.39;
10.01.2025 18:19:33;3.39;
10.01.2025 18:19:34;3.4;
10.01.2025 18:19:38;3.4;
10.01.2025 18:19:39;3.39;
10.01.2025 18:19:40;3.4;
10.01.2025 18:19:41;3.39;
10.01.2025 18:19:42;3.4;
10.01.2025 18:19:44;3.4;
10.01.2025 18:19:45;3.39;
10.01.2025 18:19:46;3.39;
10.01.2025 18:19:47;3.4;
10.01.2025 18:19:51;3.4;
10.01.2025 18:19:52;3.39;
10.01.2025 18:19:54;3.39;
10.01.2025 18:19:55;3.4;
10.01.2025 18:19:56;3.39;
10.01.2025 18:19:57;3.4;
10.01.2025 18:19:58;3.4;
10.01.2025 18:19:59;3.39;
10.01.2025 18:20:01;3.39;
10.01.2025 18:20:02;3.4;
10.01.2025 18:20:07;3.4;
10.01.2025 18:20:08;3.39;
10.01.2025 18:20:09;3.39;
10.01.2025 18:20:10;3.4;
10.01.2025 18:20:11;3.4;
10.01.2025 18:20:12;3.39;
10.01.2025 18:20:14;3.39;
10.01.2025 18:20:15;3.4;
10.01.2025 18:20:16;3.39;
10.01.2025 18:20:17;3.4;
10.01.2025 18:20:18;3.39;
10.01.2025 18:20:19;3.4;
10.01.2025 18:20:20;3.39;
10.01.2025 18:20:21;3.4;
10.01.2025 18:20:22;3.39;
10.01.2025 18:20:23;3.4;
10.01.2025 18:20:24;3.39;
10.01.2025 18:20:28;3.39;
10.01.2025 18:20:29;3.4;
10.01.2025 18:20:30;3.4;
10.01.2025 18:20:31;3.39;
10.01.2025 18:20:33;3.39;
10.01.2025 18:20:34;3.38;
10.01.2025 18:20:35;3.4;
10.01.2025 18:20:41;3.4;
10.01.2025 18:20:42;3.39;
10.01.2025 18:20:43;3.4;
10.01.2025 18:20:44;3.39;
10.01.2025 18:20:49;3.39;
10.01.2025 18:20:50;3.4;
10.01.2025 18:20:52;3.4;
10.01.2025 18:20:53;3.39;
10.01.2025 18:20:54;3.39;
10.01.2025 18:20:55;3.4;
10.01.2025 18:20:56;3.39;
10.01.2025 18:20:57;3.39;
10.01.2025 18:20:58;3.4;
10.01.2025 18:21:00;3.4;
10.01.2025 18:21:01;3.39;
10.01.2025 18:21:02;3.4;
10.01.2025 18:21:03;3.39;
10.01.2025 18:21:04;3.4;
10.01.2025 18:21:05;3.39;
10.01.2025 18:21:07;3.39;
10.01.2025 18:21:08;3.4;
10.01.2025 18:21:09;3.4;
10.01.2025 18:21:10;3.39;
10.01.2025 18:21:11;3.4;
10.01.2025 18:21:12;3.4;
10.01.2025 18:21:13;3.38;
10.01.2025 18:21:14;3.39;
10.01.2025 18:21:15;3.4;
10.01.2025 18:21:17;3.4;
10.01.2025 18:21:18;3.39;
10.01.2025 18:21:30;3.39;
10.01.2025 18:21:31;3.38;
10.01.2025 18:21:32;3.39;
10.01.2025 18:21:33;3.38;
10.01.2025 18:21:34;3.39;
10.01.2025 18:21:42;3.39;
10.01.2025 18:21:43;3.4;
10.01.2025 18:21:44;3.39;
10.01.2025 18:21:51;3.39;
10.01.2025 18:21:52;3.38;
10.01.2025 18:21:53;3.39;
10.01.2025 18:21:54;3.4;
10.01.2025 18:21:55;3.39;
10.01.2025 18:22:06;3.39;
10.01.2025 18:22:07;3.38;
10.01.2025 18:22:08;3.39;
10.01.2025 18:22:09;3.38;
10.01.2025 18:22:11;3.38;
10.01.2025 18:22:12;3.39;
10.01.2025 18:22:13;3.39;
10.01.2025 18:22:14;3.38;
10.01.2025 18:22:15;3.39;
10.01.2025 18:22:17;3.39;
10.01.2025 18:22:18;3.38;
10.01.2025 18:22:19;3.39;
10.01.2025 18:22:21;3.39;
10.01.2025 18:22:22;3.38;
10.01.2025 18:22:23;3.4;
10.01.2025 18:22:24;3.39;
10.01.2025 18:22:29;3.39;
10.01.2025 18:22:30;3.4;
10.01.2025 18:22:31;3.39;
10.01.2025 18:22:32;3.39;
10.01.2025 18:22:33;3.4;
10.01.2025 18:22:34;3.4;
10.01.2025 18:22:35;3.39;
10.01.2025 18:22:36;3.4;
10.01.2025 18:22:37;3.39;
10.01.2025 18:22:38;3.4;
10.01.2025 18:22:39;3.4;
10.01.2025 18:22:40;3.39;
10.01.2025 18:22:41;3.4;
10.01.2025 18:22:42;3.39;
10.01.2025 18:22:45;3.39;
10.01.2025 18:22:46;3.4;
10.01.2025 18:22:47;3.39;
10.01.2025 18:22:49;3.39;
10.01.2025 18:22:50;3.4;
10.01.2025 18:22:51;3.39;
10.01.2025 18:22:52;3.4;
10.01.2025 18:22:53;3.39;
10.01.2025 18:22:58;3.39;
10.01.2025 18:22:59;3.4;
10.01.2025 18:23:00;3.39;
10.01.2025 18:23:03;3.39;
10.01.2025 18:23:04;3.4;
10.01.2025 18:23:05;3.39;
10.01.2025 18:23:07;3.39;
10.01.2025 18:23:08;3.4;
10.01.2025 18:23:09;3.39;
10.01.2025 18:23:16;3.39;
10.01.2025 18:23:17;3.38;
10.01.2025 18:23:18;3.39;
10.01.2025 18:23:22;3.39;
10.01.2025 18:23:23;3.4;
10.01.2025 18:23:24;3.38;
10.01.2025 18:23:25;3.39;
10.01.2025 18:23:26;3.38;
10.01.2025 18:23:27;3.39;
10.01.2025 18:23:31;3.39;
10.01.2025 18:23:32;3.4;
10.01.2025 18:23:33;3.38;
10.01.2025 18:23:34;3.39;
10.01.2025 18:23:35;3.4;
10.01.2025 18:23:36;3.39;
10.01.2025 18:23:46;3.39;
10.01.2025 18:23:47;3.4;
10.01.2025 18:23:48;3.4;
10.01.2025 18:23:49;3.39;
10.01.2025 18:23:50;3.39;
10.01.2025 18:23:51;3.4;
10.01.2025 18:23:53;3.4;
10.01.2025 18:23:54;3.39;
10.01.2025 18:23:55;3.4;
10.01.2025 18:23:56;3.4;
10.01.2025 18:23:57;3.39;
10.01.2025 18:23:58;3.4;
10.01.2025 18:23:59;3.39;
10.01.2025 18:24:01;3.39;
10.01.2025 18:24:02;3.4;
10.01.2025 18:24:04;3.4;
10.01.2025 18:24:05;3.39;
10.01.2025 18:24:06;3.39;
10.01.2025 18:24:07;3.4;
10.01.2025 18:24:10;3.4;
10.01.2025 18:24:11;3.39;
10.01.2025 18:24:15;3.39;
10.01.2025 18:24:16;3.4;
10.01.2025 18:24:17;3.39;
10.01.2025 18:24:18;3.38;
10.01.2025 18:24:19;3.39;
10.01.2025 18:24:20;3.39;
10.01.2025 18:24:21;3.38;
10.01.2025 18:24:22;3.4;
10.01.2025 18:24:23;3.39;
10.01.2025 18:24:24;3.4;
10.01.2025 18:24:25;3.39;
10.01.2025 18:24:26;3.4;
10.01.2025 18:24:27;3.39;
10.01.2025 18:24:28;3.39;
10.01.2025 18:24:29;3.4;
10.01.2025 18:24:30;3.39;
10.01.2025 18:24:31;3.39;
10.01.2025 18:24:32;3.4;
10.01.2025 18:24:33;3.39;
10.01.2025 18:24:39;3.39;
10.01.2025 18:24:40;3.4;
10.01.2025 18:24:41;3.39;
10.01.2025 18:24:42;3.4;
10.01.2025 18:24:43;3.39;
10.01.2025 18:24:45;3.39;
10.01.2025 18:24:46;3.4;
10.01.2025 18:24:47;3.4;
10.01.2025 18:24:48;3.39;
10.01.2025 18:24:49;3.4;
10.01.2025 18:24:50;3.4;
10.01.2025 18:24:51;3.39;
10.01.2025 18:24:53;3.39;
10.01.2025 18:24:54;3.4;
10.01.2025 18:24:55;3.39;
10.01.2025 18:24:56;3.4;
10.01.2025 18:24:57;3.39;
10.01.2025 18:25:03;3.39;
10.01.2025 18:25:04;3.38;
10.01.2025 18:25:05;3.39;
10.01.2025 18:25:06;3.39;
10.01.2025 18:25:07;3.4;
10.01.2025 18:25:08;3.39;
10.01.2025 18:25:09;3.4;
10.01.2025 18:25:10;3.4;
10.01.2025 18:25:11;3.39;
10.01.2025 18:25:12;3.39;
10.01.2025 18:25:13;3.4;
10.01.2025 18:25:14;3.39;
10.01.2025 18:25:17;3.39;
10.01.2025 18:25:18;3.4;
10.01.2025 18:25:19;3.39;
10.01.2025 18:25:20;3.39;
10.01.2025 18:25:21;3.4;
10.01.2025 18:25:22;3.39;
10.01.2025 18:25:26;3.39;
10.01.2025 18:25:27;3.4;
10.01.2025 18:25:28;3.4;
10.01.2025 18:25:29;3.39;
10.01.2025 18:25:30;3.4;
10.01.2025 18:25:31;3.39;
10.01.2025 18:25:32;3.4;
10.01.2025 18:25:33;3.39;
10.01.2025 18:25:34;3.4;
10.01.2025 18:25:35;3.4;
10.01.2025 18:25:36;3.39;
10.01.2025 18:25:48;3.39;
10.01.2025 18:25:49;3.4;
10.01.2025 18:25:50;3.4;
10.01.2025 18:25:51;3.39;
10.01.2025 18:25:55;3.39;
10.01.2025 18:25:56;3.4;
10.01.2025 18:26:00;3.4;
10.01.2025 18:26:01;3.39;
10.01.2025 18:26:02;3.39;
10.01.2025 18:26:03;3.4;
10.01.2025 18:26:06;3.4;
10.01.2025 18:26:07;3.39;
10.01.2025 18:26:08;3.4;
10.01.2025 18:26:10;3.4;
10.01.2025 18:26:11;3.39;
10.01.2025 18:26:14;3.39;
10.01.2025 18:26:15;3.4;
10.01.2025 18:26:16;3.39;
10.01.2025 18:26:17;3.4;
10.01.2025 18:26:18;3.39;
10.01.2025 18:26:19;3.4;
10.01.2025 18:26:20;3.39;
10.01.2025 18:26:21;3.39;
10.01.2025 18:26:22;3.4;
10.01.2025 18:26:23;3.4;
10.01.2025 18:26:24;3.39;
10.01.2025 18:26:25;3.4;
10.01.2025 18:26:27;3.4;
10.01.2025 18:26:28;3.39;
10.01.2025 18:26:32;3.39;
10.01.2025 18:26:33;3.4;
10.01.2025 18:26:36;3.4;
10.01.2025 18:26:37;3.39;
10.01.2025 18:26:38;3.4;
10.01.2025 18:26:42;3.4;
10.01.2025 18:26:43;3.38;
10.01.2025 18:26:44;3.4;
10.01.2025 18:26:45;3.39;
10.01.2025 18:26:48;3.39;
10.01.2025 18:26:49;3.38;
10.01.2025 18:26:50;3.4;
10.01.2025 18:26:51;3.39;
10.01.2025 18:26:52;3.4;
10.01.2025 18:26:54;3.4;
10.01.2025 18:26:55;3.39;
10.01.2025 18:27:00;3.39;
10.01.2025 18:27:01;3.4;
10.01.2025 18:27:02;3.39;
10.01.2025 18:27:03;3.39;
10.01.2025 18:27:04;3.4;
10.01.2025 18:27:06;3.4;
10.01.2025 18:27:07;3.39;
10.01.2025 18:27:08;3.4;
10.01.2025 18:27:09;3.39;
10.01.2025 18:27:10;3.4;
10.01.2025 18:27:11;3.39;
10.01.2025 18:27:13;3.39;
10.01.2025 18:27:14;3.4;
10.01.2025 18:27:15;3.39;
10.01.2025 18:27:16;3.39;
10.01.2025 18:27:17;3.4;
10.01.2025 18:27:18;3.39;
10.01.2025 18:27:19;3.4;
10.01.2025 18:27:20;3.39;
10.01.2025 18:27:21;3.39;
10.01.2025 18:27:22;3.4;
10.01.2025 18:27:23;3.4;
10.01.2025 18:27:24;3.39;
10.01.2025 18:27:27;3.39;
10.01.2025 18:27:28;3.4;
10.01.2025 18:27:29;3.39;
10.01.2025 18:27:30;3.39;
10.01.2025 18:27:31;3.4;
10.01.2025 18:27:35;3.4;
10.01.2025 18:27:36;3.39;
10.01.2025 18:27:37;3.4;
10.01.2025 18:27:38;3.39;
10.01.2025 18:27:39;3.39;
10.01.2025 18:27:40;3.38;
10.01.2025 18:27:41;3.39;
10.01.2025 18:27:42;3.38;
10.01.2025 18:27:43;3.39;
10.01.2025 18:27:44;3.39;
10.01.2025 18:27:45;3.4;
10.01.2025 18:27:46;3.39;
10.01.2025 18:27:47;3.38;
10.01.2025 18:27:48;3.38;
10.01.2025 18:27:49;3.39;
10.01.2025 18:27:50;3.4;
10.01.2025 18:27:51;3.39;
10.01.2025 18:27:52;3.4;
10.01.2025 18:27:53;3.39;
10.01.2025 18:27:55;3.39;
10.01.2025 18:27:56;3.4;
10.01.2025 18:27:57;3.38;
10.01.2025 18:27:58;3.4;
10.01.2025 18:27:59;3.4;
10.01.2025 18:28:00;3.39;
10.01.2025 18:28:02;3.39;
10.01.2025 18:28:03;3.4;
10.01.2025 18:28:04;3.38;
10.01.2025 18:28:05;3.39;
10.01.2025 18:28:07;3.39;
10.01.2025 18:28:08;3.38;
10.01.2025 18:28:09;3.39;
10.01.2025 18:28:12;3.39;
10.01.2025 18:28:13;3.4;
10.01.2025 18:28:14;3.4;
10.01.2025 18:28:15;3.39;
10.01.2025 18:28:20;3.39;
10.01.2025 18:28:21;3.38;
10.01.2025 18:28:22;3.4;
10.01.2025 18:28:23;3.39;
10.01.2025 18:28:24;3.39;
10.01.2025 18:28:25;3.4;
10.01.2025 18:28:26;3.39;
10.01.2025 18:28:27;3.4;
10.01.2025 18:28:28;3.39;
10.01.2025 18:28:29;3.4;
10.01.2025 18:28:31;3.4;
10.01.2025 18:28:32;3.39;
10.01.2025 18:28:33;3.4;
10.01.2025 18:28:34;3.4;
10.01.2025 18:28:35;3.39;
10.01.2025 18:28:40;3.39;
10.01.2025 18:28:41;3.4;
10.01.2025 18:28:42;3.39;
10.01.2025 18:28:43;3.4;
10.01.2025 18:28:44;3.4;
10.01.2025 18:28:45;3.39;
10.01.2025 18:28:46;3.39;
10.01.2025 18:28:47;3.4;
10.01.2025 18:28:48;3.4;
10.01.2025 18:28:49;3.39;
10.01.2025 18:28:52;3.39;
10.01.2025 18:28:53;3.4;
10.01.2025 18:28:56;3.4;
10.01.2025 18:28:57;3.39;
10.01.2025 18:29:00;3.39;
10.01.2025 18:29:01;3.4;
10.01.2025 18:29:02;3.4;
10.01.2025 18:29:03;3.39;
10.01.2025 18:29:04;3.39;
10.01.2025 18:29:05;3.4;
10.01.2025 18:29:07;3.4;
10.01.2025 18:29:08;3.39;
10.01.2025 18:29:10;3.39;
10.01.2025 18:29:11;3.4;
10.01.2025 18:29:12;3.4;
10.01.2025 18:29:13;3.38;
10.01.2025 18:29:14;3.39;
10.01.2025 18:29:16;3.39;
10.01.2025 18:29:17;3.4;
10.01.2025 18:29:18;3.39;
10.01.2025 18:29:19;3.38;
10.01.2025 18:29:20;3.4;
10.01.2025 18:29:21;3.39;
10.01.2025 18:29:22;3.4;
10.01.2025 18:29:25;3.4;
10.01.2025 18:29:26;3.39;
10.01.2025 18:29:27;3.4;
10.01.2025 18:29:28;3.4;
10.01.2025 18:29:29;3.39;
10.01.2025 18:29:37;3.39;
10.01.2025 18:29:38;3.4;
10.01.2025 18:29:40;3.4;
10.01.2025 18:29:41;3.39;
10.01.2025 18:29:42;3.4;
10.01.2025 18:29:43;3.39;
10.01.2025 18:29:46;3.39;
10.01.2025 18:29:47;3.38;
10.01.2025 18:29:48;3.39;
10.01.2025 18:29:49;3.4;
10.01.2025 18:29:50;3.41;
10.01.2025 18:29:51;3.4;
10.01.2025 18:29:52;3.39;
10.01.2025 18:29:53;3.4;
10.01.2025 18:29:54;3.39;
10.01.2025 18:29:55;3.4;
10.01.2025 18:29:56;3.39;
10.01.2025 18:30:00;3.39;
10.01.2025 18:30:01;3.4;
10.01.2025 18:30:02;3.39;
10.01.2025 18:30:03;3.4;
10.01.2025 18:30:04;3.4;
10.01.2025 18:30:05;3.39;
10.01.2025 18:30:06;3.39;
10.01.2025 18:30:07;3.4;
10.01.2025 18:30:08;3.4;
10.01.2025 18:30:09;3.39;
10.01.2025 18:30:10;3.4;
10.01.2025 18:30:11;3.39;
10.01.2025 18:30:13;3.39;
10.01.2025 18:30:14;3.4;
10.01.2025 18:30:15;3.39;
10.01.2025 18:30:16;3.4;
10.01.2025 18:30:19;3.4;
10.01.2025 18:30:20;3.39;
10.01.2025 18:30:21;3.4;
10.01.2025 18:30:22;3.38;
10.01.2025 18:30:23;3.4;
10.01.2025 18:30:24;3.4;
10.01.2025 18:30:25;3.41;
10.01.2025 18:30:26;3.39;
10.01.2025 18:30:27;3.39;
10.01.2025 18:30:28;3.4;
10.01.2025 18:30:29;3.39;
10.01.2025 18:30:30;3.4;
10.01.2025 18:30:31;3.4;
10.01.2025 18:30:32;3.39;
10.01.2025 18:30:33;3.4;
10.01.2025 18:30:34;3.4;
10.01.2025 18:30:35;3.39;
10.01.2025 18:30:36;3.39;
10.01.2025 18:30:37;3.4;
10.01.2025 18:30:39;3.4;
10.01.2025 18:30:40;3.39;
10.01.2025 18:30:41;3.39;
10.01.2025 18:30:42;3.4;
10.01.2025 18:30:43;3.39;
10.01.2025 18:30:44;3.4;
10.01.2025 18:30:45;3.39;
10.01.2025 18:30:46;3.4;
10.01.2025 18:30:47;3.39;
10.01.2025 18:30:49;3.39;
10.01.2025 18:30:50;3.4;
10.01.2025 18:30:51;3.39;
10.01.2025 18:30:52;3.4;
10.01.2025 18:30:53;3.39;
10.01.2025 18:30:54;3.4;
10.01.2025 18:30:55;3.39;
10.01.2025 18:30:56;3.4;
10.01.2025 18:30:57;3.39;
10.01.2025 18:31:01;3.39;
10.01.2025 18:31:02;3.4;
10.01.2025 18:31:06;3.4;
10.01.2025 18:31:07;3.39;
10.01.2025 18:31:08;3.4;
10.01.2025 18:31:09;3.39;
10.01.2025 18:31:13;3.39;
10.01.2025 18:31:14;3.4;
10.01.2025 18:31:15;3.39;
10.01.2025 18:31:22;3.39;
10.01.2025 18:31:23;3.38;
10.01.2025 18:31:24;3.39;
10.01.2025 18:31:25;3.4;
10.01.2025 18:31:26;3.39;
10.01.2025 18:31:29;3.39;
10.01.2025 18:31:30;3.4;
10.01.2025 18:31:31;3.39;
10.01.2025 18:31:33;3.39;
10.01.2025 18:31:34;3.4;
10.01.2025 18:31:35;3.39;
10.01.2025 18:31:38;3.39;
10.01.2025 18:31:39;3.4;
10.01.2025 18:31:40;3.39;
10.01.2025 18:31:41;3.39;
10.01.2025 18:31:42;3.4;
10.01.2025 18:31:43;3.4;
10.01.2025 18:31:44;3.39;
10.01.2025 18:31:45;3.39;
10.01.2025 18:31:46;3.4;
10.01.2025 18:31:47;3.39;
10.01.2025 18:31:48;3.39;
10.01.2025 18:31:49;3.4;
10.01.2025 18:31:52;3.4;
10.01.2025 18:31:53;3.39;
10.01.2025 18:31:54;3.39;
10.01.2025 18:31:55;3.4;
10.01.2025 18:31:57;3.4;
10.01.2025 18:31:58;3.39;
10.01.2025 18:32:00;3.39;
10.01.2025 18:32:01;3.4;
10.01.2025 18:32:02;3.39;
10.01.2025 18:32:03;3.4;
10.01.2025 18:32:04;3.39;
10.01.2025 18:32:06;3.39;
10.01.2025 18:32:07;3.4;
10.01.2025 18:32:08;3.39;
10.01.2025 18:32:09;3.4;
10.01.2025 18:32:10;3.39;
10.01.2025 18:32:11;3.4;
10.01.2025 18:32:12;3.39;
10.01.2025 18:32:14;3.39;
10.01.2025 18:32:15;3.4;
10.01.2025 18:32:20;3.4;
10.01.2025 18:32:21;3.39;
10.01.2025 18:32:22;3.4;
10.01.2025 18:32:23;3.4;
10.01.2025 18:32:24;3.39;
10.01.2025 18:32:25;3.4;
10.01.2025 18:32:26;3.4;
10.01.2025 18:32:27;3.39;
10.01.2025 18:32:29;3.39;
10.01.2025 18:32:30;3.4;
10.01.2025 18:32:31;3.39;
10.01.2025 18:32:32;3.4;
10.01.2025 18:32:33;3.39;
10.01.2025 18:32:34;3.39;
10.01.2025 18:32:35;3.4;
10.01.2025 18:32:39;3.4;
10.01.2025 18:32:40;3.39;
10.01.2025 18:32:41;3.4;
10.01.2025 18:32:42;3.4;
10.01.2025 18:32:43;3.39;
10.01.2025 18:32:45;3.39;
10.01.2025 18:32:46;3.4;
10.01.2025 18:32:49;3.4;
10.01.2025 18:32:50;3.41;
10.01.2025 18:32:51;3.4;
10.01.2025 18:32:52;3.39;
10.01.2025 18:32:54;3.39;
10.01.2025 18:32:55;3.4;
10.01.2025 18:32:56;3.39;
10.01.2025 18:32:57;3.39;
10.01.2025 18:32:58;3.4;
10.01.2025 18:32:59;3.4;
10.01.2025 18:33:00;3.39;
10.01.2025 18:33:04;3.39;
10.01.2025 18:33:05;3.4;
10.01.2025 18:33:06;3.4;
10.01.2025 18:33:07;3.39;
10.01.2025 18:33:08;3.4;
10.01.2025 18:33:10;3.4;
10.01.2025 18:33:11;3.38;
10.01.2025 18:33:12;3.39;
10.01.2025 18:33:13;3.39;
10.01.2025 18:33:14;3.4;
10.01.2025 18:33:15;3.4;
10.01.2025 18:33:16;3.39;
10.01.2025 18:33:17;3.39;
10.01.2025 18:33:18;3.4;
10.01.2025 18:33:19;3.4;
10.01.2025 18:33:20;3.39;
10.01.2025 18:33:23;3.39;
10.01.2025 18:33:24;3.4;
10.01.2025 18:33:25;3.39;
10.01.2025 18:33:26;3.4;
10.01.2025 18:33:27;3.39;
10.01.2025 18:33:30;3.39;
10.01.2025 18:33:31;3.4;
10.01.2025 18:33:32;3.39;
10.01.2025 18:33:33;3.39;
10.01.2025 18:33:34;3.4;
10.01.2025 18:33:35;3.39;
10.01.2025 18:33:36;3.39;
10.01.2025 18:33:37;3.4;
10.01.2025 18:33:38;3.39;
10.01.2025 18:33:40;3.39;
10.01.2025 18:33:41;3.4;
10.01.2025 18:33:44;3.4;
10.01.2025 18:33:45;3.39;
10.01.2025 18:33:47;3.39;
10.01.2025 18:33:48;3.4;
10.01.2025 18:33:52;3.4;
10.01.2025 18:33:53;3.39;
10.01.2025 18:33:55;3.39;
10.01.2025 18:33:56;3.4;
10.01.2025 18:33:59;3.4;
10.01.2025 18:34:00;3.39;
10.01.2025 18:34:01;3.39;
10.01.2025 18:34:02;3.4;
10.01.2025 18:34:03;3.39;
10.01.2025 18:34:04;3.4;
10.01.2025 18:34:05;3.39;
10.01.2025 18:34:06;3.4;
10.01.2025 18:34:12;3.4;
10.01.2025 18:34:13;3.39;
10.01.2025 18:34:15;3.39;
10.01.2025 18:34:16;3.4;
10.01.2025 18:34:17;3.39;
10.01.2025 18:34:18;3.4;
10.01.2025 18:34:19;3.39;
10.01.2025 18:34:20;3.39;
10.01.2025 18:34:21;3.4;
10.01.2025 18:34:22;3.4;
10.01.2025 18:34:23;3.39;
10.01.2025 18:34:24;3.39;
10.01.2025 18:34:25;3.4;
10.01.2025 18:34:26;3.39;
10.01.2025 18:34:27;3.39;
10.01.2025 18:34:28;3.4;
10.01.2025 18:34:29;3.4;
10.01.2025 18:34:30;3.39;
10.01.2025 18:34:31;3.4;
10.01.2025 18:34:32;3.39;
10.01.2025 18:34:33;3.4;
10.01.2025 18:34:34;3.39;
10.01.2025 18:34:35;3.4;
10.01.2025 18:34:36;3.4;
10.01.2025 18:34:37;3.39;
10.01.2025 18:34:38;3.38;
10.01.2025 18:34:39;3.39;
10.01.2025 18:34:40;3.39;
10.01.2025 18:34:41;3.4;
10.01.2025 18:34:42;3.39;
10.01.2025 18:34:43;3.4;
10.01.2025 18:34:44;3.4;
10.01.2025 18:34:45;3.39;
10.01.2025 18:34:46;3.4;
10.01.2025 18:34:47;3.39;
10.01.2025 18:34:49;3.39;
10.01.2025 18:34:50;3.4;
10.01.2025 18:34:51;3.39;
10.01.2025 18:34:52;3.4;
10.01.2025 18:34:53;3.4;
10.01.2025 18:34:54;3.39;
10.01.2025 18:34:55;3.39;
10.01.2025 18:34:56;3.4;
10.01.2025 18:34:57;3.39;
10.01.2025 18:34:58;3.4;
10.01.2025 18:34:59;3.39;
10.01.2025 18:35:00;3.4;
10.01.2025 18:35:03;3.4;
10.01.2025 18:35:04;3.39;
10.01.2025 18:35:05;3.4;
10.01.2025 18:35:06;3.4;
10.01.2025 18:35:07;3.39;
10.01.2025 18:35:08;3.41;
10.01.2025 18:35:09;3.39;
10.01.2025 18:35:10;3.4;
10.01.2025 18:35:22;3.4;
10.01.2025 18:35:23;3.39;
10.01.2025 18:35:25;3.39;
10.01.2025 18:35:26;3.4;
10.01.2025 18:35:27;3.39;
10.01.2025 18:35:28;3.39;
10.01.2025 18:35:29;3.4;
10.01.2025 18:35:30;3.39;
10.01.2025 18:35:31;3.4;
10.01.2025 18:35:32;3.39;
10.01.2025 18:35:33;3.4;
10.01.2025 18:35:34;3.39;
10.01.2025 18:35:35;3.4;
10.01.2025 18:35:36;3.4;
10.01.2025 18:35:37;3.39;
10.01.2025 18:35:39;3.39;
10.01.2025 18:35:40;3.4;
10.01.2025 18:35:41;3.39;
10.01.2025 18:35:42;3.4;
10.01.2025 18:35:43;3.39;
10.01.2025 18:35:44;3.4;
10.01.2025 18:35:45;3.39;
10.01.2025 18:35:46;3.4;
10.01.2025 18:35:51;3.4;
10.01.2025 18:35:52;3.39;
10.01.2025 18:35:53;3.4;
10.01.2025 18:35:54;3.4;
10.01.2025 18:35:55;3.39;
10.01.2025 18:35:56;3.4;
10.01.2025 18:35:57;3.39;
10.01.2025 18:36:00;3.39;
10.01.2025 18:36:01;3.4;
10.01.2025 18:36:04;3.4;
10.01.2025 18:36:05;3.39;
10.01.2025 18:36:06;3.4;
10.01.2025 18:36:07;3.39;
10.01.2025 18:36:08;3.4;
10.01.2025 18:36:09;3.39;
10.01.2025 18:36:10;3.39;
10.01.2025 18:36:11;3.4;
10.01.2025 18:36:16;3.4;
10.01.2025 18:36:17;3.39;
10.01.2025 18:36:19;3.39;
10.01.2025 18:36:20;3.4;
10.01.2025 18:36:21;3.39;
10.01.2025 18:36:22;3.4;
10.01.2025 18:36:23;3.39;
10.01.2025 18:36:24;3.39;
10.01.2025 18:36:25;3.4;
10.01.2025 18:36:26;3.39;
10.01.2025 18:36:27;3.4;
10.01.2025 18:36:28;3.39;
10.01.2025 18:36:29;3.4;
10.01.2025 18:36:30;3.4;
10.01.2025 18:36:31;3.39;
10.01.2025 18:36:32;3.4;
10.01.2025 18:36:33;3.39;
10.01.2025 18:36:34;3.4;
10.01.2025 18:36:35;3.4;
10.01.2025 18:36:36;3.39;
10.01.2025 18:36:37;3.4;
10.01.2025 18:36:38;3.4;
10.01.2025 18:36:39;3.39;
10.01.2025 18:36:40;3.39;
10.01.2025 18:36:41;3.4;
10.01.2025 18:36:42;3.39;
10.01.2025 18:36:43;3.39;
10.01.2025 18:36:44;3.4;
10.01.2025 18:36:45;3.39;
10.01.2025 18:36:46;3.4;
10.01.2025 18:36:47;3.4;
10.01.2025 18:36:48;3.39;
10.01.2025 18:36:49;3.39;
10.01.2025 18:36:50;3.4;
10.01.2025 18:36:51;3.4;
10.01.2025 18:36:52;3.39;
10.01.2025 18:36:53;3.39;
10.01.2025 18:36:54;3.4;
10.01.2025 18:36:55;3.39;
10.01.2025 18:36:56;3.4;
10.01.2025 18:36:57;3.39;
10.01.2025 18:36:58;3.4;
10.01.2025 18:36:59;3.4;
10.01.2025 18:37:00;3.39;
10.01.2025 18:37:02;3.39;
10.01.2025 18:37:03;3.4;
10.01.2025 18:37:04;3.4;
10.01.2025 18:37:05;3.39;
10.01.2025 18:37:06;3.4;
10.01.2025 18:37:08;3.4;
10.01.2025 18:37:09;3.39;
10.01.2025 18:37:10;3.39;
10.01.2025 18:37:11;3.4;
10.01.2025 18:37:12;3.4;
10.01.2025 18:37:13;3.39;
10.01.2025 18:37:14;3.4;
10.01.2025 18:37:15;3.39;
10.01.2025 18:37:16;3.4;
10.01.2025 18:37:17;3.39;
10.01.2025 18:37:18;3.4;
10.01.2025 18:37:19;3.39;
10.01.2025 18:37:20;3.41;
10.01.2025 18:37:21;3.4;
10.01.2025 18:37:23;3.4;
10.01.2025 18:37:24;3.39;
10.01.2025 18:37:25;3.4;
10.01.2025 18:37:26;3.4;
10.01.2025 18:37:27;3.39;
10.01.2025 18:37:28;3.4;
10.01.2025 18:37:29;3.39;
10.01.2025 18:37:30;3.4;
10.01.2025 18:37:31;3.39;
10.01.2025 18:37:32;3.4;
10.01.2025 18:37:33;3.39;
10.01.2025 18:37:34;3.4;
10.01.2025 18:37:35;3.4;
10.01.2025 18:37:36;3.39;
10.01.2025 18:37:37;3.39;
10.01.2025 18:37:38;3.4;
10.01.2025 18:37:39;3.39;
10.01.2025 18:37:43;3.39;
10.01.2025 18:37:44;3.4;
10.01.2025 18:37:45;3.4;
10.01.2025 18:37:46;3.39;
10.01.2025 18:37:47;3.4;
10.01.2025 18:37:48;3.39;
10.01.2025 18:37:49;3.39;
10.01.2025 18:37:50;3.4;
10.01.2025 18:37:51;3.4;
10.01.2025 18:37:52;3.39;
10.01.2025 18:37:53;3.39;
10.01.2025 18:37:54;3.4;
10.01.2025 18:37:55;3.4;
10.01.2025 18:37:56;3.39;
10.01.2025 18:37:57;3.4;
10.01.2025 18:38:00;3.4;
10.01.2025 18:38:01;3.39;
10.01.2025 18:38:02;3.4;
10.01.2025 18:38:03;3.39;
10.01.2025 18:38:04;3.4;
10.01.2025 18:38:05;3.39;
10.01.2025 18:38:06;3.4;
10.01.2025 18:38:07;3.39;
10.01.2025 18:38:08;3.4;
10.01.2025 18:38:09;3.4;
10.01.2025 18:38:10;3.39;
10.01.2025 18:38:11;3.39;
10.01.2025 18:38:12;3.4;
10.01.2025 18:38:13;3.39;
10.01.2025 18:38:14;3.4;
10.01.2025 18:38:15;3.39;
10.01.2025 18:38:16;3.39;
10.01.2025 18:38:17;3.4;
10.01.2025 18:38:18;3.39;
10.01.2025 18:38:19;3.4;
10.01.2025 18:38:23;3.4;
10.01.2025 18:38:24;3.39;
10.01.2025 18:38:25;3.4;
10.01.2025 18:38:33;3.4;
10.01.2025 18:38:34;3.39;
10.01.2025 18:38:35;3.4;
10.01.2025 18:38:36;3.39;
10.01.2025 18:38:37;3.4;
10.01.2025 18:38:38;3.39;
10.01.2025 18:38:41;3.39;
10.01.2025 18:38:42;3.4;
10.01.2025 18:38:43;3.39;
10.01.2025 18:38:44;3.4;
10.01.2025 18:38:45;3.39;
10.01.2025 18:38:47;3.39;
10.01.2025 18:38:48;3.4;
10.01.2025 18:38:49;3.39;
10.01.2025 18:38:50;3.39;
10.01.2025 18:38:51;3.4;
10.01.2025 18:38:52;3.39;
10.01.2025 18:38:53;3.38;
10.01.2025 18:38:54;3.39;
10.01.2025 18:38:55;3.39;
10.01.2025 18:38:56;3.4;
10.01.2025 18:38:57;3.39;
10.01.2025 18:38:59;3.39;
10.01.2025 18:39:00;3.4;
10.01.2025 18:39:03;3.4;
10.01.2025 18:39:04;3.39;
10.01.2025 18:39:05;3.4;
10.01.2025 18:39:06;3.39;
10.01.2025 18:39:07;3.39;
10.01.2025 18:39:08;3.38;
10.01.2025 18:39:09;3.39;
10.01.2025 18:39:10;3.39;
10.01.2025 18:39:11;3.38;
10.01.2025 18:39:12;3.39;
10.01.2025 18:39:15;3.39;
10.01.2025 18:39:16;3.4;
10.01.2025 18:39:17;3.39;
10.01.2025 18:39:18;3.39;
10.01.2025 18:39:19;3.4;
10.01.2025 18:39:20;3.39;
10.01.2025 18:39:21;3.4;
10.01.2025 18:39:24;3.4;
10.01.2025 18:39:25;3.39;
10.01.2025 18:39:26;3.4;
10.01.2025 18:39:27;3.38;
10.01.2025 18:39:28;3.39;
10.01.2025 18:39:33;3.39;
10.01.2025 18:39:34;3.38;
10.01.2025 18:39:35;3.39;
10.01.2025 18:39:36;3.4;
10.01.2025 18:39:37;3.39;
10.01.2025 18:39:38;3.38;
10.01.2025 18:39:39;3.39;
10.01.2025 18:39:40;3.4;
10.01.2025 18:39:41;3.39;
10.01.2025 18:39:42;3.39;
10.01.2025 18:39:43;3.4;
10.01.2025 18:39:44;3.39;
10.01.2025 18:39:49;3.39;
10.01.2025 18:39:50;3.4;
10.01.2025 18:39:51;3.39;
10.01.2025 18:39:56;3.39;
10.01.2025 18:39:57;3.4;
10.01.2025 18:39:58;3.39;
10.01.2025 18:39:59;3.4;
10.01.2025 18:40:00;3.38;
10.01.2025 18:40:01;3.39;
10.01.2025 18:40:06;3.39;
10.01.2025 18:40:07;3.4;
10.01.2025 18:40:08;3.4;
10.01.2025 18:40:09;3.39;
10.01.2025 18:40:12;3.39;
10.01.2025 18:40:13;3.4;
10.01.2025 18:40:14;3.39;
10.01.2025 18:40:15;3.4;
10.01.2025 18:40:16;3.4;
10.01.2025 18:40:17;3.39;
10.01.2025 18:40:19;3.39;
10.01.2025 18:40:20;3.4;
10.01.2025 18:40:21;3.4;
10.01.2025 18:40:22;3.39;
10.01.2025 18:40:23;3.39;
10.01.2025 18:40:24;3.4;
10.01.2025 18:40:25;3.39;
10.01.2025 18:40:26;3.4;
10.01.2025 18:40:27;3.39;
10.01.2025 18:40:28;3.4;
10.01.2025 18:40:30;3.4;
10.01.2025 18:40:31;3.39;
10.01.2025 18:40:33;3.39;
10.01.2025 18:40:34;3.4;
10.01.2025 18:40:35;3.4;
10.01.2025 18:40:36;3.39;
10.01.2025 18:40:37;3.39;
10.01.2025 18:40:38;3.4;
10.01.2025 18:40:39;3.4;
10.01.2025 18:40:40;3.39;
10.01.2025 18:40:41;3.39;
10.01.2025 18:40:42;3.4;
10.01.2025 18:40:43;3.39;
10.01.2025 18:40:44;3.4;
10.01.2025 18:40:45;3.39;
10.01.2025 18:40:46;3.39;
10.01.2025 18:40:47;3.4;
10.01.2025 18:40:48;3.39;
10.01.2025 18:40:49;3.4;
10.01.2025 18:40:50;3.4;
10.01.2025 18:40:51;3.39;
10.01.2025 18:40:56;3.39;
10.01.2025 18:40:57;3.4;
10.01.2025 18:40:58;3.39;
10.01.2025 18:41:01;3.39;
10.01.2025 18:41:02;3.4;
10.01.2025 18:41:03;3.39;
10.01.2025 18:41:07;3.39;
10.01.2025 18:41:08;3.41;
10.01.2025 18:41:09;3.4;
10.01.2025 18:41:10;3.39;
10.01.2025 18:41:11;3.4;
10.01.2025 18:41:12;3.39;
10.01.2025 18:41:13;3.4;
10.01.2025 18:41:14;3.39;
10.01.2025 18:41:20;3.39;
10.01.2025 18:41:21;3.4;
10.01.2025 18:41:22;3.39;
10.01.2025 18:41:29;3.39;
10.01.2025 18:41:30;3.4;
10.01.2025 18:41:31;3.39;
10.01.2025 18:41:39;3.39;
10.01.2025 18:41:40;3.4;
10.01.2025 18:41:41;3.39;
10.01.2025 18:41:42;3.39;
10.01.2025 18:41:43;3.4;
10.01.2025 18:41:44;3.39;
10.01.2025 18:41:47;3.39;
10.01.2025 18:41:48;3.38;
10.01.2025 18:41:49;3.39;
10.01.2025 18:41:52;3.39;
10.01.2025 18:41:53;3.4;
10.01.2025 18:41:54;3.38;
10.01.2025 18:41:55;3.39;
10.01.2025 18:41:56;3.39;
10.01.2025 18:41:57;3.4;
10.01.2025 18:41:58;3.4;
10.01.2025 18:41:59;3.39;
10.01.2025 18:42:01;3.39;
10.01.2025 18:42:02;3.4;
10.01.2025 18:42:03;3.39;
10.01.2025 18:42:06;3.39;
10.01.2025 18:42:07;3.4;
10.01.2025 18:42:08;3.39;
10.01.2025 18:42:14;3.39;
10.01.2025 18:42:15;3.4;
10.01.2025 18:42:16;3.39;
10.01.2025 18:42:17;3.4;
10.01.2025 18:42:18;3.4;
10.01.2025 18:42:19;3.39;
10.01.2025 18:42:25;3.39;
10.01.2025 18:42:26;3.4;
10.01.2025 18:42:27;3.39;
10.01.2025 18:42:32;3.39;
10.01.2025 18:42:33;3.38;
10.01.2025 18:42:34;3.39;
10.01.2025 18:42:38;3.39;
10.01.2025 18:42:39;3.38;
10.01.2025 18:42:40;3.4;
10.01.2025 18:42:41;3.39;
10.01.2025 18:42:46;3.39;
10.01.2025 18:42:47;3.38;
10.01.2025 18:42:48;3.39;
10.01.2025 18:42:49;3.38;
10.01.2025 18:42:50;3.38;
10.01.2025 18:42:51;3.39;
10.01.2025 18:42:56;3.39;
10.01.2025 18:42:57;3.4;
10.01.2025 18:42:58;3.39;
10.01.2025 18:43:03;3.39;
10.01.2025 18:43:04;3.4;
10.01.2025 18:43:05;3.39;
10.01.2025 18:43:12;3.39;
10.01.2025 18:43:13;3.4;
10.01.2025 18:43:14;3.39;
10.01.2025 18:43:16;3.39;
10.01.2025 18:43:17;3.4;
10.01.2025 18:43:18;3.39;
10.01.2025 18:43:19;3.39;
10.01.2025 18:43:20;3.4;
10.01.2025 18:43:21;3.39;
10.01.2025 18:43:29;3.39;
10.01.2025 18:43:30;3.4;
10.01.2025 18:43:31;3.39;
10.01.2025 18:43:34;3.39;
10.01.2025 18:43:35;3.38;
10.01.2025 18:43:36;3.39;
10.01.2025 18:43:37;3.4;
10.01.2025 18:43:38;3.39;
10.01.2025 18:43:41;3.39;
10.01.2025 18:43:42;3.4;
10.01.2025 18:43:43;3.4;
10.01.2025 18:43:44;3.39;
10.01.2025 18:43:52;3.39;
10.01.2025 18:43:53;3.4;
10.01.2025 18:43:54;3.39;
10.01.2025 18:43:55;3.39;
10.01.2025 18:43:56;3.4;
10.01.2025 18:43:57;3.39;
10.01.2025 18:43:59;3.39;
10.01.2025 18:44:00;3.4;
10.01.2025 18:44:01;3.4;
10.01.2025 18:44:02;3.39;
10.01.2025 18:44:03;3.4;
10.01.2025 18:44:04;3.4;
10.01.2025 18:44:05;3.39;
10.01.2025 18:44:07;3.39;
10.01.2025 18:44:08;3.4;
10.01.2025 18:44:09;3.4;
10.01.2025 18:44:10;3.39;
10.01.2025 18:44:11;3.4;
10.01.2025 18:44:12;3.39;
10.01.2025 18:44:13;3.39;
10.01.2025 18:44:14;3.4;
10.01.2025 18:44:16;3.4;
10.01.2025 18:44:17;3.39;
10.01.2025 18:44:18;3.39;
10.01.2025 18:44:19;3.4;
10.01.2025 18:44:20;3.39;
10.01.2025 18:44:23;3.39;
10.01.2025 18:44:24;3.38;
10.01.2025 18:44:25;3.39;
10.01.2025 18:44:26;3.4;
10.01.2025 18:44:27;3.4;
10.01.2025 18:44:28;3.39;
10.01.2025 18:44:29;3.4;
10.01.2025 18:44:30;3.39;
10.01.2025 18:44:31;3.4;
10.01.2025 18:44:32;3.39;
10.01.2025 18:44:33;3.4;
10.01.2025 18:44:34;3.39;
10.01.2025 18:44:36;3.39;
10.01.2025 18:44:37;3.4;
10.01.2025 18:44:38;3.39;
10.01.2025 18:44:42;3.39;
10.01.2025 18:44:43;3.4;
10.01.2025 18:44:44;3.4;
10.01.2025 18:44:45;3.39;
10.01.2025 18:44:47;3.39;
10.01.2025 18:44:48;3.4;
10.01.2025 18:44:49;3.4;
10.01.2025 18:44:50;3.39;
10.01.2025 18:44:51;3.4;
10.01.2025 18:44:52;3.4;
10.01.2025 18:44:53;3.39;
10.01.2025 18:44:54;3.39;
10.01.2025 18:44:55;3.4;
10.01.2025 18:44:57;3.4;
10.01.2025 18:44:58;3.39;
10.01.2025 18:44:59;3.38;
10.01.2025 18:45:00;3.39;
10.01.2025 18:45:01;3.4;
10.01.2025 18:45:02;3.4;
10.01.2025 18:45:03;3.39;
10.01.2025 18:45:04;3.4;
10.01.2025 18:45:06;3.4;
10.01.2025 18:45:07;3.39;
10.01.2025 18:45:08;3.4;
10.01.2025 18:45:10;3.4;
10.01.2025 18:45:11;3.41;
10.01.2025 18:45:12;3.4;
10.01.2025 18:45:19;3.4;
10.01.2025 18:45:20;3.39;
10.01.2025 18:45:24;3.39;
10.01.2025 18:45:25;3.4;
10.01.2025 18:45:26;3.39;
10.01.2025 18:45:27;3.38;
10.01.2025 18:45:28;3.39;
10.01.2025 18:45:29;3.4;
10.01.2025 18:45:30;3.39;
10.01.2025 18:45:39;3.39;
10.01.2025 18:45:40;3.4;
10.01.2025 18:45:41;3.39;
10.01.2025 18:45:42;3.4;
10.01.2025 18:45:43;3.39;
10.01.2025 18:45:44;3.39;
10.01.2025 18:45:45;3.4;
10.01.2025 18:45:47;3.4;
10.01.2025 18:45:48;3.39;
10.01.2025 18:45:49;3.4;
10.01.2025 18:45:50;3.4;
10.01.2025 18:45:51;3.39;
10.01.2025 18:45:53;3.39;
10.01.2025 18:45:54;3.4;
10.01.2025 18:45:55;3.39;
10.01.2025 18:45:57;3.39;
10.01.2025 18:45:58;3.4;
10.01.2025 18:45:59;3.39;
10.01.2025 18:46:00;3.39;
10.01.2025 18:46:01;3.4;
10.01.2025 18:46:02;3.39;
10.01.2025 18:46:03;3.39;
10.01.2025 18:46:04;3.4;
10.01.2025 18:46:05;3.39;
10.01.2025 18:46:12;3.39;
10.01.2025 18:46:13;3.4;
10.01.2025 18:46:14;3.39;
10.01.2025 18:46:16;3.39;
10.01.2025 18:46:17;3.4;
10.01.2025 18:46:18;3.39;
10.01.2025 18:46:20;3.39;
10.01.2025 18:46:21;3.4;
10.01.2025 18:46:22;3.39;
10.01.2025 18:46:24;3.39;
10.01.2025 18:46:25;3.4;
10.01.2025 18:46:26;3.39;
10.01.2025 18:46:27;3.4;
10.01.2025 18:46:28;3.4;
10.01.2025 18:46:29;3.39;
10.01.2025 18:46:30;3.4;
10.01.2025 18:46:31;3.4;
10.01.2025 18:46:32;3.39;
10.01.2025 18:46:33;3.4;
10.01.2025 18:46:34;3.39;
10.01.2025 18:46:35;3.38;
10.01.2025 18:46:36;3.39;
10.01.2025 18:46:40;3.39;
10.01.2025 18:46:41;3.4;
10.01.2025 18:46:42;3.39;
10.01.2025 18:46:43;3.4;
10.01.2025 18:46:44;3.39;
10.01.2025 18:46:45;3.39;
10.01.2025 18:46:46;3.4;
10.01.2025 18:46:47;3.39;
10.01.2025 18:46:48;3.39;
10.01.2025 18:46:49;3.4;
10.01.2025 18:46:50;3.39;
10.01.2025 18:46:51;3.39;
10.01.2025 18:46:52;3.4;
10.01.2025 18:46:53;3.4;
10.01.2025 18:46:54;3.39;
10.01.2025 18:46:55;3.4;
10.01.2025 18:46:56;3.39;
10.01.2025 18:46:57;3.39;
10.01.2025 18:46:58;3.4;
10.01.2025 18:47:00;3.4;
10.01.2025 18:47:01;3.39;
10.01.2025 18:47:03;3.39;
10.01.2025 18:47:04;3.4;
10.01.2025 18:47:05;3.39;
10.01.2025 18:47:06;3.4;
10.01.2025 18:47:07;3.39;
10.01.2025 18:47:09;3.39;
10.01.2025 18:47:10;3.38;
10.01.2025 18:47:11;3.39;
10.01.2025 18:47:12;3.39;
10.01.2025 18:47:13;3.4;
10.01.2025 18:47:14;3.39;
10.01.2025 18:47:15;3.4;
10.01.2025 18:47:16;3.4;
10.01.2025 18:47:17;3.39;
10.01.2025 18:47:19;3.39;
10.01.2025 18:47:20;3.4;
10.01.2025 18:47:21;3.4;
10.01.2025 18:47:22;3.38;
10.01.2025 18:47:23;3.38;
10.01.2025 18:47:24;3.39;
10.01.2025 18:47:25;3.4;
10.01.2025 18:47:26;3.39;
10.01.2025 18:47:27;3.38;
10.01.2025 18:47:28;3.39;
10.01.2025 18:47:31;3.39;
10.01.2025 18:47:32;3.4;
10.01.2025 18:47:33;3.4;
10.01.2025 18:47:34;3.39;
10.01.2025 18:47:39;3.39;
10.01.2025 18:47:40;3.4;
10.01.2025 18:47:41;3.39;
10.01.2025 18:47:43;3.39;
10.01.2025 18:47:44;3.4;
10.01.2025 18:47:45;3.38;
10.01.2025 18:47:46;3.39;
10.01.2025 18:47:50;3.39;
10.01.2025 18:47:51;3.4;
10.01.2025 18:47:52;3.39;
10.01.2025 18:47:53;3.4;
10.01.2025 18:47:54;3.39;
10.01.2025 18:47:55;3.39;
10.01.2025 18:47:56;3.4;
10.01.2025 18:47:58;3.4;
10.01.2025 18:47:59;3.39;
10.01.2025 18:48:00;3.39;
10.01.2025 18:48:01;3.4;
10.01.2025 18:48:02;3.39;
10.01.2025 18:48:05;3.39;
10.01.2025 18:48:06;3.4;
10.01.2025 18:48:07;3.39;
10.01.2025 18:48:08;3.39;
10.01.2025 18:48:09;3.38;
10.01.2025 18:48:10;3.39;
10.01.2025 18:48:16;3.39;
10.01.2025 18:48:17;3.4;
10.01.2025 18:48:18;3.39;
10.01.2025 18:48:19;3.39;
10.01.2025 18:48:20;3.4;
10.01.2025 18:48:21;3.39;
10.01.2025 18:48:23;3.39;
10.01.2025 18:48:24;3.4;
10.01.2025 18:48:25;3.39;
10.01.2025 18:48:26;3.39;
10.01.2025 18:48:27;3.4;
10.01.2025 18:48:28;3.39;
10.01.2025 18:48:33;3.39;
10.01.2025 18:48:34;3.38;
10.01.2025 18:48:35;3.39;
10.01.2025 18:48:37;3.39;
10.01.2025 18:48:38;3.4;
10.01.2025 18:48:39;3.39;
10.01.2025 18:48:43;3.39;
10.01.2025 18:48:44;3.38;
10.01.2025 18:48:45;3.39;
10.01.2025 18:48:49;3.39;
10.01.2025 18:48:50;3.4;
10.01.2025 18:48:51;3.39;
10.01.2025 18:48:55;3.39;
10.01.2025 18:48:56;3.38;
10.01.2025 18:48:57;3.39;
10.01.2025 18:48:58;3.38;
10.01.2025 18:48:59;3.39;
10.01.2025 18:49:00;3.39;
10.01.2025 18:49:01;3.4;
10.01.2025 18:49:02;3.39;
10.01.2025 18:49:03;3.4;
10.01.2025 18:49:04;3.39;
10.01.2025 18:49:07;3.39;
10.01.2025 18:49:08;3.4;
10.01.2025 18:49:09;3.4;
10.01.2025 18:49:10;3.39;
10.01.2025 18:49:11;3.4;
10.01.2025 18:49:12;3.39;
10.01.2025 18:49:15;3.39;
10.01.2025 18:49:16;3.4;
10.01.2025 18:49:17;3.39;
10.01.2025 18:49:21;3.39;
10.01.2025 18:49:22;3.4;
10.01.2025 18:49:23;3.39;
10.01.2025 18:49:25;3.39;
10.01.2025 18:49:26;3.4;
10.01.2025 18:49:27;3.39;
10.01.2025 18:49:35;3.39;
10.01.2025 18:49:36;3.4;
10.01.2025 18:49:37;3.39;
10.01.2025 18:49:38;3.39;
10.01.2025 18:49:39;3.4;
10.01.2025 18:49:40;3.39;
10.01.2025 18:49:42;3.39;
10.01.2025 18:49:43;3.4;
10.01.2025 18:49:44;3.38;
10.01.2025 18:49:45;3.39;
10.01.2025 18:49:46;3.4;
10.01.2025 18:49:47;3.4;
10.01.2025 18:49:48;3.39;
10.01.2025 18:49:49;3.4;
10.01.2025 18:49:50;3.39;
10.01.2025 18:49:54;3.39;
10.01.2025 18:49:55;3.4;
10.01.2025 18:49:56;3.39;
10.01.2025 18:49:57;3.39;
10.01.2025 18:49:58;3.4;
10.01.2025 18:49:59;3.39;
10.01.2025 18:50:04;3.39;
10.01.2025 18:50:05;3.4;
10.01.2025 18:50:06;3.39;
10.01.2025 18:50:07;3.4;
10.01.2025 18:50:08;3.39;
10.01.2025 18:50:14;3.39;
10.01.2025 18:50:15;3.4;
10.01.2025 18:50:16;3.39;
10.01.2025 18:50:20;3.39;
10.01.2025 18:50:21;3.38;
10.01.2025 18:50:22;3.39;
10.01.2025 18:50:23;3.39;
10.01.2025 18:50:24;3.4;
10.01.2025 18:50:25;3.39;
10.01.2025 18:50:26;3.4;
10.01.2025 18:50:28;3.4;
10.01.2025 18:50:29;3.39;
10.01.2025 18:50:34;3.39;
10.01.2025 18:50:35;3.4;
10.01.2025 18:50:36;3.4;
10.01.2025 18:50:37;3.39;
10.01.2025 18:50:43;3.39;
10.01.2025 18:50:44;3.4;
10.01.2025 18:50:45;3.39;
10.01.2025 18:50:46;3.39;
10.01.2025 18:50:47;3.4;
10.01.2025 18:50:48;3.4;
10.01.2025 18:50:49;3.39;
10.01.2025 18:50:55;3.39;
10.01.2025 18:50:56;3.38;
10.01.2025 18:50:57;3.39;
10.01.2025 18:51:03;3.39;
10.01.2025 18:51:04;3.4;
10.01.2025 18:51:05;3.39;
10.01.2025 18:51:08;3.39;
10.01.2025 18:51:09;3.4;
10.01.2025 18:51:10;3.4;
10.01.2025 18:51:11;3.39;
10.01.2025 18:51:12;3.4;
10.01.2025 18:51:16;3.4;
10.01.2025 18:51:17;3.39;
10.01.2025 18:51:18;3.4;
10.01.2025 18:51:19;3.4;
10.01.2025 18:51:20;3.39;
10.01.2025 18:51:21;3.39;
10.01.2025 18:51:22;3.4;
10.01.2025 18:51:23;3.4;
10.01.2025 18:51:24;3.39;
10.01.2025 18:51:26;3.39;
10.01.2025 18:51:27;3.4;
10.01.2025 18:51:28;3.4;
10.01.2025 18:51:29;3.39;
10.01.2025 18:51:30;3.4;
10.01.2025 18:51:32;3.4;
10.01.2025 18:51:33;3.39;
10.01.2025 18:51:34;3.39;
10.01.2025 18:51:35;3.4;
10.01.2025 18:51:36;3.4;
10.01.2025 18:51:37;3.39;
10.01.2025 18:51:38;3.4;
10.01.2025 18:51:39;3.39;
10.01.2025 18:51:40;3.4;
10.01.2025 18:51:42;3.4;
10.01.2025 18:51:43;3.39;
10.01.2025 18:51:44;3.39;
10.01.2025 18:51:45;3.4;
10.01.2025 18:51:46;3.39;
10.01.2025 18:51:47;3.39;
10.01.2025 18:51:48;3.4;
10.01.2025 18:51:49;3.39;
10.01.2025 18:51:50;3.39;
10.01.2025 18:51:51;3.4;
10.01.2025 18:51:52;3.39;
10.01.2025 18:51:58;3.39;
10.01.2025 18:51:59;3.4;
10.01.2025 18:52:00;3.39;
10.01.2025 18:52:01;3.4;
10.01.2025 18:52:02;3.39;
10.01.2025 18:52:04;3.39;
10.01.2025 18:52:05;3.4;
10.01.2025 18:52:06;3.39;
10.01.2025 18:52:07;3.4;
10.01.2025 18:52:08;3.39;
10.01.2025 18:52:09;3.39;
10.01.2025 18:52:10;3.4;
10.01.2025 18:52:11;3.39;
10.01.2025 18:52:12;3.4;
10.01.2025 18:52:13;3.39;
10.01.2025 18:52:14;3.4;
10.01.2025 18:52:16;3.4;
10.01.2025 18:52:17;3.39;
10.01.2025 18:52:18;3.4;
10.01.2025 18:52:20;3.4;
10.01.2025 18:52:21;3.39;
10.01.2025 18:52:22;3.4;
10.01.2025 18:52:29;3.4;
10.01.2025 18:52:30;3.39;
10.01.2025 18:52:31;3.4;
10.01.2025 18:52:32;3.4;
10.01.2025 18:52:33;3.39;
10.01.2025 18:52:34;3.39;
10.01.2025 18:52:35;3.4;
10.01.2025 18:52:37;3.4;
10.01.2025 18:52:38;3.38;
10.01.2025 18:52:39;3.39;
10.01.2025 18:52:40;3.4;
10.01.2025 18:52:42;3.4;
10.01.2025 18:52:43;3.39;
10.01.2025 18:52:44;3.39;
10.01.2025 18:52:45;3.4;
10.01.2025 18:52:46;3.39;
10.01.2025 18:52:47;3.4;
10.01.2025 18:52:49;3.4;
10.01.2025 18:52:50;3.39;
10.01.2025 18:52:53;3.39;
10.01.2025 18:52:54;3.4;
10.01.2025 18:52:55;3.4;
10.01.2025 18:52:56;3.39;
10.01.2025 18:52:57;3.4;
10.01.2025 18:52:58;3.4;
10.01.2025 18:52:59;3.39;
10.01.2025 18:53:00;3.4;
10.01.2025 18:53:01;3.4;
10.01.2025 18:53:02;3.39;
10.01.2025 18:53:05;3.39;
10.01.2025 18:53:06;3.4;
10.01.2025 18:53:07;3.39;
10.01.2025 18:53:15;3.39;
10.01.2025 18:53:16;3.4;
10.01.2025 18:53:17;3.39;
10.01.2025 18:53:20;3.39;
10.01.2025 18:53:21;3.4;
10.01.2025 18:53:22;3.39;
10.01.2025 18:53:23;3.39;
10.01.2025 18:53:24;3.4;
10.01.2025 18:53:27;3.4;
10.01.2025 18:53:28;3.39;
10.01.2025 18:53:30;3.39;
10.01.2025 18:53:31;3.4;
10.01.2025 18:53:35;3.4;
10.01.2025 18:53:36;3.39;
10.01.2025 18:53:40;3.39;
10.01.2025 18:53:41;3.4;
10.01.2025 18:53:42;3.4;
10.01.2025 18:53:43;3.39;
10.01.2025 18:53:44;3.39;
10.01.2025 18:53:45;3.4;
10.01.2025 18:53:46;3.4;
10.01.2025 18:53:47;3.39;
10.01.2025 18:53:48;3.4;
10.01.2025 18:53:49;3.39;
10.01.2025 18:53:52;3.39;
10.01.2025 18:53:53;3.4;
10.01.2025 18:53:54;3.39;
10.01.2025 18:53:55;3.4;
10.01.2025 18:53:56;3.39;
10.01.2025 18:54:01;3.39;
10.01.2025 18:54:02;3.38;
10.01.2025 18:54:03;3.4;
10.01.2025 18:54:04;3.39;
10.01.2025 18:54:05;3.4;
10.01.2025 18:54:06;3.39;
10.01.2025 18:54:08;3.39;
10.01.2025 18:54:09;3.4;
10.01.2025 18:54:10;3.39;
10.01.2025 18:54:12;3.39;
10.01.2025 18:54:13;3.4;
10.01.2025 18:54:14;3.39;
10.01.2025 18:54:17;3.39;
10.01.2025 18:54:18;3.4;
10.01.2025 18:54:19;3.39;
10.01.2025 18:54:26;3.39;
10.01.2025 18:54:27;3.4;
10.01.2025 18:54:28;3.39;
10.01.2025 18:54:29;3.4;
10.01.2025 18:54:30;3.38;
10.01.2025 18:54:31;3.4;
10.01.2025 18:54:32;3.39;
10.01.2025 18:54:38;3.39;
10.01.2025 18:54:39;3.4;
10.01.2025 18:54:40;3.39;
10.01.2025 18:54:41;3.39;
10.01.2025 18:54:42;3.4;
10.01.2025 18:54:43;3.4;
10.01.2025 18:54:44;3.39;
10.01.2025 18:54:46;3.39;
10.01.2025 18:54:47;3.4;
10.01.2025 18:54:48;3.4;
10.01.2025 18:54:49;3.39;
10.01.2025 18:54:51;3.39;
10.01.2025 18:54:52;3.41;
10.01.2025 18:54:53;3.4;
10.01.2025 18:54:54;3.39;
10.01.2025 18:54:55;3.39;
10.01.2025 18:54:56;3.4;
10.01.2025 18:54:57;3.39;
10.01.2025 18:54:58;3.4;
10.01.2025 18:54:59;3.39;
10.01.2025 18:55:00;3.4;
10.01.2025 18:55:01;3.39;
10.01.2025 18:55:05;3.39;
10.01.2025 18:55:06;3.4;
10.01.2025 18:55:07;3.39;
10.01.2025 18:55:10;3.39;
10.01.2025 18:55:11;3.4;
10.01.2025 18:55:12;3.39;
10.01.2025 18:55:16;3.39;
10.01.2025 18:55:17;3.4;
10.01.2025 18:55:18;3.39;
10.01.2025 18:55:19;3.4;
10.01.2025 18:55:20;3.39;
10.01.2025 18:55:21;3.4;
10.01.2025 18:55:23;3.4;
10.01.2025 18:55:24;3.39;
10.01.2025 18:55:25;3.39;
10.01.2025 18:55:26;3.4;
10.01.2025 18:55:27;3.4;
10.01.2025 18:55:28;3.39;
10.01.2025 18:55:29;3.4;
10.01.2025 18:55:30;3.39;
10.01.2025 18:55:31;3.4;
10.01.2025 18:55:32;3.39;
10.01.2025 18:55:33;3.4;
10.01.2025 18:55:35;3.4;
10.01.2025 18:55:36;3.39;
10.01.2025 18:55:37;3.4;
10.01.2025 18:55:38;3.39;
10.01.2025 18:55:40;3.39;
10.01.2025 18:55:41;3.4;
10.01.2025 18:55:44;3.4;
10.01.2025 18:55:45;3.39;
10.01.2025 18:55:46;3.4;
10.01.2025 18:55:48;3.4;
10.01.2025 18:55:49;3.39;
10.01.2025 18:55:50;3.39;
10.01.2025 18:55:51;3.4;
10.01.2025 18:55:52;3.4;
10.01.2025 18:55:53;3.39;
10.01.2025 18:55:54;3.38;
10.01.2025 18:55:55;3.4;
10.01.2025 18:55:56;3.39;
10.01.2025 18:55:57;3.39;
10.01.2025 18:55:58;3.4;
10.01.2025 18:55:59;3.39;
10.01.2025 18:56:03;3.39;
10.01.2025 18:56:04;3.4;
10.01.2025 18:56:06;3.4;
10.01.2025 18:56:07;3.39;
10.01.2025 18:56:08;3.4;
10.01.2025 18:56:10;3.4;
10.01.2025 18:56:11;3.39;
10.01.2025 18:56:12;3.39;
10.01.2025 18:56:13;3.4;
10.01.2025 18:56:14;3.39;
10.01.2025 18:56:15;3.39;
10.01.2025 18:56:16;3.38;
10.01.2025 18:56:17;3.39;
10.01.2025 18:56:22;3.39;
10.01.2025 18:56:23;3.4;
10.01.2025 18:56:24;3.38;
10.01.2025 18:56:25;3.39;
10.01.2025 18:56:26;3.39;
10.01.2025 18:56:27;3.4;
10.01.2025 18:56:28;3.39;
10.01.2025 18:56:41;3.39;
10.01.2025 18:56:42;3.4;
10.01.2025 18:56:43;3.39;
10.01.2025 18:56:44;3.38;
10.01.2025 18:56:45;3.39;
10.01.2025 18:56:46;3.39;
10.01.2025 18:56:47;3.4;
10.01.2025 18:56:48;3.39;
10.01.2025 18:56:50;3.39;
10.01.2025 18:56:51;3.38;
10.01.2025 18:56:52;3.39;
10.01.2025 18:56:53;3.39;
10.01.2025 18:56:54;3.4;
10.01.2025 18:56:55;3.38;
10.01.2025 18:56:56;3.38;
10.01.2025 18:56:57;3.39;
10.01.2025 18:56:59;3.39;
10.01.2025 18:57:00;3.4;
10.01.2025 18:57:01;3.39;
10.01.2025 18:57:06;3.39;
10.01.2025 18:57:07;3.38;
10.01.2025 18:57:08;3.39;
10.01.2025 18:57:14;3.39;
10.01.2025 18:57:15;3.4;
10.01.2025 18:57:16;3.39;
10.01.2025 18:57:17;3.38;
10.01.2025 18:57:18;3.39;
10.01.2025 18:57:19;3.4;
10.01.2025 18:57:20;3.4;
10.01.2025 18:57:21;3.39;
10.01.2025 18:57:24;3.39;
10.01.2025 18:57:25;3.4;
10.01.2025 18:57:26;3.39;
10.01.2025 18:57:27;3.39;
10.01.2025 18:57:28;3.4;
10.01.2025 18:57:29;3.39;
10.01.2025 18:57:32;3.39;
10.01.2025 18:57:33;3.4;
10.01.2025 18:57:34;3.39;
10.01.2025 18:57:35;3.39;
10.01.2025 18:57:36;3.4;
10.01.2025 18:57:37;3.4;
10.01.2025 18:57:38;3.39;
10.01.2025 18:57:39;3.39;
10.01.2025 18:57:40;3.4;
10.01.2025 18:57:41;3.39;
10.01.2025 18:57:42;3.4;
10.01.2025 18:57:43;3.39;
10.01.2025 18:57:44;3.4;
10.01.2025 18:57:45;3.39;
10.01.2025 18:57:50;3.39;
10.01.2025 18:57:51;3.4;
10.01.2025 18:57:52;3.4;
10.01.2025 18:57:53;3.39;
10.01.2025 18:57:54;3.4;
10.01.2025 18:57:55;3.4;
10.01.2025 18:57:56;3.39;
10.01.2025 18:57:59;3.39;
10.01.2025 18:58:00;3.4;
10.01.2025 18:58:01;3.4;
10.01.2025 18:58:02;3.39;
10.01.2025 18:58:03;3.39;
10.01.2025 18:58:04;3.4;
10.01.2025 18:58:08;3.4;
10.01.2025 18:58:09;3.39;
10.01.2025 18:58:10;3.39;
10.01.2025 18:58:11;3.4;
10.01.2025 18:58:12;3.39;
10.01.2025 18:58:16;3.39;
10.01.2025 18:58:17;3.4;
10.01.2025 18:58:18;3.39;
10.01.2025 18:58:19;3.39;
10.01.2025 18:58:20;3.4;
10.01.2025 18:58:21;3.39;
10.01.2025 18:58:22;3.39;
10.01.2025 18:58:23;3.41;
10.01.2025 18:58:24;3.4;
10.01.2025 18:58:25;3.39;
10.01.2025 18:58:26;3.39;
10.01.2025 18:58:27;3.4;
10.01.2025 18:58:33;3.4;
10.01.2025 18:58:34;3.39;
10.01.2025 18:58:35;3.4;
10.01.2025 18:58:36;3.39;
10.01.2025 18:58:37;3.4;
10.01.2025 18:58:38;3.4;
10.01.2025 18:58:39;3.39;
10.01.2025 18:58:40;3.4;
10.01.2025 18:58:45;3.4;
10.01.2025 18:58:46;3.39;
10.01.2025 18:58:47;3.4;
10.01.2025 18:58:48;3.39;
10.01.2025 18:58:51;3.39;
10.01.2025 18:58:52;3.4;
10.01.2025 18:58:53;3.4;
10.01.2025 18:58:54;3.39;
10.01.2025 18:58:55;3.4;
10.01.2025 18:58:56;3.39;
10.01.2025 18:58:59;3.39;
10.01.2025 18:59:00;3.4;
10.01.2025 18:59:01;3.4;
10.01.2025 18:59:02;3.39;
10.01.2025 18:59:03;3.4;
10.01.2025 18:59:04;3.4;
10.01.2025 18:59:05;3.39;
10.01.2025 18:59:06;3.4;
10.01.2025 18:59:09;3.4;
10.01.2025 18:59:10;3.39;
10.01.2025 18:59:11;3.39;
10.01.2025 18:59:12;3.4;
10.01.2025 18:59:13;3.39;
10.01.2025 18:59:16;3.39;
10.01.2025 18:59:17;3.4;
10.01.2025 18:59:18;3.39;
10.01.2025 18:59:19;3.4;
10.01.2025 18:59:22;3.4;
10.01.2025 18:59:23;3.39;
10.01.2025 18:59:24;3.4;
10.01.2025 18:59:25;3.4;
10.01.2025 18:59:26;3.39;
10.01.2025 18:59:27;3.4;
10.01.2025 18:59:28;3.39;
10.01.2025 18:59:29;3.4;
10.01.2025 18:59:30;3.4;
10.01.2025 18:59:31;3.39;
10.01.2025 18:59:32;3.4;
10.01.2025 18:59:33;3.39;
10.01.2025 18:59:34;3.39;
10.01.2025 18:59:35;3.4;
10.01.2025 18:59:36;3.4;
10.01.2025 18:59:37;3.39;
10.01.2025 18:59:38;3.39;
10.01.2025 18:59:39;3.4;
10.01.2025 18:59:40;3.39;
10.01.2025 18:59:41;3.39;
10.01.2025 18:59:42;3.38;
10.01.2025 18:59:43;3.4;
10.01.2025 18:59:44;3.4;
10.01.2025 18:59:45;3.39;
10.01.2025 18:59:49;3.39;
10.01.2025 18:59:50;3.4;
10.01.2025 18:59:51;3.39;
10.01.2025 18:59:53;3.39;
10.01.2025 18:59:54;3.4;
10.01.2025 18:59:55;3.39;
10.01.2025 18:59:56;3.4;
10.01.2025 18:59:57;3.4;
10.01.2025 18:59:58;3.39;
10.01.2025 18:59:59;3.4;
10.01.2025 19:00:00;3.4;
10.01.2025 19:00:01;3.39;
10.01.2025 19:00:02;3.39;
10.01.2025 19:00:03;3.4;
10.01.2025 19:00:05;3.4;
10.01.2025 19:00:06;3.39;
10.01.2025 19:00:08;3.39;
10.01.2025 19:00:09;3.4;
10.01.2025 19:00:10;3.4;
10.01.2025 19:00:11;3.39;
10.01.2025 19:00:12;3.39;
10.01.2025 19:00:13;3.4;
10.01.2025 19:00:16;3.4;
10.01.2025 19:00:17;3.39;
10.01.2025 19:00:19;3.39;
10.01.2025 19:00:20;3.4;
10.01.2025 19:00:21;3.39;
10.01.2025 19:00:24;3.39;
10.01.2025 19:00:25;3.4;
10.01.2025 19:00:28;3.4;
10.01.2025 19:00:29;3.39;
10.01.2025 19:00:32;3.39;
10.01.2025 19:00:33;3.4;
10.01.2025 19:00:34;3.39;
10.01.2025 19:00:35;3.4;
10.01.2025 19:00:36;3.4;
10.01.2025 19:00:37;3.39;
10.01.2025 19:00:38;3.39;
10.01.2025 19:00:39;3.4;
10.01.2025 19:00:40;3.4;
10.01.2025 19:00:41;3.39;
10.01.2025 19:00:42;3.4;
10.01.2025 19:00:43;3.4;
10.01.2025 19:00:44;3.39;
10.01.2025 19:00:45;3.4;
10.01.2025 19:00:46;3.39;
10.01.2025 19:00:47;3.4;
10.01.2025 19:00:50;3.4;
10.01.2025 19:00:51;3.39;
10.01.2025 19:00:52;3.4;
10.01.2025 19:00:53;3.4;
10.01.2025 19:00:54;3.39;
10.01.2025 19:00:55;3.39;
10.01.2025 19:00:56;3.4;
10.01.2025 19:00:57;3.41;
10.01.2025 19:00:58;3.4;
10.01.2025 19:01:02;3.4;
10.01.2025 19:01:03;3.39;
10.01.2025 19:01:04;3.4;
10.01.2025 19:01:07;3.4;
10.01.2025 19:01:08;3.39;
10.01.2025 19:01:09;3.4;
10.01.2025 19:01:10;3.39;
10.01.2025 19:01:11;3.4;
10.01.2025 19:01:12;3.41;
10.01.2025 19:01:13;3.39;
10.01.2025 19:01:14;3.39;
10.01.2025 19:01:15;3.4;
10.01.2025 19:01:17;3.4;
10.01.2025 19:01:18;3.39;
10.01.2025 19:01:19;3.39;
10.01.2025 19:01:20;3.4;
10.01.2025 19:01:21;3.39;
10.01.2025 19:01:22;3.39;
10.01.2025 19:01:23;3.4;
10.01.2025 19:01:24;3.39;
10.01.2025 19:01:25;3.4;
10.01.2025 19:01:26;3.39;
10.01.2025 19:01:27;3.39;
10.01.2025 19:01:28;3.4;
10.01.2025 19:01:29;3.39;
10.01.2025 19:01:30;3.38;
10.01.2025 19:01:31;3.39;
10.01.2025 19:01:38;3.39;
10.01.2025 19:01:39;3.4;
10.01.2025 19:01:40;3.39;
10.01.2025 19:01:41;3.4;
10.01.2025 19:01:42;3.39;
10.01.2025 19:01:45;3.39;
10.01.2025 19:01:46;3.38;
10.01.2025 19:01:47;3.4;
10.01.2025 19:01:49;3.4;
10.01.2025 19:01:50;3.39;
10.01.2025 19:01:51;3.4;
10.01.2025 19:01:53;3.4;
10.01.2025 19:01:54;3.39;
10.01.2025 19:01:55;3.39;
10.01.2025 19:01:56;3.4;
10.01.2025 19:01:57;3.39;
10.01.2025 19:01:59;3.39;
10.01.2025 19:02:00;3.4;
10.01.2025 19:02:01;3.39;
10.01.2025 19:02:02;3.4;
10.01.2025 19:02:03;3.39;
10.01.2025 19:02:04;3.4;
10.01.2025 19:02:05;3.39;
10.01.2025 19:02:06;3.4;
10.01.2025 19:02:07;3.39;
10.01.2025 19:02:08;3.4;
10.01.2025 19:02:10;3.4;
10.01.2025 19:02:11;3.39;
10.01.2025 19:02:12;3.4;
10.01.2025 19:02:14;3.4;
10.01.2025 19:02:15;3.39;
10.01.2025 19:02:16;3.4;
10.01.2025 19:02:17;3.4;
10.01.2025 19:02:18;3.39;
10.01.2025 19:02:19;3.4;
10.01.2025 19:02:20;3.4;
10.01.2025 19:02:21;3.39;
10.01.2025 19:02:22;3.4;
10.01.2025 19:02:24;3.4;
10.01.2025 19:02:25;3.39;
10.01.2025 19:02:28;3.39;
10.01.2025 19:02:29;3.4;
10.01.2025 19:02:30;3.39;
10.01.2025 19:02:34;3.39;
10.01.2025 19:02:35;3.4;
10.01.2025 19:02:36;3.39;
10.01.2025 19:02:38;3.39;
10.01.2025 19:02:39;3.4;
10.01.2025 19:02:40;3.4;
10.01.2025 19:02:41;3.39;
10.01.2025 19:02:42;3.4;
10.01.2025 19:02:44;3.4;
10.01.2025 19:02:45;3.39;
10.01.2025 19:02:46;3.4;
10.01.2025 19:02:47;3.39;
10.01.2025 19:02:48;3.39;
10.01.2025 19:02:49;3.4;
10.01.2025 19:02:50;3.39;
10.01.2025 19:02:51;3.4;
10.01.2025 19:02:52;3.39;
10.01.2025 19:02:58;3.39;
10.01.2025 19:02:59;3.4;
10.01.2025 19:03:00;3.4;
10.01.2025 19:03:01;3.39;
10.01.2025 19:03:02;3.4;
10.01.2025 19:03:06;3.4;
10.01.2025 19:03:07;3.39;
10.01.2025 19:03:13;3.39;
10.01.2025 19:03:14;3.4;
10.01.2025 19:03:15;3.4;
10.01.2025 19:03:16;3.39;
10.01.2025 19:03:17;3.4;
10.01.2025 19:03:19;3.4;
10.01.2025 19:03:20;3.39;
10.01.2025 19:03:21;3.4;
10.01.2025 19:03:22;3.4;
10.01.2025 19:03:23;3.39;
10.01.2025 19:03:24;3.4;
10.01.2025 19:03:25;3.4;
10.01.2025 19:03:26;3.39;
10.01.2025 19:03:27;3.39;
10.01.2025 19:03:28;3.4;
10.01.2025 19:03:29;3.39;
10.01.2025 19:03:30;3.4;
10.01.2025 19:03:31;3.39;
10.01.2025 19:03:32;3.4;
10.01.2025 19:03:33;3.39;
10.01.2025 19:03:34;3.4;
10.01.2025 19:03:35;3.39;
10.01.2025 19:03:36;3.4;
10.01.2025 19:03:37;3.41;
10.01.2025 19:03:38;3.39;
10.01.2025 19:03:39;3.4;
10.01.2025 19:03:40;3.4;
10.01.2025 19:03:41;3.39;
10.01.2025 19:03:43;3.39;
10.01.2025 19:03:44;3.4;
10.01.2025 19:03:45;3.39;
10.01.2025 19:03:46;3.39;
10.01.2025 19:03:47;3.4;
10.01.2025 19:03:48;3.39;
10.01.2025 19:03:49;3.38;
10.01.2025 19:03:50;3.39;
10.01.2025 19:03:51;3.39;
10.01.2025 19:03:52;3.4;
10.01.2025 19:03:53;3.39;
10.01.2025 19:04:01;3.39;
10.01.2025 19:04:02;3.4;
10.01.2025 19:04:03;3.39;
10.01.2025 19:04:04;3.38;
10.01.2025 19:04:05;3.39;
10.01.2025 19:04:12;3.39;
10.01.2025 19:04:13;3.38;
10.01.2025 19:04:14;3.39;
10.01.2025 19:04:16;3.39;
10.01.2025 19:04:17;3.38;
10.01.2025 19:04:18;3.39;
10.01.2025 19:04:20;3.39;
10.01.2025 19:04:21;3.4;
10.01.2025 19:04:22;3.39;
10.01.2025 19:04:23;3.39;
10.01.2025 19:04:24;3.38;
10.01.2025 19:04:25;3.39;
10.01.2025 19:04:27;3.39;
10.01.2025 19:04:28;3.4;
10.01.2025 19:04:29;3.39;
10.01.2025 19:04:30;3.39;
10.01.2025 19:04:31;3.4;
10.01.2025 19:04:32;3.39;
10.01.2025 19:04:35;3.39;
10.01.2025 19:04:36;3.38;
10.01.2025 19:04:37;3.39;
10.01.2025 19:04:38;3.4;
10.01.2025 19:04:39;3.39;
10.01.2025 19:04:41;3.39;
10.01.2025 19:04:42;3.4;
10.01.2025 19:04:43;3.39;
10.01.2025 19:04:44;3.38;
10.01.2025 19:04:45;3.39;
10.01.2025 19:04:46;3.38;
10.01.2025 19:04:47;3.39;
10.01.2025 19:05:01;3.39;
10.01.2025 19:05:02;3.38;
10.01.2025 19:05:03;3.39;
10.01.2025 19:05:05;3.39;
10.01.2025 19:05:06;3.38;
10.01.2025 19:05:07;3.38;
10.01.2025 19:05:08;3.39;
10.01.2025 19:05:18;3.39;
10.01.2025 19:05:19;3.4;
10.01.2025 19:05:20;3.39;
10.01.2025 19:05:23;3.39;
10.01.2025 19:05:24;3.4;
10.01.2025 19:05:25;3.39;
10.01.2025 19:05:26;3.4;
10.01.2025 19:05:27;3.39;
10.01.2025 19:05:28;3.39;
10.01.2025 19:05:29;3.38;
10.01.2025 19:05:30;3.4;
10.01.2025 19:05:31;3.4;
10.01.2025 19:05:32;3.39;
10.01.2025 19:05:34;3.39;
10.01.2025 19:05:35;3.4;
10.01.2025 19:05:36;3.4;
10.01.2025 19:05:37;3.39;
10.01.2025 19:05:39;3.39;
10.01.2025 19:05:40;3.41;
10.01.2025 19:05:41;3.4;
10.01.2025 19:05:42;3.39;
10.01.2025 19:05:46;3.39;
10.01.2025 19:05:47;3.4;
10.01.2025 19:05:48;3.4;
10.01.2025 19:05:49;3.39;
10.01.2025 19:05:53;3.39;
10.01.2025 19:05:54;3.4;
10.01.2025 19:05:56;3.4;
10.01.2025 19:05:57;3.39;
10.01.2025 19:05:59;3.39;
10.01.2025 19:06:00;3.4;
10.01.2025 19:06:01;3.4;
10.01.2025 19:06:02;3.39;
10.01.2025 19:06:03;3.39;
10.01.2025 19:06:04;3.4;
10.01.2025 19:06:05;3.38;
10.01.2025 19:06:06;3.38;
10.01.2025 19:06:07;3.39;
10.01.2025 19:06:08;3.38;
10.01.2025 19:06:09;3.39;
10.01.2025 19:06:17;3.39;
10.01.2025 19:06:18;3.38;
10.01.2025 19:06:19;3.38;
10.01.2025 19:06:20;3.39;
10.01.2025 19:06:22;3.39;
10.01.2025 19:06:23;3.4;
10.01.2025 19:06:24;3.39;
10.01.2025 19:06:25;3.4;
10.01.2025 19:06:26;3.39;
10.01.2025 19:06:33;3.39;
10.01.2025 19:06:34;3.38;
10.01.2025 19:06:35;3.39;
10.01.2025 19:06:43;3.39;
10.01.2025 19:06:44;3.4;
10.01.2025 19:06:45;3.39;
10.01.2025 19:06:49;3.39;
10.01.2025 19:06:50;3.4;
10.01.2025 19:06:51;3.39;
10.01.2025 19:06:57;3.39;
10.01.2025 19:06:58;3.38;
10.01.2025 19:06:59;3.39;
10.01.2025 19:07:00;3.39;
10.01.2025 19:07:01;3.4;
10.01.2025 19:07:02;3.4;
10.01.2025 19:07:03;3.39;
10.01.2025 19:07:15;3.39;
10.01.2025 19:07:16;3.38;
10.01.2025 19:07:17;3.38;
10.01.2025 19:07:18;3.39;
10.01.2025 19:07:19;3.39;
10.01.2025 19:07:20;3.38;
10.01.2025 19:07:21;3.39;
10.01.2025 19:07:26;3.39;
10.01.2025 19:07:27;3.38;
10.01.2025 19:07:28;3.39;
10.01.2025 19:07:29;3.39;
10.01.2025 19:07:30;3.4;
10.01.2025 19:07:31;3.39;
10.01.2025 19:07:35;3.39;
10.01.2025 19:07:36;3.4;
10.01.2025 19:07:37;3.39;
10.01.2025 19:07:38;3.4;
10.01.2025 19:07:39;3.39;
10.01.2025 19:07:42;3.39;
10.01.2025 19:07:43;3.4;
10.01.2025 19:07:44;3.39;
10.01.2025 19:07:56;3.39;
10.01.2025 19:07:57;3.4;
10.01.2025 19:07:58;3.39;
10.01.2025 19:08:00;3.39;
10.01.2025 19:08:01;3.4;
10.01.2025 19:08:02;3.39;
10.01.2025 19:08:34;3.39;
10.01.2025 19:08:35;3.38;
10.01.2025 19:08:36;3.39;
10.01.2025 19:08:37;3.38;
10.01.2025 19:08:38;3.39;
10.01.2025 19:08:44;3.39;
10.01.2025 19:08:45;3.38;
10.01.2025 19:08:46;3.39;
10.01.2025 19:08:53;3.39;
10.01.2025 19:08:54;3.4;
10.01.2025 19:08:55;3.39;
10.01.2025 19:09:03;3.39;
10.01.2025 19:09:04;3.4;
10.01.2025 19:09:05;3.39;
10.01.2025 19:09:06;3.4;
10.01.2025 19:09:07;3.39;
10.01.2025 19:09:08;3.38;
10.01.2025 19:09:09;3.39;
10.01.2025 19:09:11;3.39;
10.01.2025 19:09:12;3.38;
10.01.2025 19:09:13;3.39;
10.01.2025 19:09:14;3.4;
10.01.2025 19:09:15;3.39;
10.01.2025 19:09:16;3.39;
10.01.2025 19:09:17;3.38;
10.01.2025 19:09:18;3.38;
10.01.2025 19:09:19;3.39;
10.01.2025 19:09:24;3.39;
10.01.2025 19:09:25;3.38;
10.01.2025 19:09:26;3.39;
10.01.2025 19:09:27;3.38;
10.01.2025 19:09:28;3.39;
10.01.2025 19:09:30;3.39;
10.01.2025 19:09:31;3.38;
10.01.2025 19:09:32;3.39;
10.01.2025 19:09:33;3.39;
10.01.2025 19:09:34;3.38;
10.01.2025 19:09:35;3.39;
10.01.2025 19:09:44;3.39;
10.01.2025 19:09:45;3.38;
10.01.2025 19:09:46;3.39;
10.01.2025 19:09:47;3.39;
10.01.2025 19:09:48;3.4;
10.01.2025 19:09:49;3.39;
10.01.2025 19:09:52;3.39;
10.01.2025 19:09:53;3.4;
10.01.2025 19:09:54;3.39;
10.01.2025 19:09:55;3.38;
10.01.2025 19:09:56;3.39;
10.01.2025 19:09:57;3.4;
10.01.2025 19:09:58;3.39;
10.01.2025 19:09:59;3.38;
10.01.2025 19:10:00;3.39;
10.01.2025 19:10:01;3.39;
10.01.2025 19:10:02;3.38;
10.01.2025 19:10:03;3.39;
10.01.2025 19:10:05;3.39;
10.01.2025 19:10:06;3.38;
10.01.2025 19:10:07;3.39;
10.01.2025 19:10:10;3.39;
10.01.2025 19:10:11;3.4;
10.01.2025 19:10:12;3.39;
10.01.2025 19:10:13;3.39;
10.01.2025 19:10:14;3.4;
10.01.2025 19:10:15;3.39;
10.01.2025 19:10:16;3.39;
10.01.2025 19:10:17;3.4;
10.01.2025 19:10:18;3.39;
10.01.2025 19:10:19;3.4;
10.01.2025 19:10:20;3.39;
10.01.2025 19:10:21;3.39;
10.01.2025 19:10:22;3.4;
10.01.2025 19:10:23;3.39;
10.01.2025 19:10:33;3.39;
10.01.2025 19:10:34;3.4;
10.01.2025 19:10:35;3.4;
10.01.2025 19:10:36;3.39;
10.01.2025 19:10:39;3.39;
10.01.2025 19:10:40;3.4;
10.01.2025 19:10:41;3.39;
10.01.2025 19:10:42;3.4;
10.01.2025 19:10:43;3.39;
10.01.2025 19:10:56;3.39;
10.01.2025 19:10:57;3.38;
10.01.2025 19:10:58;3.39;
10.01.2025 19:11:01;3.39;
10.01.2025 19:11:02;3.4;
10.01.2025 19:11:03;3.39;
10.01.2025 19:11:07;3.39;
10.01.2025 19:11:08;3.4;
10.01.2025 19:11:09;3.39;
10.01.2025 19:11:10;3.4;
10.01.2025 19:11:11;3.39;
10.01.2025 19:11:12;3.4;
10.01.2025 19:11:13;3.39;
10.01.2025 19:11:14;3.39;
10.01.2025 19:11:15;3.4;
10.01.2025 19:11:16;3.39;
10.01.2025 19:11:17;3.4;
10.01.2025 19:11:18;3.4;
10.01.2025 19:11:19;3.39;
10.01.2025 19:11:20;3.4;
10.01.2025 19:11:21;3.39;
10.01.2025 19:11:22;3.39;
10.01.2025 19:11:23;3.4;
10.01.2025 19:11:24;3.4;
10.01.2025 19:11:25;3.39;
10.01.2025 19:11:26;3.39;
10.01.2025 19:11:27;3.4;
10.01.2025 19:11:28;3.39;
10.01.2025 19:11:29;3.38;
10.01.2025 19:11:30;3.39;
10.01.2025 19:11:34;3.39;
10.01.2025 19:11:35;3.4;
10.01.2025 19:11:36;3.39;
10.01.2025 19:11:37;3.4;
10.01.2025 19:11:38;3.39;
10.01.2025 19:11:39;3.38;
10.01.2025 19:11:40;3.39;
10.01.2025 19:11:41;3.4;
10.01.2025 19:11:42;3.39;
10.01.2025 19:11:43;3.39;
10.01.2025 19:11:44;3.4;
10.01.2025 19:11:45;3.39;
10.01.2025 19:11:46;3.4;
10.01.2025 19:11:47;3.39;
10.01.2025 19:11:52;3.39;
10.01.2025 19:11:53;3.4;
10.01.2025 19:11:54;3.4;
10.01.2025 19:11:55;3.39;
10.01.2025 19:11:56;3.4;
10.01.2025 19:11:57;3.39;
10.01.2025 19:11:58;3.4;
10.01.2025 19:11:59;3.39;
10.01.2025 19:12:01;3.39;
10.01.2025 19:12:02;3.38;
10.01.2025 19:12:03;3.39;
10.01.2025 19:12:23;3.39;
10.01.2025 19:12:24;3.38;
10.01.2025 19:12:25;3.39;
10.01.2025 19:12:26;3.39;
10.01.2025 19:12:27;3.38;
10.01.2025 19:12:28;3.38;
10.01.2025 19:12:29;3.39;
10.01.2025 19:12:34;3.39;
10.01.2025 19:12:35;3.38;
10.01.2025 19:12:36;3.39;
10.01.2025 19:12:37;3.4;
10.01.2025 19:12:38;3.39;
10.01.2025 19:12:40;3.39;
10.01.2025 19:12:41;3.38;
10.01.2025 19:12:42;3.39;
10.01.2025 19:12:44;3.39;
10.01.2025 19:12:45;3.4;
10.01.2025 19:12:46;3.39;
10.01.2025 19:12:50;3.39;
10.01.2025 19:12:51;3.38;
10.01.2025 19:12:52;3.38;
10.01.2025 19:12:53;3.39;
10.01.2025 19:12:54;3.38;
10.01.2025 19:12:55;3.39;
10.01.2025 19:12:56;3.38;
10.01.2025 19:12:57;3.39;
10.01.2025 19:12:58;3.4;
10.01.2025 19:12:59;3.39;
10.01.2025 19:13:00;3.38;
10.01.2025 19:13:01;3.39;
10.01.2025 19:13:07;3.39;
10.01.2025 19:13:08;3.38;
10.01.2025 19:13:09;3.39;
10.01.2025 19:13:11;3.39;
10.01.2025 19:13:12;3.4;
10.01.2025 19:13:13;3.39;
10.01.2025 19:13:14;3.4;
10.01.2025 19:13:15;3.39;
10.01.2025 19:13:21;3.39;
10.01.2025 19:13:22;3.38;
10.01.2025 19:13:23;3.39;
10.01.2025 19:13:29;3.39;
10.01.2025 19:13:30;3.4;
10.01.2025 19:13:32;3.4;
10.01.2025 19:13:33;3.38;
10.01.2025 19:13:34;3.4;
10.01.2025 19:13:35;3.39;
10.01.2025 19:13:36;3.38;
10.01.2025 19:13:37;3.39;
10.01.2025 19:13:53;3.39;
10.01.2025 19:13:54;3.4;
10.01.2025 19:13:55;3.4;
10.01.2025 19:13:56;3.39;
10.01.2025 19:14:07;3.39;
10.01.2025 19:14:08;3.4;
10.01.2025 19:14:09;3.4;
10.01.2025 19:14:10;3.39;
10.01.2025 19:14:11;3.4;
10.01.2025 19:14:12;3.4;
10.01.2025 19:14:13;3.39;
10.01.2025 19:14:18;3.39;
10.01.2025 19:14:19;3.4;
10.01.2025 19:14:20;3.39;
10.01.2025 19:14:25;3.39;
10.01.2025 19:14:26;3.4;
10.01.2025 19:14:27;3.39;
10.01.2025 19:14:30;3.39;
10.01.2025 19:14:31;3.4;
10.01.2025 19:14:32;3.39;
10.01.2025 19:14:33;3.4;
10.01.2025 19:14:34;3.4;
10.01.2025 19:14:35;3.39;
10.01.2025 19:14:36;3.4;
10.01.2025 19:14:37;3.39;
10.01.2025 19:14:41;3.39;
10.01.2025 19:14:42;3.4;
10.01.2025 19:14:43;3.4;
10.01.2025 19:14:44;3.39;
10.01.2025 19:14:46;3.39;
10.01.2025 19:14:47;3.4;
10.01.2025 19:14:48;3.38;
10.01.2025 19:14:49;3.39;
10.01.2025 19:14:50;3.39;
10.01.2025 19:14:51;3.4;
10.01.2025 19:14:55;3.4;
10.01.2025 19:14:56;3.39;
10.01.2025 19:14:57;3.39;
10.01.2025 19:14:58;3.4;
10.01.2025 19:14:59;3.39;
10.01.2025 19:15:00;3.4;
10.01.2025 19:15:03;3.4;
10.01.2025 19:15:04;3.38;
10.01.2025 19:15:05;3.4;
10.01.2025 19:15:06;3.39;
10.01.2025 19:15:07;3.4;
10.01.2025 19:15:08;3.39;
10.01.2025 19:15:09;3.39;
10.01.2025 19:15:10;3.4;
10.01.2025 19:15:11;3.4;
10.01.2025 19:15:12;3.39;
10.01.2025 19:15:13;3.4;
10.01.2025 19:15:14;3.4;
10.01.2025 19:15:15;3.39;
10.01.2025 19:15:16;3.39;
10.01.2025 19:15:17;3.4;
10.01.2025 19:15:20;3.4;
10.01.2025 19:15:21;3.39;
10.01.2025 19:15:23;3.39;
10.01.2025 19:15:24;3.4;
10.01.2025 19:15:26;3.4;
10.01.2025 19:15:27;3.39;
10.01.2025 19:15:29;3.39;
10.01.2025 19:15:30;3.4;
10.01.2025 19:15:31;3.39;
10.01.2025 19:15:40;3.39;
10.01.2025 19:15:41;3.4;
10.01.2025 19:15:42;3.39;
10.01.2025 19:15:46;3.39;
10.01.2025 19:15:47;3.4;
10.01.2025 19:15:48;3.39;
10.01.2025 19:15:49;3.38;
10.01.2025 19:15:50;3.39;
10.01.2025 19:15:51;3.39;
10.01.2025 19:15:52;3.4;
10.01.2025 19:15:53;3.4;
10.01.2025 19:15:54;3.39;
10.01.2025 19:15:58;3.39;
10.01.2025 19:15:59;3.4;
10.01.2025 19:16:00;3.39;
10.01.2025 19:16:01;3.39;
10.01.2025 19:16:02;3.4;
10.01.2025 19:16:03;3.39;
10.01.2025 19:16:06;3.39;
10.01.2025 19:16:07;3.4;
10.01.2025 19:16:08;3.39;
10.01.2025 19:16:11;3.39;
10.01.2025 19:16:12;3.4;
10.01.2025 19:16:13;3.39;
10.01.2025 19:16:14;3.39;
10.01.2025 19:16:15;3.4;
10.01.2025 19:16:16;3.4;
10.01.2025 19:16:17;3.39;
10.01.2025 19:16:18;3.4;
10.01.2025 19:16:19;3.39;
10.01.2025 19:16:20;3.4;
10.01.2025 19:16:21;3.4;
10.01.2025 19:16:22;3.39;
10.01.2025 19:16:23;3.4;
10.01.2025 19:16:24;3.39;
10.01.2025 19:16:26;3.39;
10.01.2025 19:16:27;3.4;
10.01.2025 19:16:28;3.39;
10.01.2025 19:16:29;3.38;
10.01.2025 19:16:30;3.4;
10.01.2025 19:16:31;3.39;
10.01.2025 19:16:34;3.39;
10.01.2025 19:16:35;3.4;
10.01.2025 19:16:36;3.4;
10.01.2025 19:16:37;3.39;
10.01.2025 19:16:39;3.39;
10.01.2025 19:16:40;3.4;
10.01.2025 19:16:41;3.39;
10.01.2025 19:16:42;3.4;
10.01.2025 19:16:43;3.4;
10.01.2025 19:16:44;3.39;
10.01.2025 19:16:45;3.39;
10.01.2025 19:16:46;3.4;
10.01.2025 19:16:47;3.39;
10.01.2025 19:16:48;3.39;
10.01.2025 19:16:49;3.4;
10.01.2025 19:16:50;3.4;
10.01.2025 19:16:51;3.39;
10.01.2025 19:16:56;3.39;
10.01.2025 19:16:57;3.38;
10.01.2025 19:16:58;3.39;
10.01.2025 19:17:01;3.39;
10.01.2025 19:17:02;3.4;
10.01.2025 19:17:03;3.39;
10.01.2025 19:17:04;3.38;
10.01.2025 19:17:05;3.39;
10.01.2025 19:17:09;3.39;
10.01.2025 19:17:10;3.4;
10.01.2025 19:17:13;3.4;
10.01.2025 19:17:14;3.39;
10.01.2025 19:17:15;3.4;
10.01.2025 19:17:16;3.39;
10.01.2025 19:17:22;3.39;
10.01.2025 19:17:23;3.4;
10.01.2025 19:17:25;3.4;
10.01.2025 19:17:26;3.39;
10.01.2025 19:17:27;3.39;
10.01.2025 19:17:28;3.38;
10.01.2025 19:17:29;3.39;
10.01.2025 19:17:31;3.39;
10.01.2025 19:17:32;3.38;
10.01.2025 19:17:33;3.39;
10.01.2025 19:17:34;3.38;
10.01.2025 19:17:35;3.39;
10.01.2025 19:17:39;3.39;
10.01.2025 19:17:40;3.4;
10.01.2025 19:17:41;3.38;
10.01.2025 19:17:42;3.39;
10.01.2025 19:17:43;3.4;
10.01.2025 19:17:44;3.39;
10.01.2025 19:17:50;3.39;
10.01.2025 19:17:51;3.4;
10.01.2025 19:17:52;3.39;
10.01.2025 19:17:53;3.38;
10.01.2025 19:17:54;3.4;
10.01.2025 19:17:55;3.38;
10.01.2025 19:17:56;3.39;
10.01.2025 19:18:00;3.39;
10.01.2025 19:18:01;3.4;
10.01.2025 19:18:02;3.4;
10.01.2025 19:18:03;3.39;
10.01.2025 19:18:04;3.39;
10.01.2025 19:18:05;3.4;
10.01.2025 19:18:06;3.38;
10.01.2025 19:18:07;3.39;
10.01.2025 19:18:18;3.39;
10.01.2025 19:18:19;3.38;
10.01.2025 19:18:20;3.39;
10.01.2025 19:18:22;3.39;
10.01.2025 19:18:23;3.38;
10.01.2025 19:18:24;3.39;
10.01.2025 19:18:25;3.39;
10.01.2025 19:18:26;3.38;
10.01.2025 19:18:27;3.39;
10.01.2025 19:18:31;3.39;
10.01.2025 19:18:32;3.4;
10.01.2025 19:18:33;3.39;
10.01.2025 19:18:34;3.4;
10.01.2025 19:18:35;3.4;
10.01.2025 19:18:36;3.39;
10.01.2025 19:18:39;3.39;
10.01.2025 19:18:40;3.4;
10.01.2025 19:18:41;3.39;
10.01.2025 19:18:44;3.39;
10.01.2025 19:18:45;3.4;
10.01.2025 19:18:46;3.39;
10.01.2025 19:18:53;3.39;
10.01.2025 19:18:54;3.4;
10.01.2025 19:18:55;3.4;
10.01.2025 19:18:56;3.39;
10.01.2025 19:18:58;3.39;
10.01.2025 19:18:59;3.38;
10.01.2025 19:19:00;3.4;
10.01.2025 19:19:01;3.4;
10.01.2025 19:19:02;3.38;
10.01.2025 19:19:03;3.4;
10.01.2025 19:19:04;3.39;
10.01.2025 19:19:05;3.4;
10.01.2025 19:19:06;3.39;
10.01.2025 19:19:08;3.39;
10.01.2025 19:19:09;3.4;
10.01.2025 19:19:10;3.39;
10.01.2025 19:19:13;3.39;
10.01.2025 19:19:14;3.4;
10.01.2025 19:19:15;3.4;
10.01.2025 19:19:16;3.39;
10.01.2025 19:19:17;3.4;
10.01.2025 19:19:18;3.39;
10.01.2025 19:19:35;3.39;
10.01.2025 19:19:36;3.4;
10.01.2025 19:19:37;3.39;
10.01.2025 19:19:39;3.39;
10.01.2025 19:19:40;3.4;
10.01.2025 19:19:41;3.39;
10.01.2025 19:19:42;3.4;
10.01.2025 19:19:43;3.39;
10.01.2025 19:19:46;3.39;
10.01.2025 19:19:47;3.38;
10.01.2025 19:19:48;3.39;
10.01.2025 19:19:51;3.39;
10.01.2025 19:19:52;3.38;
10.01.2025 19:19:53;3.39;
10.01.2025 19:19:55;3.39;
10.01.2025 19:19:56;3.4;
10.01.2025 19:19:57;3.39;
10.01.2025 19:19:58;3.39;
10.01.2025 19:19:59;3.4;
10.01.2025 19:20:00;3.38;
10.01.2025 19:20:01;3.39;
10.01.2025 19:20:02;3.39;
10.01.2025 19:20:03;3.4;
10.01.2025 19:20:04;3.39;
10.01.2025 19:20:06;3.39;
10.01.2025 19:20:07;3.38;
10.01.2025 19:20:08;3.39;
10.01.2025 19:20:10;3.39;
10.01.2025 19:20:11;3.4;
10.01.2025 19:20:12;3.39;
10.01.2025 19:20:15;3.39;
10.01.2025 19:20:16;3.38;
10.01.2025 19:20:17;3.4;
10.01.2025 19:20:18;3.39;
10.01.2025 19:20:21;3.39;
10.01.2025 19:20:22;3.4;
10.01.2025 19:20:23;3.39;
10.01.2025 19:20:26;3.39;
10.01.2025 19:20:27;3.38;
10.01.2025 19:20:28;3.39;
10.01.2025 19:20:29;3.4;
10.01.2025 19:20:30;3.38;
10.01.2025 19:20:31;3.39;
10.01.2025 19:20:32;3.38;
10.01.2025 19:20:33;3.39;
10.01.2025 19:20:36;3.39;
10.01.2025 19:20:37;3.38;
10.01.2025 19:20:38;3.39;
10.01.2025 19:20:39;3.39;
10.01.2025 19:20:40;3.4;
10.01.2025 19:20:41;3.4;
10.01.2025 19:20:42;3.39;
10.01.2025 19:20:43;3.4;
10.01.2025 19:20:44;3.39;
10.01.2025 19:20:45;3.39;
10.01.2025 19:20:46;3.4;
10.01.2025 19:20:47;3.39;
10.01.2025 19:20:48;3.4;
10.01.2025 19:20:49;3.39;
10.01.2025 19:20:50;3.39;
10.01.2025 19:20:51;3.4;
10.01.2025 19:20:52;3.39;
10.01.2025 19:20:53;3.4;
10.01.2025 19:20:54;3.39;
10.01.2025 19:20:55;3.39;
10.01.2025 19:20:56;3.4;
10.01.2025 19:20:58;3.4;
10.01.2025 19:20:59;3.39;
10.01.2025 19:21:01;3.39;
10.01.2025 19:21:02;3.4;
10.01.2025 19:21:03;3.39;
10.01.2025 19:21:04;3.4;
10.01.2025 19:21:05;3.39;
10.01.2025 19:21:07;3.39;
10.01.2025 19:21:08;3.4;
10.01.2025 19:21:09;3.39;
10.01.2025 19:21:16;3.39;
10.01.2025 19:21:17;3.4;
10.01.2025 19:21:18;3.39;
10.01.2025 19:21:19;3.4;
10.01.2025 19:21:20;3.39;
10.01.2025 19:21:21;3.38;
10.01.2025 19:21:22;3.4;
10.01.2025 19:21:23;3.4;
10.01.2025 19:21:24;3.39;
10.01.2025 19:21:36;3.39;
10.01.2025 19:21:37;3.4;
10.01.2025 19:21:38;3.39;
10.01.2025 19:21:39;3.4;
10.01.2025 19:21:40;3.39;
10.01.2025 19:21:49;3.39;
10.01.2025 19:21:50;3.4;
10.01.2025 19:21:51;3.4;
10.01.2025 19:21:52;3.39;
10.01.2025 19:21:53;3.4;
10.01.2025 19:21:55;3.4;
10.01.2025 19:21:56;3.39;
10.01.2025 19:21:57;3.4;
10.01.2025 19:21:58;3.39;
10.01.2025 19:21:59;3.39;
10.01.2025 19:22:00;3.4;
10.01.2025 19:22:01;3.38;
10.01.2025 19:22:02;3.39;
10.01.2025 19:22:06;3.39;
10.01.2025 19:22:07;3.4;
10.01.2025 19:22:08;3.39;
10.01.2025 19:22:09;3.39;
10.01.2025 19:22:10;3.38;
10.01.2025 19:22:11;3.39;
10.01.2025 19:22:16;3.39;
10.01.2025 19:22:17;3.4;
10.01.2025 19:22:18;3.38;
10.01.2025 19:22:19;3.38;
10.01.2025 19:22:20;3.39;
10.01.2025 19:22:30;3.39;
10.01.2025 19:22:31;3.4;
10.01.2025 19:22:32;3.39;
10.01.2025 19:22:34;3.39;
10.01.2025 19:22:35;3.38;
10.01.2025 19:22:36;3.39;
10.01.2025 19:22:37;3.38;
10.01.2025 19:22:38;3.39;
10.01.2025 19:22:39;3.39;
10.01.2025 19:22:40;3.4;
10.01.2025 19:22:42;3.4;
10.01.2025 19:22:43;3.39;
10.01.2025 19:22:44;3.39;
10.01.2025 19:22:45;3.38;
10.01.2025 19:22:46;3.39;
10.01.2025 19:22:57;3.39;
10.01.2025 19:22:58;3.38;
10.01.2025 19:22:59;3.39;
10.01.2025 19:23:04;3.39;
10.01.2025 19:23:05;3.4;
10.01.2025 19:23:06;3.39;
10.01.2025 19:23:08;3.39;
10.01.2025 19:23:09;3.4;
10.01.2025 19:23:10;3.39;
10.01.2025 19:23:17;3.39;
10.01.2025 19:23:18;3.4;
10.01.2025 19:23:19;3.39;
10.01.2025 19:23:22;3.39;
10.01.2025 19:23:23;3.4;
10.01.2025 19:23:24;3.39;
10.01.2025 19:23:25;3.39;
10.01.2025 19:23:26;3.4;
10.01.2025 19:23:27;3.4;
10.01.2025 19:23:28;3.39;
10.01.2025 19:23:30;3.39;
10.01.2025 19:23:31;3.4;
10.01.2025 19:23:32;3.39;
10.01.2025 19:23:33;3.38;
10.01.2025 19:23:34;3.39;
10.01.2025 19:23:35;3.39;
10.01.2025 19:23:36;3.38;
10.01.2025 19:23:37;3.39;
10.01.2025 19:23:43;3.39;
10.01.2025 19:23:44;3.38;
10.01.2025 19:23:45;3.39;
10.01.2025 19:23:46;3.38;
10.01.2025 19:23:47;3.39;
10.01.2025 19:23:51;3.39;
10.01.2025 19:23:52;3.38;
10.01.2025 19:23:53;3.39;
10.01.2025 19:23:55;3.39;
10.01.2025 19:23:56;3.4;
10.01.2025 19:23:57;3.38;
10.01.2025 19:23:58;3.38;
10.01.2025 19:23:59;3.39;
10.01.2025 19:24:00;3.39;
10.01.2025 19:24:01;3.38;
10.01.2025 19:24:02;3.39;
10.01.2025 19:24:06;3.39;
10.01.2025 19:24:07;3.38;
10.01.2025 19:24:08;3.38;
10.01.2025 19:24:09;3.39;
10.01.2025 19:24:12;3.39;
10.01.2025 19:24:13;3.4;
10.01.2025 19:24:14;3.39;
10.01.2025 19:24:16;3.39;
10.01.2025 19:24:17;3.4;
10.01.2025 19:24:18;3.39;
10.01.2025 19:24:19;3.4;
10.01.2025 19:24:20;3.39;
10.01.2025 19:24:21;3.4;
10.01.2025 19:24:22;3.39;
10.01.2025 19:24:24;3.39;
10.01.2025 19:24:25;3.4;
10.01.2025 19:24:26;3.4;
10.01.2025 19:24:27;3.39;
10.01.2025 19:24:29;3.39;
10.01.2025 19:24:30;3.4;
10.01.2025 19:24:31;3.39;
10.01.2025 19:24:32;3.38;
10.01.2025 19:24:33;3.39;
10.01.2025 19:24:37;3.39;
10.01.2025 19:24:38;3.4;
10.01.2025 19:24:39;3.39;
10.01.2025 19:24:40;3.39;
10.01.2025 19:24:41;3.4;
10.01.2025 19:24:42;3.39;
10.01.2025 19:24:43;3.39;
10.01.2025 19:24:44;3.4;
10.01.2025 19:24:45;3.38;
10.01.2025 19:24:46;3.38;
10.01.2025 19:24:47;3.4;
10.01.2025 19:24:48;3.39;
10.01.2025 19:24:49;3.39;
10.01.2025 19:24:50;3.38;
10.01.2025 19:24:51;3.39;
10.01.2025 19:24:52;3.4;
10.01.2025 19:24:53;3.39;
10.01.2025 19:24:54;3.38;
10.01.2025 19:24:55;3.39;
10.01.2025 19:24:56;3.39;
10.01.2025 19:24:57;3.4;
10.01.2025 19:24:58;3.39;
10.01.2025 19:25:02;3.39;
10.01.2025 19:25:03;3.4;
10.01.2025 19:25:04;3.4;
10.01.2025 19:25:05;3.39;
10.01.2025 19:25:07;3.39;
10.01.2025 19:25:08;3.4;
10.01.2025 19:25:09;3.39;
10.01.2025 19:25:10;3.4;
10.01.2025 19:25:12;3.4;
10.01.2025 19:25:13;3.39;
10.01.2025 19:25:17;3.39;
10.01.2025 19:25:18;3.4;
10.01.2025 19:25:19;3.39;
10.01.2025 19:25:20;3.39;
10.01.2025 19:25:21;3.4;
10.01.2025 19:25:22;3.4;
10.01.2025 19:25:23;3.39;
10.01.2025 19:25:27;3.39;
10.01.2025 19:25:28;3.4;
10.01.2025 19:25:29;3.39;
10.01.2025 19:25:30;3.39;
10.01.2025 19:25:31;3.4;
10.01.2025 19:25:32;3.39;
10.01.2025 19:25:33;3.38;
10.01.2025 19:25:34;3.39;
10.01.2025 19:25:40;3.39;
10.01.2025 19:25:41;3.4;
10.01.2025 19:25:42;3.39;
10.01.2025 19:25:47;3.39;
10.01.2025 19:25:48;3.4;
10.01.2025 19:25:49;3.39;
10.01.2025 19:25:50;3.4;
10.01.2025 19:25:51;3.4;
10.01.2025 19:25:52;3.39;
10.01.2025 19:25:53;3.4;
10.01.2025 19:25:54;3.39;
10.01.2025 19:25:55;3.38;
10.01.2025 19:25:56;3.39;
10.01.2025 19:26:04;3.39;
10.01.2025 19:26:05;3.38;
10.01.2025 19:26:06;3.39;
10.01.2025 19:26:13;3.39;
10.01.2025 19:26:14;3.4;
10.01.2025 19:26:15;3.38;
10.01.2025 19:26:16;3.39;
10.01.2025 19:26:17;3.38;
10.01.2025 19:26:18;3.39;
10.01.2025 19:26:23;3.39;
10.01.2025 19:26:24;3.4;
10.01.2025 19:26:25;3.4;
10.01.2025 19:26:26;3.39;
10.01.2025 19:26:29;3.39;
10.01.2025 19:26:30;3.4;
10.01.2025 19:26:31;3.39;
10.01.2025 19:26:37;3.39;
10.01.2025 19:26:38;3.4;
10.01.2025 19:26:39;3.38;
10.01.2025 19:26:40;3.39;
10.01.2025 19:26:41;3.38;
10.01.2025 19:26:42;3.4;
10.01.2025 19:26:43;3.4;
10.01.2025 19:26:44;3.39;
10.01.2025 19:26:47;3.39;
10.01.2025 19:26:48;3.4;
10.01.2025 19:26:53;3.4;
10.01.2025 19:26:54;3.39;
10.01.2025 19:26:55;3.39;
10.01.2025 19:26:56;3.38;
10.01.2025 19:26:57;3.39;
10.01.2025 19:27:06;3.39;
10.01.2025 19:27:07;3.4;
10.01.2025 19:27:08;3.4;
10.01.2025 19:27:09;3.38;
10.01.2025 19:27:10;3.39;
10.01.2025 19:27:12;3.39;
10.01.2025 19:27:13;3.4;
10.01.2025 19:27:14;3.39;
10.01.2025 19:27:15;3.39;
10.01.2025 19:27:16;3.4;
10.01.2025 19:27:18;3.4;
10.01.2025 19:27:19;3.39;
10.01.2025 19:27:20;3.4;
10.01.2025 19:27:21;3.38;
10.01.2025 19:27:22;3.39;
10.01.2025 19:27:25;3.39;
10.01.2025 19:27:26;3.4;
10.01.2025 19:27:27;3.39;
10.01.2025 19:27:28;3.38;
10.01.2025 19:27:29;3.39;
10.01.2025 19:27:30;3.4;
10.01.2025 19:27:31;3.39;
10.01.2025 19:27:32;3.39;
10.01.2025 19:27:33;3.38;
10.01.2025 19:27:34;3.37;
10.01.2025 19:27:35;3.39;
10.01.2025 19:27:37;3.39;
10.01.2025 19:27:38;3.38;
10.01.2025 19:27:42;3.38;
10.01.2025 19:27:43;3.39;
10.01.2025 19:27:44;3.4;
10.01.2025 19:27:45;3.4;
10.01.2025 19:27:46;3.39;
10.01.2025 19:27:49;3.39;
10.01.2025 19:27:50;3.38;
10.01.2025 19:27:51;3.38;
10.01.2025 19:27:52;3.39;
10.01.2025 19:27:53;3.39;
10.01.2025 19:27:54;3.38;
10.01.2025 19:27:55;3.39;
10.01.2025 19:27:58;3.39;
10.01.2025 19:27:59;3.38;
10.01.2025 19:28:00;3.39;
10.01.2025 19:28:01;3.39;
10.01.2025 19:28:02;3.38;
10.01.2025 19:28:03;3.39;
10.01.2025 19:28:04;3.38;
10.01.2025 19:28:05;3.4;
10.01.2025 19:28:07;3.4;
10.01.2025 19:28:08;3.39;
10.01.2025 19:28:09;3.38;
10.01.2025 19:28:10;3.39;
10.01.2025 19:28:13;3.39;
10.01.2025 19:28:14;3.38;
10.01.2025 19:28:15;3.39;
10.01.2025 19:28:16;3.39;
10.01.2025 19:28:17;3.38;
10.01.2025 19:28:19;3.38;
10.01.2025 19:28:20;3.39;
10.01.2025 19:28:27;3.39;
10.01.2025 19:28:28;3.38;
10.01.2025 19:28:29;3.39;
10.01.2025 19:28:32;3.39;
10.01.2025 19:28:33;3.4;
10.01.2025 19:28:34;3.39;
10.01.2025 19:28:42;3.39;
10.01.2025 19:28:43;3.38;
10.01.2025 19:28:44;3.38;
10.01.2025 19:28:45;3.39;
10.01.2025 19:28:48;3.39;
10.01.2025 19:28:49;3.38;
10.01.2025 19:28:50;3.39;
10.01.2025 19:28:56;3.39;
10.01.2025 19:28:57;3.38;
10.01.2025 19:28:58;3.39;
10.01.2025 19:28:59;3.38;
10.01.2025 19:29:04;3.38;
10.01.2025 19:29:05;3.39;
10.01.2025 19:29:06;3.38;
10.01.2025 19:29:07;3.39;
10.01.2025 19:29:08;3.38;
10.01.2025 19:29:09;3.39;
10.01.2025 19:29:15;3.39;
10.01.2025 19:29:16;3.38;
10.01.2025 19:29:17;3.39;
10.01.2025 19:29:18;3.38;
10.01.2025 19:29:19;3.39;
10.01.2025 19:29:20;3.39;
10.01.2025 19:29:21;3.38;
10.01.2025 19:29:22;3.39;
10.01.2025 19:29:23;3.38;
10.01.2025 19:29:24;3.39;
10.01.2025 19:29:30;3.39;
10.01.2025 19:29:31;3.38;
10.01.2025 19:29:32;3.39;
10.01.2025 19:29:34;3.39;
10.01.2025 19:29:35;3.4;
10.01.2025 19:29:36;3.39;
10.01.2025 19:29:37;3.39;
10.01.2025 19:29:38;3.4;
10.01.2025 19:29:39;3.39;
10.01.2025 19:29:49;3.39;
10.01.2025 19:29:50;3.4;
10.01.2025 19:29:51;3.39;
10.01.2025 19:29:56;3.39;
10.01.2025 19:29:57;3.38;
10.01.2025 19:29:58;3.39;
10.01.2025 19:30:02;3.39;
10.01.2025 19:30:03;3.4;
10.01.2025 19:30:04;3.4;
10.01.2025 19:30:05;3.38;
10.01.2025 19:30:06;3.39;
10.01.2025 19:30:33;3.39;
10.01.2025 19:30:34;3.4;
10.01.2025 19:30:35;3.39;
10.01.2025 19:30:36;3.39;
10.01.2025 19:30:37;3.38;
10.01.2025 19:30:38;3.39;
10.01.2025 19:30:39;3.39;
10.01.2025 19:30:40;3.38;
10.01.2025 19:30:41;3.39;
10.01.2025 19:30:44;3.39;
10.01.2025 19:30:45;3.4;
10.01.2025 19:30:46;3.39;
10.01.2025 19:30:47;3.4;
10.01.2025 19:30:48;3.38;
10.01.2025 19:30:49;3.4;
10.01.2025 19:30:51;3.4;
10.01.2025 19:30:52;3.39;
10.01.2025 19:30:53;3.38;
10.01.2025 19:30:54;3.39;
10.01.2025 19:30:55;3.39;
10.01.2025 19:30:56;3.4;
10.01.2025 19:30:57;3.4;
10.01.2025 19:30:58;3.38;
10.01.2025 19:30:59;3.4;
10.01.2025 19:31:00;3.38;
10.01.2025 19:31:01;3.39;
10.01.2025 19:31:02;3.38;
10.01.2025 19:31:03;3.4;
10.01.2025 19:31:04;3.39;
10.01.2025 19:31:06;3.39;
10.01.2025 19:31:07;3.4;
10.01.2025 19:31:08;3.4;
10.01.2025 19:31:09;3.39;
10.01.2025 19:31:10;3.4;
10.01.2025 19:31:11;3.39;
10.01.2025 19:31:12;3.4;
10.01.2025 19:31:13;3.39;
10.01.2025 19:31:17;3.39;
10.01.2025 19:31:18;3.4;
10.01.2025 19:31:19;3.39;
10.01.2025 19:31:23;3.39;
10.01.2025 19:31:24;3.38;
10.01.2025 19:31:25;3.39;
10.01.2025 19:31:27;3.39;
10.01.2025 19:31:28;3.4;
10.01.2025 19:31:29;3.39;
10.01.2025 19:31:30;3.4;
10.01.2025 19:31:31;3.39;
10.01.2025 19:31:32;3.39;
10.01.2025 19:31:33;3.4;
10.01.2025 19:31:34;3.39;
10.01.2025 19:31:35;3.39;
10.01.2025 19:31:36;3.4;
10.01.2025 19:31:37;3.39;
10.01.2025 19:31:41;3.39;
10.01.2025 19:31:42;3.4;
10.01.2025 19:31:43;3.39;
10.01.2025 19:31:44;3.4;
10.01.2025 19:31:45;3.39;
10.01.2025 19:31:47;3.39;
10.01.2025 19:31:48;3.4;
10.01.2025 19:31:49;3.39;
10.01.2025 19:31:52;3.39;
10.01.2025 19:31:53;3.4;
10.01.2025 19:31:54;3.39;
10.01.2025 19:31:55;3.4;
10.01.2025 19:31:56;3.39;
10.01.2025 19:32:00;3.39;
10.01.2025 19:32:01;3.38;
10.01.2025 19:32:02;3.39;
10.01.2025 19:32:08;3.39;
10.01.2025 19:32:09;3.4;
10.01.2025 19:32:10;3.39;
10.01.2025 19:32:13;3.39;
10.01.2025 19:32:14;3.38;
10.01.2025 19:32:15;3.39;
10.01.2025 19:32:19;3.39;
10.01.2025 19:32:20;3.4;
10.01.2025 19:32:21;3.4;
10.01.2025 19:32:22;3.39;
10.01.2025 19:32:25;3.39;
10.01.2025 19:32:26;3.4;
10.01.2025 19:32:27;3.39;
10.01.2025 19:32:28;3.38;
10.01.2025 19:32:29;3.39;
10.01.2025 19:32:32;3.39;
10.01.2025 19:32:33;3.4;
10.01.2025 19:32:34;3.39;
10.01.2025 19:32:40;3.39;
10.01.2025 19:32:41;3.38;
10.01.2025 19:32:42;3.39;
10.01.2025 19:32:48;3.39;
10.01.2025 19:32:49;3.38;
10.01.2025 19:32:50;3.4;
10.01.2025 19:32:51;3.39;
10.01.2025 19:32:52;3.4;
10.01.2025 19:32:53;3.39;
10.01.2025 19:32:55;3.39;
10.01.2025 19:32:56;3.4;
10.01.2025 19:32:57;3.39;
10.01.2025 19:32:58;3.4;
10.01.2025 19:32:59;3.39;
10.01.2025 19:33:01;3.39;
10.01.2025 19:33:02;3.4;
10.01.2025 19:33:03;3.39;
10.01.2025 19:33:04;3.4;
10.01.2025 19:33:05;3.39;
10.01.2025 19:33:10;3.39;
10.01.2025 19:33:11;3.4;
10.01.2025 19:33:12;3.39;
10.01.2025 19:33:16;3.39;
10.01.2025 19:33:17;3.38;
10.01.2025 19:33:18;3.4;
10.01.2025 19:33:19;3.39;
10.01.2025 19:33:20;3.39;
10.01.2025 19:33:21;3.38;
10.01.2025 19:33:22;3.39;
10.01.2025 19:33:35;3.39;
10.01.2025 19:33:36;3.4;
10.01.2025 19:33:37;3.39;
10.01.2025 19:33:39;3.39;
10.01.2025 19:33:40;3.38;
10.01.2025 19:33:41;3.39;
10.01.2025 19:33:47;3.39;
10.01.2025 19:33:48;3.4;
10.01.2025 19:33:49;3.39;
10.01.2025 19:33:56;3.39;
10.01.2025 19:33:57;3.38;
10.01.2025 19:33:58;3.39;
10.01.2025 19:34:02;3.39;
10.01.2025 19:34:03;3.4;
10.01.2025 19:34:04;3.39;
10.01.2025 19:34:14;3.39;
10.01.2025 19:34:15;3.38;
10.01.2025 19:34:16;3.39;
10.01.2025 19:34:19;3.39;
10.01.2025 19:34:20;3.4;
10.01.2025 19:34:21;3.39;
10.01.2025 19:34:22;3.38;
10.01.2025 19:34:23;3.39;
10.01.2025 19:34:24;3.39;
10.01.2025 19:34:25;3.38;
10.01.2025 19:34:26;3.39;
10.01.2025 19:34:27;3.4;
10.01.2025 19:34:28;3.39;
10.01.2025 19:34:29;3.38;
10.01.2025 19:34:30;3.39;
10.01.2025 19:34:31;3.39;
10.01.2025 19:34:32;3.4;
10.01.2025 19:34:33;3.39;
10.01.2025 19:34:36;3.39;
10.01.2025 19:34:37;3.38;
10.01.2025 19:34:38;3.38;
10.01.2025 19:34:39;3.39;
10.01.2025 19:34:45;3.39;
10.01.2025 19:34:46;3.4;
10.01.2025 19:34:47;3.38;
10.01.2025 19:34:48;3.39;
10.01.2025 19:34:49;3.38;
10.01.2025 19:34:50;3.39;
10.01.2025 19:34:54;3.39;
10.01.2025 19:34:55;3.38;
10.01.2025 19:34:56;3.39;
10.01.2025 19:34:57;3.39;
10.01.2025 19:34:58;3.38;
10.01.2025 19:34:59;3.39;
10.01.2025 19:35:00;3.4;
10.01.2025 19:35:01;3.39;
10.01.2025 19:35:02;3.4;
10.01.2025 19:35:03;3.38;
10.01.2025 19:35:04;3.39;
10.01.2025 19:35:05;3.4;
10.01.2025 19:35:06;3.39;
10.01.2025 19:35:07;3.39;
10.01.2025 19:35:08;3.4;
10.01.2025 19:35:09;3.39;
10.01.2025 19:35:10;3.38;
10.01.2025 19:35:11;3.39;
10.01.2025 19:35:12;3.38;
10.01.2025 19:35:13;3.39;
10.01.2025 19:35:14;3.39;
10.01.2025 19:35:15;3.38;
10.01.2025 19:35:16;3.38;
10.01.2025 19:35:17;3.39;
10.01.2025 19:35:19;3.39;
10.01.2025 19:35:20;3.38;
10.01.2025 19:35:21;3.39;
10.01.2025 19:35:24;3.39;
10.01.2025 19:35:25;3.38;
10.01.2025 19:35:26;3.39;
10.01.2025 19:35:47;3.39;
10.01.2025 19:35:48;3.38;
10.01.2025 19:35:49;3.39;
10.01.2025 19:36:04;3.39;
10.01.2025 19:36:05;3.38;
10.01.2025 19:36:06;3.39;
10.01.2025 19:36:09;3.39;
10.01.2025 19:36:10;3.38;
10.01.2025 19:36:11;3.4;
10.01.2025 19:36:12;3.39;
10.01.2025 19:36:15;3.39;
10.01.2025 19:36:16;3.4;
10.01.2025 19:36:17;3.4;
10.01.2025 19:36:18;3.39;
10.01.2025 19:36:19;3.39;
10.01.2025 19:36:20;3.4;
10.01.2025 19:36:21;3.39;
10.01.2025 19:36:34;3.39;
10.01.2025 19:36:35;3.38;
10.01.2025 19:36:36;3.39;
10.01.2025 19:36:37;3.4;
10.01.2025 19:36:38;3.39;
10.01.2025 19:36:43;3.39;
10.01.2025 19:36:44;3.38;
10.01.2025 19:36:45;3.39;
10.01.2025 19:36:47;3.39;
10.01.2025 19:36:48;3.4;
10.01.2025 19:36:50;3.4;
10.01.2025 19:36:51;3.39;
10.01.2025 19:36:52;3.4;
10.01.2025 19:36:53;3.39;
10.01.2025 19:37:00;3.39;
10.01.2025 19:37:01;3.38;
10.01.2025 19:37:02;3.39;
10.01.2025 19:37:03;3.39;
10.01.2025 19:37:04;3.38;
10.01.2025 19:37:05;3.39;
10.01.2025 19:37:14;3.39;
10.01.2025 19:37:15;3.4;
10.01.2025 19:37:18;3.4;
10.01.2025 19:37:19;3.39;
10.01.2025 19:37:20;3.38;
10.01.2025 19:37:21;3.4;
10.01.2025 19:37:22;3.39;
10.01.2025 19:37:23;3.39;
10.01.2025 19:37:24;3.38;
10.01.2025 19:37:25;3.39;
10.01.2025 19:37:26;3.38;
10.01.2025 19:37:27;3.39;
10.01.2025 19:37:31;3.39;
10.01.2025 19:37:32;3.38;
10.01.2025 19:37:33;3.39;
10.01.2025 19:37:34;3.39;
10.01.2025 19:37:35;3.38;
10.01.2025 19:37:36;3.39;
10.01.2025 19:37:37;3.39;
10.01.2025 19:37:38;3.4;
10.01.2025 19:37:39;3.39;
10.01.2025 19:37:40;3.39;
10.01.2025 19:37:41;3.38;
10.01.2025 19:37:42;3.39;
10.01.2025 19:37:43;3.39;
10.01.2025 19:37:44;3.4;
10.01.2025 19:37:45;3.39;
10.01.2025 19:37:46;3.39;
10.01.2025 19:37:47;3.4;
10.01.2025 19:37:48;3.39;
10.01.2025 19:37:49;3.38;
10.01.2025 19:37:50;3.39;
10.01.2025 19:37:53;3.39;
10.01.2025 19:37:54;3.38;
10.01.2025 19:37:55;3.4;
10.01.2025 19:37:56;3.39;
10.01.2025 19:37:57;3.39;
10.01.2025 19:37:58;3.4;
10.01.2025 19:37:59;3.39;
10.01.2025 19:38:10;3.39;
10.01.2025 19:38:11;3.38;
10.01.2025 19:38:12;3.39;
10.01.2025 19:38:13;3.38;
10.01.2025 19:38:14;3.39;
10.01.2025 19:38:16;3.39;
10.01.2025 19:38:17;3.4;
10.01.2025 19:38:18;3.38;
10.01.2025 19:38:19;3.39;
10.01.2025 19:38:20;3.38;
10.01.2025 19:38:21;3.37;
10.01.2025 19:38:22;3.38;
10.01.2025 19:38:24;3.38;
10.01.2025 19:38:25;3.39;
10.01.2025 19:38:26;3.39;
10.01.2025 19:38:27;3.38;
10.01.2025 19:38:28;3.39;
10.01.2025 19:38:30;3.39;
10.01.2025 19:38:31;3.38;
10.01.2025 19:38:32;3.38;
10.01.2025 19:38:33;3.39;
10.01.2025 19:38:38;3.39;
10.01.2025 19:38:39;3.38;
10.01.2025 19:38:40;3.38;
10.01.2025 19:38:41;3.39;
10.01.2025 19:38:46;3.39;
10.01.2025 19:38:47;3.38;
10.01.2025 19:38:48;3.39;
10.01.2025 19:38:54;3.39;
10.01.2025 19:38:55;3.38;
10.01.2025 19:38:56;3.39;
10.01.2025 19:39:04;3.39;
10.01.2025 19:39:05;3.38;
10.01.2025 19:39:06;3.39;
10.01.2025 19:39:07;3.38;
10.01.2025 19:39:08;3.39;
10.01.2025 19:39:09;3.38;
10.01.2025 19:39:10;3.39;
10.01.2025 19:39:16;3.39;
10.01.2025 19:39:17;3.38;
10.01.2025 19:39:18;3.39;
10.01.2025 19:39:19;3.38;
10.01.2025 19:39:20;3.39;
10.01.2025 19:39:21;3.39;
10.01.2025 19:39:22;3.38;
10.01.2025 19:39:23;3.39;
10.01.2025 19:39:24;3.4;
10.01.2025 19:39:25;3.38;
10.01.2025 19:39:26;3.39;
10.01.2025 19:39:27;3.37;
10.01.2025 19:39:28;3.39;
10.01.2025 19:39:32;3.39;
10.01.2025 19:39:33;3.4;
10.01.2025 19:39:34;3.39;
10.01.2025 19:39:42;3.39;
10.01.2025 19:39:43;3.4;
10.01.2025 19:39:44;3.39;
10.01.2025 19:39:45;3.39;
10.01.2025 19:39:46;3.4;
10.01.2025 19:39:48;3.4;
10.01.2025 19:39:49;3.39;
10.01.2025 19:39:52;3.39;
10.01.2025 19:39:53;3.38;
10.01.2025 19:39:54;3.38;
10.01.2025 19:39:55;3.39;
10.01.2025 19:39:57;3.39;
10.01.2025 19:39:58;3.38;
10.01.2025 19:39:59;3.39;
10.01.2025 19:40:00;3.4;
10.01.2025 19:40:01;3.39;
10.01.2025 19:40:02;3.39;
10.01.2025 19:40:03;3.4;
10.01.2025 19:40:04;3.39;
10.01.2025 19:40:08;3.39;
10.01.2025 19:40:09;3.4;
10.01.2025 19:40:10;3.39;
10.01.2025 19:40:11;3.38;
10.01.2025 19:40:12;3.39;
10.01.2025 19:40:13;3.39;
10.01.2025 19:40:14;3.38;
10.01.2025 19:40:15;3.39;
10.01.2025 19:40:17;3.39;
10.01.2025 19:40:18;3.4;
10.01.2025 19:40:19;3.39;
10.01.2025 19:40:21;3.39;
10.01.2025 19:40:22;3.4;
10.01.2025 19:40:23;3.39;
10.01.2025 19:40:26;3.39;
10.01.2025 19:40:27;3.4;
10.01.2025 19:40:28;3.39;
10.01.2025 19:40:38;3.39;
10.01.2025 19:40:39;3.4;
10.01.2025 19:40:40;3.39;
10.01.2025 19:40:44;3.39;
10.01.2025 19:40:45;3.38;
10.01.2025 19:40:46;3.39;
10.01.2025 19:40:47;3.39;
10.01.2025 19:40:48;3.4;
10.01.2025 19:40:49;3.39;
10.01.2025 19:40:51;3.39;
10.01.2025 19:40:52;3.38;
10.01.2025 19:40:53;3.39;
10.01.2025 19:40:55;3.39;
10.01.2025 19:40:56;3.4;
10.01.2025 19:40:57;3.38;
10.01.2025 19:40:58;3.39;
10.01.2025 19:41:06;3.39;
10.01.2025 19:41:07;3.38;
10.01.2025 19:41:08;3.39;
10.01.2025 19:41:15;3.39;
10.01.2025 19:41:16;3.38;
10.01.2025 19:41:17;3.39;
10.01.2025 19:41:28;3.39;
10.01.2025 19:41:29;3.4;
10.01.2025 19:41:30;3.39;
10.01.2025 19:41:32;3.39;
10.01.2025 19:41:33;3.38;
10.01.2025 19:41:34;3.39;
10.01.2025 19:41:38;3.39;
10.01.2025 19:41:39;3.38;
10.01.2025 19:41:40;3.39;
10.01.2025 19:41:41;3.4;
10.01.2025 19:41:42;3.39;
10.01.2025 19:41:43;3.39;
10.01.2025 19:41:44;3.4;
10.01.2025 19:41:45;3.39;
10.01.2025 19:41:47;3.39;
10.01.2025 19:41:48;3.38;
10.01.2025 19:41:49;3.39;
10.01.2025 19:41:50;3.38;
10.01.2025 19:41:51;3.39;
10.01.2025 19:41:54;3.39;
10.01.2025 19:41:55;3.4;
10.01.2025 19:41:56;3.38;
10.01.2025 19:41:57;3.38;
10.01.2025 19:41:58;3.4;
10.01.2025 19:41:59;3.39;
10.01.2025 19:42:00;3.38;
10.01.2025 19:42:01;3.39;
10.01.2025 19:42:04;3.39;
10.01.2025 19:42:05;3.38;
10.01.2025 19:42:06;3.39;
10.01.2025 19:42:07;3.4;
10.01.2025 19:42:08;3.39;
10.01.2025 19:42:09;3.38;
10.01.2025 19:42:10;3.39;
10.01.2025 19:42:12;3.39;
10.01.2025 19:42:13;3.38;
10.01.2025 19:42:14;3.39;
10.01.2025 19:42:17;3.39;
10.01.2025 19:42:18;3.38;
10.01.2025 19:42:19;3.4;
10.01.2025 19:42:20;3.39;
10.01.2025 19:42:21;3.38;
10.01.2025 19:42:22;3.39;
10.01.2025 19:42:25;3.39;
10.01.2025 19:42:26;3.4;
10.01.2025 19:42:27;3.39;
10.01.2025 19:42:29;3.39;
10.01.2025 19:42:30;3.38;
10.01.2025 19:42:31;3.38;
10.01.2025 19:42:32;3.39;
10.01.2025 19:42:35;3.39;
10.01.2025 19:42:36;3.38;
10.01.2025 19:42:37;3.38;
10.01.2025 19:42:38;3.39;
10.01.2025 19:42:39;3.38;
10.01.2025 19:42:40;3.39;
10.01.2025 19:42:43;3.39;
10.01.2025 19:42:44;3.38;
10.01.2025 19:42:45;3.38;
10.01.2025 19:42:46;3.39;
10.01.2025 19:42:49;3.39;
10.01.2025 19:42:50;3.4;
10.01.2025 19:42:51;3.38;
10.01.2025 19:42:52;3.38;
10.01.2025 19:42:53;3.39;
10.01.2025 19:42:54;3.39;
10.01.2025 19:42:55;3.38;
10.01.2025 19:42:56;3.39;
10.01.2025 19:42:57;3.4;
10.01.2025 19:42:58;3.39;
10.01.2025 19:42:59;3.4;
10.01.2025 19:43:00;3.39;
10.01.2025 19:43:01;3.4;
10.01.2025 19:43:02;3.39;
10.01.2025 19:43:03;3.4;
10.01.2025 19:43:04;3.39;
10.01.2025 19:43:05;3.39;
10.01.2025 19:43:06;3.38;
10.01.2025 19:43:07;3.39;
10.01.2025 19:43:10;3.39;
10.01.2025 19:43:11;3.38;
10.01.2025 19:43:12;3.39;
10.01.2025 19:43:15;3.39;
10.01.2025 19:43:16;3.38;
10.01.2025 19:43:17;3.38;
10.01.2025 19:43:18;3.39;
10.01.2025 19:43:20;3.39;
10.01.2025 19:43:21;3.38;
10.01.2025 19:43:22;3.39;
10.01.2025 19:43:23;3.4;
10.01.2025 19:43:24;3.39;
10.01.2025 19:43:25;3.4;
10.01.2025 19:43:26;3.39;
10.01.2025 19:43:30;3.39;
10.01.2025 19:43:31;3.4;
10.01.2025 19:43:32;3.39;
10.01.2025 19:43:35;3.39;
10.01.2025 19:43:36;3.4;
10.01.2025 19:43:37;3.38;
10.01.2025 19:43:38;3.39;
10.01.2025 19:43:39;3.38;
10.01.2025 19:43:40;3.39;
10.01.2025 19:43:44;3.39;
10.01.2025 19:43:45;3.38;
10.01.2025 19:43:47;3.38;
10.01.2025 19:43:48;3.39;
10.01.2025 19:43:49;3.38;
10.01.2025 19:43:50;3.4;
10.01.2025 19:43:51;3.39;
10.01.2025 19:44:05;3.39;
10.01.2025 19:44:06;3.38;
10.01.2025 19:44:07;3.38;
10.01.2025 19:44:08;3.39;
10.01.2025 19:44:18;3.39;
10.01.2025 19:44:19;3.38;
10.01.2025 19:44:20;3.38;
10.01.2025 19:44:21;3.39;
10.01.2025 19:44:22;3.39;
10.01.2025 19:44:23;3.38;
10.01.2025 19:44:24;3.39;
10.01.2025 19:44:28;3.39;
10.01.2025 19:44:29;3.4;
10.01.2025 19:44:30;3.39;
10.01.2025 19:44:31;3.4;
10.01.2025 19:44:32;3.39;
10.01.2025 19:44:33;3.39;
10.01.2025 19:44:34;3.4;
10.01.2025 19:44:35;3.39;
10.01.2025 19:44:37;3.39;
10.01.2025 19:44:38;3.4;
10.01.2025 19:44:39;3.39;
10.01.2025 19:44:41;3.39;
10.01.2025 19:44:42;3.38;
10.01.2025 19:44:43;3.39;
10.01.2025 19:44:44;3.38;
10.01.2025 19:44:45;3.39;
10.01.2025 19:44:50;3.39;
10.01.2025 19:44:51;3.4;
10.01.2025 19:44:52;3.39;
10.01.2025 19:44:58;3.39;
10.01.2025 19:44:59;3.4;
10.01.2025 19:45:00;3.39;
10.01.2025 19:45:01;3.39;
10.01.2025 19:45:02;3.38;
10.01.2025 19:45:03;3.39;
10.01.2025 19:45:07;3.39;
10.01.2025 19:45:08;3.38;
10.01.2025 19:45:09;3.39;
10.01.2025 19:45:10;3.4;
10.01.2025 19:45:11;3.39;
10.01.2025 19:45:12;3.39;
10.01.2025 19:45:13;3.38;
10.01.2025 19:45:14;3.38;
10.01.2025 19:45:15;3.39;
10.01.2025 19:45:16;3.39;
10.01.2025 19:45:17;3.38;
10.01.2025 19:45:18;3.39;
10.01.2025 19:45:19;3.4;
10.01.2025 19:45:20;3.38;
10.01.2025 19:45:21;3.4;
10.01.2025 19:45:22;3.39;
10.01.2025 19:45:23;3.4;
10.01.2025 19:45:24;3.38;
10.01.2025 19:45:25;3.39;
10.01.2025 19:45:31;3.39;
10.01.2025 19:45:32;3.4;
10.01.2025 19:45:33;3.39;
10.01.2025 19:45:35;3.39;
10.01.2025 19:45:36;3.4;
10.01.2025 19:45:37;3.4;
10.01.2025 19:45:38;3.39;
10.01.2025 19:45:54;3.39;
10.01.2025 19:45:55;3.4;
10.01.2025 19:45:56;3.39;
10.01.2025 19:45:59;3.39;
10.01.2025 19:46:00;3.38;
10.01.2025 19:46:01;3.39;
10.01.2025 19:46:02;3.4;
10.01.2025 19:46:03;3.38;
10.01.2025 19:46:04;3.39;
10.01.2025 19:46:05;3.39;
10.01.2025 19:46:06;3.38;
10.01.2025 19:46:07;3.39;
10.01.2025 19:46:09;3.39;
10.01.2025 19:46:10;3.38;
10.01.2025 19:46:11;3.39;
10.01.2025 19:46:12;3.39;
10.01.2025 19:46:13;3.4;
10.01.2025 19:46:14;3.39;
10.01.2025 19:46:17;3.39;
10.01.2025 19:46:18;3.4;
10.01.2025 19:46:19;3.39;
10.01.2025 19:46:23;3.39;
10.01.2025 19:46:24;3.4;
10.01.2025 19:46:25;3.39;
10.01.2025 19:46:29;3.39;
10.01.2025 19:46:30;3.4;
10.01.2025 19:46:31;3.39;
10.01.2025 19:46:35;3.39;
10.01.2025 19:46:36;3.4;
10.01.2025 19:46:37;3.39;
10.01.2025 19:46:38;3.4;
10.01.2025 19:46:39;3.39;
10.01.2025 19:46:43;3.39;
10.01.2025 19:46:44;3.4;
10.01.2025 19:46:46;3.4;
10.01.2025 19:46:47;3.39;
10.01.2025 19:46:49;3.39;
10.01.2025 19:46:50;3.4;
10.01.2025 19:46:51;3.4;
10.01.2025 19:46:52;3.39;
10.01.2025 19:46:53;3.39;
10.01.2025 19:46:54;3.4;
10.01.2025 19:46:55;3.39;
10.01.2025 19:46:57;3.39;
10.01.2025 19:46:58;3.38;
10.01.2025 19:46:59;3.4;
10.01.2025 19:47:00;3.39;
10.01.2025 19:47:01;3.39;
10.01.2025 19:47:02;3.38;
10.01.2025 19:47:03;3.39;
10.01.2025 19:47:07;3.39;
10.01.2025 19:47:08;3.4;
10.01.2025 19:47:09;3.39;
10.01.2025 19:47:14;3.39;
10.01.2025 19:47:15;3.4;
10.01.2025 19:47:16;3.39;
10.01.2025 19:47:19;3.39;
10.01.2025 19:47:20;3.4;
10.01.2025 19:47:21;3.39;
10.01.2025 19:47:24;3.39;
10.01.2025 19:47:25;3.4;
10.01.2025 19:47:26;3.39;
10.01.2025 19:47:31;3.39;
10.01.2025 19:47:32;3.38;
10.01.2025 19:47:33;3.39;
10.01.2025 19:47:36;3.39;
10.01.2025 19:47:37;3.4;
10.01.2025 19:47:38;3.39;
10.01.2025 19:47:39;3.39;
10.01.2025 19:47:40;3.4;
10.01.2025 19:47:41;3.39;
10.01.2025 19:47:42;3.39;
10.01.2025 19:47:43;3.38;
10.01.2025 19:47:44;3.38;
10.01.2025 19:47:45;3.39;
10.01.2025 19:47:46;3.39;
10.01.2025 19:47:47;3.4;
10.01.2025 19:47:48;3.39;
10.01.2025 19:47:54;3.39;
10.01.2025 19:47:55;3.4;
10.01.2025 19:47:56;3.39;
10.01.2025 19:47:57;3.38;
10.01.2025 19:47:58;3.39;
10.01.2025 19:48:02;3.39;
10.01.2025 19:48:03;3.38;
10.01.2025 19:48:04;3.39;
10.01.2025 19:48:10;3.39;
10.01.2025 19:48:11;3.4;
10.01.2025 19:48:12;3.39;
10.01.2025 19:48:18;3.39;
10.01.2025 19:48:19;3.38;
10.01.2025 19:48:20;3.4;
10.01.2025 19:48:21;3.39;
10.01.2025 19:48:22;3.4;
10.01.2025 19:48:23;3.39;
10.01.2025 19:48:30;3.39;
10.01.2025 19:48:31;3.4;
10.01.2025 19:48:33;3.4;
10.01.2025 19:48:34;3.39;
10.01.2025 19:48:37;3.39;
10.01.2025 19:48:38;3.4;
10.01.2025 19:48:39;3.39;
10.01.2025 19:48:48;3.39;
10.01.2025 19:48:49;3.4;
10.01.2025 19:48:50;3.4;
10.01.2025 19:48:51;3.38;
10.01.2025 19:48:52;3.4;
10.01.2025 19:48:54;3.4;
10.01.2025 19:48:55;3.39;
10.01.2025 19:48:58;3.39;
10.01.2025 19:48:59;3.4;
10.01.2025 19:49:01;3.4;
10.01.2025 19:49:02;3.39;
10.01.2025 19:49:03;3.4;
10.01.2025 19:49:04;3.39;
10.01.2025 19:49:06;3.39;
10.01.2025 19:49:07;3.4;
10.01.2025 19:49:08;3.39;
10.01.2025 19:49:09;3.4;
10.01.2025 19:49:11;3.4;
10.01.2025 19:49:12;3.39;
10.01.2025 19:49:13;3.39;
10.01.2025 19:49:14;3.38;
10.01.2025 19:49:15;3.39;
10.01.2025 19:49:19;3.39;
10.01.2025 19:49:20;3.4;
10.01.2025 19:49:21;3.39;
10.01.2025 19:49:23;3.39;
10.01.2025 19:49:24;3.4;
10.01.2025 19:49:25;3.39;
10.01.2025 19:49:26;3.4;
10.01.2025 19:49:27;3.39;
10.01.2025 19:49:29;3.39;
10.01.2025 19:49:30;3.4;
10.01.2025 19:49:31;3.39;
10.01.2025 19:49:33;3.39;
10.01.2025 19:49:34;3.4;
10.01.2025 19:49:35;3.4;
10.01.2025 19:49:36;3.39;
10.01.2025 19:49:43;3.39;
10.01.2025 19:49:44;3.4;
10.01.2025 19:49:45;3.39;
10.01.2025 19:49:46;3.38;
10.01.2025 19:49:47;3.39;
10.01.2025 19:49:48;3.39;
10.01.2025 19:49:49;3.38;
10.01.2025 19:49:50;3.38;
10.01.2025 19:49:51;3.39;
10.01.2025 19:49:56;3.39;
10.01.2025 19:49:57;3.38;
10.01.2025 19:49:58;3.39;
10.01.2025 19:50:05;3.39;
10.01.2025 19:50:06;3.4;
10.01.2025 19:50:07;3.39;
10.01.2025 19:50:08;3.39;
10.01.2025 19:50:09;3.38;
10.01.2025 19:50:10;3.39;
10.01.2025 19:50:12;3.39;
10.01.2025 19:50:13;3.38;
10.01.2025 19:50:14;3.39;
10.01.2025 19:50:16;3.39;
10.01.2025 19:50:17;3.38;
10.01.2025 19:50:18;3.39;
10.01.2025 19:50:19;3.39;
10.01.2025 19:50:20;3.38;
10.01.2025 19:50:21;3.39;
10.01.2025 19:50:22;3.38;
10.01.2025 19:50:23;3.39;
10.01.2025 19:50:25;3.39;
10.01.2025 19:50:26;3.38;
10.01.2025 19:50:27;3.38;
10.01.2025 19:50:28;3.39;
10.01.2025 19:50:30;3.39;
10.01.2025 19:50:31;3.38;
10.01.2025 19:50:32;3.39;
10.01.2025 19:50:36;3.39;
10.01.2025 19:50:37;3.38;
10.01.2025 19:50:38;3.38;
10.01.2025 19:50:39;3.39;
10.01.2025 19:50:40;3.38;
10.01.2025 19:50:41;3.39;
10.01.2025 19:50:44;3.39;
10.01.2025 19:50:45;3.4;
10.01.2025 19:50:46;3.39;
10.01.2025 19:50:47;3.39;
10.01.2025 19:50:48;3.38;
10.01.2025 19:50:49;3.39;
10.01.2025 19:50:50;3.39;
10.01.2025 19:50:51;3.38;
10.01.2025 19:50:52;3.39;
10.01.2025 19:50:53;3.38;
10.01.2025 19:50:54;3.39;
10.01.2025 19:50:55;3.38;
10.01.2025 19:50:56;3.39;
10.01.2025 19:50:57;3.39;
10.01.2025 19:50:58;3.38;
10.01.2025 19:50:59;3.39;
10.01.2025 19:51:00;3.38;
10.01.2025 19:51:01;3.39;
10.01.2025 19:51:02;3.38;
10.01.2025 19:51:03;3.38;
10.01.2025 19:51:04;3.39;
10.01.2025 19:51:05;3.38;
10.01.2025 19:51:06;3.39;
10.01.2025 19:51:10;3.39;
10.01.2025 19:51:11;3.4;
10.01.2025 19:51:12;3.39;
10.01.2025 19:51:14;3.39;
10.01.2025 19:51:15;3.4;
10.01.2025 19:51:16;3.39;
10.01.2025 19:51:17;3.4;
10.01.2025 19:51:18;3.39;
10.01.2025 19:51:28;3.39;
10.01.2025 19:51:29;3.38;
10.01.2025 19:51:30;3.39;
10.01.2025 19:51:39;3.39;
10.01.2025 19:51:40;3.38;
10.01.2025 19:51:41;3.39;
10.01.2025 19:51:47;3.39;
10.01.2025 19:51:48;3.4;
10.01.2025 19:51:49;3.39;
10.01.2025 19:51:50;3.39;
10.01.2025 19:51:51;3.38;
10.01.2025 19:51:52;3.38;
10.01.2025 19:51:53;3.39;
10.01.2025 19:51:56;3.39;
10.01.2025 19:51:57;3.38;
10.01.2025 19:51:58;3.38;
10.01.2025 19:51:59;3.39;
10.01.2025 19:52:02;3.39;
10.01.2025 19:52:03;3.38;
10.01.2025 19:52:05;3.38;
10.01.2025 19:52:06;3.39;
10.01.2025 19:52:09;3.39;
10.01.2025 19:52:10;3.38;
10.01.2025 19:52:11;3.38;
10.01.2025 19:52:12;3.39;
10.01.2025 19:52:13;3.38;
10.01.2025 19:52:14;3.39;
10.01.2025 19:52:17;3.39;
10.01.2025 19:52:18;3.4;
10.01.2025 19:52:19;3.39;
10.01.2025 19:52:20;3.4;
10.01.2025 19:52:21;3.39;
10.01.2025 19:52:22;3.38;
10.01.2025 19:52:23;3.39;
10.01.2025 19:52:24;3.4;
10.01.2025 19:52:25;3.38;
10.01.2025 19:52:26;3.39;
10.01.2025 19:52:33;3.39;
10.01.2025 19:52:34;3.38;
10.01.2025 19:52:35;3.39;
10.01.2025 19:52:36;3.39;
10.01.2025 19:52:37;3.38;
10.01.2025 19:52:38;3.39;
10.01.2025 19:52:39;3.39;
10.01.2025 19:52:40;3.38;
10.01.2025 19:52:41;3.39;
10.01.2025 19:52:54;3.39;
10.01.2025 19:52:55;3.4;
10.01.2025 19:52:56;3.39;
10.01.2025 19:52:57;3.39;
10.01.2025 19:52:58;3.4;
10.01.2025 19:52:59;3.39;
10.01.2025 19:53:02;3.39;
10.01.2025 19:53:03;3.4;
10.01.2025 19:53:04;3.39;
10.01.2025 19:53:05;3.39;
10.01.2025 19:53:06;3.38;
10.01.2025 19:53:07;3.4;
10.01.2025 19:53:08;3.39;
10.01.2025 19:53:09;3.39;
10.01.2025 19:53:10;3.4;
10.01.2025 19:53:13;3.4;
10.01.2025 19:53:14;3.38;
10.01.2025 19:53:15;3.39;
10.01.2025 19:53:16;3.39;
10.01.2025 19:53:17;3.38;
10.01.2025 19:53:18;3.39;
10.01.2025 19:53:20;3.39;
10.01.2025 19:53:21;3.37;
10.01.2025 19:53:22;3.39;
10.01.2025 19:53:23;3.4;
10.01.2025 19:53:24;3.39;
10.01.2025 19:53:31;3.39;
10.01.2025 19:53:32;3.4;
10.01.2025 19:53:33;3.39;
10.01.2025 19:53:38;3.39;
10.01.2025 19:53:39;3.4;
10.01.2025 19:53:40;3.39;
10.01.2025 19:53:41;3.39;
10.01.2025 19:53:42;3.4;
10.01.2025 19:53:43;3.39;
10.01.2025 19:53:44;3.39;
10.01.2025 19:53:45;3.38;
10.01.2025 19:53:46;3.38;
10.01.2025 19:53:47;3.39;
10.01.2025 19:53:51;3.39;
10.01.2025 19:53:52;3.4;
10.01.2025 19:53:53;3.39;
10.01.2025 19:53:54;3.38;
10.01.2025 19:53:55;3.39;
10.01.2025 19:53:57;3.39;
10.01.2025 19:53:58;3.4;
10.01.2025 19:53:59;3.39;
10.01.2025 19:54:00;3.39;
10.01.2025 19:54:01;3.4;
10.01.2025 19:54:02;3.38;
10.01.2025 19:54:03;3.39;
10.01.2025 19:54:06;3.39;
10.01.2025 19:54:07;3.4;
10.01.2025 19:54:08;3.4;
10.01.2025 19:54:09;3.39;
10.01.2025 19:54:12;3.39;
10.01.2025 19:54:13;3.4;
10.01.2025 19:54:14;3.39;
10.01.2025 19:54:15;3.4;
10.01.2025 19:54:16;3.39;
10.01.2025 19:54:19;3.39;
10.01.2025 19:54:20;3.4;
10.01.2025 19:54:21;3.39;
10.01.2025 19:54:22;3.38;
10.01.2025 19:54:23;3.39;
10.01.2025 19:54:33;3.39;
10.01.2025 19:54:34;3.4;
10.01.2025 19:54:35;3.39;
10.01.2025 19:54:36;3.39;
10.01.2025 19:54:37;3.4;
10.01.2025 19:54:38;3.39;
10.01.2025 19:54:41;3.39;
10.01.2025 19:54:42;3.38;
10.01.2025 19:54:43;3.39;
10.01.2025 19:54:44;3.4;
10.01.2025 19:54:45;3.39;
10.01.2025 19:54:54;3.39;
10.01.2025 19:54:55;3.4;
10.01.2025 19:54:56;3.39;
10.01.2025 19:55:06;3.39;
10.01.2025 19:55:07;3.4;
10.01.2025 19:55:08;3.4;
10.01.2025 19:55:09;3.38;
10.01.2025 19:55:10;3.38;
10.01.2025 19:55:11;3.39;
10.01.2025 19:55:12;3.4;
10.01.2025 19:55:13;3.39;
10.01.2025 19:55:19;3.39;
10.01.2025 19:55:20;3.4;
10.01.2025 19:55:21;3.39;
10.01.2025 19:55:22;3.4;
10.01.2025 19:55:23;3.38;
10.01.2025 19:55:24;3.39;
10.01.2025 19:55:25;3.4;
10.01.2025 19:55:26;3.39;
10.01.2025 19:55:28;3.39;
10.01.2025 19:55:29;3.4;
10.01.2025 19:55:30;3.39;
10.01.2025 19:55:36;3.39;
10.01.2025 19:55:37;3.4;
10.01.2025 19:55:39;3.4;
10.01.2025 19:55:40;3.39;
10.01.2025 19:55:41;3.4;
10.01.2025 19:55:42;3.4;
10.01.2025 19:55:43;3.39;
10.01.2025 19:55:44;3.4;
10.01.2025 19:55:45;3.39;
10.01.2025 19:55:46;3.4;
10.01.2025 19:55:47;3.39;
10.01.2025 19:55:48;3.39;
10.01.2025 19:55:49;3.4;
10.01.2025 19:55:50;3.39;
10.01.2025 19:55:55;3.39;
10.01.2025 19:55:56;3.4;
10.01.2025 19:55:57;3.39;
10.01.2025 19:55:58;3.4;
10.01.2025 19:56:01;3.4;
10.01.2025 19:56:02;3.39;
10.01.2025 19:56:03;3.39;
10.01.2025 19:56:04;3.4;
10.01.2025 19:56:05;3.4;
10.01.2025 19:56:06;3.39;
10.01.2025 19:56:07;3.39;
10.01.2025 19:56:08;3.4;
10.01.2025 19:56:10;3.4;
10.01.2025 19:56:11;3.38;
10.01.2025 19:56:12;3.39;
10.01.2025 19:56:13;3.4;
10.01.2025 19:56:14;3.4;
10.01.2025 19:56:15;3.39;
10.01.2025 19:56:25;3.39;
10.01.2025 19:56:26;3.38;
10.01.2025 19:56:27;3.39;
10.01.2025 19:56:29;3.39;
10.01.2025 19:56:30;3.4;
10.01.2025 19:56:31;3.39;
10.01.2025 19:56:32;3.39;
10.01.2025 19:56:33;3.4;
10.01.2025 19:56:34;3.38;
10.01.2025 19:56:35;3.4;
10.01.2025 19:56:36;3.39;
10.01.2025 19:56:40;3.39;
10.01.2025 19:56:41;3.38;
10.01.2025 19:56:42;3.39;
10.01.2025 19:56:43;3.4;
10.01.2025 19:56:44;3.39;
10.01.2025 19:56:45;3.4;
10.01.2025 19:56:46;3.39;
10.01.2025 19:56:47;3.4;
10.01.2025 19:56:48;3.39;
10.01.2025 19:56:50;3.39;
10.01.2025 19:56:51;3.4;
10.01.2025 19:56:52;3.39;
10.01.2025 19:57:06;3.39;
10.01.2025 19:57:07;3.38;
10.01.2025 19:57:08;3.39;
10.01.2025 19:57:09;3.39;
10.01.2025 19:57:10;3.4;
10.01.2025 19:57:11;3.39;
10.01.2025 19:57:15;3.39;
10.01.2025 19:57:16;3.4;
10.01.2025 19:57:17;3.38;
10.01.2025 19:57:18;3.38;
10.01.2025 19:57:19;3.39;
10.01.2025 19:57:20;3.39;
10.01.2025 19:57:21;3.38;
10.01.2025 19:57:22;3.38;
10.01.2025 19:57:23;3.39;
10.01.2025 19:57:24;3.38;
10.01.2025 19:57:25;3.39;
10.01.2025 19:57:31;3.39;
10.01.2025 19:57:32;3.38;
10.01.2025 19:57:33;3.39;
10.01.2025 19:57:35;3.39;
10.01.2025 19:57:36;3.38;
10.01.2025 19:57:37;3.38;
10.01.2025 19:57:38;3.39;
10.01.2025 19:57:45;3.39;
10.01.2025 19:57:46;3.38;
10.01.2025 19:57:47;3.38;
10.01.2025 19:57:48;3.39;
10.01.2025 19:57:53;3.39;
10.01.2025 19:57:54;3.38;
10.01.2025 19:57:55;3.39;
10.01.2025 19:57:57;3.39;
10.01.2025 19:57:58;3.38;
10.01.2025 19:57:59;3.39;
10.01.2025 19:58:00;3.38;
10.01.2025 19:58:01;3.39;
10.01.2025 19:58:02;3.38;
10.01.2025 19:58:03;3.39;
10.01.2025 19:58:09;3.39;
10.01.2025 19:58:10;3.38;
10.01.2025 19:58:11;3.39;
10.01.2025 19:58:16;3.39;
10.01.2025 19:58:17;3.38;
10.01.2025 19:58:18;3.39;
10.01.2025 19:58:19;3.39;
10.01.2025 19:58:20;3.38;
10.01.2025 19:58:21;3.39;
10.01.2025 19:58:29;3.39;
10.01.2025 19:58:30;3.38;
10.01.2025 19:58:31;3.39;
10.01.2025 19:58:33;3.39;
10.01.2025 19:58:34;3.38;
10.01.2025 19:58:36;3.38;
10.01.2025 19:58:37;3.39;
10.01.2025 19:58:38;3.39;
10.01.2025 19:58:39;3.38;
10.01.2025 19:58:41;3.38;
10.01.2025 19:58:42;3.39;
10.01.2025 19:58:46;3.39;
10.01.2025 19:58:47;3.38;
10.01.2025 19:58:48;3.39;
10.01.2025 19:58:49;3.38;
10.01.2025 19:58:50;3.39;
10.01.2025 19:58:51;3.38;
10.01.2025 19:58:52;3.39;
10.01.2025 19:58:53;3.39;
10.01.2025 19:58:54;3.38;
10.01.2025 19:58:55;3.39;
10.01.2025 19:58:59;3.39;
10.01.2025 19:59:00;3.38;
10.01.2025 19:59:01;3.39;
10.01.2025 19:59:03;3.39;
10.01.2025 19:59:04;3.38;
10.01.2025 19:59:05;3.38;
10.01.2025 19:59:06;3.39;
10.01.2025 19:59:07;3.38;
10.01.2025 19:59:08;3.39;
10.01.2025 19:59:09;3.38;
10.01.2025 19:59:10;3.39;
10.01.2025 19:59:11;3.38;
10.01.2025 19:59:12;3.39;
10.01.2025 19:59:13;3.38;
10.01.2025 19:59:14;3.38;
10.01.2025 19:59:15;3.39;
10.01.2025 19:59:18;3.39;
10.01.2025 19:59:19;3.38;
10.01.2025 19:59:20;3.39;
10.01.2025 19:59:22;3.39;
10.01.2025 19:59:23;3.38;
10.01.2025 19:59:24;3.38;
10.01.2025 19:59:25;3.39;
10.01.2025 19:59:30;3.39;
10.01.2025 19:59:31;3.38;
10.01.2025 19:59:32;3.38;
10.01.2025 19:59:33;3.39;
10.01.2025 19:59:36;3.39;
10.01.2025 19:59:37;3.4;
10.01.2025 19:59:38;3.39;
10.01.2025 19:59:52;3.39;
10.01.2025 19:59:53;3.38;
10.01.2025 19:59:54;3.39;
10.01.2025 20:00:00;3.39;
10.01.2025 20:00:01;3.4;
10.01.2025 20:00:04;3.4;
10.01.2025 20:00:05;3.39;
10.01.2025 20:00:06;3.39;
10.01.2025 20:00:07;3.4;
10.01.2025 20:00:09;3.4;
10.01.2025 20:00:10;3.39;
10.01.2025 20:00:13;3.39;
10.01.2025 20:00:14;3.38;
10.01.2025 20:00:15;3.38;
10.01.2025 20:00:16;3.39;
10.01.2025 20:00:17;3.39;
10.01.2025 20:00:18;3.38;
10.01.2025 20:00:19;3.39;
10.01.2025 20:00:20;3.38;
10.01.2025 20:00:21;3.4;
10.01.2025 20:00:22;3.39;
10.01.2025 20:00:28;3.39;
10.01.2025 20:00:29;3.38;
10.01.2025 20:00:30;3.4;
10.01.2025 20:00:31;3.39;
10.01.2025 20:00:33;3.39;
10.01.2025 20:00:34;3.38;
10.01.2025 20:00:35;3.39;
10.01.2025 20:00:45;3.39;
10.01.2025 20:00:46;3.4;
10.01.2025 20:00:47;3.39;
10.01.2025 20:00:49;3.39;
10.01.2025 20:00:50;3.4;
10.01.2025 20:00:51;3.4;
10.01.2025 20:00:52;3.39;
10.01.2025 20:00:53;3.4;
10.01.2025 20:00:54;3.39;
10.01.2025 20:00:56;3.39;
10.01.2025 20:00:57;3.4;
10.01.2025 20:00:58;3.4;
10.01.2025 20:00:59;3.39;
10.01.2025 20:01:07;3.39;
10.01.2025 20:01:08;3.38;
10.01.2025 20:01:09;3.39;
10.01.2025 20:01:10;3.4;
10.01.2025 20:01:11;3.39;
10.01.2025 20:01:17;3.39;
10.01.2025 20:01:18;3.4;
10.01.2025 20:01:19;3.39;
10.01.2025 20:01:22;3.39;
10.01.2025 20:01:23;3.38;
10.01.2025 20:01:24;3.39;
10.01.2025 20:01:25;3.4;
10.01.2025 20:01:26;3.39;
10.01.2025 20:01:32;3.39;
10.01.2025 20:01:33;3.4;
10.01.2025 20:01:34;3.39;
10.01.2025 20:01:37;3.39;
10.01.2025 20:01:38;3.38;
10.01.2025 20:01:39;3.38;
10.01.2025 20:01:40;3.4;
10.01.2025 20:01:41;3.39;
10.01.2025 20:01:42;3.38;
10.01.2025 20:01:43;3.39;
10.01.2025 20:01:47;3.39;
10.01.2025 20:01:48;3.38;
10.01.2025 20:01:49;3.39;
10.01.2025 20:02:01;3.39;
10.01.2025 20:02:02;3.4;
10.01.2025 20:02:04;3.4;
10.01.2025 20:02:05;3.39;
10.01.2025 20:02:06;3.38;
10.01.2025 20:02:07;3.39;
10.01.2025 20:02:08;3.39;
10.01.2025 20:02:09;3.4;
10.01.2025 20:02:10;3.39;
10.01.2025 20:02:17;3.39;
10.01.2025 20:02:18;3.38;
10.01.2025 20:02:19;3.39;
10.01.2025 20:02:21;3.39;
10.01.2025 20:02:22;3.38;
10.01.2025 20:02:23;3.39;
10.01.2025 20:02:33;3.39;
10.01.2025 20:02:34;3.38;
10.01.2025 20:02:35;3.39;
10.01.2025 20:02:45;3.39;
10.01.2025 20:02:46;3.4;
10.01.2025 20:02:47;3.39;
10.01.2025 20:02:58;3.39;
10.01.2025 20:02:59;3.38;
10.01.2025 20:03:00;3.38;
10.01.2025 20:03:01;3.4;
10.01.2025 20:03:02;3.39;
10.01.2025 20:03:03;3.38;
10.01.2025 20:03:04;3.39;
10.01.2025 20:03:05;3.39;
10.01.2025 20:03:06;3.38;
10.01.2025 20:03:07;3.39;
10.01.2025 20:03:17;3.39;
10.01.2025 20:03:18;3.38;
10.01.2025 20:03:20;3.38;
10.01.2025 20:03:21;3.39;
10.01.2025 20:03:22;3.38;
10.01.2025 20:03:23;3.39;
10.01.2025 20:03:32;3.39;
