Time Stamp;$pressure_measured_ECC$;
04.12.2024 06:15:43;17.56;
04.12.2024 06:15:44;17.56;
04.12.2024 06:15:45;17.57;
04.12.2024 06:15:46;17.56;
04.12.2024 06:15:49;17.56;
04.12.2024 06:15:50;17.57;
04.12.2024 06:15:51;17.56;
04.12.2024 06:15:52;17.57;
04.12.2024 06:15:53;17.57;
04.12.2024 06:15:54;17.56;
04.12.2024 06:15:55;17.57;
04.12.2024 06:15:56;17.56;
04.12.2024 06:15:58;17.56;
04.12.2024 06:15:59;17.57;
04.12.2024 06:16:00;17.56;
04.12.2024 06:16:01;17.56;
04.12.2024 06:16:02;17.57;
04.12.2024 06:16:03;17.56;
04.12.2024 06:16:06;17.56;
04.12.2024 06:16:07;17.55;
04.12.2024 06:16:08;17.56;
04.12.2024 06:16:09;17.57;
04.12.2024 06:16:10;17.55;
04.12.2024 06:16:11;17.56;
04.12.2024 06:16:12;17.56;
04.12.2024 06:16:13;17.55;
04.12.2024 06:16:14;17.56;
04.12.2024 06:16:15;17.56;
04.12.2024 06:16:16;17.55;
04.12.2024 06:16:17;17.56;
04.12.2024 06:16:19;17.56;
04.12.2024 06:16:20;17.55;
04.12.2024 06:16:21;17.56;
04.12.2024 06:16:25;17.56;
04.12.2024 06:16:26;17.55;
04.12.2024 06:16:27;17.55;
04.12.2024 06:16:28;17.56;
04.12.2024 06:16:32;17.56;
04.12.2024 06:16:33;17.55;
04.12.2024 06:16:34;17.56;
04.12.2024 06:16:35;17.56;
04.12.2024 06:16:36;17.55;
04.12.2024 06:16:37;17.56;
04.12.2024 06:16:40;17.56;
04.12.2024 06:16:41;17.55;
04.12.2024 06:16:42;17.55;
04.12.2024 06:16:43;17.56;
04.12.2024 06:16:44;17.55;
04.12.2024 06:16:47;17.55;
04.12.2024 06:16:48;17.56;
04.12.2024 06:16:49;17.55;
04.12.2024 06:16:54;17.55;
04.12.2024 06:16:55;17.56;
04.12.2024 06:16:58;17.56;
04.12.2024 06:16:59;17.55;
04.12.2024 06:17:00;17.56;
04.12.2024 06:17:02;17.56;
04.12.2024 06:17:03;17.55;
04.12.2024 06:17:04;17.55;
04.12.2024 06:17:05;17.56;
04.12.2024 06:17:06;17.56;
04.12.2024 06:17:07;17.55;
04.12.2024 06:17:11;17.55;
04.12.2024 06:17:12;17.56;
04.12.2024 06:17:13;17.55;
04.12.2024 06:17:14;17.56;
04.12.2024 06:17:15;17.56;
04.12.2024 06:17:16;17.55;
04.12.2024 06:17:17;17.55;
04.12.2024 06:17:18;17.56;
04.12.2024 06:17:19;17.55;
04.12.2024 06:17:21;17.55;
04.12.2024 06:17:22;17.56;
04.12.2024 06:17:23;17.55;
04.12.2024 06:17:24;17.55;
04.12.2024 06:17:25;17.56;
04.12.2024 06:17:26;17.55;
04.12.2024 06:17:27;17.55;
04.12.2024 06:17:28;17.54;
04.12.2024 06:17:29;17.55;
04.12.2024 06:17:31;17.55;
04.12.2024 06:17:32;17.54;
04.12.2024 06:17:33;17.55;
04.12.2024 06:17:34;17.54;
04.12.2024 06:17:35;17.55;
04.12.2024 06:17:36;17.55;
04.12.2024 06:17:37;17.54;
04.12.2024 06:17:38;17.55;
04.12.2024 06:17:39;17.55;
04.12.2024 06:17:40;17.56;
04.12.2024 06:17:41;17.54;
04.12.2024 06:17:44;17.54;
04.12.2024 06:17:45;17.55;
04.12.2024 06:17:48;17.55;
04.12.2024 06:17:49;17.54;
04.12.2024 06:17:52;17.54;
04.12.2024 06:17:53;17.55;
04.12.2024 06:17:54;17.54;
04.12.2024 06:17:55;17.54;
04.12.2024 06:17:56;17.55;
04.12.2024 06:17:57;17.54;
04.12.2024 06:17:58;17.54;
04.12.2024 06:17:59;17.55;
04.12.2024 06:18:00;17.54;
04.12.2024 06:18:01;17.53;
04.12.2024 06:18:02;17.54;
04.12.2024 06:18:03;17.53;
04.12.2024 06:18:04;17.54;
04.12.2024 06:18:09;17.54;
04.12.2024 06:18:10;17.55;
04.12.2024 06:18:11;17.53;
04.12.2024 06:18:12;17.54;
04.12.2024 06:18:13;17.54;
04.12.2024 06:18:14;17.55;
04.12.2024 06:18:15;17.53;
04.12.2024 06:18:16;17.55;
04.12.2024 06:18:17;17.55;
04.12.2024 06:18:18;17.54;
04.12.2024 06:18:19;17.55;
04.12.2024 06:18:20;17.54;
04.12.2024 06:18:22;17.54;
04.12.2024 06:18:23;17.53;
04.12.2024 06:18:24;17.54;
04.12.2024 06:18:25;17.54;
04.12.2024 06:18:26;17.55;
04.12.2024 06:18:27;17.54;
04.12.2024 06:18:31;17.54;
04.12.2024 06:18:32;17.55;
04.12.2024 06:18:33;17.54;
04.12.2024 06:18:36;17.54;
04.12.2024 06:18:37;17.53;
04.12.2024 06:18:39;17.53;
04.12.2024 06:18:40;17.54;
04.12.2024 06:18:43;17.54;
04.12.2024 06:18:44;17.53;
04.12.2024 06:18:46;17.53;
04.12.2024 06:18:47;17.54;
04.12.2024 06:18:48;17.55;
04.12.2024 06:18:49;17.54;
04.12.2024 06:18:51;17.54;
04.12.2024 06:18:52;17.53;
04.12.2024 06:18:56;17.53;
04.12.2024 06:18:57;17.54;
04.12.2024 06:18:58;17.54;
04.12.2024 06:18:59;17.53;
04.12.2024 06:19:01;17.53;
04.12.2024 06:19:02;17.54;
04.12.2024 06:19:03;17.53;
04.12.2024 06:19:04;17.54;
04.12.2024 06:19:05;17.53;
04.12.2024 06:19:06;17.53;
04.12.2024 06:19:07;17.54;
04.12.2024 06:19:08;17.53;
04.12.2024 06:19:18;17.53;
04.12.2024 06:19:19;17.54;
04.12.2024 06:19:20;17.54;
04.12.2024 06:19:21;17.53;
04.12.2024 06:19:22;17.53;
04.12.2024 06:19:23;17.52;
04.12.2024 06:19:24;17.53;
04.12.2024 06:19:27;17.53;
04.12.2024 06:19:28;17.54;
04.12.2024 06:19:29;17.52;
04.12.2024 06:19:31;17.52;
04.12.2024 06:19:32;17.53;
04.12.2024 06:19:33;17.53;
04.12.2024 06:19:34;17.52;
04.12.2024 06:19:35;17.53;
04.12.2024 06:19:36;17.52;
04.12.2024 06:19:37;17.53;
04.12.2024 06:19:38;17.52;
04.12.2024 06:19:39;17.53;
04.12.2024 06:19:40;17.53;
04.12.2024 06:19:41;17.52;
04.12.2024 06:19:44;17.52;
04.12.2024 06:19:45;17.53;
04.12.2024 06:19:46;17.52;
04.12.2024 06:19:49;17.52;
04.12.2024 06:19:50;17.53;
04.12.2024 06:19:51;17.52;
04.12.2024 06:20:00;17.52;
04.12.2024 06:20:01;17.53;
04.12.2024 06:20:02;17.53;
04.12.2024 06:20:03;17.52;
04.12.2024 06:20:10;17.52;
04.12.2024 06:20:11;17.51;
04.12.2024 06:20:12;17.51;
04.12.2024 06:20:13;17.52;
04.12.2024 06:20:14;17.53;
04.12.2024 06:20:15;17.52;
04.12.2024 06:20:16;17.51;
04.12.2024 06:20:23;17.51;
04.12.2024 06:20:24;17.52;
04.12.2024 06:20:25;17.51;
04.12.2024 06:20:26;17.52;
04.12.2024 06:20:28;17.52;
04.12.2024 06:20:29;17.51;
04.12.2024 06:20:30;17.52;
04.12.2024 06:20:33;17.52;
04.12.2024 06:20:34;17.51;
04.12.2024 06:20:35;17.52;
04.12.2024 06:20:36;17.51;
04.12.2024 06:20:37;17.52;
04.12.2024 06:20:38;17.51;
04.12.2024 06:20:39;17.52;
04.12.2024 06:20:40;17.51;
04.12.2024 06:20:41;17.51;
04.12.2024 06:20:42;17.52;
04.12.2024 06:20:43;17.51;
04.12.2024 06:20:44;17.51;
04.12.2024 06:20:45;17.52;
04.12.2024 06:20:46;17.51;
04.12.2024 06:20:55;17.51;
04.12.2024 06:20:56;17.5;
04.12.2024 06:20:57;17.51;
04.12.2024 06:20:59;17.51;
04.12.2024 06:21:00;17.5;
04.12.2024 06:21:01;17.51;
04.12.2024 06:21:06;17.51;
04.12.2024 06:21:07;17.5;
04.12.2024 06:21:08;17.51;
04.12.2024 06:21:13;17.51;
04.12.2024 06:21:14;17.5;
04.12.2024 06:21:15;17.52;
04.12.2024 06:21:16;17.51;
04.12.2024 06:21:18;17.51;
04.12.2024 06:21:19;17.5;
04.12.2024 06:21:21;17.5;
04.12.2024 06:21:22;17.51;
04.12.2024 06:21:24;17.51;
04.12.2024 06:21:25;17.5;
04.12.2024 06:21:30;17.5;
04.12.2024 06:21:31;17.51;
04.12.2024 06:21:32;17.5;
04.12.2024 06:21:34;17.5;
04.12.2024 06:21:35;17.51;
04.12.2024 06:21:36;17.5;
04.12.2024 06:21:37;17.5;
04.12.2024 06:21:38;17.51;
04.12.2024 06:21:39;17.51;
04.12.2024 06:21:40;17.5;
04.12.2024 06:21:47;17.5;
04.12.2024 06:21:48;17.49;
04.12.2024 06:21:49;17.5;
04.12.2024 06:21:50;17.5;
04.12.2024 06:21:51;17.49;
04.12.2024 06:21:52;17.49;
04.12.2024 06:21:53;17.5;
04.12.2024 06:21:56;17.5;
04.12.2024 06:21:57;17.49;
04.12.2024 06:21:59;17.49;
04.12.2024 06:22:00;17.5;
04.12.2024 06:22:02;17.5;
04.12.2024 06:22:03;17.49;
04.12.2024 06:22:04;17.5;
04.12.2024 06:22:05;17.49;
04.12.2024 06:22:09;17.49;
04.12.2024 06:22:10;17.5;
04.12.2024 06:22:13;17.5;
04.12.2024 06:22:14;17.49;
04.12.2024 06:22:17;17.49;
04.12.2024 06:22:18;17.5;
04.12.2024 06:22:19;17.49;
04.12.2024 06:22:20;17.5;
04.12.2024 06:22:21;17.49;
04.12.2024 06:22:23;17.49;
04.12.2024 06:22:24;17.5;
04.12.2024 06:22:25;17.49;
04.12.2024 06:22:32;17.49;
04.12.2024 06:22:33;17.5;
04.12.2024 06:22:34;17.49;
04.12.2024 06:22:46;17.49;
04.12.2024 06:22:47;17.5;
04.12.2024 06:22:48;17.5;
04.12.2024 06:22:49;17.49;
04.12.2024 06:22:50;17.5;
04.12.2024 06:22:51;17.49;
04.12.2024 06:22:55;17.49;
04.12.2024 06:22:56;17.48;
04.12.2024 06:22:57;17.48;
04.12.2024 06:22:58;17.5;
04.12.2024 06:22:59;17.49;
04.12.2024 06:23:00;17.48;
04.12.2024 06:23:02;17.48;
04.12.2024 06:23:03;17.49;
04.12.2024 06:23:04;17.48;
04.12.2024 06:23:05;17.49;
04.12.2024 06:23:06;17.48;
04.12.2024 06:23:07;17.48;
04.12.2024 06:23:08;17.49;
04.12.2024 06:23:10;17.49;
04.12.2024 06:23:11;17.48;
04.12.2024 06:23:12;17.49;
04.12.2024 06:23:13;17.48;
04.12.2024 06:23:14;17.49;
04.12.2024 06:23:15;17.49;
04.12.2024 06:23:16;17.48;
04.12.2024 06:23:17;17.48;
04.12.2024 06:23:18;17.49;
04.12.2024 06:23:19;17.48;
04.12.2024 06:23:20;17.49;
04.12.2024 06:23:21;17.48;
04.12.2024 06:23:23;17.48;
04.12.2024 06:23:24;17.49;
04.12.2024 06:23:25;17.48;
04.12.2024 06:23:26;17.48;
04.12.2024 06:23:27;17.49;
04.12.2024 06:23:28;17.49;
04.12.2024 06:23:29;17.48;
04.12.2024 06:23:30;17.48;
04.12.2024 06:23:31;17.49;
04.12.2024 06:23:32;17.48;
04.12.2024 06:23:35;17.48;
04.12.2024 06:23:36;17.49;
04.12.2024 06:23:37;17.47;
04.12.2024 06:23:38;17.48;
04.12.2024 06:23:39;17.49;
04.12.2024 06:23:40;17.48;
04.12.2024 06:23:41;17.47;
04.12.2024 06:23:42;17.48;
04.12.2024 06:23:44;17.48;
04.12.2024 06:23:45;17.47;
04.12.2024 06:23:46;17.48;
04.12.2024 06:23:47;17.47;
04.12.2024 06:23:48;17.47;
04.12.2024 06:23:49;17.48;
04.12.2024 06:23:51;17.48;
04.12.2024 06:23:52;17.47;
04.12.2024 06:23:53;17.48;
04.12.2024 06:23:54;17.48;
04.12.2024 06:23:55;17.47;
04.12.2024 06:23:56;17.48;
04.12.2024 06:23:57;17.47;
04.12.2024 06:23:58;17.47;
04.12.2024 06:23:59;17.48;
04.12.2024 06:24:00;17.47;
04.12.2024 06:24:01;17.47;
04.12.2024 06:24:02;17.48;
04.12.2024 06:24:04;17.48;
04.12.2024 06:24:05;17.47;
04.12.2024 06:24:06;17.48;
04.12.2024 06:24:07;17.48;
04.12.2024 06:24:08;17.49;
04.12.2024 06:24:09;17.48;
04.12.2024 06:24:10;17.48;
04.12.2024 06:24:11;17.47;
04.12.2024 06:24:12;17.47;
04.12.2024 06:24:13;17.48;
04.12.2024 06:24:14;17.47;
04.12.2024 06:24:15;17.48;
04.12.2024 06:24:16;17.48;
04.12.2024 06:24:17;17.47;
04.12.2024 06:24:19;17.47;
04.12.2024 06:24:20;17.48;
04.12.2024 06:24:21;17.48;
04.12.2024 06:24:22;17.47;
04.12.2024 06:24:23;17.48;
04.12.2024 06:24:25;17.48;
04.12.2024 06:24:26;17.47;
04.12.2024 06:24:27;17.46;
04.12.2024 06:24:28;17.47;
04.12.2024 06:24:31;17.47;
04.12.2024 06:24:32;17.48;
04.12.2024 06:24:33;17.47;
04.12.2024 06:24:37;17.47;
04.12.2024 06:24:38;17.46;
04.12.2024 06:24:39;17.46;
04.12.2024 06:24:40;17.47;
04.12.2024 06:24:43;17.47;
04.12.2024 06:24:44;17.46;
04.12.2024 06:24:45;17.47;
04.12.2024 06:24:46;17.46;
04.12.2024 06:24:47;17.47;
04.12.2024 06:24:48;17.46;
04.12.2024 06:24:49;17.47;
04.12.2024 06:24:50;17.47;
04.12.2024 06:24:51;17.46;
04.12.2024 06:24:55;17.46;
04.12.2024 06:24:56;17.47;
04.12.2024 06:24:57;17.47;
04.12.2024 06:24:58;17.46;
04.12.2024 06:25:02;17.46;
04.12.2024 06:25:03;17.47;
04.12.2024 06:25:04;17.46;
04.12.2024 06:25:05;17.45;
04.12.2024 06:25:06;17.47;
04.12.2024 06:25:07;17.46;
04.12.2024 06:25:09;17.46;
04.12.2024 06:25:10;17.47;
04.12.2024 06:25:11;17.46;
04.12.2024 06:25:12;17.46;
04.12.2024 06:25:13;17.45;
04.12.2024 06:25:14;17.47;
04.12.2024 06:25:15;17.46;
04.12.2024 06:25:17;17.46;
04.12.2024 06:25:18;17.45;
04.12.2024 06:25:19;17.46;
04.12.2024 06:25:20;17.46;
04.12.2024 06:25:21;17.45;
04.12.2024 06:25:22;17.46;
04.12.2024 06:25:23;17.46;
04.12.2024 06:25:24;17.45;
04.12.2024 06:25:26;17.45;
04.12.2024 06:25:27;17.46;
04.12.2024 06:25:28;17.46;
04.12.2024 06:25:29;17.45;
04.12.2024 06:25:30;17.45;
04.12.2024 06:25:31;17.46;
04.12.2024 06:25:33;17.46;
04.12.2024 06:25:34;17.45;
04.12.2024 06:25:35;17.46;
04.12.2024 06:25:37;17.46;
04.12.2024 06:25:38;17.45;
04.12.2024 06:25:39;17.46;
04.12.2024 06:25:40;17.45;
04.12.2024 06:25:41;17.46;
04.12.2024 06:25:42;17.45;
04.12.2024 06:25:43;17.46;
04.12.2024 06:25:44;17.45;
04.12.2024 06:25:45;17.46;
04.12.2024 06:25:46;17.46;
04.12.2024 06:25:47;17.45;
04.12.2024 06:25:48;17.46;
04.12.2024 06:25:50;17.46;
04.12.2024 06:25:51;17.45;
04.12.2024 06:25:52;17.45;
04.12.2024 06:25:53;17.46;
04.12.2024 06:25:55;17.46;
04.12.2024 06:25:56;17.45;
04.12.2024 06:26:01;17.45;
04.12.2024 06:26:02;17.46;
04.12.2024 06:26:03;17.46;
04.12.2024 06:26:04;17.45;
04.12.2024 06:26:05;17.45;
04.12.2024 06:26:06;17.44;
04.12.2024 06:26:07;17.46;
04.12.2024 06:26:08;17.45;
04.12.2024 06:26:09;17.44;
04.12.2024 06:26:10;17.45;
04.12.2024 06:26:15;17.45;
04.12.2024 06:26:16;17.46;
04.12.2024 06:26:17;17.45;
04.12.2024 06:26:18;17.45;
04.12.2024 06:26:19;17.46;
04.12.2024 06:26:20;17.46;
04.12.2024 06:26:21;17.45;
04.12.2024 06:26:22;17.45;
04.12.2024 06:26:23;17.46;
04.12.2024 06:26:24;17.45;
04.12.2024 06:26:25;17.45;
04.12.2024 06:26:26;17.46;
04.12.2024 06:26:27;17.45;
04.12.2024 06:26:29;17.45;
04.12.2024 06:26:30;17.46;
04.12.2024 06:26:31;17.45;
04.12.2024 06:26:32;17.44;
04.12.2024 06:26:33;17.45;
04.12.2024 06:26:38;17.45;
04.12.2024 06:26:39;17.44;
04.12.2024 06:26:40;17.45;
04.12.2024 06:26:41;17.44;
04.12.2024 06:26:42;17.45;
04.12.2024 06:26:52;17.45;
04.12.2024 06:26:53;17.44;
04.12.2024 06:26:54;17.45;
04.12.2024 06:26:57;17.45;
04.12.2024 06:26:58;17.44;
04.12.2024 06:26:59;17.45;
04.12.2024 06:27:00;17.45;
04.12.2024 06:27:01;17.44;
04.12.2024 06:27:05;17.44;
04.12.2024 06:27:06;17.45;
04.12.2024 06:27:07;17.44;
04.12.2024 06:27:08;17.45;
04.12.2024 06:27:10;17.45;
04.12.2024 06:27:11;17.44;
04.12.2024 06:27:12;17.43;
04.12.2024 06:27:13;17.44;
04.12.2024 06:27:16;17.44;
04.12.2024 06:27:17;17.45;
04.12.2024 06:27:18;17.44;
04.12.2024 06:27:20;17.44;
04.12.2024 06:27:21;17.45;
04.12.2024 06:27:22;17.45;
04.12.2024 06:27:23;17.44;
04.12.2024 06:27:24;17.45;
04.12.2024 06:27:25;17.44;
04.12.2024 06:27:26;17.45;
04.12.2024 06:27:27;17.44;
04.12.2024 06:27:28;17.44;
04.12.2024 06:27:29;17.45;
04.12.2024 06:27:30;17.45;
04.12.2024 06:27:31;17.43;
04.12.2024 06:27:32;17.44;
04.12.2024 06:27:40;17.44;
04.12.2024 06:27:41;17.43;
04.12.2024 06:27:42;17.44;
04.12.2024 06:27:43;17.44;
04.12.2024 06:27:44;17.43;
04.12.2024 06:27:45;17.44;
04.12.2024 06:27:46;17.43;
04.12.2024 06:27:47;17.43;
04.12.2024 06:27:48;17.44;
04.12.2024 06:27:49;17.43;
04.12.2024 06:27:50;17.44;
04.12.2024 06:27:51;17.44;
04.12.2024 06:27:52;17.43;
04.12.2024 06:27:53;17.44;
04.12.2024 06:27:54;17.43;
04.12.2024 06:27:55;17.44;
04.12.2024 06:27:56;17.43;
04.12.2024 06:27:57;17.44;
04.12.2024 06:27:58;17.44;
04.12.2024 06:27:59;17.43;
04.12.2024 06:28:00;17.43;
04.12.2024 06:28:01;17.44;
04.12.2024 06:28:02;17.44;
04.12.2024 06:28:03;17.43;
04.12.2024 06:28:04;17.43;
04.12.2024 06:28:05;17.44;
04.12.2024 06:28:06;17.43;
04.12.2024 06:28:14;17.43;
04.12.2024 06:28:15;17.44;
04.12.2024 06:28:16;17.43;
04.12.2024 06:28:17;17.43;
04.12.2024 06:28:18;17.42;
04.12.2024 06:28:19;17.42;
04.12.2024 06:28:20;17.43;
04.12.2024 06:28:21;17.44;
04.12.2024 06:28:22;17.43;
04.12.2024 06:28:23;17.43;
04.12.2024 06:28:24;17.42;
04.12.2024 06:28:25;17.43;
04.12.2024 06:28:28;17.43;
04.12.2024 06:28:29;17.44;
04.12.2024 06:28:30;17.43;
04.12.2024 06:28:31;17.42;
04.12.2024 06:28:32;17.43;
04.12.2024 06:28:39;17.43;
04.12.2024 06:28:40;17.44;
04.12.2024 06:28:41;17.43;
04.12.2024 06:28:43;17.43;
04.12.2024 06:28:44;17.44;
04.12.2024 06:28:45;17.42;
04.12.2024 06:28:46;17.43;
04.12.2024 06:28:48;17.43;
04.12.2024 06:28:49;17.44;
04.12.2024 06:28:50;17.42;
04.12.2024 06:28:51;17.43;
04.12.2024 06:28:54;17.43;
04.12.2024 06:28:55;17.42;
04.12.2024 06:28:56;17.42;
04.12.2024 06:28:57;17.43;
04.12.2024 06:28:58;17.42;
04.12.2024 06:28:59;17.43;
04.12.2024 06:29:03;17.43;
04.12.2024 06:29:04;17.42;
04.12.2024 06:29:06;17.42;
04.12.2024 06:29:07;17.43;
04.12.2024 06:29:09;17.43;
04.12.2024 06:29:10;17.42;
04.12.2024 06:29:11;17.42;
04.12.2024 06:29:12;17.43;
04.12.2024 06:29:15;17.43;
04.12.2024 06:29:16;17.42;
04.12.2024 06:29:17;17.42;
04.12.2024 06:29:18;17.43;
04.12.2024 06:29:19;17.42;
04.12.2024 06:29:20;17.42;
04.12.2024 06:29:21;17.43;
04.12.2024 06:29:22;17.41;
04.12.2024 06:29:23;17.42;
04.12.2024 06:29:26;17.42;
04.12.2024 06:29:27;17.41;
04.12.2024 06:29:28;17.42;
04.12.2024 06:29:32;17.42;
04.12.2024 06:29:33;17.41;
04.12.2024 06:29:34;17.42;
04.12.2024 06:29:35;17.42;
04.12.2024 06:29:36;17.41;
04.12.2024 06:29:37;17.42;
04.12.2024 06:29:40;17.42;
04.12.2024 06:29:41;17.43;
04.12.2024 06:29:42;17.42;
04.12.2024 06:29:46;17.42;
04.12.2024 06:29:47;17.41;
04.12.2024 06:29:48;17.42;
04.12.2024 06:29:51;17.42;
04.12.2024 06:29:52;17.41;
04.12.2024 06:29:53;17.42;
04.12.2024 06:29:54;17.42;
04.12.2024 06:29:55;17.4;
04.12.2024 06:29:56;17.41;
04.12.2024 06:29:57;17.42;
04.12.2024 06:29:58;17.41;
04.12.2024 06:29:59;17.41;
04.12.2024 06:30:00;17.42;
04.12.2024 06:30:03;17.42;
04.12.2024 06:30:04;17.41;
04.12.2024 06:30:05;17.41;
04.12.2024 06:30:06;17.42;
04.12.2024 06:30:07;17.41;
04.12.2024 06:30:10;17.41;
04.12.2024 06:30:11;17.42;
04.12.2024 06:30:12;17.41;
04.12.2024 06:30:19;17.41;
04.12.2024 06:30:20;17.42;
04.12.2024 06:30:21;17.41;
04.12.2024 06:30:23;17.41;
04.12.2024 06:30:24;17.42;
04.12.2024 06:30:25;17.41;
04.12.2024 06:30:28;17.41;
04.12.2024 06:30:29;17.4;
04.12.2024 06:30:30;17.41;
04.12.2024 06:30:32;17.41;
04.12.2024 06:30:33;17.4;
04.12.2024 06:30:34;17.42;
04.12.2024 06:30:35;17.41;
04.12.2024 06:30:42;17.41;
04.12.2024 06:30:43;17.42;
04.12.2024 06:30:44;17.41;
04.12.2024 06:30:45;17.42;
04.12.2024 06:30:46;17.41;
04.12.2024 06:30:47;17.4;
04.12.2024 06:30:48;17.41;
04.12.2024 06:30:50;17.41;
04.12.2024 06:30:51;17.4;
04.12.2024 06:30:52;17.41;
04.12.2024 06:30:53;17.41;
04.12.2024 06:30:54;17.42;
04.12.2024 06:30:55;17.4;
04.12.2024 06:30:56;17.4;
04.12.2024 06:30:57;17.41;
04.12.2024 06:30:59;17.41;
04.12.2024 06:31:00;17.39;
04.12.2024 06:31:01;17.4;
04.12.2024 06:31:02;17.41;
04.12.2024 06:31:03;17.4;
04.12.2024 06:31:04;17.4;
04.12.2024 06:31:05;17.41;
04.12.2024 06:31:06;17.4;
04.12.2024 06:31:07;17.41;
04.12.2024 06:31:08;17.4;
04.12.2024 06:31:12;17.4;
04.12.2024 06:31:13;17.41;
04.12.2024 06:31:14;17.41;
04.12.2024 06:31:15;17.4;
04.12.2024 06:31:16;17.41;
04.12.2024 06:31:17;17.41;
04.12.2024 06:31:18;17.4;
04.12.2024 06:31:19;17.4;
04.12.2024 06:31:20;17.39;
04.12.2024 06:31:21;17.4;
04.12.2024 06:31:22;17.4;
04.12.2024 06:31:23;17.41;
04.12.2024 06:31:25;17.41;
04.12.2024 06:31:26;17.4;
04.12.2024 06:31:27;17.41;
04.12.2024 06:31:30;17.41;
04.12.2024 06:31:31;17.4;
04.12.2024 06:31:32;17.41;
04.12.2024 06:31:33;17.4;
04.12.2024 06:31:38;17.4;
04.12.2024 06:31:39;17.39;
04.12.2024 06:31:40;17.4;
04.12.2024 06:31:41;17.39;
04.12.2024 06:31:42;17.4;
04.12.2024 06:31:43;17.39;
04.12.2024 06:31:44;17.4;
04.12.2024 06:31:50;17.4;
04.12.2024 06:31:51;17.39;
04.12.2024 06:31:53;17.39;
04.12.2024 06:31:54;17.4;
04.12.2024 06:31:56;17.4;
04.12.2024 06:31:57;17.39;
04.12.2024 06:31:58;17.4;
04.12.2024 06:31:59;17.39;
04.12.2024 06:32:00;17.4;
04.12.2024 06:32:01;17.39;
04.12.2024 06:32:08;17.39;
04.12.2024 06:32:09;17.4;
04.12.2024 06:32:10;17.38;
04.12.2024 06:32:11;17.4;
04.12.2024 06:32:12;17.39;
04.12.2024 06:32:15;17.39;
04.12.2024 06:32:16;17.38;
04.12.2024 06:32:17;17.39;
04.12.2024 06:32:19;17.39;
04.12.2024 06:32:20;17.38;
04.12.2024 06:32:21;17.38;
04.12.2024 06:32:22;17.39;
04.12.2024 06:32:23;17.38;
04.12.2024 06:32:24;17.39;
04.12.2024 06:32:25;17.38;
04.12.2024 06:32:26;17.39;
04.12.2024 06:32:28;17.39;
04.12.2024 06:32:29;17.38;
04.12.2024 06:32:32;17.38;
04.12.2024 06:32:33;17.39;
04.12.2024 06:32:35;17.39;
04.12.2024 06:32:36;17.38;
04.12.2024 06:32:37;17.39;
04.12.2024 06:32:40;17.39;
04.12.2024 06:32:41;17.38;
04.12.2024 06:32:46;17.38;
04.12.2024 06:32:47;17.39;
04.12.2024 06:32:48;17.39;
04.12.2024 06:32:49;17.38;
04.12.2024 06:32:50;17.38;
04.12.2024 06:32:51;17.39;
04.12.2024 06:32:52;17.38;
04.12.2024 06:32:54;17.38;
04.12.2024 06:32:55;17.39;
04.12.2024 06:32:56;17.38;
04.12.2024 06:32:59;17.38;
04.12.2024 06:33:00;17.39;
04.12.2024 06:33:01;17.38;
04.12.2024 06:33:02;17.38;
04.12.2024 06:33:03;17.37;
04.12.2024 06:33:04;17.38;
04.12.2024 06:33:05;17.38;
04.12.2024 06:33:06;17.37;
04.12.2024 06:33:07;17.37;
04.12.2024 06:33:08;17.38;
04.12.2024 06:33:11;17.38;
04.12.2024 06:33:12;17.37;
04.12.2024 06:33:13;17.38;
04.12.2024 06:33:16;17.38;
04.12.2024 06:33:17;17.39;
04.12.2024 06:33:18;17.38;
04.12.2024 06:33:19;17.38;
04.12.2024 06:33:20;17.37;
04.12.2024 06:33:21;17.38;
04.12.2024 06:33:22;17.39;
04.12.2024 06:33:23;17.38;
04.12.2024 06:33:30;17.38;
04.12.2024 06:33:31;17.37;
04.12.2024 06:33:32;17.38;
04.12.2024 06:33:33;17.37;
04.12.2024 06:33:34;17.37;
04.12.2024 06:33:35;17.38;
04.12.2024 06:33:36;17.37;
04.12.2024 06:33:37;17.38;
04.12.2024 06:33:38;17.37;
04.12.2024 06:33:39;17.38;
04.12.2024 06:33:40;17.37;
04.12.2024 06:33:41;17.38;
04.12.2024 06:33:42;17.37;
04.12.2024 06:33:43;17.37;
04.12.2024 06:33:44;17.38;
04.12.2024 06:33:45;17.37;
04.12.2024 06:33:46;17.38;
04.12.2024 06:33:47;17.37;
04.12.2024 06:33:48;17.38;
04.12.2024 06:33:49;17.38;
04.12.2024 06:33:50;17.37;
04.12.2024 06:33:51;17.37;
04.12.2024 06:33:52;17.38;
04.12.2024 06:33:57;17.38;
04.12.2024 06:33:58;17.37;
04.12.2024 06:33:59;17.38;
04.12.2024 06:34:00;17.38;
04.12.2024 06:34:01;17.37;
04.12.2024 06:34:02;17.37;
04.12.2024 06:34:03;17.38;
04.12.2024 06:34:04;17.37;
04.12.2024 06:34:05;17.38;
04.12.2024 06:34:06;17.38;
04.12.2024 06:34:07;17.37;
04.12.2024 06:34:08;17.38;
04.12.2024 06:34:09;17.37;
04.12.2024 06:34:10;17.38;
04.12.2024 06:34:11;17.37;
04.12.2024 06:34:13;17.37;
04.12.2024 06:34:14;17.36;
04.12.2024 06:34:15;17.37;
04.12.2024 06:34:18;17.37;
04.12.2024 06:34:19;17.38;
04.12.2024 06:34:20;17.37;
04.12.2024 06:34:21;17.37;
04.12.2024 06:34:22;17.36;
04.12.2024 06:34:23;17.37;
04.12.2024 06:34:27;17.37;
04.12.2024 06:34:28;17.36;
04.12.2024 06:34:32;17.36;
04.12.2024 06:34:33;17.37;
04.12.2024 06:34:35;17.37;
04.12.2024 06:34:36;17.36;
04.12.2024 06:34:37;17.37;
04.12.2024 06:34:38;17.36;
04.12.2024 06:34:39;17.37;
04.12.2024 06:34:40;17.37;
04.12.2024 06:34:41;17.36;
04.12.2024 06:34:43;17.36;
04.12.2024 06:34:44;17.35;
04.12.2024 06:34:45;17.36;
04.12.2024 06:34:48;17.36;
04.12.2024 06:34:49;17.37;
04.12.2024 06:34:50;17.36;
04.12.2024 06:34:54;17.36;
04.12.2024 06:34:55;17.37;
04.12.2024 06:34:56;17.36;
04.12.2024 06:34:57;17.37;
04.12.2024 06:34:59;17.37;
04.12.2024 06:35:00;17.36;
04.12.2024 06:35:04;17.36;
04.12.2024 06:35:05;17.37;
04.12.2024 06:35:06;17.36;
04.12.2024 06:35:08;17.36;
04.12.2024 06:35:09;17.37;
04.12.2024 06:35:10;17.37;
04.12.2024 06:35:11;17.36;
04.12.2024 06:35:12;17.37;
04.12.2024 06:35:15;17.37;
04.12.2024 06:35:16;17.36;
04.12.2024 06:35:18;17.36;
04.12.2024 06:35:19;17.35;
04.12.2024 06:35:20;17.36;
04.12.2024 06:35:21;17.36;
04.12.2024 06:35:22;17.35;
04.12.2024 06:35:23;17.35;
04.12.2024 06:35:24;17.36;
04.12.2024 06:35:25;17.35;
04.12.2024 06:35:30;17.35;
04.12.2024 06:35:31;17.36;
04.12.2024 06:35:32;17.37;
04.12.2024 06:35:33;17.36;
04.12.2024 06:35:41;17.36;
04.12.2024 06:35:42;17.35;
04.12.2024 06:35:43;17.36;
04.12.2024 06:35:44;17.36;
04.12.2024 06:35:45;17.35;
04.12.2024 06:35:46;17.35;
04.12.2024 06:35:47;17.36;
04.12.2024 06:35:49;17.36;
04.12.2024 06:35:50;17.35;
04.12.2024 06:35:51;17.35;
04.12.2024 06:35:52;17.36;
04.12.2024 06:35:53;17.36;
04.12.2024 06:35:54;17.35;
04.12.2024 06:36:07;17.35;
04.12.2024 06:36:08;17.36;
04.12.2024 06:36:09;17.35;
04.12.2024 06:36:10;17.35;
04.12.2024 06:36:11;17.36;
04.12.2024 06:36:12;17.36;
04.12.2024 06:36:13;17.35;
04.12.2024 06:36:15;17.35;
04.12.2024 06:36:16;17.34;
04.12.2024 06:36:17;17.34;
04.12.2024 06:36:18;17.35;
04.12.2024 06:36:22;17.35;
04.12.2024 06:36:23;17.34;
04.12.2024 06:36:24;17.35;
04.12.2024 06:36:25;17.35;
04.12.2024 06:36:26;17.34;
04.12.2024 06:36:29;17.34;
04.12.2024 06:36:30;17.35;
04.12.2024 06:36:31;17.34;
04.12.2024 06:36:32;17.34;
04.12.2024 06:36:33;17.33;
04.12.2024 06:36:34;17.34;
04.12.2024 06:36:35;17.34;
04.12.2024 06:36:36;17.35;
04.12.2024 06:36:37;17.34;
04.12.2024 06:36:42;17.34;
04.12.2024 06:36:43;17.35;
04.12.2024 06:36:47;17.35;
04.12.2024 06:36:48;17.34;
04.12.2024 06:36:49;17.34;
04.12.2024 06:36:50;17.35;
04.12.2024 06:36:51;17.35;
04.12.2024 06:36:52;17.33;
04.12.2024 06:36:53;17.34;
04.12.2024 06:36:54;17.35;
04.12.2024 06:36:55;17.34;
04.12.2024 06:36:58;17.34;
04.12.2024 06:36:59;17.33;
04.12.2024 06:37:00;17.34;
04.12.2024 06:37:05;17.34;
04.12.2024 06:37:06;17.35;
04.12.2024 06:37:07;17.34;
04.12.2024 06:37:12;17.34;
04.12.2024 06:37:13;17.33;
04.12.2024 06:37:14;17.34;
04.12.2024 06:37:16;17.34;
04.12.2024 06:37:17;17.33;
04.12.2024 06:37:18;17.33;
04.12.2024 06:37:19;17.34;
04.12.2024 06:37:21;17.34;
04.12.2024 06:37:22;17.32;
04.12.2024 06:37:23;17.33;
04.12.2024 06:37:24;17.34;
04.12.2024 06:37:25;17.34;
04.12.2024 06:37:26;17.33;
04.12.2024 06:37:27;17.34;
04.12.2024 06:37:28;17.33;
04.12.2024 06:37:29;17.34;
04.12.2024 06:37:30;17.33;
04.12.2024 06:37:31;17.33;
04.12.2024 06:37:32;17.34;
04.12.2024 06:37:33;17.33;
04.12.2024 06:37:34;17.33;
04.12.2024 06:37:35;17.34;
04.12.2024 06:37:36;17.33;
04.12.2024 06:37:39;17.33;
04.12.2024 06:37:40;17.34;
04.12.2024 06:37:41;17.34;
04.12.2024 06:37:42;17.33;
04.12.2024 06:37:43;17.33;
04.12.2024 06:37:44;17.34;
04.12.2024 06:37:45;17.33;
04.12.2024 06:37:46;17.33;
04.12.2024 06:37:47;17.34;
04.12.2024 06:37:48;17.33;
04.12.2024 06:37:51;17.33;
04.12.2024 06:37:52;17.34;
04.12.2024 06:37:53;17.33;
04.12.2024 06:37:54;17.32;
04.12.2024 06:37:55;17.34;
04.12.2024 06:37:56;17.33;
04.12.2024 06:37:57;17.33;
04.12.2024 06:37:58;17.32;
04.12.2024 06:37:59;17.33;
04.12.2024 06:38:01;17.33;
04.12.2024 06:38:02;17.32;
04.12.2024 06:38:03;17.33;
04.12.2024 06:38:04;17.34;
04.12.2024 06:38:05;17.33;
04.12.2024 06:38:06;17.34;
04.12.2024 06:38:07;17.32;
04.12.2024 06:38:08;17.32;
04.12.2024 06:38:09;17.33;
04.12.2024 06:38:10;17.33;
04.12.2024 06:38:11;17.32;
04.12.2024 06:38:12;17.33;
04.12.2024 06:38:13;17.32;
04.12.2024 06:38:14;17.33;
04.12.2024 06:38:15;17.33;
04.12.2024 06:38:16;17.32;
04.12.2024 06:38:17;17.33;
04.12.2024 06:38:23;17.33;
04.12.2024 06:38:24;17.32;
04.12.2024 06:38:25;17.33;
04.12.2024 06:38:27;17.33;
04.12.2024 06:38:28;17.32;
04.12.2024 06:38:30;17.32;
04.12.2024 06:38:31;17.33;
04.12.2024 06:38:32;17.33;
04.12.2024 06:38:33;17.32;
04.12.2024 06:38:34;17.33;
04.12.2024 06:38:35;17.32;
04.12.2024 06:38:36;17.33;
04.12.2024 06:38:37;17.32;
04.12.2024 06:38:38;17.32;
04.12.2024 06:38:39;17.33;
04.12.2024 06:38:40;17.32;
04.12.2024 06:38:41;17.33;
04.12.2024 06:38:42;17.32;
04.12.2024 06:38:43;17.33;
04.12.2024 06:38:44;17.32;
04.12.2024 06:38:51;17.32;
04.12.2024 06:38:52;17.33;
04.12.2024 06:38:53;17.31;
04.12.2024 06:38:54;17.32;
04.12.2024 06:38:55;17.33;
04.12.2024 06:38:56;17.33;
04.12.2024 06:38:57;17.32;
04.12.2024 06:38:58;17.32;
04.12.2024 06:38:59;17.33;
04.12.2024 06:39:00;17.32;
04.12.2024 06:39:04;17.32;
04.12.2024 06:39:05;17.31;
04.12.2024 06:39:06;17.32;
04.12.2024 06:39:07;17.31;
04.12.2024 06:39:08;17.32;
04.12.2024 06:39:10;17.32;
04.12.2024 06:39:11;17.31;
04.12.2024 06:39:12;17.31;
04.12.2024 06:39:13;17.32;
04.12.2024 06:39:14;17.31;
04.12.2024 06:39:16;17.31;
04.12.2024 06:39:17;17.32;
04.12.2024 06:39:18;17.32;
04.12.2024 06:39:19;17.31;
04.12.2024 06:39:20;17.31;
04.12.2024 06:39:21;17.32;
04.12.2024 06:39:22;17.31;
04.12.2024 06:39:23;17.32;
04.12.2024 06:39:24;17.31;
04.12.2024 06:39:26;17.31;
04.12.2024 06:39:27;17.32;
04.12.2024 06:39:28;17.31;
04.12.2024 06:39:29;17.32;
04.12.2024 06:39:30;17.31;
04.12.2024 06:39:31;17.31;
04.12.2024 06:39:32;17.32;
04.12.2024 06:39:33;17.31;
04.12.2024 06:39:34;17.32;
04.12.2024 06:39:35;17.31;
04.12.2024 06:39:37;17.31;
04.12.2024 06:39:38;17.32;
04.12.2024 06:39:39;17.32;
04.12.2024 06:39:40;17.31;
04.12.2024 06:39:41;17.31;
04.12.2024 06:39:42;17.32;
04.12.2024 06:39:43;17.31;
04.12.2024 06:39:44;17.3;
04.12.2024 06:39:45;17.3;
04.12.2024 06:39:46;17.31;
04.12.2024 06:39:49;17.31;
04.12.2024 06:39:50;17.32;
04.12.2024 06:39:51;17.31;
04.12.2024 06:39:54;17.31;
04.12.2024 06:39:55;17.3;
04.12.2024 06:39:56;17.31;
04.12.2024 06:39:57;17.31;
04.12.2024 06:39:58;17.3;
04.12.2024 06:39:59;17.32;
04.12.2024 06:40:00;17.31;
04.12.2024 06:40:09;17.31;
04.12.2024 06:40:10;17.3;
04.12.2024 06:40:11;17.31;
04.12.2024 06:40:13;17.31;
04.12.2024 06:40:14;17.3;
04.12.2024 06:40:15;17.31;
04.12.2024 06:40:16;17.3;
04.12.2024 06:40:17;17.31;
04.12.2024 06:40:18;17.3;
04.12.2024 06:40:19;17.31;
04.12.2024 06:40:22;17.31;
04.12.2024 06:40:23;17.3;
04.12.2024 06:40:24;17.31;
04.12.2024 06:40:25;17.3;
04.12.2024 06:40:26;17.31;
04.12.2024 06:40:27;17.31;
04.12.2024 06:40:28;17.3;
04.12.2024 06:40:32;17.3;
04.12.2024 06:40:33;17.31;
04.12.2024 06:40:34;17.31;
04.12.2024 06:40:35;17.3;
04.12.2024 06:40:39;17.3;
04.12.2024 06:40:40;17.31;
04.12.2024 06:40:41;17.31;
04.12.2024 06:40:42;17.3;
04.12.2024 06:40:43;17.31;
04.12.2024 06:40:45;17.31;
04.12.2024 06:40:46;17.3;
04.12.2024 06:40:47;17.3;
04.12.2024 06:40:48;17.31;
04.12.2024 06:40:50;17.31;
04.12.2024 06:40:51;17.3;
04.12.2024 06:40:55;17.3;
04.12.2024 06:40:56;17.29;
04.12.2024 06:40:57;17.3;
04.12.2024 06:40:59;17.3;
04.12.2024 06:41:00;17.29;
04.12.2024 06:41:01;17.3;
04.12.2024 06:41:05;17.3;
04.12.2024 06:41:06;17.29;
04.12.2024 06:41:07;17.3;
04.12.2024 06:41:09;17.3;
04.12.2024 06:41:10;17.29;
04.12.2024 06:41:11;17.3;
04.12.2024 06:41:12;17.3;
04.12.2024 06:41:13;17.29;
04.12.2024 06:41:14;17.3;
04.12.2024 06:41:15;17.3;
04.12.2024 06:41:16;17.29;
04.12.2024 06:41:17;17.3;
04.12.2024 06:41:18;17.29;
04.12.2024 06:41:19;17.3;
04.12.2024 06:41:20;17.3;
04.12.2024 06:41:21;17.29;
04.12.2024 06:41:25;17.29;
04.12.2024 06:41:26;17.3;
04.12.2024 06:41:27;17.29;
04.12.2024 06:41:30;17.29;
04.12.2024 06:41:31;17.28;
04.12.2024 06:41:32;17.29;
04.12.2024 06:41:33;17.28;
04.12.2024 06:41:34;17.29;
04.12.2024 06:41:40;17.29;
04.12.2024 06:41:41;17.28;
04.12.2024 06:41:42;17.29;
04.12.2024 06:41:43;17.3;
04.12.2024 06:41:44;17.29;
04.12.2024 06:41:51;17.29;
04.12.2024 06:41:52;17.3;
04.12.2024 06:41:53;17.28;
04.12.2024 06:41:54;17.29;
04.12.2024 06:41:57;17.29;
04.12.2024 06:41:58;17.28;
04.12.2024 06:41:59;17.29;
04.12.2024 06:42:00;17.29;
04.12.2024 06:42:01;17.28;
04.12.2024 06:42:02;17.29;
04.12.2024 06:42:04;17.29;
04.12.2024 06:42:05;17.28;
04.12.2024 06:42:06;17.29;
04.12.2024 06:42:12;17.29;
04.12.2024 06:42:13;17.3;
04.12.2024 06:42:14;17.29;
04.12.2024 06:42:21;17.29;
04.12.2024 06:42:22;17.28;
04.12.2024 06:42:23;17.29;
04.12.2024 06:42:24;17.28;
04.12.2024 06:42:25;17.29;
04.12.2024 06:42:26;17.28;
04.12.2024 06:42:29;17.28;
04.12.2024 06:42:30;17.29;
04.12.2024 06:42:31;17.28;
04.12.2024 06:42:33;17.28;
04.12.2024 06:42:34;17.29;
04.12.2024 06:42:35;17.29;
04.12.2024 06:42:36;17.28;
04.12.2024 06:42:37;17.29;
04.12.2024 06:42:38;17.28;
04.12.2024 06:42:45;17.28;
04.12.2024 06:42:46;17.27;
04.12.2024 06:42:47;17.28;
04.12.2024 06:42:55;17.28;
04.12.2024 06:42:56;17.27;
04.12.2024 06:42:57;17.27;
04.12.2024 06:42:58;17.28;
04.12.2024 06:42:59;17.29;
04.12.2024 06:43:00;17.28;
04.12.2024 06:43:04;17.28;
04.12.2024 06:43:05;17.27;
04.12.2024 06:43:06;17.27;
04.12.2024 06:43:07;17.28;
04.12.2024 06:43:09;17.28;
04.12.2024 06:43:10;17.27;
04.12.2024 06:43:11;17.28;
04.12.2024 06:43:13;17.28;
04.12.2024 06:43:14;17.27;
04.12.2024 06:43:17;17.27;
04.12.2024 06:43:18;17.26;
04.12.2024 06:43:19;17.27;
04.12.2024 06:43:30;17.27;
04.12.2024 06:43:31;17.28;
04.12.2024 06:43:32;17.27;
04.12.2024 06:43:37;17.27;
04.12.2024 06:43:38;17.28;
04.12.2024 06:43:39;17.27;
04.12.2024 06:43:41;17.27;
04.12.2024 06:43:42;17.26;
04.12.2024 06:43:43;17.28;
04.12.2024 06:43:44;17.27;
04.12.2024 06:43:49;17.27;
04.12.2024 06:43:50;17.26;
04.12.2024 06:43:51;17.26;
04.12.2024 06:43:52;17.27;
04.12.2024 06:43:54;17.27;
04.12.2024 06:43:55;17.28;
04.12.2024 06:43:56;17.27;
04.12.2024 06:43:57;17.27;
04.12.2024 06:43:58;17.26;
04.12.2024 06:43:59;17.27;
04.12.2024 06:44:02;17.27;
04.12.2024 06:44:03;17.26;
04.12.2024 06:44:05;17.26;
04.12.2024 06:44:06;17.27;
04.12.2024 06:44:07;17.27;
04.12.2024 06:44:08;17.26;
04.12.2024 06:44:09;17.27;
04.12.2024 06:44:10;17.26;
04.12.2024 06:44:11;17.27;
04.12.2024 06:44:12;17.26;
04.12.2024 06:44:13;17.26;
04.12.2024 06:44:14;17.27;
04.12.2024 06:44:15;17.26;
04.12.2024 06:44:16;17.27;
04.12.2024 06:44:17;17.27;
04.12.2024 06:44:18;17.26;
04.12.2024 06:44:19;17.27;
04.12.2024 06:44:20;17.26;
04.12.2024 06:44:21;17.26;
04.12.2024 06:44:22;17.27;
04.12.2024 06:44:23;17.26;
04.12.2024 06:44:24;17.27;
04.12.2024 06:44:25;17.27;
04.12.2024 06:44:26;17.26;
04.12.2024 06:44:27;17.27;
04.12.2024 06:44:28;17.26;
04.12.2024 06:44:29;17.26;
04.12.2024 06:44:30;17.27;
04.12.2024 06:44:31;17.26;
04.12.2024 06:44:32;17.27;
04.12.2024 06:44:34;17.27;
04.12.2024 06:44:35;17.26;
04.12.2024 06:44:36;17.26;
04.12.2024 06:44:37;17.25;
04.12.2024 06:44:38;17.26;
04.12.2024 06:44:39;17.27;
04.12.2024 06:44:40;17.26;
04.12.2024 06:44:41;17.25;
04.12.2024 06:44:42;17.26;
04.12.2024 06:44:43;17.27;
04.12.2024 06:44:44;17.26;
04.12.2024 06:44:45;17.26;
04.12.2024 06:44:46;17.25;
04.12.2024 06:44:47;17.26;
04.12.2024 06:44:50;17.26;
04.12.2024 06:44:51;17.25;
04.12.2024 06:44:52;17.26;
04.12.2024 06:44:54;17.26;
04.12.2024 06:44:55;17.25;
04.12.2024 06:44:57;17.25;
04.12.2024 06:44:58;17.26;
04.12.2024 06:44:59;17.25;
04.12.2024 06:45:00;17.25;
04.12.2024 06:45:01;17.24;
04.12.2024 06:45:02;17.25;
04.12.2024 06:45:03;17.26;
04.12.2024 06:45:04;17.25;
04.12.2024 06:45:07;17.25;
04.12.2024 06:45:08;17.26;
04.12.2024 06:45:09;17.25;
04.12.2024 06:45:11;17.25;
04.12.2024 06:45:12;17.26;
04.12.2024 06:45:13;17.26;
04.12.2024 06:45:14;17.25;
04.12.2024 06:45:15;17.26;
04.12.2024 06:45:16;17.25;
04.12.2024 06:45:17;17.26;
04.12.2024 06:45:18;17.25;
04.12.2024 06:45:21;17.25;
04.12.2024 06:45:22;17.24;
04.12.2024 06:45:23;17.25;
04.12.2024 06:45:24;17.26;
04.12.2024 06:45:25;17.25;
04.12.2024 06:45:26;17.25;
04.12.2024 06:45:27;17.26;
04.12.2024 06:45:28;17.25;
04.12.2024 06:45:29;17.24;
04.12.2024 06:45:32;17.24;
04.12.2024 06:45:33;17.25;
04.12.2024 06:45:34;17.24;
04.12.2024 06:45:35;17.24;
04.12.2024 06:45:36;17.25;
04.12.2024 06:45:37;17.26;
04.12.2024 06:45:38;17.24;
04.12.2024 06:45:39;17.25;
04.12.2024 06:45:43;17.25;
04.12.2024 06:45:44;17.24;
04.12.2024 06:45:45;17.25;
04.12.2024 06:45:47;17.25;
04.12.2024 06:45:48;17.24;
04.12.2024 06:45:49;17.25;
04.12.2024 06:45:55;17.25;
04.12.2024 06:45:56;17.24;
04.12.2024 06:45:57;17.25;
04.12.2024 06:45:59;17.25;
04.12.2024 06:46:00;17.24;
04.12.2024 06:46:01;17.24;
04.12.2024 06:46:02;17.26;
04.12.2024 06:46:03;17.25;
04.12.2024 06:46:04;17.24;
04.12.2024 06:46:05;17.24;
04.12.2024 06:46:06;17.25;
04.12.2024 06:46:07;17.25;
04.12.2024 06:46:08;17.24;
04.12.2024 06:46:11;17.24;
04.12.2024 06:46:12;17.25;
04.12.2024 06:46:13;17.25;
04.12.2024 06:46:14;17.24;
04.12.2024 06:46:15;17.25;
04.12.2024 06:46:16;17.24;
04.12.2024 06:46:17;17.25;
04.12.2024 06:46:18;17.24;
04.12.2024 06:46:25;17.24;
04.12.2024 06:46:26;17.25;
04.12.2024 06:46:27;17.25;
04.12.2024 06:46:28;17.23;
04.12.2024 06:46:29;17.24;
04.12.2024 06:46:30;17.25;
04.12.2024 06:46:31;17.24;
04.12.2024 06:46:41;17.24;
04.12.2024 06:46:42;17.23;
04.12.2024 06:46:43;17.23;
04.12.2024 06:46:44;17.24;
04.12.2024 06:46:45;17.24;
04.12.2024 06:46:46;17.25;
04.12.2024 06:46:47;17.24;
04.12.2024 06:46:48;17.24;
04.12.2024 06:46:49;17.23;
04.12.2024 06:46:50;17.24;
04.12.2024 06:47:01;17.24;
04.12.2024 06:47:02;17.23;
04.12.2024 06:47:03;17.24;
04.12.2024 06:47:06;17.24;
04.12.2024 06:47:07;17.23;
04.12.2024 06:47:08;17.24;
04.12.2024 06:47:10;17.24;
04.12.2024 06:47:11;17.23;
04.12.2024 06:47:12;17.24;
04.12.2024 06:47:16;17.24;
04.12.2024 06:47:17;17.23;
04.12.2024 06:47:19;17.23;
04.12.2024 06:47:20;17.24;
04.12.2024 06:47:21;17.23;
04.12.2024 06:47:23;17.23;
04.12.2024 06:47:24;17.24;
04.12.2024 06:47:25;17.23;
04.12.2024 06:47:26;17.23;
04.12.2024 06:47:27;17.24;
04.12.2024 06:47:28;17.24;
04.12.2024 06:47:29;17.23;
04.12.2024 06:47:30;17.23;
04.12.2024 06:47:31;17.24;
04.12.2024 06:47:32;17.24;
04.12.2024 06:47:33;17.22;
04.12.2024 06:47:34;17.23;
04.12.2024 06:47:35;17.24;
04.12.2024 06:47:36;17.24;
04.12.2024 06:47:37;17.23;
04.12.2024 06:47:38;17.23;
04.12.2024 06:47:39;17.24;
04.12.2024 06:47:40;17.23;
04.12.2024 06:47:42;17.23;
04.12.2024 06:47:43;17.24;
04.12.2024 06:47:44;17.23;
04.12.2024 06:47:45;17.24;
04.12.2024 06:47:46;17.24;
04.12.2024 06:47:47;17.23;
04.12.2024 06:47:49;17.23;
04.12.2024 06:47:50;17.24;
04.12.2024 06:47:51;17.23;
04.12.2024 06:47:58;17.23;
04.12.2024 06:47:59;17.24;
04.12.2024 06:48:00;17.23;
04.12.2024 06:48:05;17.23;
04.12.2024 06:48:06;17.24;
04.12.2024 06:48:07;17.22;
04.12.2024 06:48:08;17.23;
04.12.2024 06:48:17;17.23;
04.12.2024 06:48:18;17.22;
04.12.2024 06:48:19;17.22;
04.12.2024 06:48:20;17.23;
04.12.2024 06:48:21;17.23;
04.12.2024 06:48:22;17.22;
04.12.2024 06:48:23;17.23;
04.12.2024 06:48:24;17.23;
04.12.2024 06:48:25;17.22;
04.12.2024 06:48:26;17.22;
04.12.2024 06:48:27;17.23;
04.12.2024 06:48:28;17.22;
04.12.2024 06:48:29;17.23;
04.12.2024 06:48:30;17.23;
04.12.2024 06:48:31;17.22;
04.12.2024 06:48:34;17.22;
04.12.2024 06:48:35;17.23;
04.12.2024 06:48:36;17.23;
04.12.2024 06:48:37;17.22;
04.12.2024 06:48:38;17.23;
04.12.2024 06:48:39;17.23;
04.12.2024 06:48:40;17.22;
04.12.2024 06:48:43;17.22;
04.12.2024 06:48:44;17.23;
04.12.2024 06:48:45;17.22;
04.12.2024 06:48:51;17.22;
04.12.2024 06:48:52;17.21;
04.12.2024 06:48:53;17.22;
04.12.2024 06:48:54;17.23;
04.12.2024 06:48:55;17.22;
04.12.2024 06:48:58;17.22;
04.12.2024 06:48:59;17.21;
04.12.2024 06:49:00;17.22;
04.12.2024 06:49:01;17.21;
04.12.2024 06:49:02;17.21;
04.12.2024 06:49:03;17.22;
04.12.2024 06:49:04;17.22;
04.12.2024 06:49:05;17.21;
04.12.2024 06:49:06;17.22;
04.12.2024 06:49:13;17.22;
04.12.2024 06:49:14;17.21;
04.12.2024 06:49:15;17.22;
04.12.2024 06:49:19;17.22;
04.12.2024 06:49:20;17.21;
04.12.2024 06:49:21;17.22;
04.12.2024 06:49:22;17.21;
04.12.2024 06:49:23;17.21;
04.12.2024 06:49:24;17.22;
04.12.2024 06:49:25;17.21;
04.12.2024 06:49:26;17.22;
04.12.2024 06:49:27;17.21;
04.12.2024 06:49:29;17.21;
04.12.2024 06:49:30;17.22;
04.12.2024 06:49:31;17.21;
04.12.2024 06:49:33;17.21;
04.12.2024 06:49:34;17.2;
04.12.2024 06:49:35;17.22;
04.12.2024 06:49:36;17.21;
04.12.2024 06:49:37;17.21;
04.12.2024 06:49:38;17.22;
04.12.2024 06:49:39;17.21;
04.12.2024 06:49:45;17.21;
04.12.2024 06:49:46;17.22;
04.12.2024 06:49:47;17.21;
04.12.2024 06:49:49;17.21;
04.12.2024 06:49:50;17.22;
04.12.2024 06:49:51;17.22;
04.12.2024 06:49:52;17.21;
04.12.2024 06:49:53;17.22;
04.12.2024 06:49:54;17.21;
04.12.2024 06:49:55;17.22;
04.12.2024 06:49:56;17.21;
04.12.2024 06:49:57;17.22;
04.12.2024 06:49:58;17.22;
04.12.2024 06:49:59;17.21;
04.12.2024 06:50:00;17.21;
04.12.2024 06:50:01;17.22;
04.12.2024 06:50:02;17.21;
04.12.2024 06:50:03;17.21;
04.12.2024 06:50:04;17.22;
04.12.2024 06:50:05;17.2;
04.12.2024 06:50:06;17.21;
04.12.2024 06:50:12;17.21;
04.12.2024 06:50:13;17.2;
04.12.2024 06:50:14;17.2;
04.12.2024 06:50:15;17.21;
04.12.2024 06:50:16;17.2;
04.12.2024 06:50:17;17.21;
04.12.2024 06:50:20;17.21;
04.12.2024 06:50:21;17.2;
04.12.2024 06:50:22;17.21;
04.12.2024 06:50:23;17.2;
04.12.2024 06:50:24;17.21;
04.12.2024 06:50:25;17.2;
04.12.2024 06:50:26;17.21;
04.12.2024 06:50:28;17.21;
04.12.2024 06:50:29;17.2;
04.12.2024 06:50:30;17.21;
04.12.2024 06:50:31;17.2;
04.12.2024 06:50:32;17.19;
04.12.2024 06:50:33;17.2;
04.12.2024 06:50:35;17.2;
04.12.2024 06:50:36;17.21;
04.12.2024 06:50:37;17.2;
04.12.2024 06:50:45;17.2;
04.12.2024 06:50:46;17.21;
04.12.2024 06:50:47;17.2;
04.12.2024 06:50:48;17.2;
04.12.2024 06:50:49;17.19;
04.12.2024 06:50:51;17.19;
04.12.2024 06:50:52;17.2;
04.12.2024 06:50:53;17.2;
04.12.2024 06:50:54;17.19;
04.12.2024 06:50:55;17.2;
04.12.2024 06:50:59;17.2;
04.12.2024 06:51:00;17.19;
04.12.2024 06:51:01;17.19;
04.12.2024 06:51:02;17.2;
04.12.2024 06:51:05;17.2;
04.12.2024 06:51:06;17.19;
04.12.2024 06:51:07;17.19;
04.12.2024 06:51:08;17.2;
04.12.2024 06:51:09;17.19;
04.12.2024 06:51:11;17.19;
04.12.2024 06:51:12;17.2;
04.12.2024 06:51:13;17.19;
04.12.2024 06:51:14;17.2;
04.12.2024 06:51:15;17.19;
04.12.2024 06:51:16;17.2;
04.12.2024 06:51:17;17.19;
04.12.2024 06:51:22;17.19;
04.12.2024 06:51:23;17.2;
04.12.2024 06:51:24;17.19;
04.12.2024 06:51:25;17.2;
04.12.2024 06:51:26;17.19;
04.12.2024 06:51:27;17.2;
04.12.2024 06:51:28;17.19;
04.12.2024 06:51:36;17.19;
04.12.2024 06:51:37;17.2;
04.12.2024 06:51:38;17.2;
04.12.2024 06:51:39;17.19;
04.12.2024 06:51:52;17.19;
04.12.2024 06:51:53;17.2;
04.12.2024 06:51:54;17.19;
04.12.2024 06:51:58;17.19;
04.12.2024 06:51:59;17.18;
04.12.2024 06:52:00;17.18;
04.12.2024 06:52:01;17.19;
04.12.2024 06:52:04;17.19;
04.12.2024 06:52:05;17.18;
04.12.2024 06:52:06;17.19;
04.12.2024 06:52:15;17.19;
04.12.2024 06:52:16;17.18;
04.12.2024 06:52:17;17.18;
04.12.2024 06:52:18;17.19;
04.12.2024 06:52:19;17.18;
04.12.2024 06:52:20;17.18;
04.12.2024 06:52:21;17.19;
04.12.2024 06:52:22;17.18;
04.12.2024 06:52:23;17.18;
04.12.2024 06:52:24;17.19;
04.12.2024 06:52:25;17.19;
04.12.2024 06:52:26;17.18;
04.12.2024 06:52:27;17.18;
04.12.2024 06:52:28;17.19;
04.12.2024 06:52:29;17.18;
04.12.2024 06:52:34;17.18;
04.12.2024 06:52:35;17.19;
04.12.2024 06:52:36;17.18;
04.12.2024 06:52:37;17.18;
04.12.2024 06:52:38;17.19;
04.12.2024 06:52:39;17.18;
04.12.2024 06:52:42;17.18;
04.12.2024 06:52:43;17.17;
04.12.2024 06:52:44;17.19;
04.12.2024 06:52:45;17.18;
04.12.2024 06:52:46;17.19;
04.12.2024 06:52:47;17.18;
04.12.2024 06:52:48;17.17;
04.12.2024 06:52:49;17.18;
04.12.2024 06:52:50;17.18;
04.12.2024 06:52:51;17.17;
04.12.2024 06:52:52;17.18;
04.12.2024 06:52:53;17.18;
04.12.2024 06:52:54;17.17;
04.12.2024 06:52:55;17.17;
04.12.2024 06:52:56;17.18;
04.12.2024 06:52:59;17.18;
04.12.2024 06:53:00;17.17;
04.12.2024 06:53:01;17.17;
04.12.2024 06:53:02;17.18;
04.12.2024 06:53:03;17.17;
04.12.2024 06:53:04;17.18;
04.12.2024 06:53:05;17.17;
04.12.2024 06:53:06;17.18;
04.12.2024 06:53:07;17.18;
04.12.2024 06:53:08;17.17;
04.12.2024 06:53:09;17.18;
04.12.2024 06:53:10;17.17;
04.12.2024 06:53:11;17.18;
04.12.2024 06:53:12;17.18;
04.12.2024 06:53:13;17.17;
04.12.2024 06:53:14;17.18;
04.12.2024 06:53:17;17.18;
04.12.2024 06:53:18;17.17;
04.12.2024 06:53:19;17.17;
04.12.2024 06:53:20;17.18;
04.12.2024 06:53:22;17.18;
04.12.2024 06:53:23;17.17;
04.12.2024 06:53:25;17.17;
04.12.2024 06:53:26;17.18;
04.12.2024 06:53:27;17.17;
04.12.2024 06:53:33;17.17;
04.12.2024 06:53:34;17.18;
04.12.2024 06:53:35;17.17;
04.12.2024 06:53:36;17.17;
04.12.2024 06:53:37;17.16;
04.12.2024 06:53:38;17.17;
04.12.2024 06:53:46;17.17;
04.12.2024 06:53:47;17.15;
04.12.2024 06:53:48;17.17;
04.12.2024 06:53:49;17.18;
04.12.2024 06:53:50;17.16;
04.12.2024 06:53:51;17.18;
04.12.2024 06:53:52;17.17;
04.12.2024 06:53:56;17.17;
04.12.2024 06:53:57;17.16;
04.12.2024 06:53:58;17.17;
04.12.2024 06:54:00;17.17;
04.12.2024 06:54:01;17.16;
04.12.2024 06:54:02;17.16;
04.12.2024 06:54:03;17.17;
04.12.2024 06:54:05;17.17;
04.12.2024 06:54:06;17.16;
04.12.2024 06:54:07;17.16;
04.12.2024 06:54:08;17.17;
04.12.2024 06:54:09;17.16;
04.12.2024 06:54:10;17.16;
04.12.2024 06:54:11;17.17;
04.12.2024 06:54:12;17.16;
04.12.2024 06:54:19;17.16;
04.12.2024 06:54:20;17.15;
04.12.2024 06:54:21;17.16;
04.12.2024 06:54:24;17.16;
04.12.2024 06:54:25;17.15;
04.12.2024 06:54:26;17.17;
04.12.2024 06:54:27;17.16;
04.12.2024 06:54:29;17.16;
04.12.2024 06:54:30;17.17;
04.12.2024 06:54:31;17.16;
04.12.2024 06:54:36;17.16;
04.12.2024 06:54:37;17.15;
04.12.2024 06:54:38;17.16;
04.12.2024 06:54:40;17.16;
04.12.2024 06:54:41;17.15;
04.12.2024 06:54:42;17.17;
04.12.2024 06:54:43;17.17;
04.12.2024 06:54:44;17.15;
04.12.2024 06:54:45;17.16;
04.12.2024 06:54:46;17.16;
04.12.2024 06:54:47;17.15;
04.12.2024 06:54:48;17.16;
04.12.2024 06:54:50;17.16;
04.12.2024 06:54:51;17.15;
04.12.2024 06:54:52;17.16;
04.12.2024 06:54:53;17.16;
04.12.2024 06:54:54;17.15;
04.12.2024 06:54:56;17.15;
04.12.2024 06:54:57;17.16;
04.12.2024 06:54:58;17.15;
04.12.2024 06:54:59;17.16;
04.12.2024 06:55:00;17.15;
04.12.2024 06:55:01;17.16;
04.12.2024 06:55:03;17.16;
04.12.2024 06:55:04;17.15;
04.12.2024 06:55:05;17.15;
04.12.2024 06:55:06;17.16;
04.12.2024 06:55:07;17.15;
04.12.2024 06:55:08;17.16;
04.12.2024 06:55:09;17.15;
04.12.2024 06:55:10;17.16;
04.12.2024 06:55:11;17.15;
04.12.2024 06:55:12;17.16;
04.12.2024 06:55:13;17.14;
04.12.2024 06:55:14;17.15;
04.12.2024 06:55:15;17.16;
04.12.2024 06:55:16;17.15;
04.12.2024 06:55:17;17.16;
04.12.2024 06:55:20;17.16;
04.12.2024 06:55:21;17.15;
04.12.2024 06:55:22;17.14;
04.12.2024 06:55:23;17.16;
04.12.2024 06:55:24;17.16;
04.12.2024 06:55:25;17.15;
04.12.2024 06:55:26;17.15;
04.12.2024 06:55:27;17.14;
04.12.2024 06:55:28;17.16;
04.12.2024 06:55:29;17.15;
04.12.2024 06:55:30;17.16;
04.12.2024 06:55:31;17.16;
04.12.2024 06:55:32;17.15;
04.12.2024 06:55:33;17.16;
04.12.2024 06:55:38;17.16;
04.12.2024 06:55:39;17.15;
04.12.2024 06:55:43;17.15;
04.12.2024 06:55:44;17.16;
04.12.2024 06:55:45;17.15;
04.12.2024 06:55:46;17.15;
04.12.2024 06:55:47;17.16;
04.12.2024 06:55:48;17.16;
04.12.2024 06:55:49;17.15;
04.12.2024 06:56:02;17.15;
04.12.2024 06:56:03;17.16;
04.12.2024 06:56:04;17.14;
04.12.2024 06:56:06;17.14;
04.12.2024 06:56:07;17.15;
04.12.2024 06:56:08;17.14;
04.12.2024 06:56:09;17.15;
04.12.2024 06:56:12;17.15;
04.12.2024 06:56:13;17.14;
04.12.2024 06:56:14;17.13;
04.12.2024 06:56:15;17.15;
04.12.2024 06:56:16;17.14;
04.12.2024 06:56:17;17.14;
04.12.2024 06:56:18;17.15;
04.12.2024 06:56:19;17.15;
04.12.2024 06:56:20;17.14;
04.12.2024 06:56:30;17.14;
04.12.2024 06:56:31;17.15;
04.12.2024 06:56:32;17.14;
04.12.2024 06:56:33;17.13;
04.12.2024 06:56:34;17.14;
04.12.2024 06:56:35;17.14;
04.12.2024 06:56:36;17.15;
04.12.2024 06:56:37;17.14;
04.12.2024 06:56:45;17.14;
04.12.2024 06:56:46;17.13;
04.12.2024 06:56:47;17.14;
04.12.2024 06:56:49;17.14;
04.12.2024 06:56:50;17.13;
04.12.2024 06:56:51;17.14;
04.12.2024 06:56:52;17.14;
04.12.2024 06:56:53;17.13;
04.12.2024 06:56:54;17.14;
04.12.2024 06:56:55;17.13;
04.12.2024 06:56:56;17.14;
04.12.2024 06:56:57;17.13;
04.12.2024 06:56:58;17.14;
04.12.2024 06:56:59;17.13;
04.12.2024 06:57:00;17.14;
04.12.2024 06:57:01;17.14;
04.12.2024 06:57:02;17.13;
04.12.2024 06:57:03;17.14;
04.12.2024 06:57:04;17.13;
04.12.2024 06:57:06;17.13;
04.12.2024 06:57:07;17.14;
04.12.2024 06:57:08;17.13;
04.12.2024 06:57:09;17.13;
04.12.2024 06:57:10;17.12;
04.12.2024 06:57:11;17.13;
04.12.2024 06:57:18;17.13;
04.12.2024 06:57:19;17.14;
04.12.2024 06:57:20;17.13;
04.12.2024 06:57:22;17.13;
04.12.2024 06:57:23;17.12;
04.12.2024 06:57:24;17.12;
04.12.2024 06:57:25;17.13;
04.12.2024 06:57:26;17.12;
04.12.2024 06:57:27;17.13;
04.12.2024 06:57:28;17.12;
04.12.2024 06:57:29;17.13;
04.12.2024 06:57:31;17.13;
04.12.2024 06:57:32;17.12;
04.12.2024 06:57:33;17.13;
04.12.2024 06:57:34;17.12;
04.12.2024 06:57:35;17.11;
04.12.2024 06:57:36;17.12;
04.12.2024 06:57:39;17.12;
04.12.2024 06:57:40;17.13;
04.12.2024 06:57:41;17.12;
04.12.2024 06:57:42;17.12;
04.12.2024 06:57:43;17.13;
04.12.2024 06:57:44;17.12;
04.12.2024 06:57:46;17.12;
04.12.2024 06:57:47;17.13;
04.12.2024 06:57:48;17.12;
04.12.2024 06:57:49;17.12;
04.12.2024 06:57:50;17.13;
04.12.2024 06:57:52;17.13;
04.12.2024 06:57:53;17.12;
04.12.2024 06:57:59;17.12;
04.12.2024 06:58:00;17.11;
04.12.2024 06:58:01;17.13;
04.12.2024 06:58:02;17.12;
04.12.2024 06:58:07;17.12;
04.12.2024 06:58:08;17.13;
04.12.2024 06:58:09;17.12;
04.12.2024 06:58:10;17.13;
04.12.2024 06:58:11;17.12;
04.12.2024 06:58:13;17.12;
04.12.2024 06:58:14;17.11;
04.12.2024 06:58:15;17.12;
04.12.2024 06:58:16;17.11;
04.12.2024 06:58:18;17.11;
04.12.2024 06:58:19;17.12;
04.12.2024 06:58:20;17.11;
04.12.2024 06:58:21;17.12;
04.12.2024 06:58:22;17.11;
04.12.2024 06:58:23;17.12;
04.12.2024 06:58:27;17.12;
04.12.2024 06:58:28;17.11;
04.12.2024 06:58:29;17.12;
04.12.2024 06:58:30;17.11;
04.12.2024 06:58:31;17.12;
04.12.2024 06:58:32;17.11;
04.12.2024 06:58:33;17.11;
04.12.2024 06:58:34;17.12;
04.12.2024 06:58:35;17.11;
04.12.2024 06:58:36;17.12;
04.12.2024 06:58:37;17.11;
04.12.2024 06:58:43;17.11;
04.12.2024 06:58:44;17.12;
04.12.2024 06:58:45;17.11;
04.12.2024 06:58:46;17.12;
04.12.2024 06:58:47;17.11;
04.12.2024 06:58:51;17.11;
04.12.2024 06:58:52;17.12;
04.12.2024 06:58:53;17.11;
04.12.2024 06:59:04;17.11;
04.12.2024 06:59:05;17.1;
04.12.2024 06:59:06;17.1;
04.12.2024 06:59:07;17.11;
04.12.2024 06:59:08;17.1;
04.12.2024 06:59:09;17.11;
04.12.2024 06:59:14;17.11;
04.12.2024 06:59:15;17.1;
04.12.2024 06:59:16;17.11;
04.12.2024 06:59:18;17.11;
04.12.2024 06:59:19;17.1;
04.12.2024 06:59:20;17.11;
04.12.2024 06:59:21;17.1;
04.12.2024 06:59:22;17.11;
04.12.2024 06:59:24;17.11;
04.12.2024 06:59:25;17.1;
04.12.2024 06:59:26;17.11;
04.12.2024 06:59:27;17.1;
04.12.2024 06:59:28;17.1;
04.12.2024 06:59:29;17.11;
04.12.2024 06:59:33;17.11;
04.12.2024 06:59:34;17.1;
04.12.2024 06:59:40;17.1;
04.12.2024 06:59:41;17.11;
04.12.2024 06:59:42;17.1;
04.12.2024 06:59:45;17.1;
04.12.2024 06:59:46;17.11;
04.12.2024 06:59:47;17.1;
04.12.2024 06:59:48;17.11;
04.12.2024 06:59:49;17.1;
04.12.2024 06:59:50;17.1;
04.12.2024 06:59:51;17.11;
04.12.2024 06:59:53;17.11;
04.12.2024 06:59:54;17.1;
04.12.2024 06:59:57;17.1;
04.12.2024 06:59:58;17.11;
04.12.2024 06:59:59;17.1;
04.12.2024 07:00:03;17.1;
04.12.2024 07:00:04;17.09;
04.12.2024 07:00:05;17.1;
04.12.2024 07:00:07;17.1;
04.12.2024 07:00:08;17.11;
04.12.2024 07:00:09;17.11;
04.12.2024 07:00:10;17.1;
04.12.2024 07:00:11;17.1;
04.12.2024 07:00:12;17.09;
04.12.2024 07:00:13;17.1;
04.12.2024 07:00:14;17.1;
04.12.2024 07:00:15;17.11;
04.12.2024 07:00:16;17.1;
04.12.2024 07:00:25;17.1;
04.12.2024 07:00:26;17.11;
04.12.2024 07:00:27;17.09;
04.12.2024 07:00:28;17.1;
04.12.2024 07:00:35;17.1;
04.12.2024 07:00:36;17.09;
04.12.2024 07:00:37;17.09;
04.12.2024 07:00:38;17.1;
04.12.2024 07:00:39;17.1;
04.12.2024 07:00:40;17.09;
04.12.2024 07:00:41;17.1;
04.12.2024 07:00:42;17.11;
04.12.2024 07:00:43;17.09;
04.12.2024 07:00:44;17.1;
04.12.2024 07:00:46;17.1;
04.12.2024 07:00:47;17.09;
04.12.2024 07:00:49;17.09;
04.12.2024 07:00:50;17.11;
04.12.2024 07:00:51;17.1;
04.12.2024 07:00:52;17.09;
04.12.2024 07:00:53;17.1;
04.12.2024 07:00:56;17.1;
04.12.2024 07:00:57;17.11;
04.12.2024 07:00:58;17.1;
04.12.2024 07:00:59;17.09;
04.12.2024 07:01:00;17.09;
04.12.2024 07:01:01;17.1;
04.12.2024 07:01:02;17.1;
04.12.2024 07:01:03;17.09;
04.12.2024 07:01:04;17.09;
04.12.2024 07:01:05;17.1;
04.12.2024 07:01:06;17.09;
04.12.2024 07:01:08;17.09;
04.12.2024 07:01:09;17.1;
04.12.2024 07:01:10;17.09;
04.12.2024 07:01:16;17.09;
04.12.2024 07:01:17;17.1;
04.12.2024 07:01:21;17.1;
04.12.2024 07:01:22;17.09;
04.12.2024 07:01:24;17.09;
04.12.2024 07:01:25;17.1;
04.12.2024 07:01:28;17.1;
04.12.2024 07:01:29;17.09;
04.12.2024 07:01:31;17.09;
04.12.2024 07:01:32;17.08;
04.12.2024 07:01:33;17.09;
04.12.2024 07:01:34;17.1;
04.12.2024 07:01:35;17.09;
04.12.2024 07:01:38;17.09;
04.12.2024 07:01:39;17.08;
04.12.2024 07:01:40;17.09;
04.12.2024 07:01:41;17.08;
04.12.2024 07:01:42;17.09;
04.12.2024 07:01:43;17.09;
04.12.2024 07:01:44;17.08;
04.12.2024 07:01:45;17.08;
04.12.2024 07:01:46;17.09;
04.12.2024 07:01:47;17.09;
04.12.2024 07:01:48;17.08;
04.12.2024 07:01:50;17.08;
04.12.2024 07:01:51;17.07;
04.12.2024 07:01:52;17.09;
04.12.2024 07:01:53;17.08;
04.12.2024 07:01:54;17.09;
04.12.2024 07:01:55;17.08;
04.12.2024 07:01:56;17.08;
04.12.2024 07:01:57;17.09;
04.12.2024 07:01:59;17.09;
04.12.2024 07:02:00;17.08;
04.12.2024 07:02:02;17.08;
04.12.2024 07:02:03;17.09;
04.12.2024 07:02:04;17.08;
04.12.2024 07:02:06;17.08;
04.12.2024 07:02:07;17.07;
04.12.2024 07:02:08;17.08;
04.12.2024 07:02:13;17.08;
04.12.2024 07:02:14;17.07;
04.12.2024 07:02:15;17.08;
04.12.2024 07:02:21;17.08;
04.12.2024 07:02:22;17.07;
04.12.2024 07:02:23;17.08;
04.12.2024 07:02:24;17.07;
04.12.2024 07:02:25;17.07;
04.12.2024 07:02:26;17.08;
04.12.2024 07:02:32;17.08;
04.12.2024 07:02:33;17.07;
04.12.2024 07:02:34;17.08;
04.12.2024 07:02:35;17.08;
04.12.2024 07:02:36;17.07;
04.12.2024 07:02:39;17.07;
04.12.2024 07:02:40;17.06;
04.12.2024 07:02:41;17.07;
04.12.2024 07:02:42;17.07;
04.12.2024 07:02:43;17.08;
04.12.2024 07:02:44;17.08;
04.12.2024 07:02:45;17.07;
04.12.2024 07:02:47;17.07;
04.12.2024 07:02:48;17.08;
04.12.2024 07:02:50;17.08;
04.12.2024 07:02:51;17.07;
04.12.2024 07:02:52;17.07;
04.12.2024 07:02:53;17.08;
04.12.2024 07:02:54;17.07;
04.12.2024 07:02:55;17.08;
04.12.2024 07:02:56;17.07;
04.12.2024 07:02:57;17.08;
04.12.2024 07:02:58;17.07;
04.12.2024 07:03:00;17.07;
04.12.2024 07:03:01;17.08;
04.12.2024 07:03:02;17.07;
04.12.2024 07:03:07;17.07;
04.12.2024 07:03:08;17.06;
04.12.2024 07:03:09;17.06;
04.12.2024 07:03:10;17.08;
04.12.2024 07:03:11;17.06;
04.12.2024 07:03:12;17.07;
04.12.2024 07:03:13;17.08;
04.12.2024 07:03:14;17.07;
04.12.2024 07:03:23;17.07;
04.12.2024 07:03:24;17.06;
04.12.2024 07:03:25;17.08;
04.12.2024 07:03:26;17.07;
04.12.2024 07:03:27;17.06;
04.12.2024 07:03:28;17.06;
04.12.2024 07:03:29;17.07;
04.12.2024 07:03:35;17.07;
04.12.2024 07:03:36;17.06;
04.12.2024 07:03:37;17.07;
04.12.2024 07:03:39;17.07;
04.12.2024 07:03:40;17.06;
04.12.2024 07:03:41;17.07;
04.12.2024 07:03:42;17.06;
04.12.2024 07:03:43;17.07;
04.12.2024 07:03:44;17.07;
04.12.2024 07:03:45;17.06;
04.12.2024 07:04:01;17.06;
04.12.2024 07:04:02;17.07;
04.12.2024 07:04:03;17.06;
04.12.2024 07:04:05;17.06;
04.12.2024 07:04:06;17.07;
04.12.2024 07:04:07;17.06;
04.12.2024 07:04:08;17.07;
04.12.2024 07:04:09;17.05;
04.12.2024 07:04:10;17.06;
04.12.2024 07:04:11;17.07;
04.12.2024 07:04:12;17.06;
04.12.2024 07:04:15;17.06;
04.12.2024 07:04:16;17.07;
04.12.2024 07:04:17;17.06;
04.12.2024 07:04:18;17.06;
04.12.2024 07:04:19;17.05;
04.12.2024 07:04:20;17.06;
04.12.2024 07:04:22;17.06;
04.12.2024 07:04:23;17.05;
04.12.2024 07:04:24;17.06;
04.12.2024 07:04:25;17.05;
04.12.2024 07:04:26;17.05;
04.12.2024 07:04:27;17.06;
04.12.2024 07:04:30;17.06;
04.12.2024 07:04:31;17.05;
04.12.2024 07:04:32;17.05;
04.12.2024 07:04:33;17.06;
04.12.2024 07:04:34;17.05;
04.12.2024 07:04:39;17.05;
04.12.2024 07:04:40;17.06;
04.12.2024 07:04:41;17.05;
04.12.2024 07:04:42;17.05;
04.12.2024 07:04:43;17.06;
04.12.2024 07:04:46;17.06;
04.12.2024 07:04:47;17.07;
04.12.2024 07:04:48;17.06;
04.12.2024 07:04:49;17.05;
04.12.2024 07:04:50;17.06;
04.12.2024 07:04:51;17.05;
04.12.2024 07:04:52;17.06;
04.12.2024 07:04:53;17.05;
04.12.2024 07:04:54;17.06;
04.12.2024 07:04:55;17.06;
04.12.2024 07:04:56;17.05;
04.12.2024 07:04:57;17.06;
04.12.2024 07:04:58;17.05;
04.12.2024 07:04:59;17.05;
04.12.2024 07:05:00;17.06;
04.12.2024 07:05:01;17.05;
04.12.2024 07:05:02;17.05;
04.12.2024 07:05:03;17.06;
04.12.2024 07:05:04;17.06;
04.12.2024 07:05:05;17.05;
04.12.2024 07:05:06;17.05;
04.12.2024 07:05:07;17.06;
04.12.2024 07:05:08;17.05;
04.12.2024 07:05:09;17.05;
04.12.2024 07:05:10;17.04;
04.12.2024 07:05:11;17.05;
04.12.2024 07:05:12;17.04;
04.12.2024 07:05:14;17.04;
04.12.2024 07:05:15;17.05;
04.12.2024 07:05:17;17.05;
04.12.2024 07:05:18;17.04;
04.12.2024 07:05:19;17.05;
04.12.2024 07:05:20;17.05;
04.12.2024 07:05:21;17.04;
04.12.2024 07:05:22;17.05;
04.12.2024 07:05:23;17.05;
04.12.2024 07:05:24;17.04;
04.12.2024 07:05:27;17.04;
04.12.2024 07:05:28;17.05;
04.12.2024 07:05:29;17.04;
04.12.2024 07:05:31;17.04;
04.12.2024 07:05:32;17.05;
04.12.2024 07:05:33;17.04;
04.12.2024 07:05:36;17.04;
04.12.2024 07:05:37;17.05;
04.12.2024 07:05:38;17.04;
04.12.2024 07:05:39;17.05;
04.12.2024 07:05:40;17.04;
04.12.2024 07:05:44;17.04;
04.12.2024 07:05:45;17.05;
04.12.2024 07:05:46;17.04;
04.12.2024 07:05:47;17.04;
04.12.2024 07:05:48;17.05;
04.12.2024 07:05:49;17.05;
04.12.2024 07:05:50;17.04;
04.12.2024 07:05:51;17.04;
04.12.2024 07:05:52;17.05;
04.12.2024 07:05:53;17.04;
04.12.2024 07:05:54;17.03;
04.12.2024 07:05:55;17.05;
04.12.2024 07:05:56;17.04;
04.12.2024 07:06:01;17.04;
04.12.2024 07:06:02;17.03;
04.12.2024 07:06:03;17.04;
04.12.2024 07:06:05;17.04;
04.12.2024 07:06:06;17.03;
04.12.2024 07:06:07;17.05;
04.12.2024 07:06:08;17.04;
04.12.2024 07:06:09;17.03;
04.12.2024 07:06:10;17.04;
04.12.2024 07:06:11;17.03;
04.12.2024 07:06:12;17.04;
04.12.2024 07:06:14;17.04;
04.12.2024 07:06:15;17.03;
04.12.2024 07:06:17;17.03;
04.12.2024 07:06:18;17.04;
04.12.2024 07:06:19;17.04;
04.12.2024 07:06:20;17.03;
04.12.2024 07:06:21;17.03;
04.12.2024 07:06:22;17.04;
04.12.2024 07:06:26;17.04;
04.12.2024 07:06:27;17.03;
04.12.2024 07:06:28;17.03;
04.12.2024 07:06:29;17.04;
04.12.2024 07:06:32;17.04;
04.12.2024 07:06:33;17.03;
04.12.2024 07:06:34;17.04;
04.12.2024 07:06:35;17.04;
04.12.2024 07:06:36;17.03;
04.12.2024 07:06:37;17.04;
04.12.2024 07:06:38;17.04;
04.12.2024 07:06:39;17.03;
04.12.2024 07:06:40;17.03;
04.12.2024 07:06:41;17.04;
04.12.2024 07:06:42;17.03;
04.12.2024 07:06:43;17.03;
04.12.2024 07:06:44;17.04;
04.12.2024 07:06:45;17.03;
04.12.2024 07:06:46;17.03;
04.12.2024 07:06:47;17.04;
04.12.2024 07:06:48;17.03;
04.12.2024 07:06:58;17.03;
04.12.2024 07:06:59;17.04;
04.12.2024 07:07:00;17.03;
04.12.2024 07:07:01;17.04;
04.12.2024 07:07:02;17.03;
04.12.2024 07:07:14;17.03;
04.12.2024 07:07:15;17.02;
04.12.2024 07:07:16;17.03;
04.12.2024 07:07:19;17.03;
04.12.2024 07:07:20;17.02;
04.12.2024 07:07:24;17.02;
04.12.2024 07:07:25;17.03;
04.12.2024 07:07:27;17.03;
04.12.2024 07:07:28;17.02;
04.12.2024 07:07:31;17.02;
04.12.2024 07:07:32;17.03;
04.12.2024 07:07:33;17.02;
04.12.2024 07:07:34;17.02;
04.12.2024 07:07:35;17.03;
04.12.2024 07:07:36;17.02;
04.12.2024 07:07:40;17.02;
04.12.2024 07:07:41;17.03;
04.12.2024 07:07:42;17.03;
04.12.2024 07:07:43;17.02;
04.12.2024 07:07:44;17.01;
04.12.2024 07:07:45;17.02;
04.12.2024 07:07:46;17.03;
04.12.2024 07:07:48;17.03;
04.12.2024 07:07:49;17.02;
04.12.2024 07:07:53;17.02;
04.12.2024 07:07:54;17.03;
04.12.2024 07:07:55;17.02;
04.12.2024 07:08:03;17.02;
04.12.2024 07:08:04;17.03;
04.12.2024 07:08:05;17.01;
04.12.2024 07:08:06;17.02;
04.12.2024 07:08:10;17.02;
04.12.2024 07:08:11;17.01;
04.12.2024 07:08:12;17.02;
04.12.2024 07:08:13;17.01;
04.12.2024 07:08:16;17.01;
04.12.2024 07:08:17;17.02;
04.12.2024 07:08:18;17.02;
04.12.2024 07:08:19;17.01;
04.12.2024 07:08:20;17.02;
04.12.2024 07:08:22;17.02;
04.12.2024 07:08:23;17.01;
04.12.2024 07:08:24;17.01;
04.12.2024 07:08:25;17.02;
04.12.2024 07:08:26;17.01;
04.12.2024 07:08:28;17.01;
04.12.2024 07:08:29;17.02;
04.12.2024 07:08:30;17.01;
04.12.2024 07:08:31;17.02;
04.12.2024 07:08:32;17.01;
04.12.2024 07:08:33;17.02;
04.12.2024 07:08:34;17.01;
04.12.2024 07:08:38;17.01;
04.12.2024 07:08:39;17;
04.12.2024 07:08:40;17.01;
04.12.2024 07:08:41;17.02;
04.12.2024 07:08:42;17.01;
04.12.2024 07:08:43;17.01;
04.12.2024 07:08:44;17;
04.12.2024 07:08:45;17.01;
04.12.2024 07:08:49;17.01;
04.12.2024 07:08:50;17.02;
04.12.2024 07:08:51;17.01;
04.12.2024 07:08:52;17;
04.12.2024 07:08:53;17.01;
04.12.2024 07:08:54;17.02;
04.12.2024 07:08:55;17.01;
04.12.2024 07:09:01;17.01;
04.12.2024 07:09:02;17.02;
04.12.2024 07:09:03;17.01;
04.12.2024 07:09:07;17.01;
04.12.2024 07:09:08;17;
04.12.2024 07:09:09;17.01;
04.12.2024 07:09:10;17;
04.12.2024 07:09:11;17.01;
04.12.2024 07:09:12;17;
04.12.2024 07:09:13;17.01;
04.12.2024 07:09:14;17;
04.12.2024 07:09:15;17;
04.12.2024 07:09:16;17.01;
04.12.2024 07:09:17;17;
04.12.2024 07:09:19;17;
04.12.2024 07:09:20;17.01;
04.12.2024 07:09:27;17.01;
04.12.2024 07:09:28;17;
04.12.2024 07:09:29;17.01;
04.12.2024 07:09:30;17.01;
04.12.2024 07:09:31;17;
04.12.2024 07:09:32;17.01;
04.12.2024 07:09:33;17;
04.12.2024 07:09:34;17.01;
04.12.2024 07:09:35;16.99;
04.12.2024 07:09:36;17;
04.12.2024 07:09:37;17.01;
04.12.2024 07:09:40;17.01;
04.12.2024 07:09:41;17;
04.12.2024 07:09:42;17;
04.12.2024 07:09:43;17.01;
04.12.2024 07:09:44;17;
04.12.2024 07:09:48;17;
04.12.2024 07:09:49;17.01;
04.12.2024 07:09:50;17;
04.12.2024 07:09:51;16.99;
04.12.2024 07:09:52;17;
04.12.2024 07:09:54;17;
04.12.2024 07:09:55;17.01;
04.12.2024 07:09:56;17;
04.12.2024 07:10:00;17;
04.12.2024 07:10:01;16.99;
04.12.2024 07:10:03;16.99;
04.12.2024 07:10:04;17;
04.12.2024 07:10:07;17;
04.12.2024 07:10:08;16.99;
04.12.2024 07:10:09;17;
04.12.2024 07:10:10;16.99;
04.12.2024 07:10:11;17;
04.12.2024 07:10:12;16.99;
04.12.2024 07:10:13;17;
04.12.2024 07:10:17;17;
04.12.2024 07:10:18;16.99;
04.12.2024 07:10:19;17;
04.12.2024 07:10:20;16.99;
04.12.2024 07:10:21;17;
04.12.2024 07:10:22;16.99;
04.12.2024 07:10:24;16.99;
04.12.2024 07:10:25;16.98;
04.12.2024 07:10:26;17;
04.12.2024 07:10:27;17;
04.12.2024 07:10:28;16.99;
04.12.2024 07:10:31;16.99;
04.12.2024 07:10:32;17;
04.12.2024 07:10:33;17;
04.12.2024 07:10:34;16.99;
04.12.2024 07:10:41;16.99;
04.12.2024 07:10:42;17;
04.12.2024 07:10:43;16.99;
04.12.2024 07:10:44;16.98;
04.12.2024 07:10:45;16.99;
04.12.2024 07:10:46;16.98;
04.12.2024 07:10:47;16.99;
04.12.2024 07:10:48;16.99;
04.12.2024 07:10:49;16.98;
04.12.2024 07:10:50;16.99;
04.12.2024 07:10:54;16.99;
04.12.2024 07:10:55;16.98;
04.12.2024 07:10:58;16.98;
04.12.2024 07:10:59;16.99;
04.12.2024 07:11:00;16.98;
04.12.2024 07:11:01;16.98;
04.12.2024 07:11:02;16.97;
04.12.2024 07:11:03;16.99;
04.12.2024 07:11:04;16.99;
04.12.2024 07:11:05;16.98;
04.12.2024 07:11:06;16.99;
04.12.2024 07:11:07;16.99;
04.12.2024 07:11:08;16.98;
04.12.2024 07:11:09;16.99;
04.12.2024 07:11:10;16.99;
04.12.2024 07:11:11;16.98;
04.12.2024 07:11:15;16.98;
04.12.2024 07:11:16;16.99;
04.12.2024 07:11:17;16.98;
04.12.2024 07:11:18;16.99;
04.12.2024 07:11:19;16.98;
04.12.2024 07:11:23;16.98;
04.12.2024 07:11:24;16.99;
04.12.2024 07:11:25;16.98;
04.12.2024 07:11:28;16.98;
04.12.2024 07:11:29;16.97;
04.12.2024 07:11:30;16.98;
04.12.2024 07:11:37;16.98;
04.12.2024 07:11:38;16.99;
04.12.2024 07:11:39;16.98;
04.12.2024 07:11:44;16.98;
04.12.2024 07:11:45;16.99;
04.12.2024 07:11:46;16.97;
04.12.2024 07:11:47;16.98;
04.12.2024 07:11:48;16.97;
04.12.2024 07:11:49;16.98;
04.12.2024 07:11:51;16.98;
04.12.2024 07:11:52;16.97;
04.12.2024 07:11:53;16.98;
04.12.2024 07:11:54;16.97;
04.12.2024 07:11:55;16.97;
04.12.2024 07:11:56;16.98;
04.12.2024 07:11:57;16.98;
04.12.2024 07:11:58;16.97;
04.12.2024 07:11:59;16.98;
04.12.2024 07:12:00;16.98;
04.12.2024 07:12:01;16.97;
04.12.2024 07:12:02;16.97;
04.12.2024 07:12:03;16.98;
04.12.2024 07:12:04;16.98;
04.12.2024 07:12:05;16.99;
04.12.2024 07:12:06;16.98;
04.12.2024 07:12:07;16.97;
04.12.2024 07:12:08;16.98;
04.12.2024 07:12:09;16.97;
04.12.2024 07:12:10;16.98;
04.12.2024 07:12:11;16.98;
04.12.2024 07:12:12;16.97;
04.12.2024 07:12:13;16.98;
04.12.2024 07:12:14;16.98;
04.12.2024 07:12:15;16.97;
04.12.2024 07:12:16;16.98;
04.12.2024 07:12:17;16.98;
04.12.2024 07:12:18;16.97;
04.12.2024 07:12:19;16.98;
04.12.2024 07:12:20;16.97;
04.12.2024 07:12:21;16.97;
04.12.2024 07:12:22;16.98;
04.12.2024 07:12:23;16.96;
04.12.2024 07:12:24;16.98;
04.12.2024 07:12:25;16.97;
04.12.2024 07:12:26;16.98;
04.12.2024 07:12:27;16.97;
04.12.2024 07:12:29;16.97;
04.12.2024 07:12:30;16.96;
04.12.2024 07:12:31;16.98;
04.12.2024 07:12:32;16.98;
04.12.2024 07:12:33;16.96;
04.12.2024 07:12:34;16.97;
04.12.2024 07:12:39;16.97;
04.12.2024 07:12:40;16.98;
04.12.2024 07:12:41;16.97;
04.12.2024 07:12:42;16.98;
04.12.2024 07:12:43;16.97;
04.12.2024 07:12:47;16.97;
04.12.2024 07:12:48;16.98;
04.12.2024 07:12:49;16.98;
04.12.2024 07:12:50;16.97;
04.12.2024 07:12:51;16.97;
04.12.2024 07:12:52;16.98;
04.12.2024 07:12:53;16.97;
04.12.2024 07:12:58;16.97;
04.12.2024 07:12:59;16.96;
04.12.2024 07:13:00;16.97;
04.12.2024 07:13:03;16.97;
04.12.2024 07:13:04;16.96;
04.12.2024 07:13:05;16.97;
04.12.2024 07:13:08;16.97;
04.12.2024 07:13:09;16.96;
04.12.2024 07:13:10;16.97;
04.12.2024 07:13:11;16.96;
04.12.2024 07:13:12;16.96;
04.12.2024 07:13:13;16.97;
04.12.2024 07:13:15;16.97;
04.12.2024 07:13:16;16.96;
04.12.2024 07:13:17;16.96;
04.12.2024 07:13:18;16.97;
04.12.2024 07:13:19;16.97;
04.12.2024 07:13:20;16.96;
04.12.2024 07:13:21;16.97;
04.12.2024 07:13:22;16.96;
04.12.2024 07:13:23;16.96;
04.12.2024 07:13:24;16.97;
04.12.2024 07:13:25;16.96;
04.12.2024 07:13:26;16.97;
04.12.2024 07:13:27;16.97;
04.12.2024 07:13:28;16.96;
04.12.2024 07:13:29;16.95;
04.12.2024 07:13:30;16.97;
04.12.2024 07:13:31;16.95;
04.12.2024 07:13:32;16.96;
04.12.2024 07:13:41;16.96;
04.12.2024 07:13:42;16.97;
04.12.2024 07:13:43;16.96;
04.12.2024 07:13:45;16.96;
04.12.2024 07:13:46;16.95;
04.12.2024 07:13:47;16.96;
04.12.2024 07:13:48;16.95;
04.12.2024 07:13:49;16.96;
04.12.2024 07:13:51;16.96;
04.12.2024 07:13:52;16.97;
04.12.2024 07:13:53;16.96;
04.12.2024 07:13:54;16.96;
04.12.2024 07:13:55;16.95;
04.12.2024 07:13:56;16.96;
04.12.2024 07:13:57;16.96;
04.12.2024 07:13:58;16.95;
04.12.2024 07:13:59;16.96;
04.12.2024 07:14:03;16.96;
04.12.2024 07:14:04;16.95;
04.12.2024 07:14:08;16.95;
04.12.2024 07:14:09;16.96;
04.12.2024 07:14:11;16.96;
04.12.2024 07:14:12;16.95;
04.12.2024 07:14:13;16.96;
04.12.2024 07:14:20;16.96;
04.12.2024 07:14:21;16.95;
04.12.2024 07:14:24;16.95;
04.12.2024 07:14:25;16.94;
04.12.2024 07:14:26;16.96;
04.12.2024 07:14:27;16.95;
04.12.2024 07:14:28;16.96;
04.12.2024 07:14:29;16.95;
04.12.2024 07:14:30;16.96;
04.12.2024 07:14:32;16.96;
04.12.2024 07:14:33;16.95;
04.12.2024 07:14:37;16.95;
04.12.2024 07:14:38;16.96;
04.12.2024 07:14:39;16.95;
04.12.2024 07:14:41;16.95;
04.12.2024 07:14:42;16.94;
04.12.2024 07:14:43;16.95;
04.12.2024 07:14:44;16.96;
04.12.2024 07:14:45;16.96;
04.12.2024 07:14:46;16.95;
04.12.2024 07:14:52;16.95;
04.12.2024 07:14:53;16.96;
04.12.2024 07:14:54;16.95;
04.12.2024 07:14:58;16.95;
04.12.2024 07:14:59;16.94;
04.12.2024 07:15:00;16.95;
04.12.2024 07:15:01;16.94;
04.12.2024 07:15:02;16.95;
04.12.2024 07:15:05;16.95;
04.12.2024 07:15:06;16.94;
04.12.2024 07:15:07;16.95;
04.12.2024 07:15:08;16.95;
04.12.2024 07:15:09;16.96;
04.12.2024 07:15:10;16.94;
04.12.2024 07:15:11;16.94;
04.12.2024 07:15:12;16.95;
04.12.2024 07:15:14;16.95;
04.12.2024 07:15:15;16.94;
04.12.2024 07:15:16;16.95;
04.12.2024 07:15:17;16.94;
04.12.2024 07:15:19;16.94;
04.12.2024 07:15:20;16.95;
04.12.2024 07:15:21;16.94;
04.12.2024 07:15:24;16.94;
04.12.2024 07:15:25;16.95;
04.12.2024 07:15:26;16.94;
04.12.2024 07:15:28;16.94;
04.12.2024 07:15:29;16.95;
04.12.2024 07:15:30;16.94;
04.12.2024 07:15:32;16.94;
04.12.2024 07:15:33;16.95;
04.12.2024 07:15:34;16.94;
04.12.2024 07:15:36;16.94;
04.12.2024 07:15:37;16.93;
04.12.2024 07:15:38;16.95;
04.12.2024 07:15:39;16.94;
04.12.2024 07:15:40;16.93;
04.12.2024 07:15:41;16.94;
04.12.2024 07:15:42;16.94;
04.12.2024 07:15:43;16.95;
04.12.2024 07:15:44;16.94;
04.12.2024 07:15:50;16.94;
04.12.2024 07:15:51;16.93;
04.12.2024 07:15:52;16.93;
04.12.2024 07:15:53;16.94;
04.12.2024 07:15:54;16.93;
04.12.2024 07:15:55;16.94;
04.12.2024 07:15:56;16.93;
04.12.2024 07:15:58;16.93;
04.12.2024 07:15:59;16.94;
04.12.2024 07:16:00;16.93;
04.12.2024 07:16:01;16.94;
04.12.2024 07:16:04;16.94;
04.12.2024 07:16:05;16.93;
04.12.2024 07:16:06;16.93;
04.12.2024 07:16:07;16.94;
04.12.2024 07:16:08;16.93;
04.12.2024 07:16:09;16.94;
04.12.2024 07:16:10;16.94;
04.12.2024 07:16:11;16.93;
04.12.2024 07:16:12;16.94;
04.12.2024 07:16:13;16.95;
04.12.2024 07:16:14;16.93;
04.12.2024 07:16:15;16.94;
04.12.2024 07:16:16;16.95;
04.12.2024 07:16:17;16.94;
04.12.2024 07:16:18;16.94;
04.12.2024 07:16:19;16.93;
04.12.2024 07:16:20;16.94;
04.12.2024 07:16:21;16.94;
04.12.2024 07:16:22;16.93;
04.12.2024 07:16:24;16.93;
04.12.2024 07:16:25;16.94;
04.12.2024 07:16:26;16.94;
04.12.2024 07:16:27;16.93;
04.12.2024 07:16:32;16.93;
04.12.2024 07:16:33;16.92;
04.12.2024 07:16:34;16.93;
04.12.2024 07:16:35;16.93;
04.12.2024 07:16:36;16.94;
04.12.2024 07:16:37;16.93;
04.12.2024 07:16:40;16.93;
04.12.2024 07:16:41;16.94;
04.12.2024 07:16:42;16.92;
04.12.2024 07:16:43;16.94;
04.12.2024 07:16:44;16.93;
04.12.2024 07:16:47;16.93;
04.12.2024 07:16:48;16.94;
04.12.2024 07:16:49;16.94;
04.12.2024 07:16:50;16.92;
04.12.2024 07:16:51;16.93;
04.12.2024 07:16:52;16.94;
04.12.2024 07:16:53;16.93;
04.12.2024 07:16:55;16.93;
04.12.2024 07:16:56;16.92;
04.12.2024 07:16:57;16.93;
04.12.2024 07:17:02;16.93;
04.12.2024 07:17:03;16.92;
04.12.2024 07:17:04;16.92;
04.12.2024 07:17:05;16.93;
04.12.2024 07:17:06;16.92;
04.12.2024 07:17:07;16.93;
04.12.2024 07:17:08;16.92;
04.12.2024 07:17:09;16.92;
04.12.2024 07:17:10;16.93;
04.12.2024 07:17:11;16.93;
04.12.2024 07:17:12;16.92;
04.12.2024 07:17:13;16.93;
04.12.2024 07:17:14;16.93;
04.12.2024 07:17:15;16.92;
04.12.2024 07:17:16;16.92;
04.12.2024 07:17:17;16.93;
04.12.2024 07:17:18;16.92;
04.12.2024 07:17:20;16.92;
04.12.2024 07:17:21;16.93;
04.12.2024 07:17:22;16.91;
04.12.2024 07:17:23;16.92;
04.12.2024 07:17:26;16.92;
04.12.2024 07:17:27;16.93;
04.12.2024 07:17:28;16.92;
04.12.2024 07:17:29;16.92;
04.12.2024 07:17:30;16.93;
04.12.2024 07:17:31;16.92;
04.12.2024 07:17:41;16.92;
04.12.2024 07:17:42;16.91;
04.12.2024 07:17:43;16.93;
04.12.2024 07:17:44;16.93;
04.12.2024 07:17:45;16.92;
04.12.2024 07:17:46;16.91;
04.12.2024 07:17:47;16.91;
04.12.2024 07:17:48;16.92;
04.12.2024 07:17:49;16.91;
04.12.2024 07:17:51;16.91;
04.12.2024 07:17:52;16.92;
04.12.2024 07:17:53;16.92;
04.12.2024 07:17:54;16.91;
04.12.2024 07:17:55;16.92;
04.12.2024 07:17:56;16.91;
04.12.2024 07:17:57;16.9;
04.12.2024 07:17:58;16.91;
04.12.2024 07:17:59;16.92;
04.12.2024 07:18:02;16.92;
04.12.2024 07:18:03;16.91;
04.12.2024 07:18:04;16.91;
04.12.2024 07:18:05;16.92;
04.12.2024 07:18:06;16.92;
04.12.2024 07:18:07;16.91;
04.12.2024 07:18:08;16.92;
04.12.2024 07:18:09;16.92;
04.12.2024 07:18:10;16.91;
04.12.2024 07:18:11;16.92;
04.12.2024 07:18:12;16.92;
04.12.2024 07:18:13;16.91;
04.12.2024 07:18:14;16.92;
04.12.2024 07:18:15;16.91;
04.12.2024 07:18:19;16.91;
04.12.2024 07:18:20;16.9;
04.12.2024 07:18:21;16.91;
04.12.2024 07:18:22;16.91;
04.12.2024 07:18:23;16.92;
04.12.2024 07:18:24;16.92;
04.12.2024 07:18:25;16.91;
04.12.2024 07:18:29;16.91;
04.12.2024 07:18:30;16.9;
04.12.2024 07:18:31;16.9;
04.12.2024 07:18:32;16.91;
04.12.2024 07:18:33;16.91;
04.12.2024 07:18:34;16.9;
04.12.2024 07:18:36;16.9;
04.12.2024 07:18:37;16.91;
04.12.2024 07:18:41;16.91;
04.12.2024 07:18:42;16.9;
04.12.2024 07:18:43;16.91;
04.12.2024 07:18:44;16.89;
04.12.2024 07:18:45;16.91;
04.12.2024 07:18:48;16.91;
04.12.2024 07:18:49;16.9;
04.12.2024 07:18:50;16.9;
04.12.2024 07:18:51;16.91;
04.12.2024 07:18:54;16.91;
04.12.2024 07:18:55;16.9;
04.12.2024 07:19:00;16.9;
04.12.2024 07:19:01;16.91;
04.12.2024 07:19:02;16.9;
04.12.2024 07:19:03;16.91;
04.12.2024 07:19:04;16.9;
04.12.2024 07:19:17;16.9;
04.12.2024 07:19:18;16.91;
04.12.2024 07:19:19;16.91;
04.12.2024 07:19:20;16.9;
04.12.2024 07:19:25;16.9;
04.12.2024 07:19:26;16.91;
04.12.2024 07:19:27;16.9;
04.12.2024 07:19:28;16.9;
04.12.2024 07:19:29;16.89;
04.12.2024 07:19:31;16.89;
04.12.2024 07:19:32;16.9;
04.12.2024 07:19:33;16.9;
04.12.2024 07:19:34;16.89;
04.12.2024 07:19:35;16.9;
04.12.2024 07:19:43;16.9;
04.12.2024 07:19:44;16.89;
04.12.2024 07:19:45;16.9;
04.12.2024 07:19:46;16.89;
04.12.2024 07:19:49;16.89;
04.12.2024 07:19:50;16.9;
04.12.2024 07:19:51;16.9;
04.12.2024 07:19:52;16.89;
04.12.2024 07:19:53;16.9;
04.12.2024 07:19:55;16.9;
04.12.2024 07:19:56;16.89;
04.12.2024 07:19:57;16.89;
04.12.2024 07:19:58;16.9;
04.12.2024 07:19:59;16.9;
04.12.2024 07:20:00;16.89;
04.12.2024 07:20:01;16.9;
04.12.2024 07:20:02;16.9;
04.12.2024 07:20:03;16.89;
04.12.2024 07:20:04;16.9;
04.12.2024 07:20:05;16.89;
04.12.2024 07:20:06;16.9;
04.12.2024 07:20:07;16.89;
04.12.2024 07:20:13;16.89;
04.12.2024 07:20:14;16.9;
04.12.2024 07:20:17;16.9;
04.12.2024 07:20:18;16.89;
04.12.2024 07:20:19;16.88;
04.12.2024 07:20:20;16.89;
04.12.2024 07:20:22;16.89;
04.12.2024 07:20:23;16.88;
04.12.2024 07:20:24;16.89;
04.12.2024 07:20:36;16.89;
04.12.2024 07:20:37;16.88;
04.12.2024 07:20:38;16.89;
04.12.2024 07:20:39;16.88;
04.12.2024 07:20:40;16.89;
04.12.2024 07:20:41;16.89;
04.12.2024 07:20:42;16.9;
04.12.2024 07:20:43;16.89;
04.12.2024 07:20:44;16.89;
04.12.2024 07:20:45;16.88;
04.12.2024 07:20:46;16.89;
04.12.2024 07:20:51;16.89;
04.12.2024 07:20:52;16.88;
04.12.2024 07:20:53;16.89;
04.12.2024 07:20:54;16.89;
04.12.2024 07:20:55;16.88;
04.12.2024 07:20:56;16.88;
04.12.2024 07:20:57;16.89;
04.12.2024 07:21:00;16.89;
04.12.2024 07:21:01;16.88;
04.12.2024 07:21:02;16.89;
04.12.2024 07:21:03;16.88;
04.12.2024 07:21:04;16.89;
04.12.2024 07:21:05;16.88;
04.12.2024 07:21:06;16.89;
04.12.2024 07:21:07;16.88;
04.12.2024 07:21:08;16.88;
04.12.2024 07:21:09;16.87;
04.12.2024 07:21:10;16.88;
04.12.2024 07:21:16;16.88;
04.12.2024 07:21:17;16.89;
04.12.2024 07:21:18;16.88;
04.12.2024 07:21:19;16.89;
04.12.2024 07:21:20;16.88;
04.12.2024 07:21:21;16.88;
04.12.2024 07:21:22;16.87;
04.12.2024 07:21:23;16.88;
04.12.2024 07:21:25;16.88;
04.12.2024 07:21:26;16.87;
04.12.2024 07:21:27;16.87;
04.12.2024 07:21:28;16.88;
04.12.2024 07:21:29;16.88;
04.12.2024 07:21:30;16.87;
04.12.2024 07:21:31;16.88;
04.12.2024 07:21:33;16.88;
04.12.2024 07:21:34;16.89;
04.12.2024 07:21:35;16.88;
04.12.2024 07:21:39;16.88;
04.12.2024 07:21:40;16.89;
04.12.2024 07:21:41;16.87;
04.12.2024 07:21:42;16.88;
04.12.2024 07:21:45;16.88;
04.12.2024 07:21:46;16.87;
04.12.2024 07:21:47;16.88;
04.12.2024 07:21:48;16.88;
04.12.2024 07:21:49;16.87;
04.12.2024 07:21:51;16.87;
04.12.2024 07:21:52;16.88;
04.12.2024 07:21:53;16.87;
04.12.2024 07:21:56;16.87;
04.12.2024 07:21:57;16.88;
04.12.2024 07:22:00;16.88;
04.12.2024 07:22:01;16.87;
04.12.2024 07:22:03;16.87;
04.12.2024 07:22:04;16.88;
04.12.2024 07:22:05;16.88;
04.12.2024 07:22:06;16.87;
04.12.2024 07:22:08;16.87;
04.12.2024 07:22:09;16.88;
04.12.2024 07:22:10;16.87;
04.12.2024 07:22:17;16.87;
04.12.2024 07:22:18;16.88;
04.12.2024 07:22:19;16.87;
04.12.2024 07:22:22;16.87;
04.12.2024 07:22:23;16.86;
04.12.2024 07:22:24;16.87;
04.12.2024 07:22:29;16.87;
04.12.2024 07:22:30;16.86;
04.12.2024 07:22:31;16.87;
04.12.2024 07:22:32;16.86;
04.12.2024 07:22:33;16.87;
04.12.2024 07:22:34;16.87;
04.12.2024 07:22:35;16.86;
04.12.2024 07:22:37;16.86;
04.12.2024 07:22:38;16.87;
04.12.2024 07:22:39;16.87;
04.12.2024 07:22:40;16.86;
04.12.2024 07:22:41;16.86;
04.12.2024 07:22:42;16.87;
04.12.2024 07:22:43;16.87;
04.12.2024 07:22:44;16.86;
04.12.2024 07:22:45;16.86;
04.12.2024 07:22:46;16.87;
04.12.2024 07:22:47;16.86;
04.12.2024 07:22:49;16.86;
04.12.2024 07:22:50;16.87;
04.12.2024 07:22:51;16.87;
04.12.2024 07:22:52;16.86;
04.12.2024 07:23:17;16.86;
04.12.2024 07:23:18;16.85;
04.12.2024 07:23:19;16.86;
04.12.2024 07:23:20;16.86;
04.12.2024 07:23:21;16.85;
04.12.2024 07:23:22;16.86;
04.12.2024 07:23:25;16.86;
04.12.2024 07:23:26;16.85;
04.12.2024 07:23:27;16.86;
04.12.2024 07:23:28;16.85;
04.12.2024 07:23:29;16.86;
04.12.2024 07:23:30;16.85;
04.12.2024 07:23:31;16.85;
04.12.2024 07:23:32;16.86;
04.12.2024 07:23:33;16.86;
04.12.2024 07:23:34;16.85;
04.12.2024 07:23:35;16.86;
04.12.2024 07:23:36;16.85;
04.12.2024 07:23:38;16.85;
04.12.2024 07:23:39;16.86;
04.12.2024 07:23:40;16.85;
04.12.2024 07:23:42;16.85;
04.12.2024 07:23:43;16.86;
04.12.2024 07:23:44;16.85;
04.12.2024 07:23:51;16.85;
04.12.2024 07:23:52;16.86;
04.12.2024 07:23:53;16.85;
04.12.2024 07:23:55;16.85;
04.12.2024 07:23:56;16.86;
04.12.2024 07:23:57;16.85;
04.12.2024 07:23:58;16.84;
04.12.2024 07:23:59;16.84;
04.12.2024 07:24:00;16.85;
04.12.2024 07:24:01;16.85;
04.12.2024 07:24:02;16.84;
04.12.2024 07:24:03;16.85;
04.12.2024 07:24:08;16.85;
04.12.2024 07:24:09;16.84;
04.12.2024 07:24:11;16.84;
04.12.2024 07:24:12;16.85;
04.12.2024 07:24:13;16.85;
04.12.2024 07:24:14;16.84;
04.12.2024 07:24:15;16.85;
04.12.2024 07:24:16;16.85;
04.12.2024 07:24:17;16.86;
04.12.2024 07:24:18;16.85;
04.12.2024 07:24:21;16.85;
04.12.2024 07:24:22;16.84;
04.12.2024 07:24:23;16.85;
04.12.2024 07:24:26;16.85;
04.12.2024 07:24:27;16.84;
04.12.2024 07:24:28;16.85;
04.12.2024 07:24:29;16.85;
04.12.2024 07:24:30;16.84;
04.12.2024 07:24:31;16.84;
04.12.2024 07:24:32;16.85;
04.12.2024 07:24:34;16.85;
04.12.2024 07:24:35;16.84;
04.12.2024 07:24:37;16.84;
04.12.2024 07:24:38;16.85;
04.12.2024 07:24:39;16.84;
04.12.2024 07:24:42;16.84;
04.12.2024 07:24:43;16.85;
04.12.2024 07:24:44;16.84;
04.12.2024 07:24:45;16.85;
04.12.2024 07:24:46;16.84;
04.12.2024 07:24:49;16.84;
04.12.2024 07:24:50;16.85;
04.12.2024 07:24:51;16.85;
04.12.2024 07:24:52;16.84;
04.12.2024 07:24:53;16.83;
04.12.2024 07:24:54;16.85;
04.12.2024 07:24:55;16.84;
04.12.2024 07:24:56;16.83;
04.12.2024 07:24:57;16.84;
04.12.2024 07:24:58;16.84;
04.12.2024 07:24:59;16.83;
04.12.2024 07:25:00;16.84;
04.12.2024 07:25:02;16.84;
04.12.2024 07:25:03;16.83;
04.12.2024 07:25:04;16.84;
04.12.2024 07:25:05;16.84;
04.12.2024 07:25:06;16.83;
04.12.2024 07:25:07;16.84;
04.12.2024 07:25:10;16.84;
04.12.2024 07:25:11;16.83;
04.12.2024 07:25:12;16.84;
04.12.2024 07:25:16;16.84;
04.12.2024 07:25:17;16.83;
04.12.2024 07:25:25;16.83;
04.12.2024 07:25:26;16.84;
04.12.2024 07:25:27;16.83;
04.12.2024 07:25:28;16.84;
04.12.2024 07:25:29;16.83;
04.12.2024 07:25:31;16.83;
04.12.2024 07:25:32;16.84;
04.12.2024 07:25:34;16.84;
04.12.2024 07:25:35;16.83;
04.12.2024 07:25:38;16.83;
04.12.2024 07:25:39;16.84;
04.12.2024 07:25:40;16.84;
04.12.2024 07:25:41;16.83;
04.12.2024 07:25:44;16.83;
04.12.2024 07:25:45;16.82;
04.12.2024 07:25:46;16.83;
04.12.2024 07:25:52;16.83;
04.12.2024 07:25:53;16.82;
04.12.2024 07:25:57;16.82;
04.12.2024 07:25:58;16.83;
04.12.2024 07:25:59;16.82;
04.12.2024 07:26:00;16.84;
04.12.2024 07:26:01;16.83;
04.12.2024 07:26:07;16.83;
04.12.2024 07:26:08;16.82;
04.12.2024 07:26:09;16.83;
04.12.2024 07:26:10;16.83;
04.12.2024 07:26:11;16.82;
04.12.2024 07:26:12;16.83;
04.12.2024 07:26:13;16.83;
04.12.2024 07:26:14;16.82;
04.12.2024 07:26:15;16.83;
04.12.2024 07:26:16;16.82;
04.12.2024 07:26:17;16.83;
04.12.2024 07:26:18;16.82;
04.12.2024 07:26:19;16.82;
04.12.2024 07:26:20;16.83;
04.12.2024 07:26:21;16.82;
04.12.2024 07:26:26;16.82;
04.12.2024 07:26:27;16.83;
04.12.2024 07:26:28;16.82;
04.12.2024 07:26:34;16.82;
04.12.2024 07:26:35;16.83;
04.12.2024 07:26:36;16.82;
04.12.2024 07:26:38;16.82;
04.12.2024 07:26:39;16.83;
04.12.2024 07:26:40;16.82;
04.12.2024 07:26:41;16.82;
04.12.2024 07:26:42;16.81;
04.12.2024 07:26:43;16.82;
04.12.2024 07:26:46;16.82;
04.12.2024 07:26:47;16.83;
04.12.2024 07:26:48;16.82;
04.12.2024 07:26:49;16.81;
04.12.2024 07:26:50;16.82;
04.12.2024 07:26:51;16.83;
04.12.2024 07:26:52;16.82;
04.12.2024 07:26:57;16.82;
04.12.2024 07:26:58;16.81;
04.12.2024 07:26:59;16.82;
04.12.2024 07:27:02;16.82;
04.12.2024 07:27:03;16.81;
04.12.2024 07:27:04;16.81;
04.12.2024 07:27:05;16.82;
04.12.2024 07:27:07;16.82;
04.12.2024 07:27:08;16.81;
04.12.2024 07:27:09;16.81;
04.12.2024 07:27:10;16.82;
04.12.2024 07:27:13;16.82;
04.12.2024 07:27:14;16.81;
04.12.2024 07:27:15;16.81;
04.12.2024 07:27:16;16.82;
04.12.2024 07:27:17;16.82;
04.12.2024 07:27:18;16.81;
04.12.2024 07:27:19;16.82;
04.12.2024 07:27:20;16.81;
04.12.2024 07:27:21;16.82;
04.12.2024 07:27:22;16.82;
04.12.2024 07:27:23;16.81;
04.12.2024 07:27:24;16.81;
04.12.2024 07:27:25;16.82;
04.12.2024 07:27:26;16.81;
04.12.2024 07:27:28;16.81;
04.12.2024 07:27:29;16.82;
04.12.2024 07:27:30;16.81;
04.12.2024 07:27:33;16.81;
04.12.2024 07:27:34;16.82;
04.12.2024 07:27:35;16.82;
04.12.2024 07:27:36;16.81;
04.12.2024 07:27:38;16.81;
04.12.2024 07:27:39;16.8;
04.12.2024 07:27:40;16.81;
04.12.2024 07:27:44;16.81;
04.12.2024 07:27:45;16.8;
04.12.2024 07:27:46;16.81;
04.12.2024 07:27:50;16.81;
04.12.2024 07:27:51;16.8;
04.12.2024 07:27:52;16.81;
04.12.2024 07:27:54;16.81;
04.12.2024 07:27:55;16.8;
04.12.2024 07:27:56;16.81;
04.12.2024 07:27:59;16.81;
04.12.2024 07:28:00;16.82;
04.12.2024 07:28:01;16.81;
04.12.2024 07:28:04;16.81;
04.12.2024 07:28:05;16.8;
04.12.2024 07:28:06;16.81;
04.12.2024 07:28:07;16.81;
04.12.2024 07:28:08;16.8;
04.12.2024 07:28:09;16.81;
04.12.2024 07:28:10;16.8;
04.12.2024 07:28:11;16.81;
04.12.2024 07:28:12;16.8;
04.12.2024 07:28:13;16.81;
04.12.2024 07:28:14;16.8;
04.12.2024 07:28:20;16.8;
04.12.2024 07:28:21;16.81;
04.12.2024 07:28:22;16.81;
04.12.2024 07:28:23;16.8;
04.12.2024 07:28:24;16.81;
04.12.2024 07:28:26;16.81;
04.12.2024 07:28:27;16.8;
04.12.2024 07:28:28;16.8;
04.12.2024 07:28:29;16.81;
04.12.2024 07:28:30;16.8;
04.12.2024 07:28:31;16.8;
04.12.2024 07:28:32;16.81;
04.12.2024 07:28:33;16.8;
04.12.2024 07:28:34;16.8;
04.12.2024 07:28:35;16.81;
04.12.2024 07:28:36;16.8;
04.12.2024 07:28:37;16.81;
04.12.2024 07:28:38;16.8;
04.12.2024 07:28:39;16.8;
04.12.2024 07:28:40;16.81;
04.12.2024 07:28:41;16.81;
04.12.2024 07:28:42;16.79;
04.12.2024 07:28:43;16.8;
04.12.2024 07:28:44;16.8;
04.12.2024 07:28:45;16.81;
04.12.2024 07:28:46;16.81;
04.12.2024 07:28:47;16.8;
04.12.2024 07:28:49;16.8;
04.12.2024 07:28:50;16.81;
04.12.2024 07:28:51;16.8;
04.12.2024 07:28:59;16.8;
04.12.2024 07:29:00;16.81;
04.12.2024 07:29:01;16.8;
04.12.2024 07:29:04;16.8;
04.12.2024 07:29:05;16.79;
04.12.2024 07:29:06;16.8;
04.12.2024 07:29:07;16.8;
04.12.2024 07:29:08;16.81;
04.12.2024 07:29:09;16.79;
04.12.2024 07:29:10;16.8;
04.12.2024 07:29:16;16.8;
04.12.2024 07:29:17;16.79;
04.12.2024 07:29:18;16.8;
04.12.2024 07:29:23;16.8;
04.12.2024 07:29:24;16.79;
04.12.2024 07:29:25;16.8;
04.12.2024 07:29:26;16.79;
04.12.2024 07:29:29;16.79;
04.12.2024 07:29:30;16.8;
04.12.2024 07:29:31;16.79;
04.12.2024 07:29:32;16.8;
04.12.2024 07:29:33;16.79;
04.12.2024 07:29:34;16.79;
04.12.2024 07:29:35;16.8;
04.12.2024 07:29:38;16.8;
04.12.2024 07:29:39;16.79;
04.12.2024 07:29:41;16.79;
04.12.2024 07:29:42;16.8;
04.12.2024 07:29:43;16.79;
04.12.2024 07:29:45;16.79;
04.12.2024 07:29:46;16.8;
04.12.2024 07:29:47;16.8;
04.12.2024 07:29:48;16.78;
04.12.2024 07:29:49;16.79;
04.12.2024 07:29:50;16.8;
04.12.2024 07:29:51;16.78;
04.12.2024 07:29:52;16.79;
04.12.2024 07:30:00;16.79;
04.12.2024 07:30:01;16.8;
04.12.2024 07:30:02;16.79;
04.12.2024 07:30:04;16.79;
04.12.2024 07:30:05;16.8;
04.12.2024 07:30:06;16.79;
04.12.2024 07:30:12;16.79;
04.12.2024 07:30:13;16.78;
04.12.2024 07:30:14;16.79;
04.12.2024 07:30:15;16.79;
04.12.2024 07:30:16;16.78;
04.12.2024 07:30:17;16.79;
04.12.2024 07:30:18;16.79;
04.12.2024 07:30:19;16.78;
04.12.2024 07:30:20;16.79;
04.12.2024 07:30:22;16.79;
04.12.2024 07:30:23;16.78;
04.12.2024 07:30:24;16.79;
04.12.2024 07:30:25;16.78;
04.12.2024 07:30:30;16.78;
04.12.2024 07:30:31;16.79;
04.12.2024 07:30:32;16.78;
04.12.2024 07:30:33;16.79;
04.12.2024 07:30:34;16.79;
04.12.2024 07:30:35;16.78;
04.12.2024 07:30:45;16.78;
04.12.2024 07:30:46;16.79;
04.12.2024 07:30:47;16.79;
04.12.2024 07:30:48;16.78;
04.12.2024 07:30:52;16.78;
04.12.2024 07:30:53;16.79;
04.12.2024 07:30:54;16.78;
04.12.2024 07:30:55;16.78;
04.12.2024 07:30:56;16.79;
04.12.2024 07:30:57;16.78;
04.12.2024 07:30:58;16.78;
04.12.2024 07:30:59;16.77;
04.12.2024 07:31:00;16.78;
04.12.2024 07:31:01;16.77;
04.12.2024 07:31:02;16.78;
04.12.2024 07:31:08;16.78;
04.12.2024 07:31:09;16.77;
04.12.2024 07:31:10;16.76;
04.12.2024 07:31:11;16.78;
04.12.2024 07:31:12;16.78;
04.12.2024 07:31:13;16.77;
04.12.2024 07:31:14;16.78;
04.12.2024 07:31:15;16.77;
04.12.2024 07:31:17;16.77;
04.12.2024 07:31:18;16.78;
04.12.2024 07:31:19;16.77;
04.12.2024 07:31:20;16.78;
04.12.2024 07:31:21;16.78;
04.12.2024 07:31:22;16.77;
04.12.2024 07:31:23;16.77;
04.12.2024 07:31:24;16.78;
04.12.2024 07:31:25;16.77;
04.12.2024 07:31:26;16.78;
04.12.2024 07:31:28;16.78;
04.12.2024 07:31:29;16.77;
04.12.2024 07:31:30;16.76;
04.12.2024 07:31:31;16.78;
04.12.2024 07:31:34;16.78;
04.12.2024 07:31:35;16.77;
04.12.2024 07:31:36;16.78;
04.12.2024 07:31:37;16.78;
04.12.2024 07:31:38;16.77;
04.12.2024 07:31:39;16.78;
04.12.2024 07:31:40;16.77;
04.12.2024 07:31:41;16.77;
04.12.2024 07:31:42;16.78;
04.12.2024 07:31:43;16.78;
04.12.2024 07:31:44;16.77;
04.12.2024 07:31:49;16.77;
04.12.2024 07:31:50;16.78;
04.12.2024 07:31:51;16.77;
04.12.2024 07:31:54;16.77;
04.12.2024 07:31:55;16.78;
04.12.2024 07:31:56;16.77;
04.12.2024 07:31:57;16.77;
04.12.2024 07:31:58;16.78;
04.12.2024 07:31:59;16.77;
04.12.2024 07:32:00;16.77;
04.12.2024 07:32:01;16.76;
04.12.2024 07:32:02;16.77;
04.12.2024 07:32:03;16.76;
04.12.2024 07:32:04;16.77;
04.12.2024 07:32:05;16.77;
04.12.2024 07:32:06;16.76;
04.12.2024 07:32:07;16.77;
04.12.2024 07:32:10;16.77;
04.12.2024 07:32:11;16.76;
04.12.2024 07:32:12;16.77;
04.12.2024 07:32:13;16.76;
04.12.2024 07:32:14;16.77;
04.12.2024 07:32:15;16.77;
04.12.2024 07:32:16;16.76;
04.12.2024 07:32:17;16.77;
04.12.2024 07:32:18;16.76;
04.12.2024 07:32:19;16.77;
04.12.2024 07:32:21;16.77;
04.12.2024 07:32:22;16.76;
04.12.2024 07:32:24;16.76;
04.12.2024 07:32:25;16.77;
04.12.2024 07:32:26;16.77;
04.12.2024 07:32:27;16.76;
04.12.2024 07:32:31;16.76;
04.12.2024 07:32:32;16.75;
04.12.2024 07:32:33;16.77;
04.12.2024 07:32:34;16.76;
04.12.2024 07:32:35;16.76;
04.12.2024 07:32:36;16.77;
04.12.2024 07:32:39;16.77;
04.12.2024 07:32:40;16.76;
04.12.2024 07:32:43;16.76;
04.12.2024 07:32:44;16.77;
04.12.2024 07:32:45;16.76;
04.12.2024 07:32:46;16.76;
04.12.2024 07:32:47;16.77;
04.12.2024 07:32:48;16.76;
04.12.2024 07:32:54;16.76;
04.12.2024 07:32:55;16.75;
04.12.2024 07:32:56;16.76;
04.12.2024 07:32:57;16.75;
04.12.2024 07:32:58;16.76;
04.12.2024 07:32:59;16.76;
04.12.2024 07:33:00;16.75;
04.12.2024 07:33:01;16.76;
04.12.2024 07:33:02;16.75;
04.12.2024 07:33:03;16.75;
04.12.2024 07:33:04;16.76;
04.12.2024 07:33:06;16.76;
04.12.2024 07:33:07;16.75;
04.12.2024 07:33:08;16.75;
04.12.2024 07:33:09;16.76;
04.12.2024 07:33:12;16.76;
04.12.2024 07:33:13;16.75;
04.12.2024 07:33:14;16.76;
04.12.2024 07:33:15;16.75;
04.12.2024 07:33:16;16.75;
04.12.2024 07:33:17;16.76;
04.12.2024 07:33:18;16.75;
04.12.2024 07:33:19;16.74;
04.12.2024 07:33:20;16.76;
04.12.2024 07:33:21;16.75;
04.12.2024 07:33:22;16.76;
04.12.2024 07:33:23;16.75;
04.12.2024 07:33:24;16.76;
04.12.2024 07:33:25;16.75;
04.12.2024 07:33:26;16.76;
04.12.2024 07:33:27;16.75;
04.12.2024 07:33:28;16.76;
04.12.2024 07:33:30;16.76;
04.12.2024 07:33:31;16.75;
04.12.2024 07:33:32;16.75;
04.12.2024 07:33:33;16.74;
04.12.2024 07:33:34;16.76;
04.12.2024 07:33:35;16.75;
04.12.2024 07:33:37;16.75;
04.12.2024 07:33:38;16.74;
04.12.2024 07:33:39;16.75;
04.12.2024 07:33:45;16.75;
04.12.2024 07:33:46;16.76;
04.12.2024 07:33:47;16.75;
04.12.2024 07:33:49;16.75;
04.12.2024 07:33:50;16.76;
04.12.2024 07:33:51;16.75;
04.12.2024 07:33:52;16.76;
04.12.2024 07:33:53;16.76;
04.12.2024 07:33:54;16.75;
04.12.2024 07:33:55;16.75;
04.12.2024 07:33:56;16.74;
04.12.2024 07:33:57;16.74;
04.12.2024 07:33:58;16.75;
04.12.2024 07:34:05;16.75;
04.12.2024 07:34:06;16.76;
04.12.2024 07:34:07;16.75;
04.12.2024 07:34:08;16.74;
04.12.2024 07:34:09;16.75;
04.12.2024 07:34:10;16.75;
04.12.2024 07:34:11;16.74;
04.12.2024 07:34:12;16.75;
04.12.2024 07:34:17;16.75;
04.12.2024 07:34:18;16.74;
04.12.2024 07:34:19;16.75;
04.12.2024 07:34:22;16.75;
04.12.2024 07:34:23;16.74;
04.12.2024 07:34:24;16.75;
04.12.2024 07:34:26;16.75;
04.12.2024 07:34:27;16.74;
04.12.2024 07:34:31;16.74;
04.12.2024 07:34:32;16.75;
04.12.2024 07:34:33;16.74;
04.12.2024 07:34:34;16.74;
04.12.2024 07:34:35;16.73;
04.12.2024 07:34:36;16.74;
04.12.2024 07:34:40;16.74;
04.12.2024 07:34:41;16.73;
04.12.2024 07:34:42;16.74;
04.12.2024 07:34:43;16.73;
04.12.2024 07:34:44;16.74;
04.12.2024 07:34:45;16.74;
04.12.2024 07:34:46;16.73;
04.12.2024 07:34:47;16.74;
04.12.2024 07:34:48;16.73;
04.12.2024 07:34:49;16.74;
04.12.2024 07:34:53;16.74;
04.12.2024 07:34:54;16.73;
04.12.2024 07:34:55;16.74;
04.12.2024 07:35:01;16.74;
04.12.2024 07:35:02;16.73;
04.12.2024 07:35:03;16.75;
04.12.2024 07:35:04;16.73;
04.12.2024 07:35:05;16.74;
04.12.2024 07:35:06;16.73;
04.12.2024 07:35:07;16.74;
04.12.2024 07:35:09;16.74;
04.12.2024 07:35:10;16.68;
04.12.2024 07:35:11;16.74;
04.12.2024 07:35:12;16.74;
04.12.2024 07:35:13;16.73;
04.12.2024 07:35:15;16.73;
04.12.2024 07:35:16;16.74;
04.12.2024 07:35:17;16.73;
04.12.2024 07:35:18;16.73;
04.12.2024 07:35:19;16.74;
04.12.2024 07:35:20;16.73;
04.12.2024 07:35:21;16.74;
04.12.2024 07:35:23;16.74;
04.12.2024 07:35:24;16.73;
04.12.2024 07:35:25;16.74;
04.12.2024 07:35:30;16.74;
04.12.2024 07:35:31;16.73;
04.12.2024 07:35:32;16.73;
04.12.2024 07:35:33;16.74;
04.12.2024 07:35:34;16.74;
04.12.2024 07:35:35;16.73;
04.12.2024 07:35:36;16.74;
04.12.2024 07:35:37;16.73;
04.12.2024 07:35:38;16.74;
04.12.2024 07:35:39;16.73;
04.12.2024 07:35:40;16.73;
04.12.2024 07:35:41;16.74;
04.12.2024 07:35:42;16.73;
04.12.2024 07:35:47;16.73;
04.12.2024 07:35:48;16.72;
04.12.2024 07:35:49;16.72;
04.12.2024 07:35:50;16.73;
04.12.2024 07:35:51;16.72;
04.12.2024 07:35:52;16.72;
04.12.2024 07:35:53;16.73;
04.12.2024 07:35:55;16.73;
04.12.2024 07:35:56;16.72;
04.12.2024 07:35:57;16.72;
04.12.2024 07:35:58;16.73;
04.12.2024 07:35:59;16.72;
04.12.2024 07:36:00;16.73;
04.12.2024 07:36:01;16.74;
04.12.2024 07:36:02;16.73;
04.12.2024 07:36:04;16.73;
04.12.2024 07:36:05;16.72;
04.12.2024 07:36:06;16.73;
04.12.2024 07:36:07;16.73;
04.12.2024 07:36:08;16.72;
04.12.2024 07:36:09;16.73;
04.12.2024 07:36:11;16.73;
04.12.2024 07:36:12;16.72;
04.12.2024 07:36:13;16.73;
04.12.2024 07:36:14;16.73;
04.12.2024 07:36:15;16.72;
04.12.2024 07:36:16;16.72;
04.12.2024 07:36:17;16.73;
04.12.2024 07:36:21;16.73;
04.12.2024 07:36:22;16.72;
04.12.2024 07:36:25;16.72;
04.12.2024 07:36:26;16.73;
04.12.2024 07:36:27;16.73;
04.12.2024 07:36:28;16.72;
04.12.2024 07:36:29;16.73;
04.12.2024 07:36:31;16.73;
04.12.2024 07:36:32;16.72;
04.12.2024 07:36:33;16.73;
04.12.2024 07:36:34;16.73;
04.12.2024 07:36:35;16.72;
04.12.2024 07:36:36;16.73;
04.12.2024 07:36:39;16.73;
04.12.2024 07:36:40;16.72;
04.12.2024 07:36:41;16.72;
04.12.2024 07:36:42;16.73;
04.12.2024 07:36:43;16.72;
04.12.2024 07:36:44;16.72;
04.12.2024 07:36:45;16.74;
04.12.2024 07:36:46;16.73;
04.12.2024 07:36:47;16.72;
04.12.2024 07:36:48;16.72;
04.12.2024 07:36:49;16.73;
04.12.2024 07:36:50;16.72;
04.12.2024 07:36:55;16.72;
04.12.2024 07:36:56;16.73;
04.12.2024 07:36:57;16.72;
04.12.2024 07:36:58;16.73;
04.12.2024 07:36:59;16.73;
04.12.2024 07:37:00;16.72;
04.12.2024 07:37:05;16.72;
04.12.2024 07:37:06;16.73;
04.12.2024 07:37:07;16.71;
04.12.2024 07:37:08;16.72;
04.12.2024 07:37:12;16.72;
04.12.2024 07:37:13;16.71;
04.12.2024 07:37:14;16.72;
04.12.2024 07:37:16;16.72;
04.12.2024 07:37:17;16.71;
04.12.2024 07:37:18;16.72;
04.12.2024 07:37:21;16.72;
04.12.2024 07:37:22;16.73;
04.12.2024 07:37:23;16.71;
04.12.2024 07:37:24;16.72;
04.12.2024 07:37:25;16.72;
04.12.2024 07:37:26;16.71;
04.12.2024 07:37:28;16.71;
04.12.2024 07:37:29;16.72;
04.12.2024 07:37:30;16.72;
04.12.2024 07:37:31;16.71;
04.12.2024 07:37:32;16.71;
04.12.2024 07:37:33;16.72;
04.12.2024 07:37:34;16.71;
04.12.2024 07:37:37;16.71;
04.12.2024 07:37:38;16.72;
04.12.2024 07:37:39;16.71;
04.12.2024 07:37:40;16.72;
04.12.2024 07:37:41;16.71;
04.12.2024 07:37:43;16.71;
04.12.2024 07:37:44;16.72;
04.12.2024 07:37:45;16.71;
04.12.2024 07:37:46;16.72;
04.12.2024 07:37:47;16.72;
04.12.2024 07:37:48;16.71;
04.12.2024 07:37:49;16.72;
04.12.2024 07:37:50;16.72;
04.12.2024 07:37:51;16.7;
04.12.2024 07:37:52;16.71;
04.12.2024 07:37:53;16.72;
04.12.2024 07:37:54;16.71;
04.12.2024 07:37:58;16.71;
04.12.2024 07:37:59;16.7;
04.12.2024 07:38:00;16.7;
04.12.2024 07:38:01;16.71;
04.12.2024 07:38:09;16.71;
04.12.2024 07:38:10;16.72;
04.12.2024 07:38:11;16.71;
04.12.2024 07:38:18;16.71;
04.12.2024 07:38:19;16.72;
04.12.2024 07:38:20;16.7;
04.12.2024 07:38:23;16.7;
04.12.2024 07:38:24;16.71;
04.12.2024 07:38:25;16.7;
04.12.2024 07:38:27;16.7;
04.12.2024 07:38:28;16.71;
04.12.2024 07:38:29;16.7;
04.12.2024 07:38:30;16.71;
04.12.2024 07:38:31;16.71;
04.12.2024 07:38:32;16.7;
04.12.2024 07:38:35;16.7;
04.12.2024 07:38:36;16.71;
04.12.2024 07:38:37;16.7;
04.12.2024 07:38:38;16.71;
04.12.2024 07:38:41;16.71;
04.12.2024 07:38:42;16.7;
04.12.2024 07:38:43;16.7;
04.12.2024 07:38:44;16.71;
04.12.2024 07:38:45;16.7;
04.12.2024 07:38:46;16.7;
04.12.2024 07:38:47;16.69;
04.12.2024 07:38:48;16.7;
04.12.2024 07:38:49;16.71;
04.12.2024 07:38:50;16.7;
04.12.2024 07:38:54;16.7;
04.12.2024 07:38:55;16.69;
04.12.2024 07:38:56;16.7;
04.12.2024 07:38:57;16.7;
04.12.2024 07:38:58;16.71;
04.12.2024 07:38:59;16.69;
04.12.2024 07:39:00;16.69;
04.12.2024 07:39:01;16.7;
04.12.2024 07:39:03;16.7;
04.12.2024 07:39:04;16.69;
04.12.2024 07:39:05;16.7;
04.12.2024 07:39:07;16.7;
04.12.2024 07:39:08;16.69;
04.12.2024 07:39:09;16.7;
04.12.2024 07:39:11;16.7;
04.12.2024 07:39:12;16.69;
04.12.2024 07:39:13;16.69;
04.12.2024 07:39:14;16.7;
04.12.2024 07:39:15;16.69;
04.12.2024 07:39:16;16.7;
04.12.2024 07:39:17;16.7;
04.12.2024 07:39:18;16.69;
04.12.2024 07:39:19;16.69;
04.12.2024 07:39:20;16.7;
04.12.2024 07:39:22;16.7;
04.12.2024 07:39:23;16.69;
04.12.2024 07:39:24;16.7;
04.12.2024 07:39:25;16.69;
04.12.2024 07:39:26;16.69;
04.12.2024 07:39:27;16.7;
04.12.2024 07:39:28;16.7;
04.12.2024 07:39:29;16.69;
04.12.2024 07:39:30;16.7;
04.12.2024 07:39:31;16.69;
04.12.2024 07:39:35;16.69;
04.12.2024 07:39:36;16.7;
04.12.2024 07:39:39;16.7;
04.12.2024 07:39:40;16.69;
04.12.2024 07:39:42;16.69;
04.12.2024 07:39:43;16.7;
04.12.2024 07:39:44;16.7;
04.12.2024 07:39:45;16.69;
04.12.2024 07:39:46;16.69;
04.12.2024 07:39:47;16.7;
04.12.2024 07:39:48;16.7;
04.12.2024 07:39:49;16.69;
04.12.2024 07:39:51;16.69;
04.12.2024 07:39:52;16.7;
04.12.2024 07:39:53;16.69;
04.12.2024 07:39:56;16.69;
04.12.2024 07:39:57;16.7;
04.12.2024 07:39:58;16.69;
04.12.2024 07:40:00;16.69;
04.12.2024 07:40:01;16.7;
04.12.2024 07:40:02;16.69;
04.12.2024 07:40:06;16.69;
04.12.2024 07:40:07;16.7;
04.12.2024 07:40:08;16.69;
04.12.2024 07:40:09;16.69;
04.12.2024 07:40:10;16.68;
04.12.2024 07:40:11;16.69;
04.12.2024 07:40:15;16.69;
04.12.2024 07:40:16;16.68;
04.12.2024 07:40:17;16.68;
04.12.2024 07:40:18;16.69;
04.12.2024 07:40:19;16.68;
04.12.2024 07:40:22;16.68;
04.12.2024 07:40:23;16.69;
04.12.2024 07:40:26;16.69;
04.12.2024 07:40:27;16.68;
04.12.2024 07:40:29;16.68;
04.12.2024 07:40:30;16.69;
04.12.2024 07:40:31;16.68;
04.12.2024 07:40:33;16.68;
04.12.2024 07:40:34;16.69;
04.12.2024 07:40:35;16.68;
04.12.2024 07:40:36;16.68;
04.12.2024 07:40:37;16.69;
04.12.2024 07:40:38;16.68;
04.12.2024 07:40:39;16.69;
04.12.2024 07:40:40;16.68;
04.12.2024 07:40:46;16.68;
04.12.2024 07:40:47;16.69;
04.12.2024 07:40:48;16.68;
04.12.2024 07:40:49;16.67;
04.12.2024 07:40:50;16.68;
04.12.2024 07:40:51;16.68;
04.12.2024 07:40:52;16.69;
04.12.2024 07:40:53;16.68;
04.12.2024 07:40:54;16.67;
04.12.2024 07:40:55;16.68;
04.12.2024 07:41:08;16.68;
04.12.2024 07:41:09;16.67;
04.12.2024 07:41:10;16.68;
04.12.2024 07:41:11;16.67;
04.12.2024 07:41:12;16.68;
04.12.2024 07:41:13;16.67;
04.12.2024 07:41:15;16.67;
04.12.2024 07:41:16;16.68;
04.12.2024 07:41:17;16.68;
04.12.2024 07:41:18;16.67;
04.12.2024 07:41:19;16.67;
04.12.2024 07:41:20;16.68;
04.12.2024 07:41:21;16.68;
04.12.2024 07:41:22;16.67;
04.12.2024 07:41:23;16.67;
04.12.2024 07:41:24;16.68;
04.12.2024 07:41:26;16.68;
04.12.2024 07:41:27;16.67;
04.12.2024 07:41:36;16.67;
04.12.2024 07:41:37;16.68;
04.12.2024 07:41:38;16.67;
04.12.2024 07:41:39;16.68;
04.12.2024 07:41:40;16.68;
04.12.2024 07:41:41;16.67;
04.12.2024 07:41:42;16.68;
04.12.2024 07:41:43;16.67;
04.12.2024 07:41:44;16.68;
04.12.2024 07:41:45;16.68;
04.12.2024 07:41:46;16.67;
04.12.2024 07:41:57;16.67;
04.12.2024 07:41:58;16.68;
04.12.2024 07:41:59;16.67;
04.12.2024 07:42:02;16.67;
04.12.2024 07:42:03;16.66;
04.12.2024 07:42:04;16.67;
04.12.2024 07:42:06;16.67;
04.12.2024 07:42:07;16.66;
04.12.2024 07:42:08;16.67;
04.12.2024 07:42:12;16.67;
04.12.2024 07:42:13;16.68;
04.12.2024 07:42:14;16.66;
04.12.2024 07:42:16;16.66;
04.12.2024 07:42:17;16.67;
04.12.2024 07:42:19;16.67;
04.12.2024 07:42:20;16.66;
04.12.2024 07:42:22;16.66;
04.12.2024 07:42:23;16.67;
04.12.2024 07:42:24;16.67;
04.12.2024 07:42:25;16.66;
04.12.2024 07:42:26;16.66;
04.12.2024 07:42:27;16.67;
04.12.2024 07:42:28;16.66;
04.12.2024 07:42:29;16.66;
04.12.2024 07:42:30;16.67;
04.12.2024 07:42:31;16.66;
04.12.2024 07:42:32;16.67;
04.12.2024 07:42:33;16.66;
04.12.2024 07:42:34;16.67;
04.12.2024 07:42:35;16.66;
04.12.2024 07:42:36;16.67;
04.12.2024 07:42:37;16.66;
04.12.2024 07:42:41;16.66;
04.12.2024 07:42:42;16.67;
04.12.2024 07:42:43;16.66;
04.12.2024 07:42:46;16.66;
04.12.2024 07:42:47;16.68;
04.12.2024 07:42:48;16.66;
04.12.2024 07:42:51;16.66;
04.12.2024 07:42:52;16.67;
04.12.2024 07:42:53;16.67;
04.12.2024 07:42:54;16.66;
04.12.2024 07:42:59;16.66;
04.12.2024 07:43:00;16.67;
04.12.2024 07:43:01;16.66;
04.12.2024 07:43:03;16.66;
04.12.2024 07:43:04;16.67;
04.12.2024 07:43:05;16.66;
04.12.2024 07:43:06;16.65;
04.12.2024 07:43:07;16.66;
04.12.2024 07:43:09;16.66;
04.12.2024 07:43:10;16.65;
04.12.2024 07:43:12;16.65;
04.12.2024 07:43:13;16.66;
04.12.2024 07:43:15;16.66;
04.12.2024 07:43:16;16.65;
04.12.2024 07:43:17;16.65;
04.12.2024 07:43:18;16.66;
04.12.2024 07:43:19;16.65;
04.12.2024 07:43:20;16.66;
04.12.2024 07:43:23;16.66;
04.12.2024 07:43:24;16.65;
04.12.2024 07:43:26;16.65;
04.12.2024 07:43:27;16.66;
04.12.2024 07:43:28;16.67;
04.12.2024 07:43:29;16.66;
04.12.2024 07:43:30;16.65;
04.12.2024 07:43:31;16.65;
04.12.2024 07:43:32;16.66;
04.12.2024 07:43:33;16.66;
04.12.2024 07:43:34;16.65;
04.12.2024 07:43:35;16.66;
04.12.2024 07:43:36;16.66;
04.12.2024 07:43:37;16.65;
04.12.2024 07:43:39;16.65;
04.12.2024 07:43:40;16.66;
04.12.2024 07:43:41;16.65;
04.12.2024 07:43:42;16.65;
04.12.2024 07:43:43;16.66;
04.12.2024 07:43:44;16.65;
04.12.2024 07:43:45;16.65;
04.12.2024 07:43:46;16.64;
04.12.2024 07:43:47;16.65;
04.12.2024 07:43:50;16.65;
04.12.2024 07:43:51;16.64;
04.12.2024 07:43:52;16.65;
04.12.2024 07:43:54;16.65;
04.12.2024 07:43:55;16.64;
04.12.2024 07:43:56;16.65;
04.12.2024 07:43:59;16.65;
04.12.2024 07:44:00;16.66;
04.12.2024 07:44:01;16.64;
04.12.2024 07:44:02;16.65;
04.12.2024 07:44:08;16.65;
04.12.2024 07:44:09;16.66;
04.12.2024 07:44:10;16.65;
04.12.2024 07:44:17;16.65;
04.12.2024 07:44:18;16.64;
04.12.2024 07:44:19;16.65;
04.12.2024 07:44:22;16.65;
04.12.2024 07:44:23;16.64;
04.12.2024 07:44:25;16.64;
04.12.2024 07:44:26;16.65;
04.12.2024 07:44:32;16.65;
04.12.2024 07:44:33;16.64;
04.12.2024 07:44:34;16.65;
04.12.2024 07:44:36;16.65;
04.12.2024 07:44:37;16.63;
04.12.2024 07:44:38;16.65;
04.12.2024 07:44:39;16.64;
04.12.2024 07:44:40;16.64;
04.12.2024 07:44:41;16.65;
04.12.2024 07:44:42;16.64;
04.12.2024 07:44:44;16.64;
04.12.2024 07:44:45;16.65;
04.12.2024 07:44:46;16.64;
04.12.2024 07:44:47;16.65;
04.12.2024 07:44:48;16.64;
04.12.2024 07:44:49;16.63;
04.12.2024 07:44:50;16.64;
04.12.2024 07:44:51;16.65;
04.12.2024 07:44:52;16.64;
04.12.2024 07:44:53;16.63;
04.12.2024 07:44:54;16.64;
04.12.2024 07:44:55;16.65;
04.12.2024 07:44:56;16.64;
04.12.2024 07:45:05;16.64;
04.12.2024 07:45:06;16.63;
04.12.2024 07:45:07;16.64;
04.12.2024 07:45:08;16.65;
04.12.2024 07:45:09;16.64;
04.12.2024 07:45:11;16.64;
04.12.2024 07:45:12;16.65;
04.12.2024 07:45:13;16.64;
04.12.2024 07:45:14;16.64;
04.12.2024 07:45:15;16.65;
04.12.2024 07:45:16;16.64;
04.12.2024 07:45:17;16.64;
04.12.2024 07:45:18;16.65;
04.12.2024 07:45:19;16.63;
04.12.2024 07:45:20;16.64;
04.12.2024 07:45:22;16.64;
04.12.2024 07:45:23;16.63;
04.12.2024 07:45:24;16.64;
04.12.2024 07:45:27;16.64;
04.12.2024 07:45:28;16.65;
04.12.2024 07:45:29;16.64;
04.12.2024 07:45:30;16.64;
04.12.2024 07:45:31;16.63;
04.12.2024 07:45:32;16.64;
04.12.2024 07:45:33;16.63;
04.12.2024 07:45:34;16.63;
04.12.2024 07:45:35;16.64;
04.12.2024 07:45:36;16.64;
04.12.2024 07:45:37;16.63;
04.12.2024 07:45:38;16.64;
04.12.2024 07:45:41;16.64;
04.12.2024 07:45:42;16.63;
04.12.2024 07:45:43;16.64;
04.12.2024 07:45:45;16.64;
04.12.2024 07:45:46;16.63;
04.12.2024 07:45:47;16.63;
04.12.2024 07:45:48;16.64;
04.12.2024 07:45:49;16.63;
04.12.2024 07:45:50;16.64;
04.12.2024 07:45:51;16.64;
04.12.2024 07:45:52;16.63;
04.12.2024 07:45:53;16.63;
04.12.2024 07:45:54;16.64;
04.12.2024 07:45:55;16.63;
04.12.2024 07:45:56;16.64;
04.12.2024 07:45:57;16.63;
04.12.2024 07:46:01;16.63;
04.12.2024 07:46:02;16.64;
04.12.2024 07:46:03;16.63;
04.12.2024 07:46:04;16.63;
04.12.2024 07:46:05;16.64;
04.12.2024 07:46:06;16.64;
04.12.2024 07:46:07;16.63;
04.12.2024 07:46:08;16.64;
04.12.2024 07:46:11;16.64;
04.12.2024 07:46:12;16.63;
04.12.2024 07:46:14;16.63;
04.12.2024 07:46:15;16.64;
04.12.2024 07:46:16;16.63;
04.12.2024 07:46:18;16.63;
04.12.2024 07:46:19;16.62;
04.12.2024 07:46:20;16.64;
04.12.2024 07:46:21;16.63;
04.12.2024 07:46:23;16.63;
04.12.2024 07:46:24;16.62;
04.12.2024 07:46:25;16.64;
04.12.2024 07:46:26;16.63;
04.12.2024 07:46:27;16.63;
04.12.2024 07:46:28;16.62;
04.12.2024 07:46:29;16.63;
04.12.2024 07:46:32;16.63;
04.12.2024 07:46:33;16.62;
04.12.2024 07:46:34;16.62;
04.12.2024 07:46:35;16.63;
04.12.2024 07:46:37;16.63;
04.12.2024 07:46:38;16.62;
04.12.2024 07:46:39;16.63;
04.12.2024 07:46:41;16.63;
04.12.2024 07:46:42;16.62;
04.12.2024 07:46:43;16.63;
04.12.2024 07:46:44;16.63;
04.12.2024 07:46:45;16.62;
04.12.2024 07:46:47;16.62;
04.12.2024 07:46:48;16.63;
04.12.2024 07:46:49;16.62;
04.12.2024 07:46:52;16.62;
04.12.2024 07:46:53;16.63;
04.12.2024 07:46:54;16.62;
04.12.2024 07:46:55;16.62;
04.12.2024 07:46:56;16.63;
04.12.2024 07:46:57;16.62;
04.12.2024 07:47:06;16.62;
04.12.2024 07:47:07;16.61;
04.12.2024 07:47:08;16.62;
04.12.2024 07:47:10;16.62;
04.12.2024 07:47:11;16.61;
04.12.2024 07:47:12;16.62;
04.12.2024 07:47:13;16.61;
04.12.2024 07:47:14;16.63;
04.12.2024 07:47:15;16.62;
04.12.2024 07:47:19;16.62;
04.12.2024 07:47:20;16.61;
04.12.2024 07:47:21;16.62;
04.12.2024 07:47:22;16.62;
04.12.2024 07:47:23;16.61;
04.12.2024 07:47:24;16.62;
04.12.2024 07:47:25;16.61;
04.12.2024 07:47:26;16.62;
04.12.2024 07:47:27;16.61;
04.12.2024 07:47:28;16.62;
04.12.2024 07:47:29;16.61;
04.12.2024 07:47:35;16.61;
04.12.2024 07:47:36;16.62;
04.12.2024 07:47:37;16.61;
04.12.2024 07:47:38;16.62;
04.12.2024 07:47:39;16.61;
04.12.2024 07:47:40;16.61;
04.12.2024 07:47:41;16.62;
04.12.2024 07:47:42;16.61;
04.12.2024 07:47:43;16.61;
04.12.2024 07:47:44;16.62;
04.12.2024 07:47:45;16.61;
04.12.2024 07:47:46;16.61;
04.12.2024 07:47:47;16.62;
04.12.2024 07:47:48;16.61;
04.12.2024 07:47:49;16.6;
04.12.2024 07:47:50;16.61;
04.12.2024 07:48:04;16.61;
04.12.2024 07:48:05;16.62;
04.12.2024 07:48:06;16.61;
04.12.2024 07:48:11;16.61;
04.12.2024 07:48:12;16.6;
04.12.2024 07:48:13;16.61;
04.12.2024 07:48:14;16.6;
04.12.2024 07:48:15;16.61;
04.12.2024 07:48:16;16.61;
04.12.2024 07:48:17;16.6;
04.12.2024 07:48:18;16.61;
04.12.2024 07:48:22;16.61;
04.12.2024 07:48:23;16.6;
04.12.2024 07:48:28;16.6;
04.12.2024 07:48:29;16.61;
04.12.2024 07:48:30;16.6;
04.12.2024 07:48:31;16.61;
04.12.2024 07:48:32;16.61;
04.12.2024 07:48:33;16.6;
04.12.2024 07:48:34;16.61;
04.12.2024 07:48:35;16.6;
04.12.2024 07:48:36;16.6;
04.12.2024 07:48:37;16.61;
04.12.2024 07:48:39;16.61;
04.12.2024 07:48:40;16.6;
04.12.2024 07:48:41;16.61;
04.12.2024 07:48:44;16.61;
04.12.2024 07:48:45;16.6;
04.12.2024 07:48:46;16.61;
04.12.2024 07:48:47;16.6;
04.12.2024 07:48:48;16.59;
04.12.2024 07:48:49;16.6;
04.12.2024 07:48:58;16.6;
04.12.2024 07:48:59;16.59;
04.12.2024 07:49:00;16.6;
04.12.2024 07:49:01;16.59;
04.12.2024 07:49:02;16.6;
04.12.2024 07:49:03;16.6;
04.12.2024 07:49:04;16.59;
04.12.2024 07:49:06;16.59;
04.12.2024 07:49:07;16.6;
04.12.2024 07:49:13;16.6;
04.12.2024 07:49:14;16.61;
04.12.2024 07:49:15;16.6;
04.12.2024 07:49:18;16.6;
04.12.2024 07:49:19;16.61;
04.12.2024 07:49:20;16.6;
04.12.2024 07:49:24;16.6;
04.12.2024 07:49:25;16.59;
04.12.2024 07:49:26;16.6;
04.12.2024 07:49:27;16.59;
04.12.2024 07:49:28;16.6;
04.12.2024 07:49:29;16.6;
04.12.2024 07:49:30;16.59;
04.12.2024 07:49:31;16.6;
04.12.2024 07:49:32;16.59;
04.12.2024 07:49:35;16.59;
04.12.2024 07:49:36;16.6;
04.12.2024 07:49:37;16.59;
04.12.2024 07:49:38;16.6;
04.12.2024 07:49:39;16.59;
04.12.2024 07:49:40;16.6;
04.12.2024 07:49:41;16.59;
04.12.2024 07:49:42;16.59;
04.12.2024 07:49:43;16.6;
04.12.2024 07:49:44;16.59;
04.12.2024 07:49:45;16.58;
04.12.2024 07:49:46;16.59;
04.12.2024 07:49:47;16.6;
04.12.2024 07:49:48;16.6;
04.12.2024 07:49:49;16.59;
04.12.2024 07:49:51;16.59;
04.12.2024 07:49:52;16.6;
04.12.2024 07:49:53;16.59;
04.12.2024 07:49:54;16.59;
04.12.2024 07:49:55;16.6;
04.12.2024 07:49:56;16.59;
04.12.2024 07:50:04;16.59;
04.12.2024 07:50:05;16.58;
04.12.2024 07:50:06;16.58;
04.12.2024 07:50:07;16.59;
04.12.2024 07:50:10;16.59;
04.12.2024 07:50:11;16.58;
04.12.2024 07:50:12;16.59;
04.12.2024 07:50:14;16.59;
04.12.2024 07:50:15;16.58;
04.12.2024 07:50:16;16.59;
04.12.2024 07:50:21;16.59;
04.12.2024 07:50:22;16.58;
04.12.2024 07:50:23;16.58;
04.12.2024 07:50:24;16.59;
04.12.2024 07:50:25;16.58;
04.12.2024 07:50:26;16.6;
04.12.2024 07:50:27;16.59;
04.12.2024 07:50:28;16.59;
04.12.2024 07:50:29;16.58;
04.12.2024 07:50:30;16.58;
04.12.2024 07:50:31;16.59;
04.12.2024 07:50:32;16.58;
04.12.2024 07:50:33;16.58;
04.12.2024 07:50:34;16.59;
04.12.2024 07:50:35;16.58;
04.12.2024 07:50:37;16.58;
04.12.2024 07:50:38;16.59;
04.12.2024 07:50:40;16.59;
04.12.2024 07:50:41;16.58;
04.12.2024 07:50:42;16.59;
04.12.2024 07:50:43;16.58;
04.12.2024 07:50:44;16.58;
04.12.2024 07:50:45;16.57;
04.12.2024 07:50:46;16.58;
04.12.2024 07:50:48;16.58;
04.12.2024 07:50:49;16.57;
04.12.2024 07:50:50;16.58;
04.12.2024 07:50:54;16.58;
04.12.2024 07:50:55;16.57;
04.12.2024 07:50:56;16.58;
04.12.2024 07:50:57;16.58;
04.12.2024 07:50:58;16.57;
04.12.2024 07:50:59;16.58;
04.12.2024 07:51:01;16.58;
04.12.2024 07:51:02;16.57;
04.12.2024 07:51:03;16.58;
04.12.2024 07:51:04;16.58;
04.12.2024 07:51:05;16.57;
04.12.2024 07:51:06;16.59;
04.12.2024 07:51:07;16.57;
04.12.2024 07:51:08;16.58;
04.12.2024 07:51:09;16.57;
04.12.2024 07:51:10;16.58;
04.12.2024 07:51:11;16.58;
04.12.2024 07:51:12;16.57;
04.12.2024 07:51:16;16.57;
04.12.2024 07:51:17;16.58;
04.12.2024 07:51:19;16.58;
04.12.2024 07:51:20;16.57;
04.12.2024 07:51:21;16.58;
04.12.2024 07:51:23;16.58;
04.12.2024 07:51:24;16.57;
04.12.2024 07:51:29;16.57;
04.12.2024 07:51:30;16.58;
04.12.2024 07:51:32;16.58;
04.12.2024 07:51:33;16.57;
04.12.2024 07:51:34;16.58;
04.12.2024 07:51:35;16.58;
04.12.2024 07:51:36;16.57;
04.12.2024 07:51:37;16.58;
04.12.2024 07:51:38;16.57;
04.12.2024 07:51:45;16.57;
04.12.2024 07:51:46;16.58;
04.12.2024 07:51:47;16.57;
04.12.2024 07:51:48;16.58;
04.12.2024 07:51:49;16.57;
04.12.2024 07:51:50;16.57;
04.12.2024 07:51:51;16.58;
04.12.2024 07:51:52;16.57;
04.12.2024 07:51:53;16.58;
04.12.2024 07:51:54;16.57;
04.12.2024 07:51:55;16.58;
04.12.2024 07:51:56;16.57;
04.12.2024 07:51:57;16.57;
04.12.2024 07:51:58;16.58;
04.12.2024 07:51:59;16.57;
04.12.2024 07:52:04;16.57;
04.12.2024 07:52:05;16.56;
04.12.2024 07:52:06;16.57;
04.12.2024 07:52:08;16.57;
04.12.2024 07:52:09;16.58;
04.12.2024 07:52:10;16.57;
04.12.2024 07:52:11;16.56;
04.12.2024 07:52:12;16.57;
04.12.2024 07:52:13;16.56;
04.12.2024 07:52:14;16.57;
04.12.2024 07:52:24;16.57;
04.12.2024 07:52:25;16.56;
04.12.2024 07:52:26;16.56;
04.12.2024 07:52:27;16.57;
04.12.2024 07:52:34;16.57;
04.12.2024 07:52:35;16.56;
04.12.2024 07:52:42;16.56;
04.12.2024 07:52:43;16.57;
04.12.2024 07:52:44;16.56;
04.12.2024 07:52:52;16.56;
04.12.2024 07:52:53;16.55;
04.12.2024 07:52:54;16.56;
04.12.2024 07:52:56;16.56;
04.12.2024 07:52:57;16.55;
04.12.2024 07:52:58;16.55;
04.12.2024 07:52:59;16.56;
04.12.2024 07:53:04;16.56;
04.12.2024 07:53:05;16.55;
04.12.2024 07:53:06;16.56;
04.12.2024 07:53:07;16.57;
04.12.2024 07:53:08;16.56;
04.12.2024 07:53:09;16.55;
04.12.2024 07:53:10;16.55;
04.12.2024 07:53:11;16.56;
04.12.2024 07:53:13;16.56;
04.12.2024 07:53:14;16.55;
04.12.2024 07:53:15;16.55;
04.12.2024 07:53:16;16.56;
04.12.2024 07:53:17;16.55;
04.12.2024 07:53:18;16.55;
04.12.2024 07:53:19;16.56;
04.12.2024 07:53:21;16.56;
04.12.2024 07:53:22;16.55;
04.12.2024 07:53:23;16.55;
04.12.2024 07:53:24;16.56;
04.12.2024 07:53:25;16.55;
04.12.2024 07:53:27;16.55;
04.12.2024 07:53:28;16.56;
04.12.2024 07:53:29;16.55;
04.12.2024 07:53:31;16.55;
04.12.2024 07:53:32;16.56;
04.12.2024 07:53:33;16.55;
04.12.2024 07:53:43;16.55;
04.12.2024 07:53:44;16.56;
04.12.2024 07:53:45;16.55;
04.12.2024 07:53:46;16.55;
04.12.2024 07:53:47;16.56;
04.12.2024 07:53:48;16.56;
04.12.2024 07:53:49;16.55;
04.12.2024 07:53:50;16.55;
04.12.2024 07:53:51;16.56;
04.12.2024 07:53:52;16.55;
04.12.2024 07:53:53;16.55;
04.12.2024 07:53:54;16.54;
04.12.2024 07:53:55;16.54;
04.12.2024 07:53:56;16.55;
04.12.2024 07:54:01;16.55;
04.12.2024 07:54:02;16.54;
04.12.2024 07:54:07;16.54;
04.12.2024 07:54:08;16.55;
04.12.2024 07:54:09;16.54;
04.12.2024 07:54:10;16.55;
04.12.2024 07:54:11;16.55;
04.12.2024 07:54:12;16.54;
04.12.2024 07:54:13;16.54;
04.12.2024 07:54:14;16.55;
04.12.2024 07:54:15;16.54;
04.12.2024 07:54:16;16.54;
04.12.2024 07:54:17;16.55;
04.12.2024 07:54:19;16.55;
04.12.2024 07:54:20;16.54;
04.12.2024 07:54:21;16.55;
04.12.2024 07:54:22;16.55;
04.12.2024 07:54:23;16.54;
04.12.2024 07:54:26;16.54;
04.12.2024 07:54:27;16.53;
04.12.2024 07:54:28;16.54;
04.12.2024 07:54:29;16.55;
04.12.2024 07:54:30;16.54;
04.12.2024 07:54:31;16.55;
04.12.2024 07:54:32;16.55;
04.12.2024 07:54:33;16.54;
04.12.2024 07:54:34;16.55;
04.12.2024 07:54:35;16.54;
04.12.2024 07:54:36;16.55;
04.12.2024 07:54:40;16.55;
04.12.2024 07:54:41;16.54;
04.12.2024 07:54:43;16.54;
04.12.2024 07:54:44;16.55;
04.12.2024 07:54:47;16.55;
04.12.2024 07:54:48;16.54;
04.12.2024 07:54:49;16.53;
04.12.2024 07:54:50;16.55;
04.12.2024 07:54:51;16.54;
04.12.2024 07:54:53;16.54;
04.12.2024 07:54:54;16.55;
04.12.2024 07:54:55;16.54;
04.12.2024 07:54:56;16.53;
04.12.2024 07:54:57;16.55;
04.12.2024 07:54:58;16.54;
04.12.2024 07:55:00;16.54;
04.12.2024 07:55:01;16.53;
04.12.2024 07:55:02;16.54;
04.12.2024 07:55:03;16.54;
04.12.2024 07:55:04;16.52;
04.12.2024 07:55:05;16.54;
04.12.2024 07:55:06;16.53;
04.12.2024 07:55:07;16.54;
04.12.2024 07:55:08;16.53;
04.12.2024 07:55:11;16.53;
04.12.2024 07:55:12;16.54;
04.12.2024 07:55:13;16.53;
04.12.2024 07:55:14;16.53;
04.12.2024 07:55:15;16.54;
04.12.2024 07:55:18;16.54;
04.12.2024 07:55:19;16.53;
04.12.2024 07:55:20;16.54;
04.12.2024 07:55:21;16.54;
04.12.2024 07:55:22;16.53;
04.12.2024 07:55:23;16.54;
04.12.2024 07:55:24;16.53;
04.12.2024 07:55:26;16.53;
04.12.2024 07:55:27;16.54;
04.12.2024 07:55:28;16.53;
04.12.2024 07:55:31;16.53;
04.12.2024 07:55:32;16.54;
04.12.2024 07:55:33;16.53;
04.12.2024 07:55:36;16.53;
04.12.2024 07:55:37;16.54;
04.12.2024 07:55:38;16.53;
04.12.2024 07:55:39;16.52;
04.12.2024 07:55:40;16.53;
04.12.2024 07:55:43;16.53;
04.12.2024 07:55:44;16.54;
04.12.2024 07:55:45;16.53;
04.12.2024 07:55:46;16.53;
04.12.2024 07:55:47;16.52;
04.12.2024 07:55:48;16.53;
04.12.2024 07:55:49;16.53;
04.12.2024 07:55:50;16.54;
04.12.2024 07:55:51;16.53;
04.12.2024 07:55:56;16.53;
04.12.2024 07:55:57;16.52;
04.12.2024 07:55:58;16.53;
04.12.2024 07:56:02;16.53;
04.12.2024 07:56:03;16.52;
04.12.2024 07:56:04;16.53;
04.12.2024 07:56:05;16.52;
04.12.2024 07:56:06;16.52;
04.12.2024 07:56:07;16.53;
04.12.2024 07:56:08;16.52;
04.12.2024 07:56:09;16.53;
04.12.2024 07:56:17;16.53;
04.12.2024 07:56:18;16.54;
04.12.2024 07:56:19;16.52;
04.12.2024 07:56:21;16.52;
04.12.2024 07:56:22;16.53;
04.12.2024 07:56:25;16.53;
04.12.2024 07:56:26;16.52;
04.12.2024 07:56:27;16.53;
04.12.2024 07:56:29;16.53;
04.12.2024 07:56:30;16.52;
04.12.2024 07:56:31;16.52;
04.12.2024 07:56:32;16.53;
04.12.2024 07:56:33;16.52;
04.12.2024 07:56:34;16.53;
04.12.2024 07:56:35;16.52;
04.12.2024 07:56:36;16.53;
04.12.2024 07:56:37;16.52;
04.12.2024 07:56:40;16.52;
04.12.2024 07:56:41;16.53;
04.12.2024 07:56:43;16.53;
04.12.2024 07:56:44;16.52;
04.12.2024 07:56:46;16.52;
04.12.2024 07:56:47;16.53;
04.12.2024 07:56:48;16.51;
04.12.2024 07:56:49;16.53;
04.12.2024 07:56:50;16.52;
04.12.2024 07:56:51;16.52;
04.12.2024 07:56:52;16.51;
04.12.2024 07:56:53;16.53;
04.12.2024 07:56:54;16.52;
04.12.2024 07:56:55;16.53;
04.12.2024 07:56:56;16.53;
04.12.2024 07:56:57;16.51;
04.12.2024 07:56:58;16.53;
04.12.2024 07:56:59;16.53;
04.12.2024 07:57:00;16.52;
04.12.2024 07:57:01;16.52;
04.12.2024 07:57:02;16.51;
04.12.2024 07:57:05;16.51;
04.12.2024 07:57:06;16.52;
04.12.2024 07:57:07;16.51;
04.12.2024 07:57:08;16.52;
04.12.2024 07:57:09;16.51;
04.12.2024 07:57:10;16.52;
04.12.2024 07:57:11;16.52;
04.12.2024 07:57:12;16.51;
04.12.2024 07:57:13;16.51;
04.12.2024 07:57:14;16.52;
04.12.2024 07:57:15;16.51;
04.12.2024 07:57:17;16.51;
04.12.2024 07:57:18;16.52;
04.12.2024 07:57:19;16.51;
04.12.2024 07:57:20;16.51;
04.12.2024 07:57:21;16.52;
04.12.2024 07:57:22;16.51;
04.12.2024 07:57:23;16.51;
04.12.2024 07:57:24;16.52;
04.12.2024 07:57:26;16.52;
04.12.2024 07:57:27;16.51;
04.12.2024 07:57:31;16.51;
04.12.2024 07:57:32;16.52;
04.12.2024 07:57:33;16.51;
04.12.2024 07:57:34;16.52;
04.12.2024 07:57:35;16.5;
04.12.2024 07:57:36;16.51;
04.12.2024 07:57:37;16.51;
04.12.2024 07:57:38;16.52;
04.12.2024 07:57:39;16.51;
04.12.2024 07:57:40;16.51;
04.12.2024 07:57:41;16.52;
04.12.2024 07:57:42;16.51;
04.12.2024 07:57:43;16.51;
04.12.2024 07:57:44;16.5;
04.12.2024 07:57:45;16.51;
04.12.2024 07:57:54;16.51;
04.12.2024 07:57:55;16.52;
04.12.2024 07:57:56;16.52;
04.12.2024 07:57:57;16.51;
04.12.2024 07:57:59;16.51;
04.12.2024 07:58:00;16.5;
04.12.2024 07:58:01;16.51;
04.12.2024 07:58:02;16.51;
04.12.2024 07:58:03;16.5;
04.12.2024 07:58:04;16.5;
04.12.2024 07:58:05;16.51;
04.12.2024 07:58:11;16.51;
04.12.2024 07:58:12;16.5;
04.12.2024 07:58:13;16.5;
04.12.2024 07:58:14;16.51;
04.12.2024 07:58:16;16.51;
04.12.2024 07:58:17;16.5;
04.12.2024 07:58:18;16.51;
04.12.2024 07:58:19;16.5;
04.12.2024 07:58:20;16.5;
04.12.2024 07:58:21;16.51;
04.12.2024 07:58:22;16.51;
04.12.2024 07:58:23;16.5;
04.12.2024 07:58:24;16.51;
04.12.2024 07:58:25;16.5;
04.12.2024 07:58:27;16.5;
04.12.2024 07:58:28;16.51;
04.12.2024 07:58:29;16.51;
04.12.2024 07:58:30;16.5;
04.12.2024 07:58:31;16.51;
04.12.2024 07:58:34;16.51;
04.12.2024 07:58:35;16.5;
04.12.2024 07:58:38;16.5;
04.12.2024 07:58:39;16.51;
04.12.2024 07:58:40;16.5;
04.12.2024 07:58:41;16.51;
04.12.2024 07:58:42;16.5;
04.12.2024 07:58:50;16.5;
04.12.2024 07:58:51;16.49;
04.12.2024 07:58:54;16.49;
04.12.2024 07:58:55;16.5;
04.12.2024 07:58:56;16.5;
04.12.2024 07:58:57;16.49;
04.12.2024 07:58:58;16.5;
04.12.2024 07:59:02;16.5;
04.12.2024 07:59:03;16.49;
04.12.2024 07:59:04;16.5;
04.12.2024 07:59:05;16.49;
04.12.2024 07:59:07;16.49;
04.12.2024 07:59:08;16.5;
04.12.2024 07:59:09;16.49;
04.12.2024 07:59:10;16.5;
04.12.2024 07:59:12;16.5;
04.12.2024 07:59:13;16.49;
04.12.2024 07:59:14;16.5;
04.12.2024 07:59:19;16.5;
04.12.2024 07:59:20;16.51;
04.12.2024 07:59:21;16.5;
04.12.2024 07:59:22;16.49;
04.12.2024 07:59:25;16.49;
04.12.2024 07:59:26;16.5;
04.12.2024 07:59:27;16.49;
04.12.2024 07:59:28;16.5;
04.12.2024 07:59:29;16.51;
04.12.2024 07:59:30;16.5;
04.12.2024 07:59:35;16.5;
04.12.2024 07:59:36;16.49;
04.12.2024 07:59:37;16.49;
04.12.2024 07:59:38;16.5;
04.12.2024 07:59:39;16.49;
04.12.2024 07:59:41;16.49;
04.12.2024 07:59:42;16.5;
04.12.2024 07:59:43;16.49;
04.12.2024 07:59:44;16.5;
04.12.2024 07:59:45;16.5;
04.12.2024 07:59:46;16.49;
04.12.2024 07:59:47;16.5;
04.12.2024 07:59:48;16.49;
04.12.2024 07:59:49;16.49;
04.12.2024 07:59:50;16.5;
04.12.2024 07:59:51;16.49;
04.12.2024 07:59:53;16.49;
04.12.2024 07:59:54;16.48;
04.12.2024 07:59:55;16.49;
04.12.2024 07:59:58;16.49;
04.12.2024 07:59:59;16.5;
04.12.2024 08:00:00;16.49;
04.12.2024 08:00:06;16.49;
04.12.2024 08:00:07;16.48;
04.12.2024 08:00:09;16.48;
04.12.2024 08:00:10;16.49;
04.12.2024 08:00:11;16.48;
04.12.2024 08:00:17;16.48;
04.12.2024 08:00:18;16.49;
04.12.2024 08:00:19;16.48;
04.12.2024 08:00:20;16.48;
04.12.2024 08:00:21;16.47;
04.12.2024 08:00:22;16.48;
04.12.2024 08:00:33;16.48;
04.12.2024 08:00:34;16.49;
04.12.2024 08:00:35;16.48;
04.12.2024 08:00:36;16.47;
04.12.2024 08:00:37;16.49;
04.12.2024 08:00:39;16.49;
04.12.2024 08:00:40;16.48;
04.12.2024 08:00:43;16.48;
04.12.2024 08:00:44;16.49;
04.12.2024 08:00:45;16.48;
04.12.2024 08:00:46;16.49;
04.12.2024 08:00:47;16.49;
04.12.2024 08:00:48;16.48;
04.12.2024 08:01:06;16.48;
04.12.2024 08:01:07;16.47;
04.12.2024 08:01:08;16.48;
04.12.2024 08:01:09;16.47;
04.12.2024 08:01:10;16.47;
04.12.2024 08:01:11;16.48;
04.12.2024 08:01:13;16.48;
04.12.2024 08:01:14;16.47;
04.12.2024 08:01:15;16.48;
04.12.2024 08:01:16;16.48;
04.12.2024 08:01:17;16.47;
04.12.2024 08:01:18;16.48;
04.12.2024 08:01:20;16.48;
04.12.2024 08:01:21;16.47;
04.12.2024 08:01:24;16.47;
04.12.2024 08:01:25;16.46;
04.12.2024 08:01:26;16.47;
04.12.2024 08:01:27;16.48;
04.12.2024 08:01:29;16.48;
04.12.2024 08:01:30;16.47;
04.12.2024 08:01:31;16.48;
04.12.2024 08:01:34;16.48;
04.12.2024 08:01:35;16.47;
04.12.2024 08:01:36;16.48;
04.12.2024 08:01:37;16.47;
04.12.2024 08:01:39;16.47;
04.12.2024 08:01:40;16.48;
04.12.2024 08:01:41;16.47;
04.12.2024 08:01:44;16.47;
04.12.2024 08:01:45;16.48;
04.12.2024 08:01:46;16.47;
04.12.2024 08:01:47;16.48;
04.12.2024 08:01:48;16.46;
04.12.2024 08:01:49;16.47;
04.12.2024 08:01:50;16.46;
04.12.2024 08:01:51;16.47;
04.12.2024 08:01:57;16.47;
04.12.2024 08:01:58;16.46;
04.12.2024 08:01:59;16.46;
04.12.2024 08:02:00;16.47;
04.12.2024 08:02:03;16.47;
04.12.2024 08:02:04;16.48;
04.12.2024 08:02:05;16.47;
04.12.2024 08:02:09;16.47;
04.12.2024 08:02:10;16.46;
04.12.2024 08:02:11;16.47;
04.12.2024 08:02:12;16.47;
04.12.2024 08:02:13;16.46;
04.12.2024 08:02:14;16.47;
04.12.2024 08:02:16;16.47;
04.12.2024 08:02:17;16.46;
04.12.2024 08:02:18;16.46;
04.12.2024 08:02:19;16.47;
04.12.2024 08:02:20;16.47;
04.12.2024 08:02:21;16.46;
04.12.2024 08:02:22;16.47;
04.12.2024 08:02:23;16.46;
04.12.2024 08:02:24;16.47;
04.12.2024 08:02:25;16.46;
04.12.2024 08:02:29;16.46;
04.12.2024 08:02:30;16.45;
04.12.2024 08:02:31;16.46;
04.12.2024 08:02:35;16.46;
04.12.2024 08:02:36;16.47;
04.12.2024 08:02:37;16.46;
04.12.2024 08:02:39;16.46;
04.12.2024 08:02:40;16.47;
04.12.2024 08:02:41;16.46;
04.12.2024 08:02:42;16.47;
04.12.2024 08:02:43;16.46;
04.12.2024 08:02:45;16.46;
04.12.2024 08:02:46;16.47;
04.12.2024 08:02:47;16.46;
04.12.2024 08:02:51;16.46;
04.12.2024 08:02:52;16.47;
04.12.2024 08:02:53;16.45;
04.12.2024 08:02:54;16.46;
04.12.2024 08:02:55;16.47;
04.12.2024 08:02:56;16.46;
04.12.2024 08:02:57;16.45;
04.12.2024 08:02:58;16.46;
04.12.2024 08:02:59;16.45;
04.12.2024 08:03:00;16.46;
04.12.2024 08:03:01;16.46;
04.12.2024 08:03:02;16.45;
04.12.2024 08:03:03;16.45;
04.12.2024 08:03:04;16.46;
04.12.2024 08:03:05;16.45;
04.12.2024 08:03:06;16.45;
04.12.2024 08:03:07;16.46;
04.12.2024 08:03:08;16.45;
04.12.2024 08:03:09;16.45;
04.12.2024 08:03:10;16.46;
04.12.2024 08:03:12;16.46;
04.12.2024 08:03:13;16.45;
04.12.2024 08:03:14;16.46;
04.12.2024 08:03:15;16.46;
04.12.2024 08:03:16;16.45;
04.12.2024 08:03:18;16.45;
04.12.2024 08:03:19;16.46;
04.12.2024 08:03:20;16.46;
04.12.2024 08:03:21;16.45;
04.12.2024 08:03:24;16.45;
04.12.2024 08:03:25;16.46;
04.12.2024 08:03:26;16.45;
04.12.2024 08:03:37;16.45;
04.12.2024 08:03:38;16.44;
04.12.2024 08:03:39;16.45;
04.12.2024 08:03:40;16.45;
04.12.2024 08:03:41;16.44;
04.12.2024 08:03:42;16.45;
04.12.2024 08:03:46;16.45;
04.12.2024 08:03:47;16.46;
04.12.2024 08:03:48;16.45;
04.12.2024 08:03:49;16.45;
04.12.2024 08:03:50;16.44;
04.12.2024 08:03:51;16.45;
04.12.2024 08:03:52;16.44;
04.12.2024 08:03:53;16.44;
04.12.2024 08:03:54;16.45;
04.12.2024 08:04:08;16.45;
04.12.2024 08:04:09;16.44;
04.12.2024 08:04:11;16.44;
04.12.2024 08:04:12;16.45;
04.12.2024 08:04:13;16.44;
04.12.2024 08:04:14;16.45;
04.12.2024 08:04:15;16.44;
04.12.2024 08:04:16;16.45;
04.12.2024 08:04:17;16.45;
04.12.2024 08:04:18;16.44;
04.12.2024 08:04:19;16.45;
04.12.2024 08:04:20;16.45;
04.12.2024 08:04:21;16.44;
04.12.2024 08:04:22;16.45;
04.12.2024 08:04:25;16.45;
04.12.2024 08:04:26;16.44;
04.12.2024 08:04:27;16.45;
04.12.2024 08:04:28;16.44;
04.12.2024 08:04:29;16.45;
04.12.2024 08:04:30;16.45;
04.12.2024 08:04:31;16.44;
04.12.2024 08:04:32;16.45;
04.12.2024 08:04:33;16.44;
04.12.2024 08:04:34;16.44;
04.12.2024 08:04:35;16.45;
04.12.2024 08:04:37;16.45;
04.12.2024 08:04:38;16.44;
04.12.2024 08:04:39;16.45;
04.12.2024 08:04:40;16.44;
04.12.2024 08:04:41;16.45;
04.12.2024 08:04:42;16.44;
04.12.2024 08:04:46;16.44;
04.12.2024 08:04:47;16.43;
04.12.2024 08:04:48;16.43;
04.12.2024 08:04:49;16.44;
04.12.2024 08:04:50;16.45;
04.12.2024 08:04:51;16.44;
04.12.2024 08:04:53;16.44;
04.12.2024 08:04:54;16.43;
04.12.2024 08:04:55;16.43;
04.12.2024 08:04:56;16.44;
04.12.2024 08:05:01;16.44;
04.12.2024 08:05:02;16.45;
04.12.2024 08:05:03;16.44;
04.12.2024 08:05:04;16.43;
04.12.2024 08:05:05;16.44;
04.12.2024 08:05:07;16.44;
04.12.2024 08:05:08;16.43;
04.12.2024 08:05:09;16.44;
04.12.2024 08:05:11;16.44;
04.12.2024 08:05:12;16.43;
04.12.2024 08:05:13;16.44;
04.12.2024 08:05:14;16.44;
04.12.2024 08:05:15;16.43;
04.12.2024 08:05:16;16.43;
04.12.2024 08:05:17;16.44;
04.12.2024 08:05:22;16.44;
04.12.2024 08:05:23;16.43;
04.12.2024 08:05:30;16.43;
04.12.2024 08:05:31;16.42;
04.12.2024 08:05:32;16.42;
04.12.2024 08:05:33;16.43;
04.12.2024 08:05:34;16.42;
04.12.2024 08:05:35;16.43;
04.12.2024 08:05:38;16.43;
04.12.2024 08:05:39;16.44;
04.12.2024 08:05:40;16.42;
04.12.2024 08:05:41;16.42;
04.12.2024 08:05:42;16.43;
04.12.2024 08:05:52;16.43;
04.12.2024 08:05:53;16.42;
04.12.2024 08:05:54;16.43;
04.12.2024 08:05:56;16.43;
04.12.2024 08:05:57;16.42;
04.12.2024 08:05:58;16.43;
04.12.2024 08:05:59;16.42;
04.12.2024 08:06:00;16.42;
04.12.2024 08:06:01;16.41;
04.12.2024 08:06:02;16.42;
04.12.2024 08:06:04;16.42;
04.12.2024 08:06:05;16.43;
04.12.2024 08:06:06;16.42;
04.12.2024 08:06:09;16.42;
04.12.2024 08:06:10;16.43;
04.12.2024 08:06:11;16.43;
04.12.2024 08:06:12;16.42;
04.12.2024 08:06:14;16.42;
04.12.2024 08:06:15;16.43;
04.12.2024 08:06:16;16.43;
04.12.2024 08:06:17;16.42;
04.12.2024 08:06:19;16.42;
04.12.2024 08:06:20;16.43;
04.12.2024 08:06:21;16.42;
04.12.2024 08:06:22;16.43;
04.12.2024 08:06:23;16.42;
04.12.2024 08:06:24;16.43;
04.12.2024 08:06:25;16.43;
04.12.2024 08:06:26;16.42;
04.12.2024 08:06:27;16.41;
04.12.2024 08:06:28;16.42;
04.12.2024 08:06:32;16.42;
04.12.2024 08:06:33;16.43;
04.12.2024 08:06:34;16.42;
04.12.2024 08:06:37;16.42;
04.12.2024 08:06:38;16.41;
04.12.2024 08:06:39;16.42;
04.12.2024 08:06:41;16.42;
04.12.2024 08:06:42;16.41;
04.12.2024 08:06:43;16.42;
04.12.2024 08:06:46;16.42;
04.12.2024 08:06:47;16.43;
04.12.2024 08:06:49;16.43;
04.12.2024 08:06:50;16.42;
04.12.2024 08:06:51;16.41;
04.12.2024 08:06:52;16.42;
04.12.2024 08:06:55;16.42;
04.12.2024 08:06:56;16.41;
04.12.2024 08:06:57;16.42;
04.12.2024 08:06:58;16.42;
04.12.2024 08:06:59;16.41;
04.12.2024 08:07:00;16.42;
04.12.2024 08:07:06;16.42;
04.12.2024 08:07:07;16.41;
04.12.2024 08:07:08;16.42;
04.12.2024 08:07:09;16.42;
04.12.2024 08:07:10;16.41;
04.12.2024 08:07:11;16.42;
04.12.2024 08:07:12;16.4;
04.12.2024 08:07:13;16.41;
04.12.2024 08:07:17;16.41;
04.12.2024 08:07:18;16.4;
04.12.2024 08:07:19;16.41;
04.12.2024 08:07:22;16.41;
04.12.2024 08:07:23;16.42;
04.12.2024 08:07:24;16.42;
04.12.2024 08:07:25;16.41;
04.12.2024 08:07:26;16.41;
04.12.2024 08:07:27;16.42;
04.12.2024 08:07:28;16.41;
04.12.2024 08:07:29;16.41;
04.12.2024 08:07:30;16.42;
04.12.2024 08:07:31;16.42;
04.12.2024 08:07:32;16.41;
04.12.2024 08:07:35;16.41;
04.12.2024 08:07:36;16.4;
04.12.2024 08:07:37;16.41;
04.12.2024 08:07:38;16.41;
04.12.2024 08:07:39;16.42;
04.12.2024 08:07:40;16.41;
04.12.2024 08:07:41;16.42;
04.12.2024 08:07:42;16.41;
04.12.2024 08:07:45;16.41;
04.12.2024 08:07:46;16.42;
04.12.2024 08:07:47;16.41;
04.12.2024 08:07:57;16.41;
04.12.2024 08:07:58;16.42;
04.12.2024 08:07:59;16.42;
04.12.2024 08:08:00;16.4;
04.12.2024 08:08:02;16.4;
04.12.2024 08:08:03;16.41;
04.12.2024 08:08:05;16.41;
04.12.2024 08:08:06;16.4;
04.12.2024 08:08:07;16.41;
04.12.2024 08:08:09;16.41;
04.12.2024 08:08:10;16.4;
04.12.2024 08:08:11;16.41;
04.12.2024 08:08:13;16.41;
04.12.2024 08:08:14;16.4;
04.12.2024 08:08:17;16.4;
04.12.2024 08:08:18;16.41;
04.12.2024 08:08:19;16.4;
04.12.2024 08:08:23;16.4;
04.12.2024 08:08:24;16.39;
04.12.2024 08:08:25;16.4;
04.12.2024 08:08:30;16.4;
04.12.2024 08:08:31;16.39;
04.12.2024 08:08:32;16.41;
04.12.2024 08:08:34;16.41;
04.12.2024 08:08:35;16.4;
04.12.2024 08:08:36;16.39;
04.12.2024 08:08:37;16.4;
04.12.2024 08:08:41;16.4;
04.12.2024 08:08:42;16.41;
04.12.2024 08:08:43;16.4;
04.12.2024 08:08:46;16.4;
04.12.2024 08:08:47;16.39;
04.12.2024 08:08:48;16.39;
04.12.2024 08:08:49;16.4;
04.12.2024 08:08:50;16.39;
04.12.2024 08:08:51;16.4;
04.12.2024 08:08:54;16.4;
04.12.2024 08:08:55;16.39;
04.12.2024 08:08:56;16.4;
04.12.2024 08:08:57;16.4;
04.12.2024 08:08:58;16.39;
04.12.2024 08:08:59;16.39;
04.12.2024 08:09:00;16.4;
04.12.2024 08:09:01;16.39;
04.12.2024 08:09:05;16.39;
04.12.2024 08:09:06;16.4;
04.12.2024 08:09:07;16.4;
04.12.2024 08:09:08;16.39;
04.12.2024 08:09:09;16.4;
04.12.2024 08:09:10;16.39;
04.12.2024 08:09:11;16.39;
04.12.2024 08:09:12;16.4;
04.12.2024 08:09:13;16.39;
04.12.2024 08:09:14;16.39;
04.12.2024 08:09:15;16.4;
04.12.2024 08:09:16;16.39;
04.12.2024 08:09:18;16.39;
04.12.2024 08:09:19;16.4;
04.12.2024 08:09:20;16.39;
04.12.2024 08:09:21;16.4;
04.12.2024 08:09:22;16.39;
04.12.2024 08:09:24;16.39;
04.12.2024 08:09:25;16.38;
04.12.2024 08:09:26;16.39;
04.12.2024 08:09:29;16.39;
04.12.2024 08:09:30;16.4;
04.12.2024 08:09:31;16.39;
04.12.2024 08:09:36;16.39;
04.12.2024 08:09:37;16.38;
04.12.2024 08:09:38;16.38;
04.12.2024 08:09:39;16.4;
04.12.2024 08:09:40;16.39;
04.12.2024 08:09:41;16.39;
04.12.2024 08:09:42;16.38;
04.12.2024 08:09:43;16.39;
04.12.2024 08:09:44;16.39;
04.12.2024 08:09:45;16.4;
04.12.2024 08:09:46;16.39;
04.12.2024 08:09:48;16.39;
04.12.2024 08:09:49;16.38;
04.12.2024 08:09:50;16.38;
04.12.2024 08:09:51;16.39;
04.12.2024 08:09:52;16.38;
04.12.2024 08:09:56;16.38;
04.12.2024 08:09:57;16.39;
04.12.2024 08:09:58;16.4;
04.12.2024 08:09:59;16.39;
04.12.2024 08:10:03;16.39;
04.12.2024 08:10:04;16.38;
04.12.2024 08:10:05;16.39;
04.12.2024 08:10:06;16.38;
04.12.2024 08:10:07;16.38;
04.12.2024 08:10:08;16.39;
04.12.2024 08:10:09;16.38;
04.12.2024 08:10:11;16.38;
04.12.2024 08:10:12;16.39;
04.12.2024 08:10:13;16.39;
04.12.2024 08:10:14;16.38;
04.12.2024 08:10:17;16.38;
04.12.2024 08:10:18;16.37;
04.12.2024 08:10:19;16.38;
04.12.2024 08:10:21;16.38;
04.12.2024 08:10:22;16.39;
04.12.2024 08:10:23;16.38;
04.12.2024 08:10:24;16.38;
04.12.2024 08:10:25;16.39;
04.12.2024 08:10:26;16.38;
04.12.2024 08:10:28;16.38;
04.12.2024 08:10:29;16.37;
04.12.2024 08:10:30;16.39;
04.12.2024 08:10:31;16.38;
04.12.2024 08:10:32;16.37;
04.12.2024 08:10:33;16.38;
04.12.2024 08:10:35;16.38;
04.12.2024 08:10:36;16.37;
04.12.2024 08:10:37;16.38;
04.12.2024 08:10:41;16.38;
04.12.2024 08:10:42;16.37;
04.12.2024 08:10:43;16.38;
04.12.2024 08:10:50;16.38;
04.12.2024 08:10:51;16.37;
04.12.2024 08:10:53;16.37;
04.12.2024 08:10:54;16.38;
04.12.2024 08:10:56;16.38;
04.12.2024 08:10:57;16.37;
04.12.2024 08:10:59;16.37;
04.12.2024 08:11:00;16.38;
04.12.2024 08:11:02;16.38;
04.12.2024 08:11:03;16.39;
04.12.2024 08:11:04;16.38;
04.12.2024 08:11:05;16.37;
04.12.2024 08:11:09;16.37;
04.12.2024 08:11:10;16.38;
04.12.2024 08:11:11;16.37;
04.12.2024 08:11:12;16.37;
04.12.2024 08:11:13;16.38;
04.12.2024 08:11:14;16.37;
04.12.2024 08:11:15;16.37;
04.12.2024 08:11:16;16.38;
04.12.2024 08:11:17;16.37;
04.12.2024 08:11:20;16.37;
04.12.2024 08:11:21;16.36;
04.12.2024 08:11:22;16.38;
04.12.2024 08:11:23;16.37;
04.12.2024 08:11:24;16.36;
04.12.2024 08:11:25;16.37;
04.12.2024 08:11:26;16.38;
04.12.2024 08:11:27;16.37;
04.12.2024 08:11:28;16.36;
04.12.2024 08:11:29;16.36;
04.12.2024 08:11:30;16.37;
04.12.2024 08:11:31;16.37;
04.12.2024 08:11:32;16.36;
04.12.2024 08:11:33;16.37;
04.12.2024 08:11:36;16.37;
04.12.2024 08:11:37;16.36;
04.12.2024 08:11:38;16.36;
04.12.2024 08:11:39;16.37;
04.12.2024 08:11:44;16.37;
04.12.2024 08:11:45;16.36;
04.12.2024 08:11:46;16.38;
04.12.2024 08:11:47;16.36;
04.12.2024 08:11:48;16.37;
04.12.2024 08:11:49;16.36;
04.12.2024 08:11:50;16.36;
04.12.2024 08:11:51;16.37;
04.12.2024 08:11:52;16.36;
04.12.2024 08:11:54;16.36;
04.12.2024 08:11:55;16.37;
04.12.2024 08:11:56;16.38;
04.12.2024 08:11:57;16.36;
04.12.2024 08:11:58;16.36;
04.12.2024 08:11:59;16.37;
04.12.2024 08:12:00;16.37;
04.12.2024 08:12:01;16.36;
04.12.2024 08:12:03;16.36;
04.12.2024 08:12:04;16.37;
04.12.2024 08:12:05;16.36;
04.12.2024 08:12:06;16.36;
04.12.2024 08:12:07;16.37;
04.12.2024 08:12:08;16.37;
04.12.2024 08:12:09;16.36;
04.12.2024 08:12:10;16.37;
04.12.2024 08:12:11;16.36;
04.12.2024 08:12:12;16.37;
04.12.2024 08:12:13;16.36;
04.12.2024 08:12:22;16.36;
04.12.2024 08:12:23;16.37;
04.12.2024 08:12:24;16.36;
04.12.2024 08:12:27;16.36;
04.12.2024 08:12:28;16.37;
04.12.2024 08:12:29;16.36;
04.12.2024 08:12:31;16.36;
04.12.2024 08:12:32;16.35;
04.12.2024 08:12:33;16.36;
04.12.2024 08:12:34;16.35;
04.12.2024 08:12:35;16.35;
04.12.2024 08:12:36;16.36;
04.12.2024 08:12:37;16.36;
04.12.2024 08:12:38;16.35;
04.12.2024 08:12:39;16.36;
04.12.2024 08:12:40;16.35;
04.12.2024 08:12:41;16.35;
04.12.2024 08:12:42;16.36;
04.12.2024 08:12:44;16.36;
04.12.2024 08:12:45;16.35;
04.12.2024 08:12:46;16.35;
04.12.2024 08:12:47;16.36;
04.12.2024 08:12:49;16.36;
04.12.2024 08:12:50;16.35;
04.12.2024 08:12:51;16.35;
04.12.2024 08:12:52;16.36;
04.12.2024 08:12:53;16.36;
04.12.2024 08:12:54;16.35;
04.12.2024 08:12:56;16.35;
04.12.2024 08:12:57;16.36;
04.12.2024 08:12:59;16.36;
04.12.2024 08:13:00;16.35;
04.12.2024 08:13:01;16.36;
04.12.2024 08:13:02;16.36;
04.12.2024 08:13:03;16.35;
04.12.2024 08:13:06;16.35;
04.12.2024 08:13:07;16.36;
04.12.2024 08:13:08;16.35;
04.12.2024 08:13:09;16.35;
04.12.2024 08:13:10;16.36;
04.12.2024 08:13:11;16.36;
04.12.2024 08:13:12;16.35;
04.12.2024 08:13:15;16.35;
04.12.2024 08:13:16;16.36;
04.12.2024 08:13:17;16.35;
04.12.2024 08:13:18;16.36;
04.12.2024 08:13:19;16.36;
04.12.2024 08:13:20;16.35;
04.12.2024 08:13:21;16.35;
04.12.2024 08:13:22;16.36;
04.12.2024 08:13:23;16.36;
04.12.2024 08:13:24;16.35;
04.12.2024 08:13:25;16.35;
04.12.2024 08:13:26;16.36;
04.12.2024 08:13:27;16.36;
04.12.2024 08:13:28;16.34;
04.12.2024 08:13:29;16.35;
04.12.2024 08:13:40;16.35;
04.12.2024 08:13:41;16.34;
04.12.2024 08:13:42;16.35;
04.12.2024 08:13:43;16.35;
04.12.2024 08:13:44;16.34;
04.12.2024 08:13:45;16.35;
04.12.2024 08:13:46;16.34;
04.12.2024 08:13:47;16.35;
04.12.2024 08:13:48;16.34;
04.12.2024 08:13:49;16.35;
04.12.2024 08:13:52;16.35;
04.12.2024 08:13:53;16.34;
04.12.2024 08:13:54;16.35;
04.12.2024 08:14:01;16.35;
04.12.2024 08:14:02;16.34;
04.12.2024 08:14:03;16.35;
04.12.2024 08:14:04;16.34;
04.12.2024 08:14:10;16.34;
04.12.2024 08:14:11;16.35;
04.12.2024 08:14:12;16.35;
04.12.2024 08:14:13;16.34;
04.12.2024 08:14:25;16.34;
04.12.2024 08:14:26;16.33;
04.12.2024 08:14:27;16.33;
04.12.2024 08:14:28;16.34;
04.12.2024 08:14:32;16.34;
04.12.2024 08:14:33;16.35;
04.12.2024 08:14:34;16.34;
04.12.2024 08:14:35;16.34;
04.12.2024 08:14:36;16.33;
04.12.2024 08:14:43;16.33;
04.12.2024 08:14:44;16.34;
04.12.2024 08:14:45;16.33;
04.12.2024 08:14:46;16.34;
04.12.2024 08:14:47;16.33;
04.12.2024 08:14:51;16.33;
04.12.2024 08:14:52;16.32;
04.12.2024 08:14:53;16.33;
04.12.2024 08:14:55;16.33;
04.12.2024 08:14:56;16.34;
04.12.2024 08:14:57;16.33;
04.12.2024 08:14:58;16.34;
04.12.2024 08:14:59;16.33;
04.12.2024 08:15:05;16.33;
04.12.2024 08:15:06;16.34;
04.12.2024 08:15:07;16.34;
04.12.2024 08:15:08;16.33;
04.12.2024 08:15:09;16.34;
04.12.2024 08:15:10;16.33;
04.12.2024 08:15:13;16.33;
04.12.2024 08:15:14;16.34;
04.12.2024 08:15:15;16.33;
04.12.2024 08:15:18;16.33;
04.12.2024 08:15:19;16.32;
04.12.2024 08:15:20;16.33;
04.12.2024 08:15:26;16.33;
04.12.2024 08:15:27;16.34;
04.12.2024 08:15:28;16.33;
04.12.2024 08:15:29;16.34;
04.12.2024 08:15:30;16.33;
04.12.2024 08:15:34;16.33;
04.12.2024 08:15:35;16.32;
04.12.2024 08:15:36;16.33;
04.12.2024 08:15:37;16.33;
04.12.2024 08:15:38;16.32;
04.12.2024 08:15:39;16.33;
04.12.2024 08:15:47;16.33;
04.12.2024 08:15:48;16.32;
04.12.2024 08:15:49;16.33;
04.12.2024 08:15:50;16.32;
04.12.2024 08:15:51;16.32;
04.12.2024 08:15:52;16.33;
04.12.2024 08:15:53;16.33;
04.12.2024 08:15:54;16.32;
04.12.2024 08:15:55;16.33;
04.12.2024 08:15:56;16.32;
04.12.2024 08:15:57;16.33;
04.12.2024 08:15:58;16.32;
04.12.2024 08:16:02;16.32;
04.12.2024 08:16:03;16.33;
04.12.2024 08:16:04;16.32;
04.12.2024 08:16:08;16.32;
04.12.2024 08:16:09;16.33;
04.12.2024 08:16:10;16.33;
04.12.2024 08:16:11;16.32;
04.12.2024 08:16:14;16.32;
04.12.2024 08:16:15;16.33;
04.12.2024 08:16:16;16.33;
04.12.2024 08:16:17;16.32;
04.12.2024 08:16:20;16.32;
04.12.2024 08:16:21;16.31;
04.12.2024 08:16:22;16.32;
04.12.2024 08:16:37;16.32;
04.12.2024 08:16:38;16.31;
04.12.2024 08:16:39;16.32;
04.12.2024 08:16:43;16.32;
04.12.2024 08:16:44;16.31;
04.12.2024 08:16:45;16.32;
04.12.2024 08:16:46;16.31;
04.12.2024 08:16:47;16.32;
04.12.2024 08:16:48;16.31;
04.12.2024 08:16:49;16.32;
04.12.2024 08:16:51;16.32;
04.12.2024 08:16:52;16.31;
04.12.2024 08:16:53;16.32;
04.12.2024 08:16:58;16.32;
04.12.2024 08:16:59;16.31;
04.12.2024 08:17:00;16.32;
04.12.2024 08:17:01;16.31;
04.12.2024 08:17:02;16.32;
04.12.2024 08:17:03;16.31;
04.12.2024 08:17:05;16.31;
04.12.2024 08:17:06;16.32;
04.12.2024 08:17:08;16.32;
04.12.2024 08:17:09;16.31;
04.12.2024 08:17:14;16.31;
04.12.2024 08:17:15;16.32;
04.12.2024 08:17:16;16.32;
04.12.2024 08:17:17;16.3;
04.12.2024 08:17:18;16.31;
04.12.2024 08:17:19;16.32;
04.12.2024 08:17:20;16.31;
04.12.2024 08:17:21;16.3;
04.12.2024 08:17:22;16.31;
04.12.2024 08:17:23;16.3;
04.12.2024 08:17:25;16.3;
04.12.2024 08:17:26;16.31;
04.12.2024 08:17:27;16.32;
04.12.2024 08:17:28;16.31;
04.12.2024 08:17:29;16.3;
04.12.2024 08:17:30;16.32;
04.12.2024 08:17:31;16.32;
04.12.2024 08:17:32;16.31;
04.12.2024 08:17:33;16.31;
04.12.2024 08:17:34;16.3;
04.12.2024 08:17:36;16.3;
04.12.2024 08:17:37;16.31;
04.12.2024 08:17:38;16.3;
04.12.2024 08:17:39;16.31;
04.12.2024 08:17:40;16.3;
04.12.2024 08:17:41;16.31;
04.12.2024 08:17:42;16.3;
04.12.2024 08:17:43;16.31;
04.12.2024 08:17:44;16.31;
04.12.2024 08:17:45;16.3;
04.12.2024 08:17:46;16.3;
04.12.2024 08:17:47;16.31;
04.12.2024 08:17:50;16.31;
04.12.2024 08:17:51;16.3;
04.12.2024 08:17:53;16.3;
04.12.2024 08:17:54;16.31;
04.12.2024 08:17:55;16.31;
04.12.2024 08:17:56;16.3;
04.12.2024 08:18:03;16.3;
04.12.2024 08:18:04;16.31;
04.12.2024 08:18:05;16.3;
04.12.2024 08:18:06;16.31;
04.12.2024 08:18:07;16.3;
04.12.2024 08:18:13;16.3;
04.12.2024 08:18:14;16.31;
04.12.2024 08:18:15;16.3;
04.12.2024 08:18:16;16.31;
04.12.2024 08:18:17;16.3;
04.12.2024 08:18:19;16.3;
04.12.2024 08:18:20;16.29;
04.12.2024 08:18:21;16.3;
04.12.2024 08:18:23;16.3;
04.12.2024 08:18:24;16.29;
04.12.2024 08:18:25;16.3;
04.12.2024 08:18:26;16.3;
04.12.2024 08:18:27;16.31;
04.12.2024 08:18:28;16.29;
04.12.2024 08:18:29;16.3;
04.12.2024 08:18:31;16.3;
04.12.2024 08:18:32;16.29;
04.12.2024 08:18:33;16.3;
04.12.2024 08:18:34;16.29;
04.12.2024 08:18:35;16.3;
04.12.2024 08:18:36;16.29;
04.12.2024 08:18:37;16.3;
04.12.2024 08:18:38;16.29;
04.12.2024 08:18:39;16.3;
04.12.2024 08:18:44;16.3;
04.12.2024 08:18:45;16.29;
04.12.2024 08:18:46;16.3;
04.12.2024 08:18:47;16.31;
04.12.2024 08:18:48;16.29;
04.12.2024 08:18:50;16.29;
04.12.2024 08:18:51;16.3;
04.12.2024 08:18:52;16.3;
04.12.2024 08:18:53;16.29;
04.12.2024 08:19:01;16.29;
04.12.2024 08:19:02;16.3;
04.12.2024 08:19:03;16.29;
04.12.2024 08:19:04;16.3;
04.12.2024 08:19:05;16.3;
04.12.2024 08:19:06;16.29;
04.12.2024 08:19:07;16.3;
04.12.2024 08:19:08;16.29;
04.12.2024 08:19:09;16.3;
04.12.2024 08:19:10;16.3;
04.12.2024 08:19:11;16.29;
04.12.2024 08:19:13;16.29;
04.12.2024 08:19:14;16.3;
04.12.2024 08:19:15;16.3;
04.12.2024 08:19:16;16.29;
04.12.2024 08:19:18;16.29;
04.12.2024 08:19:19;16.3;
04.12.2024 08:19:20;16.29;
04.12.2024 08:19:22;16.29;
04.12.2024 08:19:23;16.3;
04.12.2024 08:19:24;16.29;
04.12.2024 08:19:25;16.29;
04.12.2024 08:19:26;16.28;
04.12.2024 08:19:27;16.29;
04.12.2024 08:19:28;16.3;
04.12.2024 08:19:29;16.29;
04.12.2024 08:19:31;16.29;
04.12.2024 08:19:32;16.3;
04.12.2024 08:19:33;16.29;
04.12.2024 08:19:38;16.29;
04.12.2024 08:19:39;16.28;
04.12.2024 08:19:40;16.29;
04.12.2024 08:19:41;16.29;
04.12.2024 08:19:42;16.28;
04.12.2024 08:19:43;16.3;
04.12.2024 08:19:44;16.3;
04.12.2024 08:19:45;16.29;
04.12.2024 08:19:46;16.29;
04.12.2024 08:19:47;16.28;
04.12.2024 08:19:48;16.29;
04.12.2024 08:19:49;16.29;
04.12.2024 08:19:50;16.28;
04.12.2024 08:19:51;16.28;
04.12.2024 08:19:52;16.29;
04.12.2024 08:19:53;16.28;
04.12.2024 08:19:54;16.29;
04.12.2024 08:19:55;16.28;
04.12.2024 08:19:56;16.29;
04.12.2024 08:20:00;16.29;
04.12.2024 08:20:01;16.28;
04.12.2024 08:20:02;16.29;
04.12.2024 08:20:05;16.29;
04.12.2024 08:20:06;16.28;
04.12.2024 08:20:07;16.28;
04.12.2024 08:20:08;16.29;
04.12.2024 08:20:09;16.28;
04.12.2024 08:20:10;16.28;
04.12.2024 08:20:11;16.29;
04.12.2024 08:20:12;16.29;
04.12.2024 08:20:13;16.28;
04.12.2024 08:20:14;16.28;
04.12.2024 08:20:15;16.29;
04.12.2024 08:20:16;16.29;
04.12.2024 08:20:17;16.28;
04.12.2024 08:20:19;16.28;
04.12.2024 08:20:20;16.29;
04.12.2024 08:20:21;16.29;
04.12.2024 08:20:22;16.28;
04.12.2024 08:20:27;16.28;
04.12.2024 08:20:28;16.29;
04.12.2024 08:20:29;16.28;
04.12.2024 08:20:30;16.28;
04.12.2024 08:20:31;16.29;
04.12.2024 08:20:32;16.28;
04.12.2024 08:20:34;16.28;
04.12.2024 08:20:35;16.29;
04.12.2024 08:20:36;16.28;
04.12.2024 08:20:37;16.29;
04.12.2024 08:20:42;16.29;
04.12.2024 08:20:43;16.28;
04.12.2024 08:20:45;16.28;
04.12.2024 08:20:46;16.27;
04.12.2024 08:20:47;16.28;
04.12.2024 08:20:50;16.28;
04.12.2024 08:20:51;16.27;
04.12.2024 08:20:52;16.28;
04.12.2024 08:20:55;16.28;
04.12.2024 08:20:56;16.29;
04.12.2024 08:20:57;16.27;
04.12.2024 08:20:58;16.28;
04.12.2024 08:21:05;16.28;
04.12.2024 08:21:06;16.27;
04.12.2024 08:21:07;16.28;
04.12.2024 08:21:09;16.28;
04.12.2024 08:21:10;16.27;
04.12.2024 08:21:11;16.28;
04.12.2024 08:21:12;16.28;
04.12.2024 08:21:13;16.27;
04.12.2024 08:21:14;16.28;
04.12.2024 08:21:15;16.28;
04.12.2024 08:21:16;16.27;
04.12.2024 08:21:17;16.28;
04.12.2024 08:21:18;16.27;
04.12.2024 08:21:19;16.27;
04.12.2024 08:21:20;16.28;
04.12.2024 08:21:21;16.27;
04.12.2024 08:21:22;16.28;
04.12.2024 08:21:23;16.27;
04.12.2024 08:21:26;16.27;
04.12.2024 08:21:27;16.26;
04.12.2024 08:21:28;16.27;
04.12.2024 08:21:29;16.28;
04.12.2024 08:21:30;16.27;
04.12.2024 08:21:31;16.27;
04.12.2024 08:21:32;16.28;
04.12.2024 08:21:35;16.28;
04.12.2024 08:21:36;16.27;
04.12.2024 08:21:37;16.28;
04.12.2024 08:21:38;16.28;
04.12.2024 08:21:39;16.27;
04.12.2024 08:21:41;16.27;
04.12.2024 08:21:42;16.28;
04.12.2024 08:21:43;16.27;
04.12.2024 08:21:47;16.27;
04.12.2024 08:21:48;16.28;
04.12.2024 08:21:49;16.27;
04.12.2024 08:21:50;16.28;
04.12.2024 08:21:51;16.27;
04.12.2024 08:21:52;16.28;
04.12.2024 08:21:53;16.27;
04.12.2024 08:21:54;16.28;
04.12.2024 08:21:55;16.28;
04.12.2024 08:21:56;16.27;
04.12.2024 08:21:57;16.28;
04.12.2024 08:21:58;16.27;
04.12.2024 08:22:01;16.27;
04.12.2024 08:22:02;16.26;
04.12.2024 08:22:03;16.26;
04.12.2024 08:22:04;16.27;
04.12.2024 08:22:05;16.26;
04.12.2024 08:22:06;16.27;
04.12.2024 08:22:12;16.27;
04.12.2024 08:22:13;16.26;
04.12.2024 08:22:14;16.26;
04.12.2024 08:22:15;16.27;
04.12.2024 08:22:16;16.27;
04.12.2024 08:22:17;16.26;
04.12.2024 08:22:18;16.27;
04.12.2024 08:22:19;16.26;
04.12.2024 08:22:20;16.27;
04.12.2024 08:22:22;16.27;
04.12.2024 08:22:23;16.26;
04.12.2024 08:22:31;16.26;
04.12.2024 08:22:32;16.27;
04.12.2024 08:22:33;16.26;
04.12.2024 08:22:34;16.27;
04.12.2024 08:22:36;16.27;
04.12.2024 08:22:37;16.26;
04.12.2024 08:22:47;16.26;
04.12.2024 08:22:48;16.27;
04.12.2024 08:22:49;16.27;
04.12.2024 08:22:50;16.26;
04.12.2024 08:22:51;16.25;
04.12.2024 08:22:52;16.26;
04.12.2024 08:23:01;16.26;
04.12.2024 08:23:02;16.25;
04.12.2024 08:23:03;16.26;
04.12.2024 08:23:07;16.26;
04.12.2024 08:23:08;16.25;
04.12.2024 08:23:09;16.26;
04.12.2024 08:23:10;16.25;
04.12.2024 08:23:16;16.25;
04.12.2024 08:23:17;16.26;
04.12.2024 08:23:18;16.25;
04.12.2024 08:23:19;16.26;
04.12.2024 08:23:20;16.26;
04.12.2024 08:23:21;16.25;
04.12.2024 08:23:23;16.25;
04.12.2024 08:23:24;16.26;
04.12.2024 08:23:25;16.26;
04.12.2024 08:23:26;16.25;
04.12.2024 08:23:29;16.25;
04.12.2024 08:23:30;16.26;
04.12.2024 08:23:31;16.25;
04.12.2024 08:23:33;16.25;
04.12.2024 08:23:34;16.26;
04.12.2024 08:23:35;16.25;
04.12.2024 08:23:36;16.24;
04.12.2024 08:23:37;16.25;
04.12.2024 08:23:39;16.25;
04.12.2024 08:23:40;16.26;
04.12.2024 08:23:41;16.25;
04.12.2024 08:23:45;16.25;
04.12.2024 08:23:46;16.24;
04.12.2024 08:23:47;16.25;
04.12.2024 08:23:48;16.25;
04.12.2024 08:23:49;16.24;
04.12.2024 08:23:50;16.25;
04.12.2024 08:23:59;16.25;
04.12.2024 08:24:00;16.24;
04.12.2024 08:24:01;16.25;
04.12.2024 08:24:03;16.25;
04.12.2024 08:24:04;16.24;
04.12.2024 08:24:05;16.24;
04.12.2024 08:24:06;16.25;
04.12.2024 08:24:07;16.24;
04.12.2024 08:24:08;16.25;
04.12.2024 08:24:09;16.24;
04.12.2024 08:24:10;16.24;
04.12.2024 08:24:11;16.25;
04.12.2024 08:24:12;16.25;
04.12.2024 08:24:13;16.24;
04.12.2024 08:24:14;16.24;
04.12.2024 08:24:15;16.25;
04.12.2024 08:24:16;16.24;
04.12.2024 08:24:17;16.24;
04.12.2024 08:24:18;16.23;
04.12.2024 08:24:19;16.24;
04.12.2024 08:24:20;16.25;
04.12.2024 08:24:21;16.24;
04.12.2024 08:24:22;16.25;
04.12.2024 08:24:23;16.24;
04.12.2024 08:24:24;16.25;
04.12.2024 08:24:25;16.24;
04.12.2024 08:24:26;16.23;
04.12.2024 08:24:27;16.24;
04.12.2024 08:24:29;16.24;
04.12.2024 08:24:30;16.25;
04.12.2024 08:24:31;16.24;
04.12.2024 08:24:32;16.25;
04.12.2024 08:24:33;16.24;
04.12.2024 08:24:35;16.24;
04.12.2024 08:24:36;16.25;
04.12.2024 08:24:37;16.25;
04.12.2024 08:24:38;16.24;
04.12.2024 08:24:45;16.24;
04.12.2024 08:24:46;16.23;
04.12.2024 08:24:48;16.23;
04.12.2024 08:24:49;16.24;
04.12.2024 08:24:50;16.24;
04.12.2024 08:24:51;16.23;
04.12.2024 08:24:52;16.24;
04.12.2024 08:24:53;16.24;
04.12.2024 08:24:54;16.23;
04.12.2024 08:24:55;16.23;
04.12.2024 08:24:56;16.24;
04.12.2024 08:24:58;16.24;
04.12.2024 08:24:59;16.25;
04.12.2024 08:25:00;16.24;
04.12.2024 08:25:04;16.24;
04.12.2024 08:25:05;16.25;
04.12.2024 08:25:06;16.24;
04.12.2024 08:25:07;16.23;
04.12.2024 08:25:08;16.24;
04.12.2024 08:25:13;16.24;
04.12.2024 08:25:14;16.23;
04.12.2024 08:25:15;16.24;
04.12.2024 08:25:18;16.24;
04.12.2024 08:25:19;16.23;
04.12.2024 08:25:20;16.24;
04.12.2024 08:25:21;16.23;
04.12.2024 08:25:22;16.24;
04.12.2024 08:25:27;16.24;
04.12.2024 08:25:28;16.23;
04.12.2024 08:25:29;16.24;
04.12.2024 08:25:30;16.24;
04.12.2024 08:25:31;16.23;
04.12.2024 08:25:33;16.23;
04.12.2024 08:25:34;16.24;
04.12.2024 08:25:35;16.23;
04.12.2024 08:25:36;16.23;
04.12.2024 08:25:37;16.24;
04.12.2024 08:25:38;16.24;
04.12.2024 08:25:39;16.23;
04.12.2024 08:25:40;16.23;
04.12.2024 08:25:41;16.24;
04.12.2024 08:25:42;16.24;
04.12.2024 08:25:43;16.23;
04.12.2024 08:25:44;16.22;
04.12.2024 08:25:45;16.23;
04.12.2024 08:25:46;16.24;
04.12.2024 08:25:47;16.23;
04.12.2024 08:25:49;16.23;
04.12.2024 08:25:50;16.22;
04.12.2024 08:25:51;16.23;
04.12.2024 08:25:52;16.24;
04.12.2024 08:25:53;16.22;
04.12.2024 08:25:54;16.24;
04.12.2024 08:25:55;16.23;
04.12.2024 08:25:56;16.22;
04.12.2024 08:25:57;16.23;
04.12.2024 08:25:59;16.23;
04.12.2024 08:26:00;16.22;
04.12.2024 08:26:01;16.22;
04.12.2024 08:26:02;16.23;
04.12.2024 08:26:03;16.23;
04.12.2024 08:26:04;16.22;
04.12.2024 08:26:05;16.23;
04.12.2024 08:26:06;16.22;
04.12.2024 08:26:07;16.23;
04.12.2024 08:26:08;16.22;
04.12.2024 08:26:09;16.22;
04.12.2024 08:26:10;16.23;
04.12.2024 08:26:11;16.23;
04.12.2024 08:26:12;16.22;
04.12.2024 08:26:13;16.23;
04.12.2024 08:26:14;16.22;
04.12.2024 08:26:15;16.23;
04.12.2024 08:26:16;16.22;
04.12.2024 08:26:18;16.22;
04.12.2024 08:26:19;16.23;
04.12.2024 08:26:20;16.23;
04.12.2024 08:26:21;16.22;
04.12.2024 08:26:22;16.23;
04.12.2024 08:26:23;16.22;
04.12.2024 08:26:25;16.22;
04.12.2024 08:26:26;16.23;
04.12.2024 08:26:27;16.22;
04.12.2024 08:26:29;16.22;
04.12.2024 08:26:30;16.23;
04.12.2024 08:26:31;16.22;
04.12.2024 08:26:35;16.22;
04.12.2024 08:26:36;16.23;
04.12.2024 08:26:38;16.23;
04.12.2024 08:26:39;16.22;
04.12.2024 08:26:40;16.23;
04.12.2024 08:26:41;16.22;
04.12.2024 08:26:42;16.23;
04.12.2024 08:26:44;16.23;
04.12.2024 08:26:45;16.22;
04.12.2024 08:26:47;16.22;
04.12.2024 08:26:48;16.23;
04.12.2024 08:26:49;16.22;
04.12.2024 08:27:04;16.22;
04.12.2024 08:27:05;16.21;
04.12.2024 08:27:06;16.22;
04.12.2024 08:27:08;16.22;
04.12.2024 08:27:09;16.21;
04.12.2024 08:27:10;16.22;
04.12.2024 08:27:11;16.22;
04.12.2024 08:27:12;16.21;
04.12.2024 08:27:13;16.22;
04.12.2024 08:27:14;16.21;
04.12.2024 08:27:15;16.21;
04.12.2024 08:27:16;16.22;
04.12.2024 08:27:17;16.22;
04.12.2024 08:27:18;16.21;
04.12.2024 08:27:20;16.21;
04.12.2024 08:27:21;16.22;
04.12.2024 08:27:22;16.21;
04.12.2024 08:27:23;16.22;
04.12.2024 08:27:25;16.22;
04.12.2024 08:27:26;16.21;
04.12.2024 08:27:27;16.2;
04.12.2024 08:27:28;16.21;
04.12.2024 08:27:29;16.22;
04.12.2024 08:27:30;16.21;
04.12.2024 08:27:33;16.21;
04.12.2024 08:27:34;16.22;
04.12.2024 08:27:35;16.21;
04.12.2024 08:27:37;16.21;
04.12.2024 08:27:38;16.22;
04.12.2024 08:27:39;16.21;
04.12.2024 08:27:40;16.21;
04.12.2024 08:27:41;16.22;
04.12.2024 08:27:42;16.21;
04.12.2024 08:27:43;16.2;
04.12.2024 08:27:44;16.21;
04.12.2024 08:27:47;16.21;
04.12.2024 08:27:48;16.2;
04.12.2024 08:27:49;16.21;
04.12.2024 08:27:50;16.2;
04.12.2024 08:27:51;16.21;
04.12.2024 08:27:52;16.21;
04.12.2024 08:27:53;16.2;
04.12.2024 08:27:54;16.22;
04.12.2024 08:27:55;16.21;
04.12.2024 08:27:56;16.21;
04.12.2024 08:27:57;16.2;
04.12.2024 08:27:58;16.21;
04.12.2024 08:28:00;16.21;
04.12.2024 08:28:01;16.2;
04.12.2024 08:28:02;16.21;
04.12.2024 08:28:03;16.2;
04.12.2024 08:28:04;16.21;
04.12.2024 08:28:05;16.21;
04.12.2024 08:28:06;16.2;
04.12.2024 08:28:07;16.21;
04.12.2024 08:28:18;16.21;
04.12.2024 08:28:19;16.2;
04.12.2024 08:28:22;16.2;
04.12.2024 08:28:23;16.19;
04.12.2024 08:28:24;16.21;
04.12.2024 08:28:25;16.2;
04.12.2024 08:28:27;16.2;
04.12.2024 08:28:28;16.19;
04.12.2024 08:28:29;16.2;
04.12.2024 08:28:33;16.2;
04.12.2024 08:28:34;16.21;
04.12.2024 08:28:35;16.2;
04.12.2024 08:28:39;16.2;
04.12.2024 08:28:40;16.21;
04.12.2024 08:28:41;16.2;
04.12.2024 08:28:44;16.2;
04.12.2024 08:28:45;16.19;
04.12.2024 08:28:46;16.2;
04.12.2024 08:28:47;16.2;
04.12.2024 08:28:48;16.19;
04.12.2024 08:28:49;16.2;
04.12.2024 08:28:56;16.2;
04.12.2024 08:28:57;16.19;
04.12.2024 08:28:58;16.2;
04.12.2024 08:28:59;16.2;
04.12.2024 08:29:00;16.19;
04.12.2024 08:29:01;16.2;
04.12.2024 08:29:05;16.2;
04.12.2024 08:29:06;16.19;
04.12.2024 08:29:07;16.2;
04.12.2024 08:29:08;16.2;
04.12.2024 08:29:09;16.19;
04.12.2024 08:29:11;16.19;
04.12.2024 08:29:12;16.2;
04.12.2024 08:29:13;16.19;
04.12.2024 08:29:14;16.19;
04.12.2024 08:29:15;16.2;
04.12.2024 08:29:18;16.2;
04.12.2024 08:29:19;16.19;
04.12.2024 08:29:20;16.2;
04.12.2024 08:29:21;16.2;
04.12.2024 08:29:22;16.19;
04.12.2024 08:29:23;16.2;
04.12.2024 08:29:24;16.2;
04.12.2024 08:29:25;16.19;
04.12.2024 08:29:26;16.2;
04.12.2024 08:29:27;16.19;
04.12.2024 08:29:30;16.19;
04.12.2024 08:29:31;16.2;
04.12.2024 08:29:32;16.18;
04.12.2024 08:29:33;16.19;
04.12.2024 08:29:34;16.19;
04.12.2024 08:29:35;16.2;
04.12.2024 08:29:36;16.19;
04.12.2024 08:29:37;16.19;
04.12.2024 08:29:38;16.18;
04.12.2024 08:29:39;16.19;
04.12.2024 08:29:41;16.19;
04.12.2024 08:29:42;16.18;
04.12.2024 08:29:43;16.18;
04.12.2024 08:29:44;16.19;
04.12.2024 08:29:46;16.19;
04.12.2024 08:29:47;16.18;
04.12.2024 08:29:48;16.19;
04.12.2024 08:29:49;16.19;
04.12.2024 08:29:50;16.18;
04.12.2024 08:29:55;16.18;
04.12.2024 08:29:56;16.17;
04.12.2024 08:29:57;16.18;
04.12.2024 08:29:58;16.19;
04.12.2024 08:29:59;16.19;
04.12.2024 08:30:00;16.18;
04.12.2024 08:30:02;16.18;
04.12.2024 08:30:03;16.19;
04.12.2024 08:30:04;16.19;
04.12.2024 08:30:05;16.18;
04.12.2024 08:30:06;16.18;
04.12.2024 08:30:07;16.19;
04.12.2024 08:30:09;16.19;
04.12.2024 08:30:10;16.18;
04.12.2024 08:30:11;16.18;
04.12.2024 08:30:12;16.19;
04.12.2024 08:30:13;16.19;
04.12.2024 08:30:14;16.18;
04.12.2024 08:30:15;16.19;
04.12.2024 08:30:16;16.18;
04.12.2024 08:30:17;16.18;
04.12.2024 08:30:18;16.19;
04.12.2024 08:30:19;16.18;
04.12.2024 08:30:20;16.19;
04.12.2024 08:30:29;16.19;
04.12.2024 08:30:30;16.18;
04.12.2024 08:30:31;16.17;
04.12.2024 08:30:32;16.19;
04.12.2024 08:30:33;16.18;
04.12.2024 08:30:34;16.19;
04.12.2024 08:30:35;16.17;
04.12.2024 08:30:36;16.18;
04.12.2024 08:30:43;16.18;
04.12.2024 08:30:44;16.17;
04.12.2024 08:30:45;16.18;
04.12.2024 08:30:46;16.17;
04.12.2024 08:30:47;16.18;
04.12.2024 08:30:48;16.17;
04.12.2024 08:30:49;16.18;
04.12.2024 08:30:51;16.18;
04.12.2024 08:30:52;16.17;
04.12.2024 08:30:53;16.18;
04.12.2024 08:30:55;16.18;
04.12.2024 08:30:56;16.17;
04.12.2024 08:30:57;16.18;
04.12.2024 08:30:58;16.18;
04.12.2024 08:30:59;16.17;
04.12.2024 08:31:00;16.18;
04.12.2024 08:31:02;16.18;
04.12.2024 08:31:03;16.17;
04.12.2024 08:31:04;16.18;
04.12.2024 08:31:06;16.18;
04.12.2024 08:31:07;16.17;
04.12.2024 08:31:08;16.18;
04.12.2024 08:31:09;16.17;
04.12.2024 08:31:11;16.17;
04.12.2024 08:31:12;16.18;
04.12.2024 08:31:13;16.17;
04.12.2024 08:31:14;16.18;
04.12.2024 08:31:15;16.17;
04.12.2024 08:31:18;16.17;
04.12.2024 08:31:19;16.18;
04.12.2024 08:31:20;16.17;
04.12.2024 08:31:25;16.17;
04.12.2024 08:31:26;16.16;
04.12.2024 08:31:27;16.17;
04.12.2024 08:31:30;16.17;
04.12.2024 08:31:31;16.18;
04.12.2024 08:31:32;16.17;
04.12.2024 08:31:33;16.17;
04.12.2024 08:31:34;16.18;
04.12.2024 08:31:35;16.17;
04.12.2024 08:31:38;16.17;
04.12.2024 08:31:39;16.18;
04.12.2024 08:31:40;16.17;
04.12.2024 08:31:41;16.17;
04.12.2024 08:31:42;16.18;
04.12.2024 08:31:43;16.17;
04.12.2024 08:31:46;16.17;
04.12.2024 08:31:47;16.18;
04.12.2024 08:31:48;16.17;
04.12.2024 08:31:49;16.16;
04.12.2024 08:31:50;16.17;
04.12.2024 08:31:51;16.16;
04.12.2024 08:31:52;16.17;
04.12.2024 08:31:53;16.16;
04.12.2024 08:31:54;16.17;
04.12.2024 08:31:55;16.16;
04.12.2024 08:31:56;16.17;
04.12.2024 08:31:58;16.17;
04.12.2024 08:31:59;16.16;
04.12.2024 08:32:00;16.17;
04.12.2024 08:32:01;16.16;
04.12.2024 08:32:06;16.16;
04.12.2024 08:32:07;16.17;
04.12.2024 08:32:08;16.16;
04.12.2024 08:32:13;16.16;
04.12.2024 08:32:14;16.17;
04.12.2024 08:32:15;16.17;
04.12.2024 08:32:16;16.16;
04.12.2024 08:32:17;16.17;
04.12.2024 08:32:19;16.17;
04.12.2024 08:32:20;16.16;
04.12.2024 08:32:21;16.16;
04.12.2024 08:32:22;16.17;
04.12.2024 08:32:23;16.17;
04.12.2024 08:32:24;16.16;
04.12.2024 08:32:28;16.16;
04.12.2024 08:32:29;16.17;
04.12.2024 08:32:30;16.16;
04.12.2024 08:32:31;16.16;
04.12.2024 08:32:32;16.15;
04.12.2024 08:32:33;16.16;
04.12.2024 08:32:34;16.17;
04.12.2024 08:32:35;16.16;
04.12.2024 08:32:36;16.16;
04.12.2024 08:32:37;16.15;
04.12.2024 08:32:38;16.17;
04.12.2024 08:32:39;16.16;
04.12.2024 08:32:48;16.16;
04.12.2024 08:32:49;16.15;
04.12.2024 08:32:50;16.16;
04.12.2024 08:32:53;16.16;
04.12.2024 08:32:54;16.15;
04.12.2024 08:32:55;16.16;
04.12.2024 08:33:00;16.16;
04.12.2024 08:33:01;16.15;
04.12.2024 08:33:02;16.16;
04.12.2024 08:33:03;16.16;
04.12.2024 08:33:04;16.15;
04.12.2024 08:33:07;16.15;
04.12.2024 08:33:08;16.16;
04.12.2024 08:33:10;16.16;
04.12.2024 08:33:11;16.15;
04.12.2024 08:33:12;16.15;
04.12.2024 08:33:13;16.16;
04.12.2024 08:33:14;16.16;
04.12.2024 08:33:15;16.15;
04.12.2024 08:33:17;16.15;
04.12.2024 08:33:18;16.16;
04.12.2024 08:33:24;16.16;
04.12.2024 08:33:25;16.15;
04.12.2024 08:33:26;16.14;
04.12.2024 08:33:27;16.15;
04.12.2024 08:33:28;16.15;
04.12.2024 08:33:29;16.16;
04.12.2024 08:33:30;16.15;
04.12.2024 08:33:31;16.16;
04.12.2024 08:33:32;16.15;
04.12.2024 08:33:33;16.16;
04.12.2024 08:33:34;16.15;
04.12.2024 08:33:35;16.16;
04.12.2024 08:33:36;16.16;
04.12.2024 08:33:37;16.15;
04.12.2024 08:33:41;16.15;
04.12.2024 08:33:42;16.16;
04.12.2024 08:33:43;16.14;
04.12.2024 08:33:44;16.15;
04.12.2024 08:33:46;16.15;
04.12.2024 08:33:47;16.14;
04.12.2024 08:33:48;16.15;
04.12.2024 08:33:49;16.15;
04.12.2024 08:33:50;16.16;
04.12.2024 08:33:51;16.15;
04.12.2024 08:33:52;16.16;
04.12.2024 08:33:53;16.15;
04.12.2024 08:33:55;16.15;
04.12.2024 08:33:56;16.14;
04.12.2024 08:33:57;16.14;
04.12.2024 08:33:58;16.15;
04.12.2024 08:34:00;16.15;
04.12.2024 08:34:01;16.14;
04.12.2024 08:34:02;16.14;
04.12.2024 08:34:03;16.15;
04.12.2024 08:34:17;16.15;
04.12.2024 08:34:18;16.14;
04.12.2024 08:34:19;16.15;
04.12.2024 08:34:20;16.15;
04.12.2024 08:34:21;16.14;
04.12.2024 08:34:22;16.15;
04.12.2024 08:34:24;16.15;
04.12.2024 08:34:25;16.14;
04.12.2024 08:34:26;16.15;
04.12.2024 08:34:27;16.14;
04.12.2024 08:34:28;16.14;
04.12.2024 08:34:29;16.15;
04.12.2024 08:34:30;16.14;
04.12.2024 08:34:32;16.14;
04.12.2024 08:34:33;16.15;
04.12.2024 08:34:36;16.15;
04.12.2024 08:34:37;16.14;
04.12.2024 08:34:39;16.14;
04.12.2024 08:34:40;16.15;
04.12.2024 08:34:41;16.14;
04.12.2024 08:34:43;16.14;
04.12.2024 08:34:44;16.15;
04.12.2024 08:34:45;16.15;
04.12.2024 08:34:46;16.14;
04.12.2024 08:34:48;16.14;
04.12.2024 08:34:49;16.15;
04.12.2024 08:34:50;16.14;
04.12.2024 08:34:51;16.15;
04.12.2024 08:34:52;16.15;
04.12.2024 08:34:53;16.14;
04.12.2024 08:34:58;16.14;
04.12.2024 08:34:59;16.13;
04.12.2024 08:35:00;16.14;
04.12.2024 08:35:02;16.14;
04.12.2024 08:35:03;16.13;
04.12.2024 08:35:04;16.15;
04.12.2024 08:35:05;16.14;
04.12.2024 08:35:09;16.14;
04.12.2024 08:35:10;16.13;
04.12.2024 08:35:11;16.13;
04.12.2024 08:35:12;16.14;
04.12.2024 08:35:17;16.14;
04.12.2024 08:35:18;16.13;
04.12.2024 08:35:19;16.14;
04.12.2024 08:35:20;16.12;
04.12.2024 08:35:21;16.14;
04.12.2024 08:35:22;16.13;
04.12.2024 08:35:23;16.13;
04.12.2024 08:35:24;16.14;
04.12.2024 08:35:27;16.14;
04.12.2024 08:35:28;16.13;
04.12.2024 08:35:31;16.13;
04.12.2024 08:35:32;16.14;
04.12.2024 08:35:34;16.14;
04.12.2024 08:35:35;16.13;
04.12.2024 08:35:36;16.14;
04.12.2024 08:35:37;16.13;
04.12.2024 08:35:38;16.14;
04.12.2024 08:35:39;16.13;
04.12.2024 08:35:40;16.14;
04.12.2024 08:35:46;16.14;
04.12.2024 08:35:47;16.13;
04.12.2024 08:35:49;16.13;
04.12.2024 08:35:50;16.14;
04.12.2024 08:35:51;16.14;
04.12.2024 08:35:52;16.12;
04.12.2024 08:35:53;16.13;
04.12.2024 08:35:54;16.14;
04.12.2024 08:35:55;16.13;
04.12.2024 08:36:21;16.13;
04.12.2024 08:36:22;16.12;
04.12.2024 08:36:23;16.13;
04.12.2024 08:36:29;16.13;
04.12.2024 08:36:30;16.12;
04.12.2024 08:36:31;16.13;
04.12.2024 08:36:32;16.12;
04.12.2024 08:36:33;16.13;
04.12.2024 08:36:38;16.13;
04.12.2024 08:36:39;16.12;
04.12.2024 08:36:40;16.12;
04.12.2024 08:36:41;16.13;
04.12.2024 08:36:42;16.12;
04.12.2024 08:36:44;16.12;
04.12.2024 08:36:45;16.13;
04.12.2024 08:36:46;16.12;
04.12.2024 08:36:49;16.12;
04.12.2024 08:36:50;16.13;
04.12.2024 08:36:51;16.13;
04.12.2024 08:36:52;16.11;
04.12.2024 08:36:53;16.12;
04.12.2024 08:36:54;16.12;
04.12.2024 08:36:55;16.11;
04.12.2024 08:36:56;16.12;
04.12.2024 08:36:57;16.12;
04.12.2024 08:36:58;16.13;
04.12.2024 08:36:59;16.12;
04.12.2024 08:37:08;16.12;
04.12.2024 08:37:09;16.11;
04.12.2024 08:37:13;16.11;
04.12.2024 08:37:14;16.12;
04.12.2024 08:37:17;16.12;
04.12.2024 08:37:18;16.11;
04.12.2024 08:37:20;16.11;
04.12.2024 08:37:21;16.12;
04.12.2024 08:37:22;16.11;
04.12.2024 08:37:23;16.12;
04.12.2024 08:37:24;16.11;
04.12.2024 08:37:28;16.11;
04.12.2024 08:37:29;16.12;
04.12.2024 08:37:30;16.11;
04.12.2024 08:37:34;16.11;
04.12.2024 08:37:35;16.12;
04.12.2024 08:37:36;16.11;
04.12.2024 08:37:38;16.11;
04.12.2024 08:37:39;16.1;
04.12.2024 08:37:40;16.11;
04.12.2024 08:37:44;16.11;
04.12.2024 08:37:45;16.12;
04.12.2024 08:37:46;16.11;
04.12.2024 08:37:47;16.1;
04.12.2024 08:37:48;16.11;
04.12.2024 08:37:49;16.12;
04.12.2024 08:37:51;16.12;
04.12.2024 08:37:52;16.11;
04.12.2024 08:37:56;16.11;
04.12.2024 08:37:57;16.1;
04.12.2024 08:37:58;16.12;
04.12.2024 08:37:59;16.11;
04.12.2024 08:38:00;16.12;
04.12.2024 08:38:01;16.11;
04.12.2024 08:38:02;16.11;
04.12.2024 08:38:03;16.1;
04.12.2024 08:38:04;16.11;
04.12.2024 08:38:08;16.11;
04.12.2024 08:38:09;16.1;
04.12.2024 08:38:10;16.11;
04.12.2024 08:38:11;16.11;
04.12.2024 08:38:12;16.1;
04.12.2024 08:38:13;16.11;
04.12.2024 08:38:17;16.11;
04.12.2024 08:38:18;16.1;
04.12.2024 08:38:19;16.11;
04.12.2024 08:38:20;16.1;
04.12.2024 08:38:21;16.11;
04.12.2024 08:38:24;16.11;
04.12.2024 08:38:25;16.1;
04.12.2024 08:38:26;16.11;
04.12.2024 08:38:28;16.11;
04.12.2024 08:38:29;16.12;
04.12.2024 08:38:30;16.11;
04.12.2024 08:38:31;16.11;
04.12.2024 08:38:32;16.1;
04.12.2024 08:38:33;16.11;
04.12.2024 08:38:35;16.11;
04.12.2024 08:38:36;16.1;
04.12.2024 08:38:37;16.11;
04.12.2024 08:38:39;16.11;
04.12.2024 08:38:40;16.1;
04.12.2024 08:38:41;16.1;
04.12.2024 08:38:42;16.11;
04.12.2024 08:38:43;16.11;
04.12.2024 08:38:44;16.1;
04.12.2024 08:38:45;16.1;
04.12.2024 08:38:46;16.11;
04.12.2024 08:38:47;16.1;
04.12.2024 08:38:49;16.1;
04.12.2024 08:38:50;16.09;
04.12.2024 08:38:51;16.1;
04.12.2024 08:38:54;16.1;
04.12.2024 08:38:55;16.11;
04.12.2024 08:38:56;16.1;
04.12.2024 08:38:58;16.1;
04.12.2024 08:38:59;16.11;
04.12.2024 08:39:00;16.1;
04.12.2024 08:39:05;16.1;
04.12.2024 08:39:06;16.09;
04.12.2024 08:39:07;16.1;
04.12.2024 08:39:14;16.1;
04.12.2024 08:39:15;16.09;
04.12.2024 08:39:16;16.1;
04.12.2024 08:39:17;16.1;
04.12.2024 08:39:18;16.09;
04.12.2024 08:39:19;16.09;
04.12.2024 08:39:20;16.1;
04.12.2024 08:39:21;16.09;
04.12.2024 08:39:22;16.1;
04.12.2024 08:39:23;16.09;
04.12.2024 08:39:24;16.09;
04.12.2024 08:39:25;16.1;
04.12.2024 08:39:26;16.08;
04.12.2024 08:39:27;16.09;
04.12.2024 08:39:28;16.1;
04.12.2024 08:39:29;16.09;
04.12.2024 08:39:30;16.1;
04.12.2024 08:39:31;16.09;
04.12.2024 08:39:32;16.1;
04.12.2024 08:39:33;16.09;
04.12.2024 08:39:34;16.09;
04.12.2024 08:39:35;16.08;
04.12.2024 08:39:36;16.09;
04.12.2024 08:39:41;16.09;
04.12.2024 08:39:42;16.1;
04.12.2024 08:39:44;16.1;
04.12.2024 08:39:45;16.09;
04.12.2024 08:39:46;16.09;
04.12.2024 08:39:47;16.1;
04.12.2024 08:39:48;16.09;
04.12.2024 08:39:49;16.1;
04.12.2024 08:39:51;16.1;
04.12.2024 08:39:52;16.09;
04.12.2024 08:39:53;16.09;
04.12.2024 08:39:54;16.1;
04.12.2024 08:39:55;16.08;
04.12.2024 08:39:56;16.09;
04.12.2024 08:40:00;16.09;
04.12.2024 08:40:01;16.08;
04.12.2024 08:40:02;16.09;
04.12.2024 08:40:03;16.09;
04.12.2024 08:40:04;16.1;
04.12.2024 08:40:05;16.09;
04.12.2024 08:40:06;16.09;
04.12.2024 08:40:07;16.1;
04.12.2024 08:40:08;16.1;
04.12.2024 08:40:09;16.09;
04.12.2024 08:40:10;16.1;
04.12.2024 08:40:11;16.09;
04.12.2024 08:40:16;16.09;
04.12.2024 08:40:17;16.1;
04.12.2024 08:40:18;16.09;
04.12.2024 08:40:21;16.09;
04.12.2024 08:40:22;16.08;
04.12.2024 08:40:23;16.08;
04.12.2024 08:40:24;16.09;
04.12.2024 08:40:25;16.08;
04.12.2024 08:40:26;16.08;
04.12.2024 08:40:27;16.09;
04.12.2024 08:40:28;16.08;
04.12.2024 08:40:29;16.09;
04.12.2024 08:40:32;16.09;
04.12.2024 08:40:33;16.08;
04.12.2024 08:40:34;16.09;
04.12.2024 08:40:39;16.09;
04.12.2024 08:40:40;16.08;
04.12.2024 08:40:41;16.09;
04.12.2024 08:40:42;16.08;
04.12.2024 08:40:44;16.08;
04.12.2024 08:40:45;16.09;
04.12.2024 08:40:46;16.08;
04.12.2024 08:40:47;16.08;
04.12.2024 08:40:48;16.09;
04.12.2024 08:40:49;16.09;
04.12.2024 08:40:50;16.08;
04.12.2024 08:40:51;16.09;
04.12.2024 08:40:53;16.09;
04.12.2024 08:40:54;16.08;
04.12.2024 08:40:55;16.09;
04.12.2024 08:40:56;16.09;
04.12.2024 08:40:57;16.08;
04.12.2024 08:41:00;16.08;
04.12.2024 08:41:01;16.09;
04.12.2024 08:41:02;16.08;
04.12.2024 08:41:05;16.08;
04.12.2024 08:41:06;16.09;
04.12.2024 08:41:07;16.08;
04.12.2024 08:41:21;16.08;
04.12.2024 08:41:22;16.07;
04.12.2024 08:41:23;16.08;
04.12.2024 08:41:36;16.08;
04.12.2024 08:41:37;16.07;
04.12.2024 08:41:38;16.08;
04.12.2024 08:41:39;16.08;
04.12.2024 08:41:40;16.07;
04.12.2024 08:41:41;16.07;
04.12.2024 08:41:42;16.08;
04.12.2024 08:41:44;16.08;
04.12.2024 08:41:45;16.07;
04.12.2024 08:41:46;16.06;
04.12.2024 08:41:47;16.08;
04.12.2024 08:41:48;16.07;
04.12.2024 08:41:56;16.07;
04.12.2024 08:41:57;16.06;
04.12.2024 08:41:58;16.07;
04.12.2024 08:42:01;16.07;
04.12.2024 08:42:02;16.08;
04.12.2024 08:42:03;16.07;
04.12.2024 08:42:06;16.07;
04.12.2024 08:42:07;16.08;
04.12.2024 08:42:08;16.07;
04.12.2024 08:42:11;16.07;
04.12.2024 08:42:12;16.08;
04.12.2024 08:42:13;16.07;
04.12.2024 08:42:14;16.07;
04.12.2024 08:42:15;16.06;
04.12.2024 08:42:16;16.07;
04.12.2024 08:42:17;16.06;
04.12.2024 08:42:18;16.07;
04.12.2024 08:42:19;16.08;
04.12.2024 08:42:20;16.06;
04.12.2024 08:42:21;16.07;
04.12.2024 08:42:23;16.07;
04.12.2024 08:42:24;16.06;
04.12.2024 08:42:25;16.07;
04.12.2024 08:42:26;16.07;
04.12.2024 08:42:27;16.06;
04.12.2024 08:42:28;16.07;
04.12.2024 08:42:30;16.07;
04.12.2024 08:42:31;16.06;
04.12.2024 08:42:33;16.06;
04.12.2024 08:42:34;16.07;
04.12.2024 08:42:35;16.07;
04.12.2024 08:42:36;16.06;
04.12.2024 08:42:37;16.06;
04.12.2024 08:42:38;16.07;
04.12.2024 08:42:39;16.07;
04.12.2024 08:42:40;16.06;
04.12.2024 08:42:41;16.06;
04.12.2024 08:42:42;16.07;
04.12.2024 08:42:43;16.07;
04.12.2024 08:42:44;16.06;
04.12.2024 08:42:45;16.07;
04.12.2024 08:42:47;16.07;
04.12.2024 08:42:48;16.06;
04.12.2024 08:42:49;16.05;
04.12.2024 08:42:50;16.06;
04.12.2024 08:42:56;16.06;
04.12.2024 08:42:57;16.05;
04.12.2024 08:42:58;16.06;
04.12.2024 08:42:59;16.05;
04.12.2024 08:43:00;16.05;
04.12.2024 08:43:01;16.06;
04.12.2024 08:43:02;16.06;
04.12.2024 08:43:03;16.05;
04.12.2024 08:43:04;16.06;
04.12.2024 08:43:06;16.06;
04.12.2024 08:43:07;16.05;
04.12.2024 08:43:08;16.06;
04.12.2024 08:43:09;16.05;
04.12.2024 08:43:10;16.06;
04.12.2024 08:43:16;16.06;
04.12.2024 08:43:17;16.05;
04.12.2024 08:43:18;16.06;
04.12.2024 08:43:19;16.06;
04.12.2024 08:43:20;16.05;
04.12.2024 08:43:22;16.05;
04.12.2024 08:43:23;16.06;
04.12.2024 08:43:25;16.06;
04.12.2024 08:43:26;16.05;
04.12.2024 08:43:27;16.06;
04.12.2024 08:43:28;16.05;
04.12.2024 08:43:30;16.05;
04.12.2024 08:43:31;16.07;
04.12.2024 08:43:32;16.06;
04.12.2024 08:43:34;16.06;
04.12.2024 08:43:35;16.05;
04.12.2024 08:43:37;16.05;
04.12.2024 08:43:38;16.06;
04.12.2024 08:43:39;16.05;
04.12.2024 08:43:41;16.05;
04.12.2024 08:43:42;16.06;
04.12.2024 08:43:43;16.05;
04.12.2024 08:43:44;16.05;
04.12.2024 08:43:45;16.06;
04.12.2024 08:43:46;16.06;
04.12.2024 08:43:47;16.05;
04.12.2024 08:43:48;16.05;
04.12.2024 08:43:49;16.06;
04.12.2024 08:43:53;16.06;
04.12.2024 08:43:54;16.05;
04.12.2024 08:43:55;16.06;
04.12.2024 08:43:56;16.05;
04.12.2024 08:43:57;16.05;
04.12.2024 08:43:58;16.06;
04.12.2024 08:43:59;16.05;
04.12.2024 08:44:06;16.05;
04.12.2024 08:44:07;16.06;
04.12.2024 08:44:08;16.05;
04.12.2024 08:44:09;16.05;
04.12.2024 08:44:10;16.04;
04.12.2024 08:44:11;16.05;
04.12.2024 08:44:16;16.05;
04.12.2024 08:44:17;16.04;
04.12.2024 08:44:18;16.05;
04.12.2024 08:44:19;16.04;
04.12.2024 08:44:20;16.05;
04.12.2024 08:44:22;16.05;
04.12.2024 08:44:23;16.06;
04.12.2024 08:44:24;16.04;
04.12.2024 08:44:25;16.04;
04.12.2024 08:44:26;16.05;
04.12.2024 08:44:29;16.05;
04.12.2024 08:44:30;16.04;
04.12.2024 08:44:31;16.05;
04.12.2024 08:44:33;16.05;
04.12.2024 08:44:34;16.04;
04.12.2024 08:44:35;16.05;
04.12.2024 08:44:36;16.05;
04.12.2024 08:44:37;16.04;
04.12.2024 08:44:38;16.04;
04.12.2024 08:44:39;16.05;
04.12.2024 08:44:40;16.04;
04.12.2024 08:44:43;16.04;
04.12.2024 08:44:44;16.05;
04.12.2024 08:44:45;16.04;
04.12.2024 08:44:47;16.04;
04.12.2024 08:44:48;16.05;
04.12.2024 08:44:49;16.04;
04.12.2024 08:44:50;16.04;
04.12.2024 08:44:51;16.05;
04.12.2024 08:44:52;16.04;
04.12.2024 08:44:53;16.05;
04.12.2024 08:44:54;16.05;
04.12.2024 08:44:55;16.04;
04.12.2024 08:45:00;16.04;
04.12.2024 08:45:01;16.05;
04.12.2024 08:45:02;16.04;
04.12.2024 08:45:05;16.04;
04.12.2024 08:45:06;16.05;
04.12.2024 08:45:07;16.05;
04.12.2024 08:45:08;16.04;
04.12.2024 08:45:09;16.05;
04.12.2024 08:45:10;16.04;
04.12.2024 08:45:16;16.04;
04.12.2024 08:45:17;16.03;
04.12.2024 08:45:18;16.04;
04.12.2024 08:45:22;16.04;
04.12.2024 08:45:23;16.03;
04.12.2024 08:45:24;16.03;
04.12.2024 08:45:25;16.04;
04.12.2024 08:45:30;16.04;
04.12.2024 08:45:31;16.03;
04.12.2024 08:45:32;16.03;
04.12.2024 08:45:33;16.04;
04.12.2024 08:45:34;16.05;
04.12.2024 08:45:35;16.03;
04.12.2024 08:45:36;16.04;
04.12.2024 08:45:37;16.04;
04.12.2024 08:45:38;16.05;
04.12.2024 08:45:39;16.04;
04.12.2024 08:45:42;16.04;
04.12.2024 08:45:43;16.03;
04.12.2024 08:45:44;16.04;
04.12.2024 08:45:45;16.03;
04.12.2024 08:45:46;16.04;
04.12.2024 08:45:47;16.04;
04.12.2024 08:45:48;16.03;
04.12.2024 08:45:49;16.03;
04.12.2024 08:45:50;16.04;
04.12.2024 08:45:51;16.03;
04.12.2024 08:45:56;16.03;
04.12.2024 08:45:57;16.04;
04.12.2024 08:45:58;16.03;
04.12.2024 08:45:59;16.03;
04.12.2024 08:46:00;16.02;
04.12.2024 08:46:01;16.02;
04.12.2024 08:46:02;16.03;
04.12.2024 08:46:08;16.03;
04.12.2024 08:46:09;16.04;
04.12.2024 08:46:10;16.03;
04.12.2024 08:46:16;16.03;
04.12.2024 08:46:17;16.02;
04.12.2024 08:46:18;16.03;
04.12.2024 08:46:21;16.03;
04.12.2024 08:46:22;16.04;
04.12.2024 08:46:23;16.03;
04.12.2024 08:46:31;16.03;
04.12.2024 08:46:32;16.04;
04.12.2024 08:46:33;16.02;
04.12.2024 08:46:34;16.03;
04.12.2024 08:46:38;16.03;
04.12.2024 08:46:39;16.02;
04.12.2024 08:46:40;16.02;
04.12.2024 08:46:41;16.03;
04.12.2024 08:46:43;16.03;
04.12.2024 08:46:44;16.02;
04.12.2024 08:46:46;16.02;
04.12.2024 08:46:47;16.03;
04.12.2024 08:46:48;16.02;
04.12.2024 08:46:49;16.02;
04.12.2024 08:46:50;16.03;
04.12.2024 08:46:51;16.02;
04.12.2024 08:46:52;16.03;
04.12.2024 08:46:53;16.02;
04.12.2024 08:46:54;16.03;
04.12.2024 08:46:55;16.02;
04.12.2024 08:46:59;16.02;
04.12.2024 08:47:00;16.03;
04.12.2024 08:47:01;16.02;
04.12.2024 08:47:03;16.02;
04.12.2024 08:47:04;16.03;
04.12.2024 08:47:05;16.03;
04.12.2024 08:47:06;16.02;
04.12.2024 08:47:12;16.02;
04.12.2024 08:47:13;16.01;
04.12.2024 08:47:18;16.01;
04.12.2024 08:47:19;16.02;
04.12.2024 08:47:21;16.02;
04.12.2024 08:47:22;16.01;
04.12.2024 08:47:23;16.02;
04.12.2024 08:47:24;16.01;
04.12.2024 08:47:25;16.02;
04.12.2024 08:47:36;16.02;
04.12.2024 08:47:37;16.01;
04.12.2024 08:47:39;16.01;
04.12.2024 08:47:40;16.02;
04.12.2024 08:47:43;16.02;
04.12.2024 08:47:44;16.01;
04.12.2024 08:47:46;16.01;
04.12.2024 08:47:47;16.02;
04.12.2024 08:47:48;16.01;
04.12.2024 08:47:49;16.01;
04.12.2024 08:47:50;16.02;
04.12.2024 08:47:51;16.01;
04.12.2024 08:47:52;16.02;
04.12.2024 08:47:53;16.02;
04.12.2024 08:47:54;16.03;
04.12.2024 08:47:55;16.02;
04.12.2024 08:47:56;16.02;
04.12.2024 08:47:57;16.01;
04.12.2024 08:47:59;16.01;
04.12.2024 08:48:00;16.02;
04.12.2024 08:48:01;16.02;
04.12.2024 08:48:02;16.01;
04.12.2024 08:48:08;16.01;
04.12.2024 08:48:09;16.02;
04.12.2024 08:48:10;16.01;
04.12.2024 08:48:13;16.01;
04.12.2024 08:48:14;16.02;
04.12.2024 08:48:15;16.01;
04.12.2024 08:48:16;16;
04.12.2024 08:48:17;16.01;
04.12.2024 08:48:26;16.01;
04.12.2024 08:48:27;16;
04.12.2024 08:48:28;16.01;
04.12.2024 08:48:31;16.01;
04.12.2024 08:48:32;16;
04.12.2024 08:48:33;16.01;
04.12.2024 08:48:34;16.01;
04.12.2024 08:48:35;16;
04.12.2024 08:48:36;16.01;
04.12.2024 08:48:37;16;
04.12.2024 08:48:38;16;
04.12.2024 08:48:39;16.01;
04.12.2024 08:48:40;16;
04.12.2024 08:48:41;16;
04.12.2024 08:48:42;16.01;
04.12.2024 08:48:44;16.01;
04.12.2024 08:48:45;16;
04.12.2024 08:48:46;16.01;
04.12.2024 08:48:47;16.01;
04.12.2024 08:48:48;16;
04.12.2024 08:48:49;16;
04.12.2024 08:48:50;16.01;
04.12.2024 08:48:52;16.01;
04.12.2024 08:48:53;16;
04.12.2024 08:48:54;16;
04.12.2024 08:48:55;16.01;
04.12.2024 08:48:56;16;
04.12.2024 08:48:57;16;
04.12.2024 08:48:58;16.01;
04.12.2024 08:48:59;16.01;
04.12.2024 08:49:00;16;
04.12.2024 08:49:01;16.01;
04.12.2024 08:49:02;16.01;
04.12.2024 08:49:03;16;
04.12.2024 08:49:04;16.01;
04.12.2024 08:49:05;16.02;
04.12.2024 08:49:06;16;
04.12.2024 08:49:07;16;
04.12.2024 08:49:08;16.01;
04.12.2024 08:49:10;16.01;
04.12.2024 08:49:11;15.99;
04.12.2024 08:49:12;16.01;
04.12.2024 08:49:13;16.01;
04.12.2024 08:49:14;16;
04.12.2024 08:49:15;16;
04.12.2024 08:49:16;16.01;
04.12.2024 08:49:17;16;
04.12.2024 08:49:18;16.01;
04.12.2024 08:49:19;16;
04.12.2024 08:49:24;16;
04.12.2024 08:49:25;16.01;
04.12.2024 08:49:26;16;
04.12.2024 08:49:27;16;
04.12.2024 08:49:28;15.99;
04.12.2024 08:49:29;16;
04.12.2024 08:49:30;16.01;
04.12.2024 08:49:31;16;
04.12.2024 08:49:32;16.01;
04.12.2024 08:49:33;16;
04.12.2024 08:49:34;15.99;
04.12.2024 08:49:35;16;
04.12.2024 08:49:39;16;
04.12.2024 08:49:40;16.01;
04.12.2024 08:49:41;16;
04.12.2024 08:49:45;16;
04.12.2024 08:49:46;15.99;
04.12.2024 08:49:47;16.01;
04.12.2024 08:49:48;15.99;
04.12.2024 08:49:49;15.99;
04.12.2024 08:49:50;16;
04.12.2024 08:49:51;15.99;
04.12.2024 08:49:52;16;
04.12.2024 08:49:54;16;
04.12.2024 08:49:55;16.01;
04.12.2024 08:49:56;16;
04.12.2024 08:50:01;16;
04.12.2024 08:50:02;15.99;
04.12.2024 08:50:03;16;
04.12.2024 08:50:07;16;
04.12.2024 08:50:08;15.99;
04.12.2024 08:50:09;15.99;
04.12.2024 08:50:10;16;
04.12.2024 08:50:11;15.99;
04.12.2024 08:50:12;16;
04.12.2024 08:50:13;15.99;
04.12.2024 08:50:14;15.98;
04.12.2024 08:50:15;15.99;
04.12.2024 08:50:16;16;
04.12.2024 08:50:18;16;
04.12.2024 08:50:19;15.99;
04.12.2024 08:50:20;15.99;
04.12.2024 08:50:21;16;
04.12.2024 08:50:22;15.99;
04.12.2024 08:50:28;15.99;
04.12.2024 08:50:29;16;
04.12.2024 08:50:30;15.99;
04.12.2024 08:50:31;15.99;
04.12.2024 08:50:32;15.98;
04.12.2024 08:50:33;15.99;
04.12.2024 08:50:42;15.99;
04.12.2024 08:50:43;15.98;
04.12.2024 08:50:44;15.99;
04.12.2024 08:50:45;15.99;
04.12.2024 08:50:46;15.98;
04.12.2024 08:50:47;15.99;
04.12.2024 08:50:48;15.98;
04.12.2024 08:50:49;15.99;
04.12.2024 08:50:50;15.97;
04.12.2024 08:50:51;15.98;
04.12.2024 08:50:52;15.99;
04.12.2024 08:50:53;15.98;
04.12.2024 08:50:54;15.98;
04.12.2024 08:50:55;15.99;
04.12.2024 08:50:57;15.99;
04.12.2024 08:50:58;15.98;
04.12.2024 08:50:59;15.99;
04.12.2024 08:51:00;15.99;
04.12.2024 08:51:01;15.98;
04.12.2024 08:51:02;15.98;
04.12.2024 08:51:03;15.99;
04.12.2024 08:51:04;15.98;
04.12.2024 08:51:07;15.98;
04.12.2024 08:51:08;15.99;
04.12.2024 08:51:09;15.98;
04.12.2024 08:51:10;15.98;
04.12.2024 08:51:11;15.99;
04.12.2024 08:51:12;15.99;
04.12.2024 08:51:13;15.98;
04.12.2024 08:51:14;15.98;
04.12.2024 08:51:15;15.99;
04.12.2024 08:51:16;15.98;
04.12.2024 08:51:18;15.98;
04.12.2024 08:51:19;15.97;
04.12.2024 08:51:20;15.99;
04.12.2024 08:51:21;15.98;
04.12.2024 08:51:23;15.98;
04.12.2024 08:51:24;15.99;
04.12.2024 08:51:25;15.99;
04.12.2024 08:51:26;15.98;
04.12.2024 08:51:27;15.99;
04.12.2024 08:51:29;15.99;
04.12.2024 08:51:30;15.98;
04.12.2024 08:51:32;15.98;
04.12.2024 08:51:33;15.99;
04.12.2024 08:51:34;15.98;
04.12.2024 08:51:35;15.98;
04.12.2024 08:51:36;15.99;
04.12.2024 08:51:37;15.99;
04.12.2024 08:51:38;15.98;
04.12.2024 08:51:40;15.98;
04.12.2024 08:51:41;15.97;
04.12.2024 08:51:42;15.97;
04.12.2024 08:51:43;15.98;
04.12.2024 08:51:44;15.98;
04.12.2024 08:51:45;15.97;
04.12.2024 08:51:46;15.97;
04.12.2024 08:51:47;15.98;
04.12.2024 08:51:51;15.98;
04.12.2024 08:51:52;15.97;
04.12.2024 08:51:53;15.98;
04.12.2024 08:51:54;15.97;
04.12.2024 08:51:55;15.97;
04.12.2024 08:51:56;15.98;
04.12.2024 08:51:58;15.98;
04.12.2024 08:51:59;15.97;
04.12.2024 08:52:00;15.99;
04.12.2024 08:52:01;15.98;
04.12.2024 08:52:02;15.97;
04.12.2024 08:52:03;15.97;
04.12.2024 08:52:04;15.98;
04.12.2024 08:52:05;15.97;
04.12.2024 08:52:07;15.97;
04.12.2024 08:52:08;15.98;
04.12.2024 08:52:09;15.97;
04.12.2024 08:52:10;15.97;
04.12.2024 08:52:11;15.98;
04.12.2024 08:52:16;15.98;
04.12.2024 08:52:17;15.97;
04.12.2024 08:52:24;15.97;
04.12.2024 08:52:25;15.98;
04.12.2024 08:52:26;15.97;
04.12.2024 08:52:31;15.97;
04.12.2024 08:52:32;15.98;
04.12.2024 08:52:33;15.98;
04.12.2024 08:52:34;15.97;
04.12.2024 08:52:35;15.97;
04.12.2024 08:52:36;15.98;
04.12.2024 08:52:37;15.97;
04.12.2024 08:52:38;15.98;
04.12.2024 08:52:39;15.97;
04.12.2024 08:52:40;15.97;
04.12.2024 08:52:41;15.98;
04.12.2024 08:52:42;15.98;
04.12.2024 08:52:43;15.97;
04.12.2024 08:52:44;15.97;
04.12.2024 08:52:45;15.98;
04.12.2024 08:52:46;15.98;
04.12.2024 08:52:47;15.97;
04.12.2024 08:52:48;15.96;
04.12.2024 08:52:49;15.97;
04.12.2024 08:52:50;15.96;
04.12.2024 08:52:51;15.97;
04.12.2024 08:52:54;15.97;
04.12.2024 08:52:55;15.98;
04.12.2024 08:52:56;15.97;
04.12.2024 08:52:58;15.97;
04.12.2024 08:52:59;15.96;
04.12.2024 08:53:00;15.97;
04.12.2024 08:53:01;15.97;
04.12.2024 08:53:02;15.96;
04.12.2024 08:53:03;15.96;
04.12.2024 08:53:04;15.97;
04.12.2024 08:53:11;15.97;
04.12.2024 08:53:12;15.98;
04.12.2024 08:53:13;15.97;
04.12.2024 08:53:14;15.96;
04.12.2024 08:53:15;15.96;
04.12.2024 08:53:16;15.97;
04.12.2024 08:53:18;15.97;
04.12.2024 08:53:19;15.96;
04.12.2024 08:53:20;15.96;
04.12.2024 08:53:21;15.97;
04.12.2024 08:53:22;15.96;
04.12.2024 08:53:23;15.95;
04.12.2024 08:53:24;15.97;
04.12.2024 08:53:25;15.96;
04.12.2024 08:53:26;15.96;
04.12.2024 08:53:27;15.97;
04.12.2024 08:53:28;15.96;
04.12.2024 08:53:29;15.97;
04.12.2024 08:53:31;15.97;
04.12.2024 08:53:32;15.95;
04.12.2024 08:53:33;15.97;
04.12.2024 08:53:34;15.96;
04.12.2024 08:53:38;15.96;
04.12.2024 08:53:39;15.95;
04.12.2024 08:53:40;15.96;
04.12.2024 08:53:48;15.96;
04.12.2024 08:53:49;15.97;
04.12.2024 08:53:50;15.96;
04.12.2024 08:53:51;15.97;
04.12.2024 08:53:52;15.97;
04.12.2024 08:53:53;15.96;
04.12.2024 08:53:55;15.96;
04.12.2024 08:53:56;15.95;
04.12.2024 08:53:57;15.96;
04.12.2024 08:53:58;15.97;
04.12.2024 08:53:59;15.96;
04.12.2024 08:54:02;15.96;
04.12.2024 08:54:03;15.97;
04.12.2024 08:54:04;15.96;
04.12.2024 08:54:06;15.96;
04.12.2024 08:54:07;15.97;
04.12.2024 08:54:08;15.96;
04.12.2024 08:54:09;15.96;
04.12.2024 08:54:10;15.95;
04.12.2024 08:54:11;15.96;
04.12.2024 08:54:12;15.96;
04.12.2024 08:54:13;15.95;
04.12.2024 08:54:14;15.96;
04.12.2024 08:54:18;15.96;
04.12.2024 08:54:19;15.95;
04.12.2024 08:54:20;15.96;
04.12.2024 08:54:21;15.95;
04.12.2024 08:54:22;15.96;
04.12.2024 08:54:24;15.96;
04.12.2024 08:54:25;15.95;
04.12.2024 08:54:26;15.95;
04.12.2024 08:54:27;15.96;
04.12.2024 08:54:28;15.95;
04.12.2024 08:54:36;15.95;
04.12.2024 08:54:37;15.94;
04.12.2024 08:54:38;15.95;
04.12.2024 08:54:45;15.95;
04.12.2024 08:54:46;15.94;
04.12.2024 08:54:47;15.95;
04.12.2024 08:54:48;15.95;
04.12.2024 08:54:49;15.96;
04.12.2024 08:54:50;15.95;
04.12.2024 08:54:51;15.95;
04.12.2024 08:54:52;15.94;
04.12.2024 08:54:54;15.94;
04.12.2024 08:54:55;15.95;
04.12.2024 08:54:56;15.95;
04.12.2024 08:54:57;15.94;
04.12.2024 08:54:58;15.95;
04.12.2024 08:55:01;15.95;
04.12.2024 08:55:02;15.94;
04.12.2024 08:55:03;15.95;
04.12.2024 08:55:05;15.95;
04.12.2024 08:55:06;15.94;
04.12.2024 08:55:07;15.94;
04.12.2024 08:55:08;15.95;
04.12.2024 08:55:09;15.95;
04.12.2024 08:55:10;15.94;
04.12.2024 08:55:11;15.95;
04.12.2024 08:55:13;15.95;
04.12.2024 08:55:14;15.94;
04.12.2024 08:55:15;15.94;
04.12.2024 08:55:16;15.95;
04.12.2024 08:55:20;15.95;
04.12.2024 08:55:21;15.94;
04.12.2024 08:55:22;15.95;
04.12.2024 08:55:23;15.95;
04.12.2024 08:55:24;15.94;
04.12.2024 08:55:25;15.95;
04.12.2024 08:55:26;15.94;
04.12.2024 08:55:28;15.94;
04.12.2024 08:55:29;15.95;
04.12.2024 08:55:31;15.95;
04.12.2024 08:55:32;15.94;
04.12.2024 08:55:33;15.94;
04.12.2024 08:55:34;15.95;
04.12.2024 08:55:36;15.95;
04.12.2024 08:55:37;15.94;
04.12.2024 08:55:38;15.94;
04.12.2024 08:55:39;15.95;
04.12.2024 08:55:40;15.94;
04.12.2024 08:55:46;15.94;
04.12.2024 08:55:47;15.95;
04.12.2024 08:55:48;15.95;
04.12.2024 08:55:49;15.94;
04.12.2024 08:55:57;15.94;
04.12.2024 08:55:58;15.93;
04.12.2024 08:55:59;15.94;
04.12.2024 08:56:01;15.94;
04.12.2024 08:56:02;15.93;
04.12.2024 08:56:03;15.94;
04.12.2024 08:56:06;15.94;
04.12.2024 08:56:07;15.95;
04.12.2024 08:56:08;15.94;
04.12.2024 08:56:09;15.93;
04.12.2024 08:56:10;15.93;
04.12.2024 08:56:11;15.94;
04.12.2024 08:56:13;15.94;
04.12.2024 08:56:14;15.93;
04.12.2024 08:56:15;15.94;
04.12.2024 08:56:17;15.94;
04.12.2024 08:56:18;15.95;
04.12.2024 08:56:19;15.94;
04.12.2024 08:56:25;15.94;
04.12.2024 08:56:26;15.93;
04.12.2024 08:56:27;15.94;
04.12.2024 08:56:32;15.94;
04.12.2024 08:56:33;15.93;
04.12.2024 08:56:34;15.93;
04.12.2024 08:56:35;15.94;
04.12.2024 08:56:36;15.94;
04.12.2024 08:56:37;15.93;
04.12.2024 08:56:38;15.93;
04.12.2024 08:56:39;15.94;
04.12.2024 08:56:40;15.93;
04.12.2024 08:56:42;15.93;
04.12.2024 08:56:43;15.94;
04.12.2024 08:56:45;15.94;
04.12.2024 08:56:46;15.93;
04.12.2024 08:56:48;15.93;
04.12.2024 08:56:49;15.94;
04.12.2024 08:56:50;15.93;
04.12.2024 08:57:00;15.93;
04.12.2024 08:57:01;15.92;
04.12.2024 08:57:03;15.92;
04.12.2024 08:57:04;15.93;
04.12.2024 08:57:07;15.93;
04.12.2024 08:57:08;15.92;
04.12.2024 08:57:09;15.93;
04.12.2024 08:57:13;15.93;
04.12.2024 08:57:14;15.92;
04.12.2024 08:57:15;15.93;
04.12.2024 08:57:19;15.93;
04.12.2024 08:57:20;15.92;
04.12.2024 08:57:21;15.93;
04.12.2024 08:57:22;15.94;
04.12.2024 08:57:23;15.94;
04.12.2024 08:57:24;15.93;
04.12.2024 08:57:27;15.93;
04.12.2024 08:57:28;15.92;
04.12.2024 08:57:33;15.92;
04.12.2024 08:57:34;15.93;
04.12.2024 08:57:35;15.92;
04.12.2024 08:57:37;15.92;
04.12.2024 08:57:38;15.93;
04.12.2024 08:57:39;15.92;
04.12.2024 08:57:40;15.93;
04.12.2024 08:57:41;15.91;
04.12.2024 08:57:42;15.92;
04.12.2024 08:57:44;15.92;
04.12.2024 08:57:45;15.91;
04.12.2024 08:57:46;15.92;
04.12.2024 08:57:47;15.92;
04.12.2024 08:57:48;15.93;
04.12.2024 08:57:49;15.91;
04.12.2024 08:57:51;15.91;
04.12.2024 08:57:52;15.92;
04.12.2024 08:57:56;15.92;
04.12.2024 08:57:57;15.91;
04.12.2024 08:57:58;15.92;
04.12.2024 08:58:01;15.92;
04.12.2024 08:58:02;15.91;
04.12.2024 08:58:03;15.91;
04.12.2024 08:58:04;15.92;
04.12.2024 08:58:15;15.92;
04.12.2024 08:58:16;15.91;
04.12.2024 08:58:17;15.92;
04.12.2024 08:58:18;15.92;
04.12.2024 08:58:19;15.91;
04.12.2024 08:58:20;15.92;
04.12.2024 08:58:21;15.91;
04.12.2024 08:58:23;15.91;
04.12.2024 08:58:24;15.92;
04.12.2024 08:58:25;15.92;
04.12.2024 08:58:26;15.91;
04.12.2024 08:58:27;15.92;
04.12.2024 08:58:28;15.91;
04.12.2024 08:58:31;15.91;
04.12.2024 08:58:32;15.92;
04.12.2024 08:58:33;15.91;
04.12.2024 08:58:34;15.91;
04.12.2024 08:58:35;15.92;
04.12.2024 08:58:36;15.92;
04.12.2024 08:58:37;15.91;
04.12.2024 08:58:41;15.91;
04.12.2024 08:58:42;15.92;
04.12.2024 08:58:43;15.91;
04.12.2024 08:58:44;15.9;
04.12.2024 08:58:45;15.91;
04.12.2024 08:58:52;15.91;
04.12.2024 08:58:53;15.9;
04.12.2024 08:58:54;15.91;
04.12.2024 08:58:59;15.91;
04.12.2024 08:59:00;15.9;
04.12.2024 08:59:01;15.91;
04.12.2024 08:59:02;15.91;
04.12.2024 08:59:03;15.9;
04.12.2024 08:59:04;15.92;
04.12.2024 08:59:05;15.92;
04.12.2024 08:59:06;15.91;
04.12.2024 08:59:19;15.91;
04.12.2024 08:59:20;15.92;
04.12.2024 08:59:21;15.9;
04.12.2024 08:59:22;15.91;
04.12.2024 08:59:23;15.9;
04.12.2024 08:59:24;15.91;
04.12.2024 08:59:25;15.91;
04.12.2024 08:59:26;15.9;
04.12.2024 08:59:27;15.9;
04.12.2024 08:59:28;15.91;
04.12.2024 08:59:29;15.9;
04.12.2024 08:59:30;15.91;
04.12.2024 08:59:32;15.91;
04.12.2024 08:59:33;15.9;
04.12.2024 08:59:34;15.91;
04.12.2024 08:59:35;15.91;
04.12.2024 08:59:36;15.89;
04.12.2024 08:59:37;15.9;
04.12.2024 08:59:39;15.9;
04.12.2024 08:59:40;15.91;
04.12.2024 08:59:41;15.9;
04.12.2024 08:59:42;15.91;
04.12.2024 08:59:43;15.91;
04.12.2024 08:59:44;15.9;
04.12.2024 08:59:45;15.91;
04.12.2024 08:59:46;15.9;
04.12.2024 08:59:47;15.91;
04.12.2024 08:59:50;15.91;
04.12.2024 08:59:51;15.9;
04.12.2024 09:00:02;15.9;
04.12.2024 09:00:03;15.91;
04.12.2024 09:00:04;15.9;
04.12.2024 09:00:05;15.89;
04.12.2024 09:00:06;15.9;
04.12.2024 09:00:09;15.9;
04.12.2024 09:00:10;15.89;
04.12.2024 09:00:11;15.9;
04.12.2024 09:00:12;15.89;
04.12.2024 09:00:13;15.9;
04.12.2024 09:00:14;15.91;
04.12.2024 09:00:15;15.9;
04.12.2024 09:00:16;15.89;
04.12.2024 09:00:18;15.89;
04.12.2024 09:00:19;15.9;
04.12.2024 09:00:20;15.9;
04.12.2024 09:00:21;15.91;
04.12.2024 09:00:22;15.9;
04.12.2024 09:00:25;15.9;
04.12.2024 09:00:26;15.89;
04.12.2024 09:00:27;15.9;
04.12.2024 09:00:28;15.89;
04.12.2024 09:00:29;15.9;
04.12.2024 09:00:33;15.9;
04.12.2024 09:00:34;15.89;
04.12.2024 09:00:36;15.89;
04.12.2024 09:00:37;15.9;
04.12.2024 09:00:38;15.89;
04.12.2024 09:00:40;15.89;
04.12.2024 09:00:41;15.9;
04.12.2024 09:00:42;15.89;
04.12.2024 09:00:47;15.89;
04.12.2024 09:00:48;15.88;
04.12.2024 09:00:49;15.89;
04.12.2024 09:00:50;15.9;
04.12.2024 09:00:51;15.89;
04.12.2024 09:00:52;15.89;
04.12.2024 09:00:53;15.9;
04.12.2024 09:00:55;15.9;
04.12.2024 09:00:56;15.89;
04.12.2024 09:00:58;15.89;
04.12.2024 09:00:59;15.88;
04.12.2024 09:01:00;15.9;
04.12.2024 09:01:01;15.89;
04.12.2024 09:01:03;15.89;
04.12.2024 09:01:04;15.9;
04.12.2024 09:01:05;15.89;
04.12.2024 09:01:06;15.9;
04.12.2024 09:01:07;15.89;
04.12.2024 09:01:12;15.89;
04.12.2024 09:01:13;15.88;
04.12.2024 09:01:14;15.89;
04.12.2024 09:01:15;15.89;
04.12.2024 09:01:16;15.9;
04.12.2024 09:01:17;15.9;
04.12.2024 09:01:18;15.89;
04.12.2024 09:01:22;15.89;
04.12.2024 09:01:23;15.9;
04.12.2024 09:01:24;15.88;
04.12.2024 09:01:25;15.89;
04.12.2024 09:01:29;15.89;
04.12.2024 09:01:30;15.9;
04.12.2024 09:01:31;15.89;
04.12.2024 09:01:34;15.89;
04.12.2024 09:01:35;15.88;
04.12.2024 09:01:36;15.89;
04.12.2024 09:01:37;15.89;
04.12.2024 09:01:38;15.88;
04.12.2024 09:01:39;15.89;
04.12.2024 09:01:42;15.89;
04.12.2024 09:01:43;15.88;
04.12.2024 09:01:44;15.89;
04.12.2024 09:01:45;15.88;
04.12.2024 09:01:47;15.88;
04.12.2024 09:01:48;15.89;
04.12.2024 09:01:49;15.89;
04.12.2024 09:01:50;15.88;
04.12.2024 09:01:54;15.88;
04.12.2024 09:01:55;15.89;
04.12.2024 09:01:56;15.88;
04.12.2024 09:02:01;15.88;
04.12.2024 09:02:02;15.89;
04.12.2024 09:02:03;15.88;
04.12.2024 09:02:04;15.89;
04.12.2024 09:02:06;15.89;
04.12.2024 09:02:07;15.88;
04.12.2024 09:02:08;15.88;
04.12.2024 09:02:09;15.87;
04.12.2024 09:02:10;15.88;
04.12.2024 09:02:11;15.88;
04.12.2024 09:02:12;15.89;
04.12.2024 09:02:13;15.88;
04.12.2024 09:02:14;15.89;
04.12.2024 09:02:15;15.88;
04.12.2024 09:02:26;15.88;
04.12.2024 09:02:27;15.87;
04.12.2024 09:02:28;15.87;
04.12.2024 09:02:29;15.88;
04.12.2024 09:02:36;15.88;
04.12.2024 09:02:37;15.89;
04.12.2024 09:02:38;15.89;
04.12.2024 09:02:39;15.88;
04.12.2024 09:02:43;15.88;
04.12.2024 09:02:44;15.87;
04.12.2024 09:02:45;15.87;
04.12.2024 09:02:46;15.88;
04.12.2024 09:02:47;15.87;
04.12.2024 09:02:50;15.87;
04.12.2024 09:02:51;15.88;
04.12.2024 09:02:52;15.88;
04.12.2024 09:02:53;15.87;
04.12.2024 09:02:54;15.88;
04.12.2024 09:02:57;15.88;
04.12.2024 09:02:58;15.87;
04.12.2024 09:03:01;15.87;
04.12.2024 09:03:02;15.88;
04.12.2024 09:03:03;15.87;
04.12.2024 09:03:04;15.88;
04.12.2024 09:03:05;15.87;
04.12.2024 09:03:06;15.87;
04.12.2024 09:03:07;15.88;
04.12.2024 09:03:08;15.87;
04.12.2024 09:03:11;15.87;
04.12.2024 09:03:12;15.88;
04.12.2024 09:03:13;15.87;
04.12.2024 09:03:18;15.87;
04.12.2024 09:03:19;15.88;
04.12.2024 09:03:20;15.88;
04.12.2024 09:03:21;15.87;
04.12.2024 09:03:23;15.87;
04.12.2024 09:03:24;15.88;
04.12.2024 09:03:25;15.87;
04.12.2024 09:03:38;15.87;
04.12.2024 09:03:39;15.86;
04.12.2024 09:03:40;15.87;
04.12.2024 09:03:42;15.87;
04.12.2024 09:03:43;15.86;
04.12.2024 09:03:44;15.86;
04.12.2024 09:03:45;15.87;
04.12.2024 09:03:46;15.87;
04.12.2024 09:03:47;15.86;
04.12.2024 09:03:49;15.86;
04.12.2024 09:03:50;15.87;
04.12.2024 09:03:51;15.87;
04.12.2024 09:03:52;15.86;
04.12.2024 09:03:53;15.87;
04.12.2024 09:03:54;15.87;
04.12.2024 09:03:55;15.85;
04.12.2024 09:03:56;15.86;
04.12.2024 09:03:57;15.87;
04.12.2024 09:03:58;15.86;
04.12.2024 09:03:59;15.87;
04.12.2024 09:04:02;15.87;
04.12.2024 09:04:03;15.86;
04.12.2024 09:04:04;15.86;
04.12.2024 09:04:05;15.87;
04.12.2024 09:04:07;15.87;
04.12.2024 09:04:08;15.86;
04.12.2024 09:04:09;15.87;
04.12.2024 09:04:10;15.86;
04.12.2024 09:04:11;15.87;
04.12.2024 09:04:12;15.86;
04.12.2024 09:04:16;15.86;
04.12.2024 09:04:17;15.85;
04.12.2024 09:04:18;15.86;
04.12.2024 09:04:21;15.86;
04.12.2024 09:04:22;15.85;
04.12.2024 09:04:23;15.86;
04.12.2024 09:04:24;15.87;
04.12.2024 09:04:25;15.86;
04.12.2024 09:04:32;15.86;
04.12.2024 09:04:33;15.85;
04.12.2024 09:04:34;15.85;
04.12.2024 09:04:35;15.86;
04.12.2024 09:04:37;15.86;
04.12.2024 09:04:38;15.87;
04.12.2024 09:04:39;15.86;
04.12.2024 09:04:43;15.86;
04.12.2024 09:04:44;15.87;
04.12.2024 09:04:45;15.86;
04.12.2024 09:04:46;15.86;
04.12.2024 09:04:47;15.85;
04.12.2024 09:04:48;15.86;
04.12.2024 09:04:50;15.86;
04.12.2024 09:04:51;15.85;
04.12.2024 09:04:56;15.85;
04.12.2024 09:04:57;15.86;
04.12.2024 09:05:00;15.86;
04.12.2024 09:05:01;15.87;
04.12.2024 09:05:02;15.86;
04.12.2024 09:05:03;15.85;
04.12.2024 09:05:06;15.85;
04.12.2024 09:05:07;15.86;
04.12.2024 09:05:08;15.86;
04.12.2024 09:05:09;15.85;
04.12.2024 09:05:10;15.85;
04.12.2024 09:05:11;15.86;
04.12.2024 09:05:12;15.85;
04.12.2024 09:05:17;15.85;
04.12.2024 09:05:18;15.86;
04.12.2024 09:05:19;15.85;
04.12.2024 09:05:22;15.85;
04.12.2024 09:05:23;15.86;
04.12.2024 09:05:24;15.85;
04.12.2024 09:05:25;15.85;
04.12.2024 09:05:26;15.86;
04.12.2024 09:05:27;15.85;
04.12.2024 09:05:34;15.85;
04.12.2024 09:05:35;15.84;
04.12.2024 09:05:36;15.85;
04.12.2024 09:05:44;15.85;
04.12.2024 09:05:45;15.86;
04.12.2024 09:05:46;15.85;
04.12.2024 09:05:47;15.85;
04.12.2024 09:05:48;15.84;
04.12.2024 09:05:49;15.84;
04.12.2024 09:05:50;15.85;
04.12.2024 09:05:51;15.85;
04.12.2024 09:05:52;15.84;
04.12.2024 09:05:53;15.85;
04.12.2024 09:05:54;15.84;
04.12.2024 09:05:55;15.83;
04.12.2024 09:05:56;15.85;
04.12.2024 09:05:57;15.84;
04.12.2024 09:06:03;15.84;
04.12.2024 09:06:04;15.83;
04.12.2024 09:06:05;15.85;
04.12.2024 09:06:06;15.84;
04.12.2024 09:06:08;15.84;
04.12.2024 09:06:09;15.83;
04.12.2024 09:06:10;15.84;
04.12.2024 09:06:11;15.85;
04.12.2024 09:06:12;15.84;
04.12.2024 09:06:13;15.84;
04.12.2024 09:06:14;15.85;
04.12.2024 09:06:15;15.84;
04.12.2024 09:06:16;15.84;
04.12.2024 09:06:17;15.85;
04.12.2024 09:06:18;15.84;
04.12.2024 09:06:19;15.85;
04.12.2024 09:06:20;15.84;
04.12.2024 09:06:22;15.84;
04.12.2024 09:06:23;15.85;
04.12.2024 09:06:24;15.85;
04.12.2024 09:06:25;15.84;
04.12.2024 09:06:29;15.84;
04.12.2024 09:06:30;15.83;
04.12.2024 09:06:31;15.84;
04.12.2024 09:06:32;15.84;
04.12.2024 09:06:33;15.85;
04.12.2024 09:06:34;15.83;
04.12.2024 09:06:35;15.84;
04.12.2024 09:06:36;15.83;
04.12.2024 09:06:37;15.84;
04.12.2024 09:06:41;15.84;
04.12.2024 09:06:42;15.83;
04.12.2024 09:06:43;15.84;
04.12.2024 09:06:44;15.84;
04.12.2024 09:06:45;15.83;
04.12.2024 09:06:46;15.84;
04.12.2024 09:06:47;15.84;
04.12.2024 09:06:48;15.83;
04.12.2024 09:06:49;15.84;
04.12.2024 09:06:50;15.84;
04.12.2024 09:06:51;15.85;
04.12.2024 09:06:52;15.85;
04.12.2024 09:06:53;15.84;
04.12.2024 09:07:01;15.84;
04.12.2024 09:07:02;15.85;
04.12.2024 09:07:03;15.84;
04.12.2024 09:07:04;15.83;
04.12.2024 09:07:05;15.84;
04.12.2024 09:07:06;15.83;
04.12.2024 09:07:07;15.84;
04.12.2024 09:07:08;15.83;
04.12.2024 09:07:09;15.84;
04.12.2024 09:07:10;15.83;
04.12.2024 09:07:14;15.83;
04.12.2024 09:07:15;15.84;
04.12.2024 09:07:16;15.83;
04.12.2024 09:07:17;15.84;
04.12.2024 09:07:18;15.83;
04.12.2024 09:07:19;15.83;
04.12.2024 09:07:20;15.84;
04.12.2024 09:07:21;15.83;
04.12.2024 09:07:22;15.83;
04.12.2024 09:07:23;15.84;
04.12.2024 09:07:24;15.83;
04.12.2024 09:07:25;15.83;
04.12.2024 09:07:26;15.84;
04.12.2024 09:07:27;15.83;
04.12.2024 09:07:30;15.83;
04.12.2024 09:07:31;15.84;
04.12.2024 09:07:32;15.84;
04.12.2024 09:07:33;15.83;
04.12.2024 09:07:37;15.83;
04.12.2024 09:07:38;15.84;
04.12.2024 09:07:39;15.83;
04.12.2024 09:07:46;15.83;
04.12.2024 09:07:47;15.84;
04.12.2024 09:07:48;15.82;
04.12.2024 09:07:49;15.83;
04.12.2024 09:07:52;15.83;
04.12.2024 09:07:53;15.82;
04.12.2024 09:07:54;15.83;
04.12.2024 09:07:55;15.82;
04.12.2024 09:07:56;15.82;
04.12.2024 09:07:57;15.83;
04.12.2024 09:08:03;15.83;
04.12.2024 09:08:04;15.82;
04.12.2024 09:08:05;15.83;
04.12.2024 09:08:06;15.82;
04.12.2024 09:08:07;15.83;
04.12.2024 09:08:08;15.82;
04.12.2024 09:08:09;15.83;
04.12.2024 09:08:11;15.83;
04.12.2024 09:08:12;15.82;
04.12.2024 09:08:13;15.83;
04.12.2024 09:08:14;15.82;
04.12.2024 09:08:15;15.82;
04.12.2024 09:08:16;15.83;
04.12.2024 09:08:17;15.83;
04.12.2024 09:08:18;15.82;
04.12.2024 09:08:19;15.82;
04.12.2024 09:08:20;15.83;
04.12.2024 09:08:21;15.82;
04.12.2024 09:08:24;15.82;
04.12.2024 09:08:25;15.83;
04.12.2024 09:08:26;15.82;
04.12.2024 09:08:27;15.81;
04.12.2024 09:08:28;15.81;
04.12.2024 09:08:29;15.82;
04.12.2024 09:08:33;15.82;
04.12.2024 09:08:34;15.83;
04.12.2024 09:08:35;15.82;
04.12.2024 09:08:45;15.82;
04.12.2024 09:08:46;15.83;
04.12.2024 09:08:48;15.83;
04.12.2024 09:08:49;15.82;
04.12.2024 09:08:54;15.82;
04.12.2024 09:08:55;15.81;
04.12.2024 09:08:56;15.82;
04.12.2024 09:08:57;15.82;
04.12.2024 09:08:58;15.81;
04.12.2024 09:08:59;15.81;
04.12.2024 09:09:00;15.82;
04.12.2024 09:09:01;15.82;
04.12.2024 09:09:02;15.81;
04.12.2024 09:09:04;15.81;
04.12.2024 09:09:05;15.82;
04.12.2024 09:09:07;15.82;
04.12.2024 09:09:08;15.81;
04.12.2024 09:09:09;15.82;
04.12.2024 09:09:13;15.82;
04.12.2024 09:09:14;15.81;
04.12.2024 09:09:15;15.82;
04.12.2024 09:09:19;15.82;
04.12.2024 09:09:20;15.81;
04.12.2024 09:09:21;15.82;
04.12.2024 09:09:22;15.82;
04.12.2024 09:09:23;15.81;
04.12.2024 09:09:24;15.81;
04.12.2024 09:09:25;15.82;
04.12.2024 09:09:26;15.81;
04.12.2024 09:09:28;15.81;
04.12.2024 09:09:29;15.82;
04.12.2024 09:09:30;15.81;
04.12.2024 09:09:32;15.81;
04.12.2024 09:09:33;15.82;
04.12.2024 09:09:35;15.82;
04.12.2024 09:09:36;15.81;
04.12.2024 09:09:37;15.81;
04.12.2024 09:09:38;15.82;
04.12.2024 09:09:39;15.81;
04.12.2024 09:09:43;15.81;
04.12.2024 09:09:44;15.82;
04.12.2024 09:09:45;15.81;
04.12.2024 09:09:48;15.81;
04.12.2024 09:09:49;15.82;
04.12.2024 09:09:50;15.81;
04.12.2024 09:09:57;15.81;
04.12.2024 09:09:58;15.8;
04.12.2024 09:09:59;15.82;
04.12.2024 09:10:00;15.81;
04.12.2024 09:10:01;15.81;
04.12.2024 09:10:02;15.8;
04.12.2024 09:10:03;15.81;
04.12.2024 09:10:06;15.81;
04.12.2024 09:10:07;15.8;
04.12.2024 09:10:08;15.81;
04.12.2024 09:10:09;15.8;
04.12.2024 09:10:10;15.82;
04.12.2024 09:10:11;15.81;
04.12.2024 09:10:12;15.8;
04.12.2024 09:10:13;15.81;
04.12.2024 09:10:15;15.81;
04.12.2024 09:10:16;15.82;
04.12.2024 09:10:17;15.81;
04.12.2024 09:10:20;15.81;
04.12.2024 09:10:21;15.82;
04.12.2024 09:10:22;15.81;
04.12.2024 09:10:26;15.81;
04.12.2024 09:10:27;15.8;
04.12.2024 09:10:28;15.81;
04.12.2024 09:10:31;15.81;
04.12.2024 09:10:32;15.8;
04.12.2024 09:10:33;15.81;
04.12.2024 09:10:34;15.81;
04.12.2024 09:10:35;15.8;
04.12.2024 09:10:36;15.81;
04.12.2024 09:10:37;15.8;
04.12.2024 09:10:46;15.8;
04.12.2024 09:10:47;15.79;
04.12.2024 09:10:48;15.8;
04.12.2024 09:10:49;15.81;
04.12.2024 09:10:50;15.8;
04.12.2024 09:10:52;15.8;
04.12.2024 09:10:53;15.81;
04.12.2024 09:10:54;15.81;
04.12.2024 09:10:55;15.8;
04.12.2024 09:10:57;15.8;
04.12.2024 09:10:58;15.81;
04.12.2024 09:10:59;15.8;
04.12.2024 09:11:00;15.8;
04.12.2024 09:11:01;15.81;
04.12.2024 09:11:02;15.8;
04.12.2024 09:11:03;15.81;
04.12.2024 09:11:04;15.8;
04.12.2024 09:11:05;15.81;
04.12.2024 09:11:06;15.81;
04.12.2024 09:11:07;15.8;
04.12.2024 09:11:08;15.8;
04.12.2024 09:11:09;15.79;
04.12.2024 09:11:10;15.8;
04.12.2024 09:11:17;15.8;
04.12.2024 09:11:18;15.79;
04.12.2024 09:11:19;15.8;
04.12.2024 09:11:21;15.8;
04.12.2024 09:11:22;15.79;
04.12.2024 09:11:23;15.8;
04.12.2024 09:11:24;15.8;
04.12.2024 09:11:25;15.79;
04.12.2024 09:11:26;15.79;
04.12.2024 09:11:27;15.8;
04.12.2024 09:11:28;15.79;
04.12.2024 09:11:29;15.8;
04.12.2024 09:11:30;15.79;
04.12.2024 09:11:31;15.79;
04.12.2024 09:11:32;15.8;
04.12.2024 09:11:33;15.81;
04.12.2024 09:11:34;15.79;
04.12.2024 09:11:35;15.78;
04.12.2024 09:11:36;15.8;
04.12.2024 09:11:37;15.79;
04.12.2024 09:11:39;15.79;
04.12.2024 09:11:40;15.8;
04.12.2024 09:11:41;15.79;
04.12.2024 09:11:42;15.8;
04.12.2024 09:11:43;15.8;
04.12.2024 09:11:44;15.79;
04.12.2024 09:11:45;15.8;
04.12.2024 09:11:46;15.79;
04.12.2024 09:11:47;15.8;
04.12.2024 09:11:48;15.79;
04.12.2024 09:11:49;15.79;
04.12.2024 09:11:50;15.8;
04.12.2024 09:11:51;15.8;
04.12.2024 09:11:52;15.79;
04.12.2024 09:11:53;15.8;
04.12.2024 09:11:54;15.79;
04.12.2024 09:11:56;15.79;
04.12.2024 09:11:57;15.8;
04.12.2024 09:11:58;15.79;
04.12.2024 09:11:59;15.78;
04.12.2024 09:12:00;15.8;
04.12.2024 09:12:01;15.8;
04.12.2024 09:12:02;15.79;
04.12.2024 09:12:03;15.79;
04.12.2024 09:12:04;15.78;
04.12.2024 09:12:05;15.79;
04.12.2024 09:12:12;15.79;
04.12.2024 09:12:13;15.77;
04.12.2024 09:12:14;15.79;
04.12.2024 09:12:15;15.78;
04.12.2024 09:12:16;15.79;
04.12.2024 09:12:17;15.78;
04.12.2024 09:12:18;15.79;
04.12.2024 09:12:20;15.79;
04.12.2024 09:12:21;15.78;
04.12.2024 09:12:22;15.78;
04.12.2024 09:12:23;15.79;
04.12.2024 09:12:24;15.78;
04.12.2024 09:12:25;15.79;
04.12.2024 09:12:26;15.79;
04.12.2024 09:12:27;15.78;
04.12.2024 09:12:28;15.79;
04.12.2024 09:12:29;15.79;
04.12.2024 09:12:30;15.78;
04.12.2024 09:12:31;15.79;
04.12.2024 09:12:32;15.78;
04.12.2024 09:12:33;15.79;
04.12.2024 09:12:34;15.79;
04.12.2024 09:12:35;15.78;
04.12.2024 09:12:36;15.79;
04.12.2024 09:12:38;15.79;
04.12.2024 09:12:39;15.78;
04.12.2024 09:12:40;15.79;
04.12.2024 09:12:42;15.79;
04.12.2024 09:12:43;15.78;
04.12.2024 09:12:44;15.79;
04.12.2024 09:12:46;15.79;
04.12.2024 09:12:47;15.78;
04.12.2024 09:12:48;15.79;
04.12.2024 09:12:49;15.78;
04.12.2024 09:12:50;15.79;
04.12.2024 09:12:51;15.78;
04.12.2024 09:12:53;15.78;
04.12.2024 09:12:54;15.79;
04.12.2024 09:12:55;15.78;
04.12.2024 09:12:57;15.78;
04.12.2024 09:12:58;15.79;
04.12.2024 09:12:59;15.78;
04.12.2024 09:13:03;15.78;
04.12.2024 09:13:04;15.79;
04.12.2024 09:13:05;15.78;
04.12.2024 09:13:06;15.79;
04.12.2024 09:13:07;15.79;
04.12.2024 09:13:08;15.78;
04.12.2024 09:13:16;15.78;
04.12.2024 09:13:17;15.77;
04.12.2024 09:13:20;15.77;
04.12.2024 09:13:21;15.78;
04.12.2024 09:13:22;15.77;
04.12.2024 09:13:24;15.77;
04.12.2024 09:13:25;15.78;
04.12.2024 09:13:26;15.77;
04.12.2024 09:13:27;15.77;
04.12.2024 09:13:28;15.78;
04.12.2024 09:13:31;15.78;
04.12.2024 09:13:32;15.77;
04.12.2024 09:13:33;15.78;
04.12.2024 09:13:34;15.78;
04.12.2024 09:13:35;15.77;
04.12.2024 09:13:36;15.78;
04.12.2024 09:13:37;15.77;
04.12.2024 09:13:38;15.77;
04.12.2024 09:13:39;15.78;
04.12.2024 09:13:40;15.76;
04.12.2024 09:13:41;15.77;
04.12.2024 09:13:42;15.78;
04.12.2024 09:13:43;15.77;
04.12.2024 09:13:44;15.77;
04.12.2024 09:13:45;15.78;
04.12.2024 09:13:46;15.78;
04.12.2024 09:13:47;15.77;
04.12.2024 09:13:51;15.77;
04.12.2024 09:13:52;15.76;
04.12.2024 09:13:53;15.77;
04.12.2024 09:13:54;15.76;
04.12.2024 09:13:56;15.76;
04.12.2024 09:13:57;15.77;
04.12.2024 09:13:59;15.77;
04.12.2024 09:14:00;15.76;
04.12.2024 09:14:01;15.77;
04.12.2024 09:14:02;15.77;
04.12.2024 09:14:03;15.76;
04.12.2024 09:14:04;15.77;
04.12.2024 09:14:10;15.77;
04.12.2024 09:14:11;15.76;
04.12.2024 09:14:12;15.77;
04.12.2024 09:14:14;15.77;
04.12.2024 09:14:15;15.76;
04.12.2024 09:14:16;15.77;
04.12.2024 09:14:17;15.76;
04.12.2024 09:14:18;15.76;
04.12.2024 09:14:19;15.78;
04.12.2024 09:14:20;15.76;
04.12.2024 09:14:21;15.77;
04.12.2024 09:14:23;15.77;
04.12.2024 09:14:24;15.76;
04.12.2024 09:14:25;15.76;
04.12.2024 09:14:26;15.77;
04.12.2024 09:14:27;15.77;
04.12.2024 09:14:28;15.76;
04.12.2024 09:14:32;15.76;
04.12.2024 09:14:33;15.77;
04.12.2024 09:14:34;15.76;
04.12.2024 09:14:35;15.77;
04.12.2024 09:14:36;15.76;
04.12.2024 09:14:37;15.76;
04.12.2024 09:14:38;15.77;
04.12.2024 09:14:39;15.76;
04.12.2024 09:14:40;15.76;
04.12.2024 09:14:41;15.77;
04.12.2024 09:14:43;15.77;
04.12.2024 09:14:44;15.76;
04.12.2024 09:14:45;15.76;
04.12.2024 09:14:46;15.77;
04.12.2024 09:14:50;15.77;
04.12.2024 09:14:51;15.76;
04.12.2024 09:14:53;15.76;
04.12.2024 09:14:54;15.77;
04.12.2024 09:14:55;15.76;
04.12.2024 09:14:56;15.76;
04.12.2024 09:14:57;15.77;
04.12.2024 09:14:58;15.77;
04.12.2024 09:14:59;15.76;
04.12.2024 09:15:01;15.76;
04.12.2024 09:15:02;15.77;
04.12.2024 09:15:03;15.76;
04.12.2024 09:15:07;15.76;
04.12.2024 09:15:08;15.75;
04.12.2024 09:15:09;15.76;
04.12.2024 09:15:11;15.76;
04.12.2024 09:15:12;15.75;
04.12.2024 09:15:13;15.76;
04.12.2024 09:15:16;15.76;
04.12.2024 09:15:17;15.75;
04.12.2024 09:15:18;15.76;
04.12.2024 09:15:28;15.76;
04.12.2024 09:15:29;15.75;
04.12.2024 09:15:30;15.76;
04.12.2024 09:15:31;15.75;
04.12.2024 09:15:32;15.76;
04.12.2024 09:15:35;15.76;
04.12.2024 09:15:36;15.75;
04.12.2024 09:15:41;15.75;
04.12.2024 09:15:42;15.76;
04.12.2024 09:15:43;15.76;
04.12.2024 09:15:44;15.75;
04.12.2024 09:15:46;15.75;
04.12.2024 09:15:47;15.76;
04.12.2024 09:15:48;15.75;
04.12.2024 09:15:49;15.76;
04.12.2024 09:15:51;15.76;
04.12.2024 09:15:52;15.75;
04.12.2024 09:15:58;15.75;
04.12.2024 09:15:59;15.76;
04.12.2024 09:16:00;15.75;
04.12.2024 09:16:02;15.75;
04.12.2024 09:16:03;15.76;
04.12.2024 09:16:04;15.74;
04.12.2024 09:16:05;15.75;
04.12.2024 09:16:06;15.76;
04.12.2024 09:16:07;15.75;
04.12.2024 09:16:13;15.75;
04.12.2024 09:16:14;15.76;
04.12.2024 09:16:15;15.75;
04.12.2024 09:16:16;15.75;
04.12.2024 09:16:17;15.74;
04.12.2024 09:16:18;15.75;
04.12.2024 09:16:22;15.75;
04.12.2024 09:16:23;15.74;
04.12.2024 09:16:24;15.76;
04.12.2024 09:16:25;15.75;
04.12.2024 09:16:26;15.76;
04.12.2024 09:16:27;15.75;
04.12.2024 09:16:28;15.75;
04.12.2024 09:16:29;15.76;
04.12.2024 09:16:30;15.76;
04.12.2024 09:16:31;15.75;
04.12.2024 09:16:36;15.75;
04.12.2024 09:16:37;15.74;
04.12.2024 09:16:40;15.74;
04.12.2024 09:16:41;15.75;
04.12.2024 09:16:42;15.75;
04.12.2024 09:16:43;15.74;
04.12.2024 09:16:44;15.74;
04.12.2024 09:16:45;15.75;
04.12.2024 09:16:46;15.74;
04.12.2024 09:16:48;15.74;
04.12.2024 09:16:49;15.75;
04.12.2024 09:16:50;15.74;
04.12.2024 09:16:51;15.74;
04.12.2024 09:16:52;15.75;
04.12.2024 09:16:53;15.74;
04.12.2024 09:16:54;15.75;
04.12.2024 09:16:55;15.75;
04.12.2024 09:16:56;15.74;
04.12.2024 09:16:57;15.73;
04.12.2024 09:16:58;15.74;
04.12.2024 09:17:02;15.74;
04.12.2024 09:17:03;15.75;
04.12.2024 09:17:06;15.75;
04.12.2024 09:17:07;15.74;
04.12.2024 09:17:08;15.75;
04.12.2024 09:17:09;15.74;
04.12.2024 09:17:11;15.74;
04.12.2024 09:17:12;15.73;
04.12.2024 09:17:13;15.75;
04.12.2024 09:17:14;15.74;
04.12.2024 09:17:18;15.74;
04.12.2024 09:17:19;15.73;
04.12.2024 09:17:20;15.74;
04.12.2024 09:17:21;15.74;
04.12.2024 09:17:22;15.73;
04.12.2024 09:17:23;15.73;
04.12.2024 09:17:24;15.74;
04.12.2024 09:17:27;15.74;
04.12.2024 09:17:28;15.73;
04.12.2024 09:17:29;15.73;
04.12.2024 09:17:30;15.74;
04.12.2024 09:17:36;15.74;
04.12.2024 09:17:37;15.73;
04.12.2024 09:17:38;15.74;
04.12.2024 09:17:42;15.74;
04.12.2024 09:17:43;15.73;
04.12.2024 09:17:44;15.74;
04.12.2024 09:17:45;15.73;
04.12.2024 09:17:47;15.73;
04.12.2024 09:17:48;15.74;
04.12.2024 09:17:49;15.74;
04.12.2024 09:17:50;15.73;
04.12.2024 09:17:54;15.73;
04.12.2024 09:17:55;15.74;
04.12.2024 09:17:56;15.74;
04.12.2024 09:17:57;15.73;
04.12.2024 09:17:58;15.72;
04.12.2024 09:17:59;15.73;
04.12.2024 09:18:10;15.73;
04.12.2024 09:18:11;15.74;
04.12.2024 09:18:12;15.73;
04.12.2024 09:18:13;15.74;
04.12.2024 09:18:14;15.73;
04.12.2024 09:18:15;15.74;
04.12.2024 09:18:16;15.73;
04.12.2024 09:18:20;15.73;
04.12.2024 09:18:21;15.72;
04.12.2024 09:18:22;15.72;
04.12.2024 09:18:23;15.73;
04.12.2024 09:18:24;15.72;
04.12.2024 09:18:25;15.73;
04.12.2024 09:18:31;15.73;
04.12.2024 09:18:32;15.74;
04.12.2024 09:18:33;15.73;
04.12.2024 09:18:34;15.73;
04.12.2024 09:18:35;15.72;
04.12.2024 09:18:37;15.72;
04.12.2024 09:18:38;15.73;
04.12.2024 09:18:39;15.72;
04.12.2024 09:18:40;15.73;
04.12.2024 09:18:41;15.73;
04.12.2024 09:18:42;15.72;
04.12.2024 09:18:43;15.72;
04.12.2024 09:18:44;15.73;
04.12.2024 09:18:46;15.73;
04.12.2024 09:18:47;15.71;
04.12.2024 09:18:48;15.73;
04.12.2024 09:18:49;15.72;
04.12.2024 09:18:51;15.72;
04.12.2024 09:18:52;15.73;
04.12.2024 09:18:53;15.72;
04.12.2024 09:18:57;15.72;
04.12.2024 09:18:58;15.73;
04.12.2024 09:18:59;15.72;
04.12.2024 09:19:03;15.72;
04.12.2024 09:19:04;15.71;
04.12.2024 09:19:05;15.73;
04.12.2024 09:19:06;15.72;
04.12.2024 09:19:07;15.73;
04.12.2024 09:19:08;15.72;
04.12.2024 09:19:09;15.71;
04.12.2024 09:19:10;15.72;
04.12.2024 09:19:13;15.72;
04.12.2024 09:19:14;15.73;
04.12.2024 09:19:15;15.72;
04.12.2024 09:19:18;15.72;
04.12.2024 09:19:19;15.71;
04.12.2024 09:19:20;15.72;
04.12.2024 09:19:21;15.73;
04.12.2024 09:19:25;15.73;
04.12.2024 09:19:26;15.72;
04.12.2024 09:19:29;15.72;
04.12.2024 09:19:30;15.71;
04.12.2024 09:19:31;15.72;
04.12.2024 09:19:34;15.72;
04.12.2024 09:19:35;15.71;
04.12.2024 09:19:36;15.71;
04.12.2024 09:19:37;15.72;
04.12.2024 09:19:43;15.72;
04.12.2024 09:19:44;15.73;
04.12.2024 09:19:45;15.71;
04.12.2024 09:19:47;15.71;
04.12.2024 09:19:48;15.72;
04.12.2024 09:19:49;15.71;
04.12.2024 09:19:51;15.71;
04.12.2024 09:19:52;15.72;
04.12.2024 09:19:53;15.71;
04.12.2024 09:19:55;15.71;
04.12.2024 09:19:56;15.72;
04.12.2024 09:19:57;15.71;
04.12.2024 09:19:58;15.72;
04.12.2024 09:19:59;15.71;
04.12.2024 09:20:02;15.71;
04.12.2024 09:20:03;15.7;
04.12.2024 09:20:04;15.72;
04.12.2024 09:20:05;15.72;
04.12.2024 09:20:06;15.71;
04.12.2024 09:20:15;15.71;
04.12.2024 09:20:16;15.7;
04.12.2024 09:20:17;15.7;
04.12.2024 09:20:18;15.71;
04.12.2024 09:20:19;15.71;
04.12.2024 09:20:20;15.72;
04.12.2024 09:20:21;15.71;
04.12.2024 09:20:22;15.7;
04.12.2024 09:20:23;15.71;
04.12.2024 09:20:29;15.71;
04.12.2024 09:20:30;15.7;
04.12.2024 09:20:31;15.71;
04.12.2024 09:20:35;15.71;
04.12.2024 09:20:36;15.72;
04.12.2024 09:20:37;15.71;
04.12.2024 09:20:38;15.71;
04.12.2024 09:20:39;15.7;
04.12.2024 09:20:40;15.71;
04.12.2024 09:20:41;15.71;
04.12.2024 09:20:42;15.7;
04.12.2024 09:20:43;15.72;
04.12.2024 09:20:44;15.71;
04.12.2024 09:20:45;15.7;
04.12.2024 09:20:47;15.7;
04.12.2024 09:20:48;15.71;
04.12.2024 09:20:49;15.7;
04.12.2024 09:20:50;15.71;
04.12.2024 09:20:51;15.71;
04.12.2024 09:20:52;15.7;
04.12.2024 09:20:53;15.71;
04.12.2024 09:20:54;15.7;
04.12.2024 09:20:55;15.71;
04.12.2024 09:20:56;15.7;
04.12.2024 09:20:57;15.7;
04.12.2024 09:20:58;15.71;
04.12.2024 09:20:59;15.7;
04.12.2024 09:21:00;15.71;
04.12.2024 09:21:01;15.7;
04.12.2024 09:21:02;15.7;
04.12.2024 09:21:03;15.69;
04.12.2024 09:21:04;15.7;
04.12.2024 09:21:05;15.69;
04.12.2024 09:21:06;15.7;
04.12.2024 09:21:09;15.7;
04.12.2024 09:21:10;15.69;
04.12.2024 09:21:11;15.7;
04.12.2024 09:21:16;15.7;
04.12.2024 09:21:17;15.69;
04.12.2024 09:21:18;15.7;
04.12.2024 09:21:19;15.69;
04.12.2024 09:21:21;15.69;
04.12.2024 09:21:22;15.7;
04.12.2024 09:21:23;15.7;
04.12.2024 09:21:24;15.69;
04.12.2024 09:21:25;15.7;
04.12.2024 09:21:27;15.7;
04.12.2024 09:21:28;15.69;
04.12.2024 09:21:30;15.69;
04.12.2024 09:21:31;15.7;
04.12.2024 09:21:32;15.7;
04.12.2024 09:21:33;15.69;
04.12.2024 09:21:34;15.7;
04.12.2024 09:21:35;15.69;
04.12.2024 09:21:38;15.69;
04.12.2024 09:21:39;15.68;
04.12.2024 09:21:40;15.7;
04.12.2024 09:21:41;15.69;
04.12.2024 09:21:42;15.7;
04.12.2024 09:21:43;15.7;
04.12.2024 09:21:44;15.69;
04.12.2024 09:21:45;15.7;
04.12.2024 09:21:46;15.69;
04.12.2024 09:21:47;15.7;
04.12.2024 09:21:48;15.7;
04.12.2024 09:21:49;15.69;
04.12.2024 09:21:50;15.7;
04.12.2024 09:21:51;15.69;
04.12.2024 09:21:52;15.7;
04.12.2024 09:21:53;15.69;
04.12.2024 09:21:54;15.7;
04.12.2024 09:21:55;15.69;
04.12.2024 09:21:56;15.69;
04.12.2024 09:21:57;15.7;
04.12.2024 09:21:58;15.7;
04.12.2024 09:21:59;15.69;
04.12.2024 09:22:00;15.7;
04.12.2024 09:22:01;15.7;
04.12.2024 09:22:02;15.69;
04.12.2024 09:22:05;15.69;
04.12.2024 09:22:06;15.68;
04.12.2024 09:22:07;15.69;
04.12.2024 09:22:15;15.69;
04.12.2024 09:22:16;15.68;
04.12.2024 09:22:17;15.69;
04.12.2024 09:22:18;15.69;
04.12.2024 09:22:19;15.7;
04.12.2024 09:22:20;15.69;
04.12.2024 09:22:30;15.69;
04.12.2024 09:22:31;15.7;
04.12.2024 09:22:32;15.69;
04.12.2024 09:22:33;15.69;
04.12.2024 09:22:34;15.68;
04.12.2024 09:22:37;15.68;
04.12.2024 09:22:38;15.69;
04.12.2024 09:22:39;15.69;
04.12.2024 09:22:40;15.68;
04.12.2024 09:22:41;15.69;
04.12.2024 09:22:44;15.69;
04.12.2024 09:22:45;15.68;
04.12.2024 09:22:46;15.68;
04.12.2024 09:22:47;15.69;
04.12.2024 09:22:49;15.69;
04.12.2024 09:22:50;15.68;
04.12.2024 09:22:51;15.68;
04.12.2024 09:22:52;15.69;
04.12.2024 09:22:53;15.68;
04.12.2024 09:22:55;15.68;
04.12.2024 09:22:56;15.69;
04.12.2024 09:23:00;15.69;
04.12.2024 09:23:01;15.68;
04.12.2024 09:23:02;15.68;
04.12.2024 09:23:03;15.69;
04.12.2024 09:23:04;15.68;
04.12.2024 09:23:05;15.68;
04.12.2024 09:23:06;15.69;
04.12.2024 09:23:08;15.69;
04.12.2024 09:23:09;15.68;
04.12.2024 09:23:10;15.67;
04.12.2024 09:23:11;15.69;
04.12.2024 09:23:13;15.69;
04.12.2024 09:23:14;15.68;
04.12.2024 09:23:15;15.69;
04.12.2024 09:23:16;15.69;
04.12.2024 09:23:17;15.68;
04.12.2024 09:23:22;15.68;
04.12.2024 09:23:23;15.67;
04.12.2024 09:23:24;15.68;
04.12.2024 09:23:29;15.68;
04.12.2024 09:23:30;15.69;
04.12.2024 09:23:31;15.68;
04.12.2024 09:23:42;15.68;
04.12.2024 09:23:43;15.67;
04.12.2024 09:23:46;15.67;
04.12.2024 09:23:47;15.68;
04.12.2024 09:23:53;15.68;
04.12.2024 09:23:54;15.67;
04.12.2024 09:24:01;15.67;
04.12.2024 09:24:02;15.66;
04.12.2024 09:24:03;15.67;
04.12.2024 09:24:04;15.67;
04.12.2024 09:24:05;15.68;
04.12.2024 09:24:06;15.68;
04.12.2024 09:24:07;15.67;
04.12.2024 09:24:08;15.67;
04.12.2024 09:24:09;15.68;
04.12.2024 09:24:10;15.67;
04.12.2024 09:24:11;15.68;
04.12.2024 09:24:12;15.67;
04.12.2024 09:24:14;15.67;
04.12.2024 09:24:15;15.68;
04.12.2024 09:24:16;15.67;
04.12.2024 09:24:19;15.67;
04.12.2024 09:24:20;15.68;
04.12.2024 09:24:21;15.67;
04.12.2024 09:24:24;15.67;
04.12.2024 09:24:25;15.66;
04.12.2024 09:24:26;15.67;
04.12.2024 09:24:35;15.67;
04.12.2024 09:24:36;15.66;
04.12.2024 09:24:37;15.66;
04.12.2024 09:24:38;15.67;
04.12.2024 09:24:41;15.67;
04.12.2024 09:24:42;15.68;
04.12.2024 09:24:43;15.67;
04.12.2024 09:24:44;15.67;
04.12.2024 09:24:45;15.66;
04.12.2024 09:24:46;15.66;
04.12.2024 09:24:47;15.67;
04.12.2024 09:24:50;15.67;
04.12.2024 09:24:51;15.66;
04.12.2024 09:24:52;15.66;
04.12.2024 09:24:53;15.67;
04.12.2024 09:24:55;15.67;
04.12.2024 09:24:56;15.66;
04.12.2024 09:24:57;15.67;
04.12.2024 09:24:58;15.67;
04.12.2024 09:24:59;15.66;
04.12.2024 09:25:07;15.66;
04.12.2024 09:25:08;15.65;
04.12.2024 09:25:10;15.65;
04.12.2024 09:25:11;15.67;
04.12.2024 09:25:12;15.66;
04.12.2024 09:25:13;15.67;
04.12.2024 09:25:14;15.66;
04.12.2024 09:25:15;15.66;
04.12.2024 09:25:16;15.65;
04.12.2024 09:25:17;15.66;
04.12.2024 09:25:20;15.66;
04.12.2024 09:25:21;15.67;
04.12.2024 09:25:23;15.67;
04.12.2024 09:25:24;15.66;
04.12.2024 09:25:26;15.66;
04.12.2024 09:25:27;15.65;
04.12.2024 09:25:28;15.66;
04.12.2024 09:25:35;15.66;
04.12.2024 09:25:36;15.65;
04.12.2024 09:25:37;15.66;
04.12.2024 09:25:38;15.66;
04.12.2024 09:25:39;15.65;
04.12.2024 09:25:40;15.66;
04.12.2024 09:25:41;15.66;
04.12.2024 09:25:42;15.65;
04.12.2024 09:25:43;15.65;
04.12.2024 09:25:44;15.66;
04.12.2024 09:25:46;15.66;
04.12.2024 09:25:47;15.65;
04.12.2024 09:25:48;15.65;
04.12.2024 09:25:49;15.66;
04.12.2024 09:25:50;15.65;
04.12.2024 09:25:51;15.66;
04.12.2024 09:25:52;15.65;
04.12.2024 09:25:53;15.65;
04.12.2024 09:25:54;15.66;
04.12.2024 09:25:55;15.66;
04.12.2024 09:25:56;15.65;
04.12.2024 09:25:57;15.65;
04.12.2024 09:25:58;15.66;
04.12.2024 09:25:59;15.66;
04.12.2024 09:26:00;15.65;
04.12.2024 09:26:01;15.65;
04.12.2024 09:26:02;15.66;
04.12.2024 09:26:03;15.65;
04.12.2024 09:26:05;15.65;
04.12.2024 09:26:06;15.66;
04.12.2024 09:26:07;15.65;
04.12.2024 09:26:08;15.66;
04.12.2024 09:26:11;15.66;
04.12.2024 09:26:12;15.65;
04.12.2024 09:26:13;15.65;
04.12.2024 09:26:14;15.66;
04.12.2024 09:26:15;15.65;
04.12.2024 09:26:16;15.65;
04.12.2024 09:26:17;15.66;
04.12.2024 09:26:18;15.65;
04.12.2024 09:26:22;15.65;
04.12.2024 09:26:23;15.66;
04.12.2024 09:26:24;15.65;
04.12.2024 09:26:25;15.65;
04.12.2024 09:26:26;15.64;
04.12.2024 09:26:27;15.66;
04.12.2024 09:26:28;15.66;
04.12.2024 09:26:29;15.65;
04.12.2024 09:26:30;15.64;
04.12.2024 09:26:31;15.64;
04.12.2024 09:26:32;15.65;
04.12.2024 09:26:39;15.65;
04.12.2024 09:26:40;15.64;
04.12.2024 09:26:41;15.65;
04.12.2024 09:26:48;15.65;
04.12.2024 09:26:49;15.64;
04.12.2024 09:26:51;15.64;
04.12.2024 09:26:52;15.65;
04.12.2024 09:26:53;15.64;
04.12.2024 09:26:54;15.65;
04.12.2024 09:26:59;15.65;
04.12.2024 09:27:00;15.64;
04.12.2024 09:27:01;15.64;
04.12.2024 09:27:02;15.65;
04.12.2024 09:27:03;15.65;
04.12.2024 09:27:04;15.64;
04.12.2024 09:27:05;15.65;
04.12.2024 09:27:06;15.64;
04.12.2024 09:27:07;15.65;
04.12.2024 09:27:08;15.64;
04.12.2024 09:27:11;15.64;
04.12.2024 09:27:12;15.65;
04.12.2024 09:27:13;15.64;
04.12.2024 09:27:14;15.65;
04.12.2024 09:27:15;15.64;
04.12.2024 09:27:16;15.65;
04.12.2024 09:27:17;15.65;
04.12.2024 09:27:18;15.64;
04.12.2024 09:27:24;15.64;
04.12.2024 09:27:25;15.63;
04.12.2024 09:27:26;15.64;
04.12.2024 09:27:27;15.64;
04.12.2024 09:27:28;15.65;
04.12.2024 09:27:29;15.65;
04.12.2024 09:27:30;15.64;
04.12.2024 09:27:31;15.65;
04.12.2024 09:27:32;15.64;
04.12.2024 09:27:40;15.64;
04.12.2024 09:27:41;15.65;
04.12.2024 09:27:42;15.64;
04.12.2024 09:27:43;15.63;
04.12.2024 09:27:44;15.64;
04.12.2024 09:27:45;15.64;
04.12.2024 09:27:46;15.63;
04.12.2024 09:27:47;15.63;
04.12.2024 09:27:48;15.65;
04.12.2024 09:27:49;15.64;
04.12.2024 09:27:52;15.64;
04.12.2024 09:27:53;15.63;
04.12.2024 09:27:54;15.65;
04.12.2024 09:27:55;15.63;
04.12.2024 09:27:56;15.64;
04.12.2024 09:27:57;15.65;
04.12.2024 09:27:58;15.64;
04.12.2024 09:27:59;15.63;
04.12.2024 09:28:00;15.63;
04.12.2024 09:28:01;15.64;
04.12.2024 09:28:02;15.63;
04.12.2024 09:28:03;15.64;
04.12.2024 09:28:04;15.65;
04.12.2024 09:28:05;15.64;
04.12.2024 09:28:10;15.64;
04.12.2024 09:28:11;15.63;
04.12.2024 09:28:12;15.64;
04.12.2024 09:28:15;15.64;
04.12.2024 09:28:16;15.63;
04.12.2024 09:28:21;15.63;
04.12.2024 09:28:22;15.64;
04.12.2024 09:28:23;15.63;
04.12.2024 09:28:25;15.63;
04.12.2024 09:28:26;15.64;
04.12.2024 09:28:27;15.63;
04.12.2024 09:28:38;15.63;
04.12.2024 09:28:39;15.62;
04.12.2024 09:28:40;15.63;
04.12.2024 09:28:42;15.63;
04.12.2024 09:28:43;15.62;
04.12.2024 09:28:44;15.63;
04.12.2024 09:28:52;15.63;
04.12.2024 09:28:53;15.62;
04.12.2024 09:28:54;15.62;
04.12.2024 09:28:55;15.63;
04.12.2024 09:28:56;15.62;
04.12.2024 09:28:57;15.62;
04.12.2024 09:28:58;15.64;
04.12.2024 09:28:59;15.63;
04.12.2024 09:29:00;15.62;
04.12.2024 09:29:01;15.63;
04.12.2024 09:29:02;15.62;
04.12.2024 09:29:03;15.63;
04.12.2024 09:29:04;15.63;
04.12.2024 09:29:05;15.62;
04.12.2024 09:29:08;15.62;
04.12.2024 09:29:09;15.63;
04.12.2024 09:29:10;15.63;
04.12.2024 09:29:11;15.62;
04.12.2024 09:29:12;15.63;
04.12.2024 09:29:22;15.63;
04.12.2024 09:29:23;15.62;
04.12.2024 09:29:30;15.62;
04.12.2024 09:29:31;15.63;
04.12.2024 09:29:32;15.62;
04.12.2024 09:29:42;15.62;
04.12.2024 09:29:43;15.63;
04.12.2024 09:29:44;15.62;
04.12.2024 09:29:53;15.62;
04.12.2024 09:29:54;15.61;
04.12.2024 09:29:55;15.62;
04.12.2024 09:30:01;15.62;
04.12.2024 09:30:02;15.61;
04.12.2024 09:30:03;15.62;
04.12.2024 09:30:05;15.62;
04.12.2024 09:30:06;15.61;
04.12.2024 09:30:07;15.62;
04.12.2024 09:30:12;15.62;
04.12.2024 09:30:13;15.61;
04.12.2024 09:30:14;15.62;
04.12.2024 09:30:15;15.61;
04.12.2024 09:30:18;15.61;
04.12.2024 09:30:19;15.62;
04.12.2024 09:30:21;15.62;
04.12.2024 09:30:22;15.61;
04.12.2024 09:30:23;15.62;
04.12.2024 09:30:25;15.62;
04.12.2024 09:30:26;15.61;
04.12.2024 09:30:27;15.61;
04.12.2024 09:30:28;15.62;
04.12.2024 09:30:29;15.62;
04.12.2024 09:30:30;15.61;
04.12.2024 09:30:31;15.62;
04.12.2024 09:30:32;15.62;
04.12.2024 09:30:33;15.61;
04.12.2024 09:30:34;15.62;
04.12.2024 09:30:37;15.62;
04.12.2024 09:30:38;15.61;
04.12.2024 09:30:39;15.62;
04.12.2024 09:30:42;15.62;
04.12.2024 09:30:43;15.61;
04.12.2024 09:30:44;15.61;
04.12.2024 09:30:45;15.62;
04.12.2024 09:30:46;15.61;
04.12.2024 09:30:47;15.62;
04.12.2024 09:30:48;15.61;
04.12.2024 09:30:50;15.61;
04.12.2024 09:30:51;15.62;
04.12.2024 09:30:52;15.61;
04.12.2024 09:30:53;15.62;
04.12.2024 09:30:54;15.6;
04.12.2024 09:30:55;15.61;
04.12.2024 09:30:56;15.6;
04.12.2024 09:30:57;15.61;
04.12.2024 09:30:58;15.62;
04.12.2024 09:30:59;15.61;
04.12.2024 09:31:07;15.61;
04.12.2024 09:31:08;15.62;
04.12.2024 09:31:09;15.61;
04.12.2024 09:31:10;15.61;
04.12.2024 09:31:11;15.62;
04.12.2024 09:31:12;15.61;
04.12.2024 09:31:16;15.61;
04.12.2024 09:31:17;15.6;
04.12.2024 09:31:18;15.6;
04.12.2024 09:31:19;15.62;
04.12.2024 09:31:20;15.61;
04.12.2024 09:31:27;15.61;
04.12.2024 09:31:28;15.6;
04.12.2024 09:31:29;15.62;
04.12.2024 09:31:30;15.61;
04.12.2024 09:31:33;15.61;
04.12.2024 09:31:34;15.6;
04.12.2024 09:31:35;15.6;
04.12.2024 09:31:36;15.61;
04.12.2024 09:31:37;15.62;
04.12.2024 09:31:38;15.61;
04.12.2024 09:31:39;15.6;
04.12.2024 09:31:40;15.61;
04.12.2024 09:31:41;15.61;
04.12.2024 09:31:42;15.6;
04.12.2024 09:31:44;15.6;
04.12.2024 09:31:45;15.61;
04.12.2024 09:31:47;15.61;
04.12.2024 09:31:48;15.6;
04.12.2024 09:31:49;15.61;
04.12.2024 09:31:52;15.61;
04.12.2024 09:31:53;15.6;
04.12.2024 09:32:01;15.6;
04.12.2024 09:32:02;15.61;
04.12.2024 09:32:03;15.6;
04.12.2024 09:32:04;15.59;
04.12.2024 09:32:05;15.6;
04.12.2024 09:32:08;15.6;
04.12.2024 09:32:09;15.61;
04.12.2024 09:32:10;15.6;
04.12.2024 09:32:15;15.6;
04.12.2024 09:32:16;15.61;
04.12.2024 09:32:17;15.61;
04.12.2024 09:32:18;15.6;
04.12.2024 09:32:21;15.6;
04.12.2024 09:32:22;15.59;
04.12.2024 09:32:23;15.6;
04.12.2024 09:32:24;15.6;
04.12.2024 09:32:25;15.59;
04.12.2024 09:32:26;15.6;
04.12.2024 09:32:28;15.6;
04.12.2024 09:32:29;15.59;
04.12.2024 09:32:30;15.6;
04.12.2024 09:32:32;15.6;
04.12.2024 09:32:33;15.59;
04.12.2024 09:32:36;15.59;
04.12.2024 09:32:37;15.6;
04.12.2024 09:32:42;15.6;
04.12.2024 09:32:43;15.59;
04.12.2024 09:32:44;15.6;
04.12.2024 09:32:45;15.59;
04.12.2024 09:32:46;15.59;
04.12.2024 09:32:47;15.61;
04.12.2024 09:32:48;15.6;
04.12.2024 09:32:50;15.6;
04.12.2024 09:32:51;15.61;
04.12.2024 09:32:52;15.6;
04.12.2024 09:32:53;15.59;
04.12.2024 09:32:54;15.6;
04.12.2024 09:32:57;15.6;
04.12.2024 09:32:58;15.59;
04.12.2024 09:32:59;15.6;
04.12.2024 09:33:00;15.6;
04.12.2024 09:33:01;15.59;
04.12.2024 09:33:04;15.59;
04.12.2024 09:33:05;15.6;
04.12.2024 09:33:06;15.59;
04.12.2024 09:33:07;15.59;
04.12.2024 09:33:08;15.6;
04.12.2024 09:33:09;15.59;
04.12.2024 09:33:16;15.59;
04.12.2024 09:33:17;15.6;
04.12.2024 09:33:18;15.59;
04.12.2024 09:33:22;15.59;
04.12.2024 09:33:23;15.6;
04.12.2024 09:33:24;15.6;
04.12.2024 09:33:25;15.59;
04.12.2024 09:33:28;15.59;
04.12.2024 09:33:29;15.6;
04.12.2024 09:33:30;15.59;
04.12.2024 09:33:34;15.59;
04.12.2024 09:33:35;15.58;
04.12.2024 09:33:36;15.59;
04.12.2024 09:33:44;15.59;
04.12.2024 09:33:45;15.58;
04.12.2024 09:33:46;15.58;
04.12.2024 09:33:47;15.59;
04.12.2024 09:33:50;15.59;
04.12.2024 09:33:51;15.58;
04.12.2024 09:33:52;15.59;
04.12.2024 09:33:53;15.58;
04.12.2024 09:33:54;15.59;
04.12.2024 09:33:55;15.58;
04.12.2024 09:33:56;15.58;
04.12.2024 09:33:57;15.59;
04.12.2024 09:34:01;15.59;
04.12.2024 09:34:02;15.58;
04.12.2024 09:34:03;15.59;
04.12.2024 09:34:06;15.59;
04.12.2024 09:34:07;15.58;
04.12.2024 09:34:08;15.58;
04.12.2024 09:34:09;15.59;
04.12.2024 09:34:10;15.59;
04.12.2024 09:34:11;15.58;
04.12.2024 09:34:12;15.58;
04.12.2024 09:34:13;15.59;
04.12.2024 09:34:14;15.58;
04.12.2024 09:34:15;15.59;
04.12.2024 09:34:16;15.58;
04.12.2024 09:34:17;15.59;
04.12.2024 09:34:18;15.58;
04.12.2024 09:34:19;15.59;
04.12.2024 09:34:20;15.58;
04.12.2024 09:34:21;15.58;
04.12.2024 09:34:22;15.59;
04.12.2024 09:34:23;15.58;
04.12.2024 09:34:32;15.58;
04.12.2024 09:34:33;15.57;
04.12.2024 09:34:34;15.59;
04.12.2024 09:34:35;15.57;
04.12.2024 09:34:36;15.58;
04.12.2024 09:34:41;15.58;
04.12.2024 09:34:42;15.59;
04.12.2024 09:34:43;15.58;
04.12.2024 09:34:54;15.58;
04.12.2024 09:34:55;15.57;
04.12.2024 09:34:56;15.58;
04.12.2024 09:34:57;15.57;
04.12.2024 09:34:58;15.58;
04.12.2024 09:34:59;15.59;
04.12.2024 09:35:00;15.58;
04.12.2024 09:35:03;15.58;
04.12.2024 09:35:04;15.57;
04.12.2024 09:35:08;15.57;
04.12.2024 09:35:09;15.58;
04.12.2024 09:35:10;15.57;
04.12.2024 09:35:11;15.58;
04.12.2024 09:35:12;15.57;
04.12.2024 09:35:15;15.57;
04.12.2024 09:35:16;15.58;
04.12.2024 09:35:17;15.57;
04.12.2024 09:35:30;15.57;
04.12.2024 09:35:31;15.58;
04.12.2024 09:35:32;15.58;
04.12.2024 09:35:33;15.57;
04.12.2024 09:35:41;15.57;
04.12.2024 09:35:42;15.58;
04.12.2024 09:35:43;15.57;
04.12.2024 09:35:44;15.56;
04.12.2024 09:35:45;15.57;
04.12.2024 09:35:48;15.57;
04.12.2024 09:35:49;15.58;
04.12.2024 09:35:50;15.57;
04.12.2024 09:35:52;15.57;
04.12.2024 09:35:53;15.58;
04.12.2024 09:35:54;15.58;
04.12.2024 09:35:55;15.57;
04.12.2024 09:36:07;15.57;
04.12.2024 09:36:08;15.56;
04.12.2024 09:36:10;15.56;
04.12.2024 09:36:11;15.57;
04.12.2024 09:36:16;15.57;
04.12.2024 09:36:17;15.56;
04.12.2024 09:36:20;15.56;
04.12.2024 09:36:21;15.57;
04.12.2024 09:36:22;15.56;
04.12.2024 09:36:23;15.57;
04.12.2024 09:36:24;15.57;
04.12.2024 09:36:25;15.56;
04.12.2024 09:36:26;15.56;
04.12.2024 09:36:27;15.57;
04.12.2024 09:36:31;15.57;
04.12.2024 09:36:32;15.56;
04.12.2024 09:36:33;15.56;
04.12.2024 09:36:34;15.55;
04.12.2024 09:36:35;15.56;
04.12.2024 09:36:46;15.56;
04.12.2024 09:36:47;15.55;
04.12.2024 09:36:48;15.56;
04.12.2024 09:36:49;15.56;
04.12.2024 09:36:50;15.55;
04.12.2024 09:36:51;15.56;
04.12.2024 09:36:52;15.56;
04.12.2024 09:36:53;15.57;
04.12.2024 09:36:54;15.56;
04.12.2024 09:36:58;15.56;
04.12.2024 09:36:59;15.55;
04.12.2024 09:37:00;15.56;
04.12.2024 09:37:01;15.55;
04.12.2024 09:37:03;15.55;
04.12.2024 09:37:04;15.56;
04.12.2024 09:37:06;15.56;
04.12.2024 09:37:07;15.55;
04.12.2024 09:37:12;15.55;
04.12.2024 09:37:13;15.56;
04.12.2024 09:37:14;15.56;
04.12.2024 09:37:15;15.55;
04.12.2024 09:37:16;15.54;
04.12.2024 09:37:17;15.55;
04.12.2024 09:37:21;15.55;
04.12.2024 09:37:22;15.56;
04.12.2024 09:37:23;15.54;
04.12.2024 09:37:24;15.55;
04.12.2024 09:37:26;15.55;
04.12.2024 09:37:27;15.56;
04.12.2024 09:37:28;15.55;
04.12.2024 09:37:29;15.55;
04.12.2024 09:37:30;15.56;
04.12.2024 09:37:31;15.55;
04.12.2024 09:37:34;15.55;
04.12.2024 09:37:35;15.56;
04.12.2024 09:37:36;15.56;
04.12.2024 09:37:37;15.54;
04.12.2024 09:37:38;15.56;
04.12.2024 09:37:39;15.55;
04.12.2024 09:37:45;15.55;
04.12.2024 09:37:46;15.54;
04.12.2024 09:37:47;15.55;
04.12.2024 09:37:48;15.54;
04.12.2024 09:37:49;15.54;
04.12.2024 09:37:50;15.55;
04.12.2024 09:37:51;15.55;
04.12.2024 09:37:52;15.54;
04.12.2024 09:37:56;15.54;
04.12.2024 09:37:57;15.55;
04.12.2024 09:37:58;15.54;
04.12.2024 09:37:59;15.55;
04.12.2024 09:38:00;15.54;
04.12.2024 09:38:01;15.55;
04.12.2024 09:38:02;15.54;
04.12.2024 09:38:03;15.55;
04.12.2024 09:38:04;15.55;
04.12.2024 09:38:05;15.54;
04.12.2024 09:38:06;15.54;
04.12.2024 09:38:07;15.55;
04.12.2024 09:38:08;15.55;
04.12.2024 09:38:09;15.54;
04.12.2024 09:38:10;15.55;
04.12.2024 09:38:11;15.54;
04.12.2024 09:38:12;15.54;
04.12.2024 09:38:13;15.55;
04.12.2024 09:38:19;15.55;
04.12.2024 09:38:20;15.54;
04.12.2024 09:38:21;15.55;
04.12.2024 09:38:22;15.54;
04.12.2024 09:38:23;15.54;
04.12.2024 09:38:24;15.55;
04.12.2024 09:38:25;15.55;
04.12.2024 09:38:26;15.54;
04.12.2024 09:38:27;15.55;
04.12.2024 09:38:28;15.54;
04.12.2024 09:38:29;15.53;
04.12.2024 09:38:30;15.55;
04.12.2024 09:38:31;15.54;
04.12.2024 09:38:32;15.54;
04.12.2024 09:38:33;15.55;
04.12.2024 09:38:34;15.55;
04.12.2024 09:38:35;15.54;
04.12.2024 09:38:37;15.54;
04.12.2024 09:38:38;15.55;
04.12.2024 09:38:39;15.54;
04.12.2024 09:38:40;15.54;
04.12.2024 09:38:41;15.55;
04.12.2024 09:38:42;15.54;
04.12.2024 09:38:43;15.55;
04.12.2024 09:38:44;15.55;
04.12.2024 09:38:45;15.54;
04.12.2024 09:38:50;15.54;
04.12.2024 09:38:51;15.53;
04.12.2024 09:38:52;15.55;
04.12.2024 09:38:53;15.54;
04.12.2024 09:38:54;15.55;
04.12.2024 09:38:55;15.53;
04.12.2024 09:38:56;15.53;
04.12.2024 09:38:57;15.54;
04.12.2024 09:39:03;15.54;
04.12.2024 09:39:04;15.53;
04.12.2024 09:39:05;15.54;
04.12.2024 09:39:06;15.54;
04.12.2024 09:39:07;15.53;
04.12.2024 09:39:08;15.53;
04.12.2024 09:39:09;15.54;
04.12.2024 09:39:10;15.53;
04.12.2024 09:39:11;15.54;
04.12.2024 09:39:12;15.53;
04.12.2024 09:39:13;15.54;
04.12.2024 09:39:19;15.54;
04.12.2024 09:39:20;15.53;
04.12.2024 09:39:21;15.54;
04.12.2024 09:39:26;15.54;
04.12.2024 09:39:27;15.53;
04.12.2024 09:39:28;15.54;
04.12.2024 09:39:29;15.53;
04.12.2024 09:39:32;15.53;
04.12.2024 09:39:33;15.54;
04.12.2024 09:39:35;15.54;
04.12.2024 09:39:36;15.53;
04.12.2024 09:39:46;15.53;
04.12.2024 09:39:47;15.54;
04.12.2024 09:39:49;15.54;
04.12.2024 09:39:50;15.53;
04.12.2024 09:39:51;15.54;
04.12.2024 09:39:52;15.53;
04.12.2024 09:40:03;15.53;
04.12.2024 09:40:04;15.54;
04.12.2024 09:40:05;15.52;
04.12.2024 09:40:07;15.52;
04.12.2024 09:40:08;15.53;
04.12.2024 09:40:09;15.52;
04.12.2024 09:40:10;15.52;
04.12.2024 09:40:11;15.53;
04.12.2024 09:40:12;15.52;
04.12.2024 09:40:13;15.52;
04.12.2024 09:40:14;15.53;
04.12.2024 09:40:15;15.53;
04.12.2024 09:40:16;15.52;
04.12.2024 09:40:17;15.53;
04.12.2024 09:40:18;15.52;
04.12.2024 09:40:19;15.53;
04.12.2024 09:40:20;15.51;
04.12.2024 09:40:21;15.52;
04.12.2024 09:40:26;15.52;
04.12.2024 09:40:27;15.53;
04.12.2024 09:40:28;15.53;
04.12.2024 09:40:29;15.52;
04.12.2024 09:40:30;15.53;
04.12.2024 09:40:33;15.53;
04.12.2024 09:40:34;15.52;
04.12.2024 09:40:35;15.53;
04.12.2024 09:40:36;15.53;
04.12.2024 09:40:37;15.52;
04.12.2024 09:40:38;15.51;
04.12.2024 09:40:39;15.52;
04.12.2024 09:40:40;15.53;
04.12.2024 09:40:41;15.52;
04.12.2024 09:40:44;15.52;
04.12.2024 09:40:45;15.53;
04.12.2024 09:40:46;15.53;
04.12.2024 09:40:47;15.52;
04.12.2024 09:40:48;15.52;
04.12.2024 09:40:49;15.53;
04.12.2024 09:40:51;15.53;
04.12.2024 09:40:52;15.52;
04.12.2024 09:40:53;15.53;
04.12.2024 09:40:54;15.52;
04.12.2024 09:40:55;15.53;
04.12.2024 09:40:56;15.52;
04.12.2024 09:40:59;15.52;
04.12.2024 09:41:00;15.53;
04.12.2024 09:41:01;15.52;
04.12.2024 09:41:07;15.52;
04.12.2024 09:41:08;15.51;
04.12.2024 09:41:09;15.52;
04.12.2024 09:41:12;15.52;
04.12.2024 09:41:13;15.51;
04.12.2024 09:41:14;15.52;
04.12.2024 09:41:16;15.52;
04.12.2024 09:41:17;15.51;
04.12.2024 09:41:18;15.51;
04.12.2024 09:41:19;15.52;
04.12.2024 09:41:20;15.52;
04.12.2024 09:41:21;15.51;
04.12.2024 09:41:22;15.51;
04.12.2024 09:41:23;15.52;
04.12.2024 09:41:25;15.52;
04.12.2024 09:41:26;15.51;
04.12.2024 09:41:27;15.51;
04.12.2024 09:41:28;15.52;
04.12.2024 09:41:29;15.51;
04.12.2024 09:41:30;15.51;
04.12.2024 09:41:31;15.52;
04.12.2024 09:41:39;15.52;
04.12.2024 09:41:40;15.51;
04.12.2024 09:41:41;15.51;
04.12.2024 09:41:42;15.52;
04.12.2024 09:41:43;15.51;
04.12.2024 09:41:44;15.51;
04.12.2024 09:41:45;15.52;
04.12.2024 09:41:46;15.52;
04.12.2024 09:41:47;15.51;
04.12.2024 09:41:48;15.51;
04.12.2024 09:41:49;15.52;
04.12.2024 09:41:50;15.5;
04.12.2024 09:41:51;15.51;
04.12.2024 09:41:52;15.5;
04.12.2024 09:41:53;15.51;
04.12.2024 09:41:54;15.52;
04.12.2024 09:41:55;15.51;
04.12.2024 09:41:56;15.51;
04.12.2024 09:41:57;15.5;
04.12.2024 09:41:58;15.5;
04.12.2024 09:41:59;15.51;
04.12.2024 09:42:02;15.51;
04.12.2024 09:42:03;15.52;
04.12.2024 09:42:04;15.51;
04.12.2024 09:42:18;15.51;
04.12.2024 09:42:19;15.5;
04.12.2024 09:42:20;15.51;
04.12.2024 09:42:21;15.5;
04.12.2024 09:42:22;15.51;
04.12.2024 09:42:23;15.5;
04.12.2024 09:42:24;15.5;
04.12.2024 09:42:25;15.51;
04.12.2024 09:42:26;15.51;
04.12.2024 09:42:27;15.5;
04.12.2024 09:42:28;15.51;
04.12.2024 09:42:29;15.5;
04.12.2024 09:42:30;15.51;
04.12.2024 09:42:31;15.51;
04.12.2024 09:42:32;15.5;
04.12.2024 09:42:33;15.51;
04.12.2024 09:42:34;15.5;
04.12.2024 09:42:35;15.51;
04.12.2024 09:42:36;15.5;
04.12.2024 09:42:37;15.51;
04.12.2024 09:42:39;15.51;
04.12.2024 09:42:40;15.5;
04.12.2024 09:42:41;15.5;
04.12.2024 09:42:42;15.51;
04.12.2024 09:42:43;15.51;
04.12.2024 09:42:44;15.5;
04.12.2024 09:42:45;15.51;
04.12.2024 09:42:48;15.51;
04.12.2024 09:42:49;15.5;
04.12.2024 09:42:50;15.51;
04.12.2024 09:42:51;15.5;
04.12.2024 09:42:52;15.51;
04.12.2024 09:42:53;15.5;
04.12.2024 09:42:54;15.5;
04.12.2024 09:42:55;15.51;
04.12.2024 09:42:56;15.5;
04.12.2024 09:43:01;15.5;
04.12.2024 09:43:02;15.49;
04.12.2024 09:43:03;15.5;
04.12.2024 09:43:07;15.5;
04.12.2024 09:43:08;15.51;
04.12.2024 09:43:09;15.51;
04.12.2024 09:43:10;15.5;
04.12.2024 09:43:11;15.51;
04.12.2024 09:43:12;15.5;
04.12.2024 09:43:15;15.5;
04.12.2024 09:43:16;15.51;
04.12.2024 09:43:17;15.51;
04.12.2024 09:43:18;15.5;
04.12.2024 09:43:21;15.5;
04.12.2024 09:43:22;15.51;
04.12.2024 09:43:23;15.5;
04.12.2024 09:43:24;15.5;
04.12.2024 09:43:25;15.49;
04.12.2024 09:43:26;15.49;
04.12.2024 09:43:27;15.5;
04.12.2024 09:43:28;15.5;
04.12.2024 09:43:29;15.49;
04.12.2024 09:43:32;15.49;
04.12.2024 09:43:33;15.5;
04.12.2024 09:43:34;15.49;
04.12.2024 09:43:35;15.49;
04.12.2024 09:43:36;15.5;
04.12.2024 09:43:37;15.49;
04.12.2024 09:43:38;15.5;
04.12.2024 09:43:39;15.5;
04.12.2024 09:43:40;15.51;
04.12.2024 09:43:41;15.5;
04.12.2024 09:43:42;15.5;
04.12.2024 09:43:43;15.49;
04.12.2024 09:43:44;15.48;
04.12.2024 09:43:45;15.5;
04.12.2024 09:43:46;15.51;
04.12.2024 09:43:47;15.49;
04.12.2024 09:43:48;15.5;
04.12.2024 09:43:49;15.49;
04.12.2024 09:43:50;15.49;
04.12.2024 09:43:51;15.5;
04.12.2024 09:43:52;15.5;
04.12.2024 09:43:53;15.49;
04.12.2024 09:43:54;15.5;
04.12.2024 09:43:55;15.5;
04.12.2024 09:43:56;15.49;
04.12.2024 09:43:57;15.49;
04.12.2024 09:43:58;15.5;
04.12.2024 09:43:59;15.49;
04.12.2024 09:44:00;15.5;
04.12.2024 09:44:01;15.5;
04.12.2024 09:44:02;15.49;
04.12.2024 09:44:03;15.5;
04.12.2024 09:44:04;15.5;
04.12.2024 09:44:05;15.49;
04.12.2024 09:44:06;15.49;
04.12.2024 09:44:07;15.5;
04.12.2024 09:44:08;15.5;
04.12.2024 09:44:09;15.49;
04.12.2024 09:44:10;15.5;
04.12.2024 09:44:11;15.49;
04.12.2024 09:44:12;15.5;
04.12.2024 09:44:13;15.51;
04.12.2024 09:44:14;15.5;
04.12.2024 09:44:15;15.49;
04.12.2024 09:44:18;15.49;
04.12.2024 09:44:19;15.5;
04.12.2024 09:44:20;15.49;
04.12.2024 09:44:21;15.49;
04.12.2024 09:44:22;15.5;
04.12.2024 09:44:23;15.49;
04.12.2024 09:44:24;15.5;
04.12.2024 09:44:25;15.49;
04.12.2024 09:44:26;15.5;
04.12.2024 09:44:27;15.49;
04.12.2024 09:44:30;15.49;
04.12.2024 09:44:31;15.5;
04.12.2024 09:44:32;15.49;
04.12.2024 09:44:33;15.49;
04.12.2024 09:44:34;15.48;
04.12.2024 09:44:35;15.49;
04.12.2024 09:44:36;15.48;
04.12.2024 09:44:37;15.49;
04.12.2024 09:44:38;15.48;
04.12.2024 09:44:39;15.49;
04.12.2024 09:44:40;15.49;
04.12.2024 09:44:41;15.48;
04.12.2024 09:44:42;15.49;
04.12.2024 09:44:43;15.49;
04.12.2024 09:44:44;15.48;
04.12.2024 09:44:49;15.48;
04.12.2024 09:44:50;15.49;
04.12.2024 09:44:51;15.48;
04.12.2024 09:44:52;15.48;
04.12.2024 09:44:53;15.49;
04.12.2024 09:44:54;15.48;
04.12.2024 09:44:55;15.49;
04.12.2024 09:44:56;15.48;
04.12.2024 09:44:57;15.48;
04.12.2024 09:44:58;15.49;
04.12.2024 09:44:59;15.48;
04.12.2024 09:45:00;15.49;
04.12.2024 09:45:01;15.48;
04.12.2024 09:45:02;15.48;
04.12.2024 09:45:03;15.49;
04.12.2024 09:45:04;15.49;
04.12.2024 09:45:05;15.48;
04.12.2024 09:45:06;15.49;
04.12.2024 09:45:07;15.48;
04.12.2024 09:45:09;15.48;
04.12.2024 09:45:10;15.49;
04.12.2024 09:45:11;15.48;
04.12.2024 09:45:12;15.49;
04.12.2024 09:45:13;15.48;
04.12.2024 09:45:19;15.48;
04.12.2024 09:45:20;15.47;
04.12.2024 09:45:21;15.48;
04.12.2024 09:45:23;15.48;
04.12.2024 09:45:24;15.49;
04.12.2024 09:45:25;15.48;
04.12.2024 09:45:26;15.48;
04.12.2024 09:45:27;15.49;
04.12.2024 09:45:28;15.48;
04.12.2024 09:45:31;15.48;
04.12.2024 09:45:32;15.47;
04.12.2024 09:45:33;15.48;
04.12.2024 09:45:34;15.47;
04.12.2024 09:45:35;15.48;
04.12.2024 09:45:36;15.47;
04.12.2024 09:45:37;15.47;
04.12.2024 09:45:38;15.48;
04.12.2024 09:45:39;15.47;
04.12.2024 09:45:41;15.47;
04.12.2024 09:45:42;15.48;
04.12.2024 09:45:43;15.47;
04.12.2024 09:45:45;15.47;
04.12.2024 09:45:46;15.46;
04.12.2024 09:45:47;15.47;
04.12.2024 09:45:57;15.47;
04.12.2024 09:45:58;15.48;
04.12.2024 09:45:59;15.47;
04.12.2024 09:46:00;15.47;
04.12.2024 09:46:01;15.48;
04.12.2024 09:46:02;15.47;
04.12.2024 09:46:05;15.47;
04.12.2024 09:46:06;15.48;
04.12.2024 09:46:07;15.48;
04.12.2024 09:46:08;15.47;
04.12.2024 09:46:09;15.48;
04.12.2024 09:46:10;15.47;
04.12.2024 09:46:11;15.48;
04.12.2024 09:46:12;15.47;
04.12.2024 09:46:14;15.47;
04.12.2024 09:46:15;15.48;
04.12.2024 09:46:16;15.47;
04.12.2024 09:46:18;15.47;
04.12.2024 09:46:19;15.48;
04.12.2024 09:46:20;15.47;
04.12.2024 09:46:21;15.48;
04.12.2024 09:46:22;15.47;
04.12.2024 09:46:23;15.47;
04.12.2024 09:46:24;15.46;
04.12.2024 09:46:25;15.47;
04.12.2024 09:46:30;15.47;
04.12.2024 09:46:31;15.48;
04.12.2024 09:46:32;15.48;
04.12.2024 09:46:33;15.47;
04.12.2024 09:46:34;15.48;
04.12.2024 09:46:35;15.47;
04.12.2024 09:46:36;15.48;
04.12.2024 09:46:37;15.47;
04.12.2024 09:46:38;15.47;
04.12.2024 09:46:39;15.48;
04.12.2024 09:46:40;15.47;
04.12.2024 09:46:43;15.47;
04.12.2024 09:46:44;15.48;
04.12.2024 09:46:45;15.47;
04.12.2024 09:46:51;15.47;
04.12.2024 09:46:52;15.48;
04.12.2024 09:46:53;15.47;
04.12.2024 09:46:55;15.47;
04.12.2024 09:46:56;15.48;
04.12.2024 09:46:57;15.47;
04.12.2024 09:47:02;15.47;
04.12.2024 09:47:03;15.48;
04.12.2024 09:47:04;15.47;
04.12.2024 09:47:05;15.46;
04.12.2024 09:47:06;15.47;
04.12.2024 09:47:07;15.47;
04.12.2024 09:47:08;15.45;
04.12.2024 09:47:09;15.46;
04.12.2024 09:47:10;15.47;
04.12.2024 09:47:11;15.47;
04.12.2024 09:47:12;15.46;
04.12.2024 09:47:13;15.47;
04.12.2024 09:47:17;15.47;
04.12.2024 09:47:18;15.46;
04.12.2024 09:47:19;15.47;
04.12.2024 09:47:20;15.46;
04.12.2024 09:47:22;15.46;
04.12.2024 09:47:23;15.47;
04.12.2024 09:47:25;15.47;
04.12.2024 09:47:26;15.46;
04.12.2024 09:47:32;15.46;
04.12.2024 09:47:33;15.47;
04.12.2024 09:47:34;15.46;
04.12.2024 09:47:35;15.47;
04.12.2024 09:47:36;15.46;
04.12.2024 09:47:50;15.46;
04.12.2024 09:47:51;15.47;
04.12.2024 09:47:52;15.45;
04.12.2024 09:47:53;15.46;
04.12.2024 09:47:54;15.46;
04.12.2024 09:47:55;15.47;
04.12.2024 09:47:56;15.46;
04.12.2024 09:47:59;15.46;
04.12.2024 09:48:00;15.45;
04.12.2024 09:48:01;15.46;
04.12.2024 09:48:02;15.45;
04.12.2024 09:48:03;15.46;
04.12.2024 09:48:07;15.46;
04.12.2024 09:48:08;15.45;
04.12.2024 09:48:09;15.45;
04.12.2024 09:48:10;15.46;
04.12.2024 09:48:11;15.45;
04.12.2024 09:48:12;15.45;
04.12.2024 09:48:13;15.46;
04.12.2024 09:48:14;15.46;
04.12.2024 09:48:15;15.45;
04.12.2024 09:48:16;15.46;
04.12.2024 09:48:17;15.45;
04.12.2024 09:48:18;15.45;
04.12.2024 09:48:19;15.46;
04.12.2024 09:48:21;15.46;
04.12.2024 09:48:22;15.45;
04.12.2024 09:48:23;15.46;
04.12.2024 09:48:24;15.46;
04.12.2024 09:48:25;15.45;
04.12.2024 09:48:26;15.46;
04.12.2024 09:48:27;15.45;
04.12.2024 09:48:28;15.45;
04.12.2024 09:48:29;15.46;
04.12.2024 09:48:30;15.45;
04.12.2024 09:48:31;15.44;
04.12.2024 09:48:32;15.45;
04.12.2024 09:48:33;15.46;
04.12.2024 09:48:34;15.45;
04.12.2024 09:48:35;15.46;
04.12.2024 09:48:36;15.46;
04.12.2024 09:48:37;15.45;
04.12.2024 09:48:40;15.45;
04.12.2024 09:48:41;15.46;
04.12.2024 09:48:42;15.45;
04.12.2024 09:48:43;15.46;
04.12.2024 09:48:44;15.45;
04.12.2024 09:48:52;15.45;
04.12.2024 09:48:53;15.46;
04.12.2024 09:48:54;15.45;
04.12.2024 09:48:55;15.44;
04.12.2024 09:48:56;15.44;
04.12.2024 09:48:57;15.45;
04.12.2024 09:49:04;15.45;
04.12.2024 09:49:05;15.46;
04.12.2024 09:49:06;15.44;
04.12.2024 09:49:07;15.45;
04.12.2024 09:49:10;15.45;
04.12.2024 09:49:11;15.46;
04.12.2024 09:49:12;15.44;
04.12.2024 09:49:13;15.45;
04.12.2024 09:49:14;15.44;
04.12.2024 09:49:15;15.45;
04.12.2024 09:49:16;15.44;
04.12.2024 09:49:17;15.45;
04.12.2024 09:49:18;15.45;
04.12.2024 09:49:19;15.44;
04.12.2024 09:49:20;15.45;
04.12.2024 09:49:24;15.45;
04.12.2024 09:49:25;15.44;
04.12.2024 09:49:26;15.45;
04.12.2024 09:49:27;15.44;
04.12.2024 09:49:29;15.44;
04.12.2024 09:49:30;15.46;
04.12.2024 09:49:31;15.45;
04.12.2024 09:49:34;15.45;
04.12.2024 09:49:35;15.44;
04.12.2024 09:49:36;15.45;
04.12.2024 09:49:37;15.45;
04.12.2024 09:49:38;15.44;
04.12.2024 09:49:40;15.44;
04.12.2024 09:49:41;15.45;
04.12.2024 09:49:47;15.45;
04.12.2024 09:49:48;15.44;
04.12.2024 09:49:55;15.44;
04.12.2024 09:49:56;15.45;
04.12.2024 09:49:57;15.44;
04.12.2024 09:49:58;15.45;
04.12.2024 09:49:59;15.43;
04.12.2024 09:50:00;15.44;
04.12.2024 09:50:03;15.44;
04.12.2024 09:50:04;15.43;
04.12.2024 09:50:05;15.45;
04.12.2024 09:50:06;15.44;
04.12.2024 09:50:08;15.44;
04.12.2024 09:50:09;15.45;
04.12.2024 09:50:10;15.44;
04.12.2024 09:50:11;15.43;
04.12.2024 09:50:12;15.44;
04.12.2024 09:50:17;15.44;
04.12.2024 09:50:18;15.45;
04.12.2024 09:50:19;15.44;
04.12.2024 09:50:20;15.43;
04.12.2024 09:50:21;15.44;
04.12.2024 09:50:22;15.45;
04.12.2024 09:50:23;15.43;
04.12.2024 09:50:24;15.44;
04.12.2024 09:50:25;15.44;
04.12.2024 09:50:26;15.43;
04.12.2024 09:50:27;15.44;
04.12.2024 09:50:28;15.43;
04.12.2024 09:50:29;15.44;
04.12.2024 09:50:31;15.44;
04.12.2024 09:50:32;15.43;
04.12.2024 09:50:33;15.44;
04.12.2024 09:50:36;15.44;
04.12.2024 09:50:37;15.43;
04.12.2024 09:50:38;15.43;
04.12.2024 09:50:39;15.44;
04.12.2024 09:50:40;15.44;
04.12.2024 09:50:41;15.45;
04.12.2024 09:50:42;15.43;
04.12.2024 09:50:44;15.43;
04.12.2024 09:50:45;15.44;
04.12.2024 09:50:47;15.44;
04.12.2024 09:50:48;15.43;
04.12.2024 09:50:50;15.43;
04.12.2024 09:50:51;15.44;
04.12.2024 09:50:52;15.43;
04.12.2024 09:50:53;15.44;
04.12.2024 09:50:54;15.43;
04.12.2024 09:51:01;15.43;
04.12.2024 09:51:02;15.44;
04.12.2024 09:51:03;15.43;
04.12.2024 09:51:05;15.43;
04.12.2024 09:51:06;15.44;
04.12.2024 09:51:07;15.43;
04.12.2024 09:51:10;15.43;
04.12.2024 09:51:11;15.42;
04.12.2024 09:51:12;15.44;
04.12.2024 09:51:13;15.43;
04.12.2024 09:51:23;15.43;
04.12.2024 09:51:24;15.42;
04.12.2024 09:51:26;15.42;
04.12.2024 09:51:27;15.43;
04.12.2024 09:51:28;15.42;
04.12.2024 09:51:30;15.42;
04.12.2024 09:51:31;15.43;
04.12.2024 09:51:32;15.42;
04.12.2024 09:51:33;15.43;
04.12.2024 09:51:35;15.43;
04.12.2024 09:51:36;15.42;
04.12.2024 09:51:37;15.43;
04.12.2024 09:51:38;15.43;
04.12.2024 09:51:39;15.42;
04.12.2024 09:51:42;15.42;
04.12.2024 09:51:43;15.43;
04.12.2024 09:51:44;15.41;
04.12.2024 09:51:45;15.42;
04.12.2024 09:51:46;15.43;
04.12.2024 09:51:48;15.43;
04.12.2024 09:51:49;15.42;
04.12.2024 09:51:51;15.42;
04.12.2024 09:51:52;15.41;
04.12.2024 09:51:53;15.42;
04.12.2024 09:52:08;15.42;
04.12.2024 09:52:09;15.43;
04.12.2024 09:52:10;15.42;
04.12.2024 09:52:11;15.42;
04.12.2024 09:52:12;15.41;
04.12.2024 09:52:13;15.42;
04.12.2024 09:52:14;15.43;
04.12.2024 09:52:15;15.42;
04.12.2024 09:52:16;15.41;
04.12.2024 09:52:17;15.42;
04.12.2024 09:52:18;15.41;
04.12.2024 09:52:19;15.43;
04.12.2024 09:52:20;15.42;
04.12.2024 09:52:22;15.42;
04.12.2024 09:52:23;15.41;
04.12.2024 09:52:25;15.41;
04.12.2024 09:52:26;15.42;
04.12.2024 09:52:27;15.41;
04.12.2024 09:52:28;15.42;
04.12.2024 09:52:29;15.41;
04.12.2024 09:52:30;15.41;
04.12.2024 09:52:31;15.42;
04.12.2024 09:52:32;15.41;
04.12.2024 09:52:33;15.41;
04.12.2024 09:52:34;15.42;
04.12.2024 09:52:35;15.42;
04.12.2024 09:52:36;15.41;
04.12.2024 09:52:37;15.42;
04.12.2024 09:52:38;15.42;
04.12.2024 09:52:39;15.41;
04.12.2024 09:52:50;15.41;
04.12.2024 09:52:51;15.42;
04.12.2024 09:52:52;15.41;
04.12.2024 09:52:53;15.41;
04.12.2024 09:52:54;15.42;
04.12.2024 09:52:55;15.42;
04.12.2024 09:52:56;15.41;
04.12.2024 09:53:07;15.41;
04.12.2024 09:53:08;15.4;
04.12.2024 09:53:09;15.41;
04.12.2024 09:53:14;15.41;
04.12.2024 09:53:15;15.4;
04.12.2024 09:53:16;15.41;
04.12.2024 09:53:17;15.41;
04.12.2024 09:53:18;15.4;
04.12.2024 09:53:19;15.41;
04.12.2024 09:53:20;15.4;
04.12.2024 09:53:21;15.41;
04.12.2024 09:53:22;15.4;
04.12.2024 09:53:23;15.4;
04.12.2024 09:53:24;15.41;
04.12.2024 09:53:26;15.41;
04.12.2024 09:53:27;15.4;
04.12.2024 09:53:28;15.41;
04.12.2024 09:53:29;15.4;
04.12.2024 09:53:31;15.4;
04.12.2024 09:53:32;15.41;
04.12.2024 09:53:41;15.41;
04.12.2024 09:53:42;15.4;
04.12.2024 09:53:43;15.41;
04.12.2024 09:53:46;15.41;
04.12.2024 09:53:47;15.4;
04.12.2024 09:53:50;15.4;
04.12.2024 09:53:51;15.41;
04.12.2024 09:53:52;15.41;
04.12.2024 09:53:53;15.4;
04.12.2024 09:53:56;15.4;
04.12.2024 09:53:57;15.39;
04.12.2024 09:53:58;15.4;
04.12.2024 09:53:59;15.41;
04.12.2024 09:54:00;15.4;
04.12.2024 09:54:01;15.4;
04.12.2024 09:54:02;15.39;
04.12.2024 09:54:03;15.39;
04.12.2024 09:54:04;15.4;
04.12.2024 09:54:08;15.4;
04.12.2024 09:54:09;15.41;
04.12.2024 09:54:10;15.4;
04.12.2024 09:54:12;15.4;
04.12.2024 09:54:13;15.39;
04.12.2024 09:54:14;15.4;
04.12.2024 09:54:15;15.4;
04.12.2024 09:54:16;15.39;
04.12.2024 09:54:17;15.4;
04.12.2024 09:54:18;15.39;
04.12.2024 09:54:19;15.4;
04.12.2024 09:54:20;15.4;
04.12.2024 09:54:21;15.39;
04.12.2024 09:54:23;15.39;
04.12.2024 09:54:24;15.4;
04.12.2024 09:54:26;15.4;
04.12.2024 09:54:27;15.39;
04.12.2024 09:54:28;15.4;
04.12.2024 09:54:31;15.4;
04.12.2024 09:54:32;15.41;
04.12.2024 09:54:33;15.4;
04.12.2024 09:54:37;15.4;
04.12.2024 09:54:38;15.41;
04.12.2024 09:54:39;15.4;
04.12.2024 09:54:41;15.4;
04.12.2024 09:54:42;15.39;
04.12.2024 09:54:43;15.4;
04.12.2024 09:54:45;15.4;
04.12.2024 09:54:46;15.39;
04.12.2024 09:54:47;15.4;
04.12.2024 09:54:49;15.4;
04.12.2024 09:54:50;15.39;
04.12.2024 09:54:55;15.39;
04.12.2024 09:54:56;15.4;
04.12.2024 09:54:58;15.4;
04.12.2024 09:54:59;15.39;
04.12.2024 09:55:00;15.39;
04.12.2024 09:55:01;15.4;
04.12.2024 09:55:02;15.39;
04.12.2024 09:55:03;15.4;
04.12.2024 09:55:04;15.39;
04.12.2024 09:55:05;15.39;
04.12.2024 09:55:06;15.4;
04.12.2024 09:55:07;15.39;
04.12.2024 09:55:08;15.39;
04.12.2024 09:55:09;15.4;
04.12.2024 09:55:12;15.4;
04.12.2024 09:55:13;15.39;
04.12.2024 09:55:14;15.4;
04.12.2024 09:55:15;15.39;
04.12.2024 09:55:21;15.39;
04.12.2024 09:55:22;15.38;
04.12.2024 09:55:23;15.39;
04.12.2024 09:55:25;15.39;
04.12.2024 09:55:26;15.38;
04.12.2024 09:55:27;15.38;
04.12.2024 09:55:28;15.39;
04.12.2024 09:55:29;15.39;
04.12.2024 09:55:30;15.38;
04.12.2024 09:55:31;15.39;
04.12.2024 09:55:32;15.38;
04.12.2024 09:55:34;15.38;
04.12.2024 09:55:35;15.39;
04.12.2024 09:55:36;15.39;
04.12.2024 09:55:37;15.38;
04.12.2024 09:55:45;15.38;
04.12.2024 09:55:46;15.39;
04.12.2024 09:55:48;15.39;
04.12.2024 09:55:49;15.38;
04.12.2024 09:55:50;15.39;
04.12.2024 09:55:51;15.39;
04.12.2024 09:55:52;15.38;
04.12.2024 09:55:53;15.39;
04.12.2024 09:55:54;15.38;
04.12.2024 09:55:55;15.39;
04.12.2024 09:55:56;15.38;
04.12.2024 09:55:57;15.38;
04.12.2024 09:55:58;15.39;
04.12.2024 09:55:59;15.38;
04.12.2024 09:56:00;15.39;
04.12.2024 09:56:01;15.38;
04.12.2024 09:56:04;15.38;
04.12.2024 09:56:05;15.39;
04.12.2024 09:56:06;15.37;
04.12.2024 09:56:07;15.38;
04.12.2024 09:56:14;15.38;
04.12.2024 09:56:15;15.39;
04.12.2024 09:56:16;15.37;
04.12.2024 09:56:17;15.38;
04.12.2024 09:56:19;15.38;
04.12.2024 09:56:20;15.39;
04.12.2024 09:56:21;15.38;
04.12.2024 09:56:32;15.38;
04.12.2024 09:56:33;15.37;
04.12.2024 09:56:34;15.38;
04.12.2024 09:56:38;15.38;
04.12.2024 09:56:39;15.37;
04.12.2024 09:56:40;15.38;
04.12.2024 09:56:41;15.37;
04.12.2024 09:56:45;15.37;
04.12.2024 09:56:46;15.38;
04.12.2024 09:56:47;15.37;
04.12.2024 09:56:48;15.37;
04.12.2024 09:56:49;15.38;
04.12.2024 09:56:51;15.38;
04.12.2024 09:56:52;15.37;
04.12.2024 09:56:53;15.38;
04.12.2024 09:56:57;15.38;
04.12.2024 09:56:58;15.37;
04.12.2024 09:56:59;15.38;
04.12.2024 09:57:02;15.38;
04.12.2024 09:57:03;15.37;
04.12.2024 09:57:04;15.38;
04.12.2024 09:57:05;15.38;
04.12.2024 09:57:06;15.37;
04.12.2024 09:57:09;15.37;
04.12.2024 09:57:10;15.38;
04.12.2024 09:57:11;15.37;
04.12.2024 09:57:19;15.37;
04.12.2024 09:57:20;15.36;
04.12.2024 09:57:21;15.37;
04.12.2024 09:57:23;15.37;
04.12.2024 09:57:24;15.36;
04.12.2024 09:57:25;15.37;
04.12.2024 09:57:36;15.37;
04.12.2024 09:57:37;15.38;
04.12.2024 09:57:38;15.37;
04.12.2024 09:57:48;15.37;
04.12.2024 09:57:49;15.36;
04.12.2024 09:57:50;15.37;
04.12.2024 09:57:51;15.37;
04.12.2024 09:57:52;15.36;
04.12.2024 09:57:53;15.37;
04.12.2024 09:57:54;15.37;
04.12.2024 09:57:55;15.36;
04.12.2024 09:57:56;15.37;
04.12.2024 09:57:59;15.37;
04.12.2024 09:58:00;15.36;
04.12.2024 09:58:01;15.36;
04.12.2024 09:58:02;15.37;
04.12.2024 09:58:04;15.37;
04.12.2024 09:58:05;15.36;
04.12.2024 09:58:06;15.37;
04.12.2024 09:58:07;15.37;
04.12.2024 09:58:08;15.36;
04.12.2024 09:58:09;15.35;
04.12.2024 09:58:10;15.36;
04.12.2024 09:58:11;15.36;
04.12.2024 09:58:12;15.37;
04.12.2024 09:58:13;15.37;
04.12.2024 09:58:14;15.36;
04.12.2024 09:58:15;15.37;
04.12.2024 09:58:18;15.37;
04.12.2024 09:58:19;15.36;
04.12.2024 09:58:21;15.36;
04.12.2024 09:58:22;15.37;
04.12.2024 09:58:23;15.36;
04.12.2024 09:58:27;15.36;
04.12.2024 09:58:28;15.35;
04.12.2024 09:58:29;15.36;
04.12.2024 09:58:30;15.36;
04.12.2024 09:58:31;15.37;
04.12.2024 09:58:32;15.36;
04.12.2024 09:58:33;15.36;
04.12.2024 09:58:34;15.35;
04.12.2024 09:58:35;15.36;
04.12.2024 09:58:36;15.36;
04.12.2024 09:58:37;15.35;
04.12.2024 09:58:38;15.36;
04.12.2024 09:58:39;15.37;
04.12.2024 09:58:40;15.36;
04.12.2024 09:58:45;15.36;
04.12.2024 09:58:46;15.37;
04.12.2024 09:58:47;15.36;
04.12.2024 09:58:50;15.36;
04.12.2024 09:58:51;15.35;
04.12.2024 09:58:52;15.36;
04.12.2024 09:58:53;15.36;
04.12.2024 09:58:54;15.37;
04.12.2024 09:58:55;15.36;
04.12.2024 09:58:58;15.36;
04.12.2024 09:58:59;15.35;
04.12.2024 09:59:00;15.36;
04.12.2024 09:59:01;15.36;
04.12.2024 09:59:02;15.37;
04.12.2024 09:59:03;15.36;
04.12.2024 09:59:04;15.36;
04.12.2024 09:59:05;15.35;
04.12.2024 09:59:08;15.35;
04.12.2024 09:59:09;15.36;
04.12.2024 09:59:10;15.35;
04.12.2024 09:59:12;15.35;
04.12.2024 09:59:13;15.36;
04.12.2024 09:59:14;15.35;
04.12.2024 09:59:16;15.35;
04.12.2024 09:59:17;15.36;
04.12.2024 09:59:18;15.35;
04.12.2024 09:59:29;15.35;
04.12.2024 09:59:30;15.36;
04.12.2024 09:59:31;15.36;
04.12.2024 09:59:32;15.35;
04.12.2024 09:59:33;15.36;
04.12.2024 09:59:34;15.35;
04.12.2024 09:59:40;15.35;
04.12.2024 09:59:41;15.34;
04.12.2024 09:59:42;15.35;
04.12.2024 09:59:43;15.35;
04.12.2024 09:59:44;15.34;
04.12.2024 09:59:45;15.35;
04.12.2024 09:59:46;15.34;
04.12.2024 09:59:47;15.35;
04.12.2024 09:59:48;15.35;
04.12.2024 09:59:49;15.34;
04.12.2024 09:59:50;15.34;
04.12.2024 09:59:51;15.35;
04.12.2024 09:59:52;15.34;
04.12.2024 09:59:54;15.34;
04.12.2024 09:59:55;15.35;
04.12.2024 09:59:58;15.35;
04.12.2024 09:59:59;15.36;
04.12.2024 10:00:00;15.35;
04.12.2024 10:00:01;15.34;
04.12.2024 10:00:02;15.35;
04.12.2024 10:00:07;15.35;
04.12.2024 10:00:08;15.34;
04.12.2024 10:00:09;15.35;
04.12.2024 10:00:12;15.35;
04.12.2024 10:00:13;15.33;
04.12.2024 10:00:14;15.34;
04.12.2024 10:00:17;15.34;
04.12.2024 10:00:18;15.35;
04.12.2024 10:00:19;15.34;
04.12.2024 10:00:21;15.34;
04.12.2024 10:00:22;15.35;
04.12.2024 10:00:24;15.35;
04.12.2024 10:00:25;15.34;
04.12.2024 10:00:26;15.35;
04.12.2024 10:00:27;15.34;
04.12.2024 10:00:30;15.34;
04.12.2024 10:00:31;15.35;
04.12.2024 10:00:34;15.35;
04.12.2024 10:00:35;15.34;
04.12.2024 10:00:36;15.35;
04.12.2024 10:00:37;15.34;
04.12.2024 10:00:38;15.34;
04.12.2024 10:00:39;15.35;
04.12.2024 10:00:40;15.33;
04.12.2024 10:00:41;15.34;
04.12.2024 10:00:42;15.34;
04.12.2024 10:00:43;15.35;
04.12.2024 10:00:44;15.34;
04.12.2024 10:00:45;15.35;
04.12.2024 10:00:46;15.34;
04.12.2024 10:00:47;15.34;
04.12.2024 10:00:48;15.35;
04.12.2024 10:00:49;15.34;
04.12.2024 10:00:53;15.34;
04.12.2024 10:00:54;15.33;
04.12.2024 10:00:55;15.34;
04.12.2024 10:01:01;15.34;
04.12.2024 10:01:02;15.35;
04.12.2024 10:01:03;15.34;
04.12.2024 10:01:10;15.34;
04.12.2024 10:01:11;15.33;
04.12.2024 10:01:12;15.34;
04.12.2024 10:01:17;15.34;
04.12.2024 10:01:18;15.33;
04.12.2024 10:01:19;15.34;
04.12.2024 10:01:20;15.33;
04.12.2024 10:01:21;15.34;
04.12.2024 10:01:24;15.34;
04.12.2024 10:01:25;15.33;
04.12.2024 10:01:27;15.33;
04.12.2024 10:01:28;15.34;
04.12.2024 10:01:29;15.33;
04.12.2024 10:01:30;15.34;
04.12.2024 10:01:31;15.33;
04.12.2024 10:01:32;15.34;
04.12.2024 10:01:35;15.34;
04.12.2024 10:01:36;15.33;
04.12.2024 10:01:37;15.33;
04.12.2024 10:01:38;15.34;
04.12.2024 10:01:43;15.34;
04.12.2024 10:01:44;15.33;
04.12.2024 10:01:45;15.33;
04.12.2024 10:01:46;15.34;
04.12.2024 10:01:47;15.33;
04.12.2024 10:01:48;15.33;
04.12.2024 10:01:49;15.34;
04.12.2024 10:01:50;15.33;
04.12.2024 10:01:54;15.33;
04.12.2024 10:01:55;15.35;
04.12.2024 10:01:56;15.33;
04.12.2024 10:01:57;15.33;
04.12.2024 10:01:58;15.34;
04.12.2024 10:01:59;15.33;
04.12.2024 10:02:13;15.33;
04.12.2024 10:02:14;15.32;
04.12.2024 10:02:15;15.33;
04.12.2024 10:02:21;15.33;
04.12.2024 10:02:22;15.32;
04.12.2024 10:02:23;15.33;
04.12.2024 10:02:28;15.33;
04.12.2024 10:02:29;15.32;
04.12.2024 10:02:30;15.33;
04.12.2024 10:02:31;15.32;
04.12.2024 10:02:32;15.32;
04.12.2024 10:02:33;15.33;
04.12.2024 10:02:41;15.33;
04.12.2024 10:02:42;15.32;
04.12.2024 10:02:43;15.33;
04.12.2024 10:02:44;15.32;
04.12.2024 10:02:45;15.33;
04.12.2024 10:02:48;15.33;
04.12.2024 10:02:49;15.32;
04.12.2024 10:02:50;15.32;
04.12.2024 10:02:51;15.33;
04.12.2024 10:02:52;15.32;
04.12.2024 10:02:54;15.32;
04.12.2024 10:02:55;15.33;
04.12.2024 10:02:56;15.32;
04.12.2024 10:02:57;15.32;
04.12.2024 10:02:58;15.31;
04.12.2024 10:02:59;15.32;
04.12.2024 10:03:00;15.32;
04.12.2024 10:03:01;15.31;
04.12.2024 10:03:02;15.33;
04.12.2024 10:03:03;15.32;
04.12.2024 10:03:04;15.32;
04.12.2024 10:03:05;15.31;
04.12.2024 10:03:06;15.31;
04.12.2024 10:03:07;15.32;
04.12.2024 10:03:09;15.32;
04.12.2024 10:03:10;15.33;
04.12.2024 10:03:11;15.32;
04.12.2024 10:03:12;15.33;
04.12.2024 10:03:13;15.32;
04.12.2024 10:03:14;15.33;
04.12.2024 10:03:15;15.31;
04.12.2024 10:03:16;15.32;
04.12.2024 10:03:17;15.31;
04.12.2024 10:03:18;15.31;
04.12.2024 10:03:19;15.32;
04.12.2024 10:03:20;15.31;
04.12.2024 10:03:21;15.31;
04.12.2024 10:03:22;15.32;
04.12.2024 10:03:23;15.33;
04.12.2024 10:03:24;15.32;
04.12.2024 10:03:31;15.32;
04.12.2024 10:03:32;15.31;
04.12.2024 10:03:33;15.32;
04.12.2024 10:03:34;15.32;
04.12.2024 10:03:35;15.31;
04.12.2024 10:03:36;15.32;
04.12.2024 10:03:37;15.31;
04.12.2024 10:03:38;15.32;
04.12.2024 10:03:39;15.32;
04.12.2024 10:03:40;15.31;
04.12.2024 10:03:41;15.31;
04.12.2024 10:03:42;15.32;
04.12.2024 10:03:43;15.32;
04.12.2024 10:03:44;15.31;
04.12.2024 10:03:45;15.31;
04.12.2024 10:03:46;15.32;
04.12.2024 10:03:47;15.31;
04.12.2024 10:03:48;15.32;
04.12.2024 10:03:49;15.32;
04.12.2024 10:03:50;15.31;
04.12.2024 10:03:51;15.32;
04.12.2024 10:03:52;15.32;
04.12.2024 10:03:53;15.31;
04.12.2024 10:03:54;15.32;
04.12.2024 10:03:56;15.32;
04.12.2024 10:03:57;15.31;
04.12.2024 10:03:58;15.32;
04.12.2024 10:04:01;15.32;
04.12.2024 10:04:02;15.31;
04.12.2024 10:04:04;15.31;
04.12.2024 10:04:05;15.32;
04.12.2024 10:04:06;15.32;
04.12.2024 10:04:07;15.31;
04.12.2024 10:04:09;15.31;
04.12.2024 10:04:10;15.32;
04.12.2024 10:04:11;15.31;
04.12.2024 10:04:12;15.31;
04.12.2024 10:04:13;15.3;
04.12.2024 10:04:14;15.31;
04.12.2024 10:04:15;15.32;
04.12.2024 10:04:16;15.31;
04.12.2024 10:04:17;15.3;
04.12.2024 10:04:18;15.31;
04.12.2024 10:04:19;15.3;
04.12.2024 10:04:20;15.31;
04.12.2024 10:04:29;15.31;
04.12.2024 10:04:30;15.32;
04.12.2024 10:04:31;15.31;
04.12.2024 10:04:32;15.31;
04.12.2024 10:04:33;15.32;
04.12.2024 10:04:34;15.31;
04.12.2024 10:04:43;15.31;
04.12.2024 10:04:44;15.3;
04.12.2024 10:04:45;15.31;
04.12.2024 10:04:46;15.31;
04.12.2024 10:04:47;15.3;
04.12.2024 10:04:48;15.31;
04.12.2024 10:04:54;15.31;
04.12.2024 10:04:55;15.3;
04.12.2024 10:04:57;15.3;
04.12.2024 10:04:58;15.31;
04.12.2024 10:04:59;15.31;
04.12.2024 10:05:00;15.32;
04.12.2024 10:05:01;15.3;
04.12.2024 10:05:02;15.3;
04.12.2024 10:05:03;15.31;
04.12.2024 10:05:07;15.31;
04.12.2024 10:05:08;15.3;
04.12.2024 10:05:09;15.31;
04.12.2024 10:05:13;15.31;
04.12.2024 10:05:14;15.3;
04.12.2024 10:05:15;15.3;
04.12.2024 10:05:16;15.29;
04.12.2024 10:05:17;15.3;
04.12.2024 10:05:19;15.3;
04.12.2024 10:05:20;15.31;
04.12.2024 10:05:21;15.3;
04.12.2024 10:05:22;15.3;
04.12.2024 10:05:23;15.31;
04.12.2024 10:05:24;15.31;
04.12.2024 10:05:25;15.3;
04.12.2024 10:05:26;15.31;
04.12.2024 10:05:27;15.31;
04.12.2024 10:05:28;15.3;
04.12.2024 10:05:29;15.3;
04.12.2024 10:05:30;15.31;
04.12.2024 10:05:31;15.3;
04.12.2024 10:05:32;15.3;
04.12.2024 10:05:33;15.29;
04.12.2024 10:05:34;15.3;
04.12.2024 10:05:35;15.3;
04.12.2024 10:05:36;15.31;
04.12.2024 10:05:37;15.31;
04.12.2024 10:05:38;15.3;
04.12.2024 10:05:45;15.3;
04.12.2024 10:05:46;15.29;
04.12.2024 10:05:47;15.3;
04.12.2024 10:05:48;15.29;
04.12.2024 10:05:49;15.29;
04.12.2024 10:05:50;15.3;
04.12.2024 10:05:51;15.3;
04.12.2024 10:05:52;15.31;
04.12.2024 10:05:53;15.3;
04.12.2024 10:05:56;15.3;
04.12.2024 10:05:57;15.29;
04.12.2024 10:05:58;15.3;
04.12.2024 10:05:59;15.29;
04.12.2024 10:06:04;15.29;
04.12.2024 10:06:05;15.3;
04.12.2024 10:06:06;15.29;
04.12.2024 10:06:07;15.3;
04.12.2024 10:06:14;15.3;
04.12.2024 10:06:15;15.29;
04.12.2024 10:06:16;15.29;
04.12.2024 10:06:17;15.3;
04.12.2024 10:06:18;15.29;
04.12.2024 10:06:19;15.3;
04.12.2024 10:06:20;15.31;
04.12.2024 10:06:21;15.3;
04.12.2024 10:06:24;15.3;
04.12.2024 10:06:25;15.29;
04.12.2024 10:06:26;15.3;
04.12.2024 10:06:28;15.3;
04.12.2024 10:06:29;15.29;
04.12.2024 10:06:30;15.29;
04.12.2024 10:06:31;15.3;
04.12.2024 10:06:33;15.3;
04.12.2024 10:06:34;15.29;
04.12.2024 10:06:35;15.29;
04.12.2024 10:06:36;15.28;
04.12.2024 10:06:37;15.3;
04.12.2024 10:06:38;15.29;
04.12.2024 10:06:46;15.29;
04.12.2024 10:06:47;15.28;
04.12.2024 10:06:48;15.29;
04.12.2024 10:06:50;15.29;
04.12.2024 10:06:51;15.3;
04.12.2024 10:06:52;15.28;
04.12.2024 10:06:53;15.3;
04.12.2024 10:06:54;15.3;
04.12.2024 10:06:55;15.29;
04.12.2024 10:06:57;15.29;
04.12.2024 10:06:58;15.28;
04.12.2024 10:06:59;15.29;
04.12.2024 10:07:00;15.28;
04.12.2024 10:07:01;15.29;
04.12.2024 10:07:02;15.29;
04.12.2024 10:07:03;15.28;
04.12.2024 10:07:05;15.28;
04.12.2024 10:07:06;15.29;
04.12.2024 10:07:07;15.28;
04.12.2024 10:07:14;15.28;
04.12.2024 10:07:15;15.27;
04.12.2024 10:07:16;15.28;
04.12.2024 10:07:20;15.28;
04.12.2024 10:07:21;15.29;
04.12.2024 10:07:24;15.29;
04.12.2024 10:07:25;15.28;
04.12.2024 10:07:26;15.29;
04.12.2024 10:07:27;15.28;
04.12.2024 10:07:28;15.28;
04.12.2024 10:07:29;15.29;
04.12.2024 10:07:30;15.28;
04.12.2024 10:07:31;15.28;
04.12.2024 10:07:32;15.29;
04.12.2024 10:07:33;15.28;
04.12.2024 10:07:38;15.28;
04.12.2024 10:07:39;15.29;
04.12.2024 10:07:40;15.28;
04.12.2024 10:07:41;15.29;
04.12.2024 10:07:42;15.28;
04.12.2024 10:07:46;15.28;
04.12.2024 10:07:47;15.27;
04.12.2024 10:07:48;15.28;
04.12.2024 10:07:49;15.27;
04.12.2024 10:07:50;15.27;
04.12.2024 10:07:51;15.28;
04.12.2024 10:07:52;15.27;
04.12.2024 10:07:53;15.28;
04.12.2024 10:07:58;15.28;
04.12.2024 10:07:59;15.27;
04.12.2024 10:08:00;15.29;
04.12.2024 10:08:01;15.28;
04.12.2024 10:08:03;15.28;
04.12.2024 10:08:04;15.29;
04.12.2024 10:08:05;15.28;
04.12.2024 10:08:06;15.28;
04.12.2024 10:08:07;15.29;
04.12.2024 10:08:08;15.28;
04.12.2024 10:08:14;15.28;
04.12.2024 10:08:15;15.29;
04.12.2024 10:08:16;15.28;
04.12.2024 10:08:17;15.28;
04.12.2024 10:08:18;15.27;
04.12.2024 10:08:19;15.27;
04.12.2024 10:08:20;15.28;
04.12.2024 10:08:21;15.27;
04.12.2024 10:08:22;15.28;
04.12.2024 10:08:23;15.27;
04.12.2024 10:08:24;15.28;
04.12.2024 10:08:25;15.27;
04.12.2024 10:08:26;15.28;
04.12.2024 10:08:27;15.27;
04.12.2024 10:08:28;15.27;
04.12.2024 10:08:29;15.28;
04.12.2024 10:08:31;15.28;
04.12.2024 10:08:32;15.27;
04.12.2024 10:08:33;15.28;
04.12.2024 10:08:34;15.28;
04.12.2024 10:08:35;15.29;
04.12.2024 10:08:36;15.28;
04.12.2024 10:08:41;15.28;
04.12.2024 10:08:42;15.27;
04.12.2024 10:08:45;15.27;
04.12.2024 10:08:46;15.28;
04.12.2024 10:08:47;15.27;
04.12.2024 10:08:48;15.26;
04.12.2024 10:08:49;15.26;
04.12.2024 10:08:50;15.27;
04.12.2024 10:08:51;15.28;
04.12.2024 10:08:52;15.27;
04.12.2024 10:08:54;15.27;
04.12.2024 10:08:55;15.28;
04.12.2024 10:08:56;15.27;
04.12.2024 10:08:57;15.26;
04.12.2024 10:08:58;15.27;
04.12.2024 10:09:00;15.27;
04.12.2024 10:09:01;15.26;
04.12.2024 10:09:02;15.27;
04.12.2024 10:09:04;15.27;
04.12.2024 10:09:05;15.28;
04.12.2024 10:09:06;15.27;
04.12.2024 10:09:15;15.27;
04.12.2024 10:09:16;15.26;
04.12.2024 10:09:17;15.27;
04.12.2024 10:09:18;15.27;
04.12.2024 10:09:19;15.26;
04.12.2024 10:09:20;15.27;
04.12.2024 10:09:23;15.27;
04.12.2024 10:09:24;15.26;
04.12.2024 10:09:25;15.27;
04.12.2024 10:09:26;15.27;
04.12.2024 10:09:27;15.26;
04.12.2024 10:09:28;15.27;
04.12.2024 10:09:30;15.27;
04.12.2024 10:09:31;15.26;
04.12.2024 10:09:32;15.27;
04.12.2024 10:09:33;15.27;
04.12.2024 10:09:34;15.26;
04.12.2024 10:09:35;15.27;
04.12.2024 10:09:36;15.26;
04.12.2024 10:09:37;15.27;
04.12.2024 10:09:38;15.26;
04.12.2024 10:09:39;15.26;
04.12.2024 10:09:40;15.27;
04.12.2024 10:09:41;15.27;
04.12.2024 10:09:42;15.26;
04.12.2024 10:09:43;15.26;
04.12.2024 10:09:44;15.27;
04.12.2024 10:09:45;15.27;
04.12.2024 10:09:46;15.26;
04.12.2024 10:09:47;15.27;
04.12.2024 10:09:48;15.26;
04.12.2024 10:09:51;15.26;
04.12.2024 10:09:52;15.27;
04.12.2024 10:09:53;15.26;
04.12.2024 10:09:54;15.26;
04.12.2024 10:09:55;15.25;
04.12.2024 10:09:56;15.27;
04.12.2024 10:09:57;15.26;
04.12.2024 10:09:58;15.26;
04.12.2024 10:09:59;15.27;
04.12.2024 10:10:00;15.26;
04.12.2024 10:10:01;15.26;
04.12.2024 10:10:02;15.27;
04.12.2024 10:10:03;15.26;
04.12.2024 10:10:10;15.26;
04.12.2024 10:10:11;15.25;
04.12.2024 10:10:12;15.26;
04.12.2024 10:10:13;15.27;
04.12.2024 10:10:14;15.26;
04.12.2024 10:10:18;15.26;
04.12.2024 10:10:19;15.25;
04.12.2024 10:10:20;15.26;
04.12.2024 10:10:22;15.26;
04.12.2024 10:10:23;15.25;
04.12.2024 10:10:24;15.25;
04.12.2024 10:10:25;15.26;
04.12.2024 10:10:28;15.26;
04.12.2024 10:10:29;15.25;
04.12.2024 10:10:30;15.25;
04.12.2024 10:10:31;15.26;
04.12.2024 10:10:32;15.25;
04.12.2024 10:10:33;15.25;
04.12.2024 10:10:34;15.27;
04.12.2024 10:10:35;15.26;
04.12.2024 10:10:36;15.25;
04.12.2024 10:10:37;15.26;
04.12.2024 10:10:38;15.26;
04.12.2024 10:10:39;15.25;
04.12.2024 10:10:40;15.25;
04.12.2024 10:10:41;15.26;
04.12.2024 10:10:42;15.25;
04.12.2024 10:10:46;15.25;
04.12.2024 10:10:47;15.26;
04.12.2024 10:10:51;15.26;
04.12.2024 10:10:52;15.25;
04.12.2024 10:10:53;15.25;
04.12.2024 10:10:54;15.26;
04.12.2024 10:10:57;15.26;
04.12.2024 10:10:58;15.25;
04.12.2024 10:10:59;15.26;
04.12.2024 10:11:00;15.25;
04.12.2024 10:11:01;15.26;
04.12.2024 10:11:02;15.25;
04.12.2024 10:11:03;15.26;
04.12.2024 10:11:04;15.26;
04.12.2024 10:11:05;15.25;
04.12.2024 10:11:06;15.25;
04.12.2024 10:11:07;15.26;
04.12.2024 10:11:08;15.25;
04.12.2024 10:11:11;15.25;
04.12.2024 10:11:12;15.26;
04.12.2024 10:11:13;15.26;
04.12.2024 10:11:14;15.25;
04.12.2024 10:11:29;15.25;
04.12.2024 10:11:30;15.24;
04.12.2024 10:11:31;15.25;
04.12.2024 10:11:32;15.24;
04.12.2024 10:11:33;15.25;
04.12.2024 10:11:35;15.25;
04.12.2024 10:11:36;15.24;
04.12.2024 10:11:37;15.25;
04.12.2024 10:11:38;15.24;
04.12.2024 10:11:39;15.27;
04.12.2024 10:11:40;15.25;
04.12.2024 10:11:41;15.25;
04.12.2024 10:11:42;15.24;
04.12.2024 10:11:43;15.25;
04.12.2024 10:11:49;15.25;
04.12.2024 10:11:50;15.24;
04.12.2024 10:11:51;15.24;
04.12.2024 10:11:52;15.25;
04.12.2024 10:11:53;15.24;
04.12.2024 10:11:54;15.24;
04.12.2024 10:11:55;15.25;
04.12.2024 10:11:56;15.24;
04.12.2024 10:11:57;15.24;
04.12.2024 10:11:58;15.25;
04.12.2024 10:11:59;15.24;
04.12.2024 10:12:01;15.24;
04.12.2024 10:12:02;15.23;
04.12.2024 10:12:03;15.25;
04.12.2024 10:12:04;15.24;
04.12.2024 10:12:05;15.25;
04.12.2024 10:12:07;15.25;
04.12.2024 10:12:08;15.24;
04.12.2024 10:12:09;15.25;
04.12.2024 10:12:10;15.24;
04.12.2024 10:12:11;15.24;
04.12.2024 10:12:12;15.25;
04.12.2024 10:12:13;15.25;
04.12.2024 10:12:14;15.24;
04.12.2024 10:12:15;15.24;
04.12.2024 10:12:16;15.25;
04.12.2024 10:12:17;15.26;
04.12.2024 10:12:18;15.25;
04.12.2024 10:12:19;15.24;
04.12.2024 10:12:26;15.24;
04.12.2024 10:12:27;15.23;
04.12.2024 10:12:28;15.25;
04.12.2024 10:12:29;15.24;
04.12.2024 10:12:30;15.24;
04.12.2024 10:12:31;15.25;
04.12.2024 10:12:32;15.24;
04.12.2024 10:12:33;15.23;
04.12.2024 10:12:34;15.23;
04.12.2024 10:12:35;15.24;
04.12.2024 10:12:39;15.24;
04.12.2024 10:12:40;15.23;
04.12.2024 10:12:41;15.24;
04.12.2024 10:12:51;15.24;
04.12.2024 10:12:52;15.23;
04.12.2024 10:12:54;15.23;
04.12.2024 10:12:55;15.24;
04.12.2024 10:12:56;15.25;
04.12.2024 10:12:57;15.24;
04.12.2024 10:12:58;15.23;
04.12.2024 10:13:00;15.23;
04.12.2024 10:13:01;15.24;
04.12.2024 10:13:02;15.22;
04.12.2024 10:13:03;15.23;
04.12.2024 10:13:04;15.23;
04.12.2024 10:13:05;15.24;
04.12.2024 10:13:06;15.23;
04.12.2024 10:13:08;15.23;
04.12.2024 10:13:09;15.24;
04.12.2024 10:13:10;15.23;
04.12.2024 10:13:11;15.24;
04.12.2024 10:13:13;15.24;
04.12.2024 10:13:14;15.23;
04.12.2024 10:13:15;15.24;
04.12.2024 10:13:16;15.23;
04.12.2024 10:13:17;15.24;
04.12.2024 10:13:18;15.23;
04.12.2024 10:13:21;15.23;
04.12.2024 10:13:22;15.24;
04.12.2024 10:13:23;15.22;
04.12.2024 10:13:24;15.23;
04.12.2024 10:13:29;15.23;
04.12.2024 10:13:30;15.22;
04.12.2024 10:13:31;15.23;
04.12.2024 10:13:32;15.22;
04.12.2024 10:13:33;15.23;
04.12.2024 10:13:35;15.23;
04.12.2024 10:13:36;15.22;
04.12.2024 10:13:37;15.23;
04.12.2024 10:13:41;15.23;
04.12.2024 10:13:42;15.22;
04.12.2024 10:13:43;15.23;
04.12.2024 10:13:48;15.23;
04.12.2024 10:13:49;15.22;
04.12.2024 10:13:50;15.24;
04.12.2024 10:13:51;15.23;
04.12.2024 10:13:57;15.23;
04.12.2024 10:13:58;15.22;
04.12.2024 10:13:59;15.23;
04.12.2024 10:14:03;15.23;
04.12.2024 10:14:04;15.22;
04.12.2024 10:14:05;15.23;
04.12.2024 10:14:06;15.22;
04.12.2024 10:14:07;15.22;
04.12.2024 10:14:08;15.23;
04.12.2024 10:14:09;15.23;
04.12.2024 10:14:10;15.22;
04.12.2024 10:14:11;15.21;
04.12.2024 10:14:12;15.22;
04.12.2024 10:14:16;15.22;
04.12.2024 10:14:17;15.23;
04.12.2024 10:14:18;15.22;
04.12.2024 10:14:19;15.22;
04.12.2024 10:14:20;15.23;
04.12.2024 10:14:21;15.22;
04.12.2024 10:14:24;15.22;
04.12.2024 10:14:25;15.23;
04.12.2024 10:14:26;15.22;
04.12.2024 10:14:27;15.23;
04.12.2024 10:14:28;15.22;
04.12.2024 10:14:29;15.22;
04.12.2024 10:14:30;15.23;
04.12.2024 10:14:31;15.22;
04.12.2024 10:14:36;15.22;
04.12.2024 10:14:37;15.21;
04.12.2024 10:14:38;15.22;
04.12.2024 10:14:39;15.21;
04.12.2024 10:14:40;15.22;
04.12.2024 10:14:41;15.23;
04.12.2024 10:14:42;15.22;
04.12.2024 10:14:43;15.22;
04.12.2024 10:14:44;15.21;
04.12.2024 10:14:45;15.22;
04.12.2024 10:14:46;15.21;
04.12.2024 10:14:47;15.22;
04.12.2024 10:14:48;15.23;
04.12.2024 10:14:49;15.21;
04.12.2024 10:14:50;15.22;
04.12.2024 10:15:00;15.22;
04.12.2024 10:15:01;15.21;
04.12.2024 10:15:02;15.22;
04.12.2024 10:15:03;15.22;
04.12.2024 10:15:04;15.21;
04.12.2024 10:15:05;15.22;
04.12.2024 10:15:06;15.21;
04.12.2024 10:15:08;15.21;
04.12.2024 10:15:09;15.22;
04.12.2024 10:15:10;15.21;
04.12.2024 10:15:11;15.22;
04.12.2024 10:15:12;15.22;
04.12.2024 10:15:13;15.21;
04.12.2024 10:15:14;15.22;
04.12.2024 10:15:15;15.22;
04.12.2024 10:15:16;15.21;
04.12.2024 10:15:17;15.22;
04.12.2024 10:15:18;15.22;
04.12.2024 10:15:19;15.21;
04.12.2024 10:15:20;15.22;
04.12.2024 10:15:21;15.21;
04.12.2024 10:15:26;15.21;
04.12.2024 10:15:27;15.22;
04.12.2024 10:15:28;15.22;
04.12.2024 10:15:29;15.23;
04.12.2024 10:15:30;15.21;
04.12.2024 10:15:31;15.22;
04.12.2024 10:15:32;15.22;
04.12.2024 10:15:33;15.21;
04.12.2024 10:15:34;15.21;
04.12.2024 10:15:35;15.22;
04.12.2024 10:15:36;15.21;
04.12.2024 10:15:40;15.21;
04.12.2024 10:15:41;15.2;
04.12.2024 10:15:42;15.2;
04.12.2024 10:15:43;15.21;
04.12.2024 10:15:44;15.22;
04.12.2024 10:15:45;15.21;
04.12.2024 10:15:48;15.21;
04.12.2024 10:15:49;15.22;
04.12.2024 10:15:50;15.21;
04.12.2024 10:15:51;15.21;
04.12.2024 10:15:52;15.2;
04.12.2024 10:15:53;15.21;
04.12.2024 10:15:58;15.21;
04.12.2024 10:15:59;15.2;
04.12.2024 10:16:00;15.21;
04.12.2024 10:16:01;15.22;
04.12.2024 10:16:02;15.22;
04.12.2024 10:16:03;15.21;
04.12.2024 10:16:04;15.2;
04.12.2024 10:16:05;15.2;
04.12.2024 10:16:06;15.21;
04.12.2024 10:16:07;15.21;
04.12.2024 10:16:08;15.2;
04.12.2024 10:16:10;15.2;
04.12.2024 10:16:11;15.21;
04.12.2024 10:16:12;15.2;
04.12.2024 10:16:13;15.21;
04.12.2024 10:16:14;15.22;
04.12.2024 10:16:15;15.2;
04.12.2024 10:16:17;15.2;
04.12.2024 10:16:18;15.21;
04.12.2024 10:16:19;15.21;
04.12.2024 10:16:20;15.2;
04.12.2024 10:16:23;15.2;
04.12.2024 10:16:24;15.21;
04.12.2024 10:16:25;15.2;
04.12.2024 10:16:29;15.2;
04.12.2024 10:16:30;15.21;
04.12.2024 10:16:31;15.21;
04.12.2024 10:16:32;15.2;
04.12.2024 10:16:33;15.2;
04.12.2024 10:16:34;15.21;
04.12.2024 10:16:35;15.2;
04.12.2024 10:16:36;15.2;
04.12.2024 10:16:37;15.21;
04.12.2024 10:16:38;15.2;
04.12.2024 10:16:39;15.2;
04.12.2024 10:16:40;15.21;
04.12.2024 10:16:41;15.21;
04.12.2024 10:16:42;15.2;
04.12.2024 10:16:46;15.2;
04.12.2024 10:16:47;15.21;
04.12.2024 10:16:48;15.2;
04.12.2024 10:16:51;15.2;
04.12.2024 10:16:52;15.19;
04.12.2024 10:16:53;15.19;
04.12.2024 10:16:54;15.2;
04.12.2024 10:17:04;15.2;
04.12.2024 10:17:05;15.19;
04.12.2024 10:17:06;15.2;
04.12.2024 10:17:08;15.2;
04.12.2024 10:17:09;15.19;
04.12.2024 10:17:10;15.2;
04.12.2024 10:17:11;15.19;
04.12.2024 10:17:12;15.2;
04.12.2024 10:17:16;15.2;
04.12.2024 10:17:17;15.19;
04.12.2024 10:17:18;15.2;
04.12.2024 10:17:19;15.2;
04.12.2024 10:17:20;15.19;
04.12.2024 10:17:21;15.2;
04.12.2024 10:17:22;15.21;
04.12.2024 10:17:23;15.19;
04.12.2024 10:17:24;15.2;
04.12.2024 10:17:26;15.2;
04.12.2024 10:17:27;15.19;
04.12.2024 10:17:28;15.2;
04.12.2024 10:17:29;15.19;
04.12.2024 10:17:30;15.2;
04.12.2024 10:17:31;15.2;
04.12.2024 10:17:32;15.19;
04.12.2024 10:17:37;15.19;
04.12.2024 10:17:38;15.18;
04.12.2024 10:17:39;15.19;
04.12.2024 10:17:41;15.19;
04.12.2024 10:17:42;15.18;
04.12.2024 10:17:43;15.2;
04.12.2024 10:17:44;15.18;
04.12.2024 10:17:45;15.18;
04.12.2024 10:17:46;15.19;
04.12.2024 10:17:50;15.19;
04.12.2024 10:17:51;15.2;
04.12.2024 10:17:52;15.19;
04.12.2024 10:17:58;15.19;
04.12.2024 10:17:59;15.18;
04.12.2024 10:18:00;15.18;
04.12.2024 10:18:01;15.19;
04.12.2024 10:18:02;15.18;
04.12.2024 10:18:03;15.18;
04.12.2024 10:18:04;15.19;
04.12.2024 10:18:07;15.19;
04.12.2024 10:18:08;15.18;
04.12.2024 10:18:09;15.19;
04.12.2024 10:18:10;15.19;
04.12.2024 10:18:11;15.18;
04.12.2024 10:18:12;15.19;
04.12.2024 10:18:19;15.19;
04.12.2024 10:18:20;15.2;
04.12.2024 10:18:21;15.19;
04.12.2024 10:18:25;15.19;
04.12.2024 10:18:26;15.18;
04.12.2024 10:18:27;15.19;
04.12.2024 10:18:28;15.18;
04.12.2024 10:18:29;15.18;
04.12.2024 10:18:30;15.19;
04.12.2024 10:18:31;15.18;
04.12.2024 10:18:34;15.18;
04.12.2024 10:18:35;15.19;
04.12.2024 10:18:36;15.18;
04.12.2024 10:18:41;15.18;
04.12.2024 10:18:42;15.17;
04.12.2024 10:18:43;15.19;
04.12.2024 10:18:44;15.18;
04.12.2024 10:18:45;15.17;
04.12.2024 10:18:46;15.17;
04.12.2024 10:18:47;15.18;
04.12.2024 10:18:48;15.17;
04.12.2024 10:18:49;15.18;
04.12.2024 10:18:51;15.18;
04.12.2024 10:18:52;15.17;
04.12.2024 10:18:53;15.18;
04.12.2024 10:18:54;15.19;
04.12.2024 10:18:55;15.18;
04.12.2024 10:19:04;15.18;
04.12.2024 10:19:05;15.17;
04.12.2024 10:19:08;15.17;
04.12.2024 10:19:09;15.18;
04.12.2024 10:19:10;15.17;
04.12.2024 10:19:11;15.18;
04.12.2024 10:19:12;15.17;
04.12.2024 10:19:17;15.17;
04.12.2024 10:19:18;15.18;
04.12.2024 10:19:19;15.17;
04.12.2024 10:19:20;15.18;
04.12.2024 10:19:21;15.17;
04.12.2024 10:19:22;15.18;
04.12.2024 10:19:23;15.16;
04.12.2024 10:19:24;15.17;
04.12.2024 10:19:25;15.17;
04.12.2024 10:19:26;15.18;
04.12.2024 10:19:27;15.18;
04.12.2024 10:19:28;15.17;
04.12.2024 10:19:29;15.18;
04.12.2024 10:19:30;15.17;
04.12.2024 10:19:31;15.18;
04.12.2024 10:19:32;15.17;
04.12.2024 10:19:34;15.17;
04.12.2024 10:19:35;15.16;
04.12.2024 10:19:36;15.17;
04.12.2024 10:19:39;15.17;
04.12.2024 10:19:40;15.18;
04.12.2024 10:19:41;15.18;
04.12.2024 10:19:42;15.17;
04.12.2024 10:19:43;15.17;
04.12.2024 10:19:44;15.18;
04.12.2024 10:19:45;15.17;
04.12.2024 10:19:46;15.17;
04.12.2024 10:19:47;15.16;
04.12.2024 10:19:48;15.17;
04.12.2024 10:19:55;15.17;
04.12.2024 10:19:56;15.18;
04.12.2024 10:19:57;15.17;
04.12.2024 10:19:58;15.17;
04.12.2024 10:19:59;15.18;
04.12.2024 10:20:00;15.17;
04.12.2024 10:20:01;15.18;
04.12.2024 10:20:02;15.17;
04.12.2024 10:20:11;15.17;
04.12.2024 10:20:12;15.16;
04.12.2024 10:20:13;15.16;
04.12.2024 10:20:14;15.17;
04.12.2024 10:20:15;15.16;
04.12.2024 10:20:18;15.16;
04.12.2024 10:20:19;15.17;
04.12.2024 10:20:20;15.17;
04.12.2024 10:20:21;15.16;
04.12.2024 10:20:23;15.16;
04.12.2024 10:20:24;15.17;
04.12.2024 10:20:25;15.17;
04.12.2024 10:20:26;15.16;
04.12.2024 10:20:27;15.16;
04.12.2024 10:20:28;15.17;
04.12.2024 10:20:29;15.16;
04.12.2024 10:20:30;15.17;
04.12.2024 10:20:31;15.16;
04.12.2024 10:20:32;15.16;
04.12.2024 10:20:33;15.17;
04.12.2024 10:20:34;15.16;
04.12.2024 10:20:35;15.16;
04.12.2024 10:20:36;15.17;
04.12.2024 10:20:37;15.16;
04.12.2024 10:20:38;15.16;
04.12.2024 10:20:39;15.17;
04.12.2024 10:20:41;15.17;
04.12.2024 10:20:42;15.16;
04.12.2024 10:20:43;15.17;
04.12.2024 10:20:44;15.16;
04.12.2024 10:20:45;15.17;
04.12.2024 10:20:46;15.16;
04.12.2024 10:20:47;15.17;
04.12.2024 10:20:48;15.16;
04.12.2024 10:20:49;15.16;
04.12.2024 10:20:50;15.17;
04.12.2024 10:20:51;15.16;
04.12.2024 10:20:52;15.17;
04.12.2024 10:20:55;15.17;
04.12.2024 10:20:56;15.15;
04.12.2024 10:20:57;15.16;
04.12.2024 10:21:03;15.16;
04.12.2024 10:21:04;15.17;
04.12.2024 10:21:06;15.17;
04.12.2024 10:21:07;15.16;
04.12.2024 10:21:08;15.17;
04.12.2024 10:21:09;15.16;
04.12.2024 10:21:10;15.17;
04.12.2024 10:21:11;15.16;
04.12.2024 10:21:13;15.16;
04.12.2024 10:21:14;15.17;
04.12.2024 10:21:15;15.16;
04.12.2024 10:21:22;15.16;
04.12.2024 10:21:23;15.15;
04.12.2024 10:21:24;15.15;
04.12.2024 10:21:25;15.16;
04.12.2024 10:21:26;15.15;
04.12.2024 10:21:27;15.16;
04.12.2024 10:21:30;15.16;
04.12.2024 10:21:31;15.15;
04.12.2024 10:21:32;15.16;
04.12.2024 10:21:33;15.16;
04.12.2024 10:21:34;15.15;
04.12.2024 10:21:36;15.15;
04.12.2024 10:21:37;15.16;
04.12.2024 10:21:38;15.15;
04.12.2024 10:21:39;15.15;
04.12.2024 10:21:40;15.16;
04.12.2024 10:21:45;15.16;
04.12.2024 10:21:46;15.15;
04.12.2024 10:21:47;15.16;
04.12.2024 10:21:48;15.15;
04.12.2024 10:21:51;15.15;
04.12.2024 10:21:52;15.16;
04.12.2024 10:21:53;15.15;
04.12.2024 10:21:54;15.16;
04.12.2024 10:21:55;15.15;
04.12.2024 10:21:56;15.15;
04.12.2024 10:21:57;15.14;
04.12.2024 10:21:58;15.15;
04.12.2024 10:22:00;15.15;
04.12.2024 10:22:01;15.14;
04.12.2024 10:22:02;15.15;
04.12.2024 10:22:07;15.15;
04.12.2024 10:22:08;15.14;
04.12.2024 10:22:09;15.15;
04.12.2024 10:22:10;15.14;
04.12.2024 10:22:11;15.14;
04.12.2024 10:22:12;15.15;
04.12.2024 10:22:13;15.15;
04.12.2024 10:22:14;15.14;
04.12.2024 10:22:15;15.15;
04.12.2024 10:22:17;15.15;
04.12.2024 10:22:18;15.14;
04.12.2024 10:22:19;15.15;
04.12.2024 10:22:22;15.15;
04.12.2024 10:22:23;15.14;
04.12.2024 10:22:24;15.15;
04.12.2024 10:22:29;15.15;
04.12.2024 10:22:30;15.14;
04.12.2024 10:22:31;15.14;
04.12.2024 10:22:32;15.15;
04.12.2024 10:22:33;15.15;
04.12.2024 10:22:34;15.14;
04.12.2024 10:22:35;15.15;
04.12.2024 10:22:36;15.14;
04.12.2024 10:22:37;15.14;
04.12.2024 10:22:38;15.15;
04.12.2024 10:22:45;15.15;
04.12.2024 10:22:46;15.16;
04.12.2024 10:22:47;15.14;
04.12.2024 10:22:50;15.14;
04.12.2024 10:22:51;15.15;
04.12.2024 10:22:52;15.15;
04.12.2024 10:22:53;15.14;
04.12.2024 10:22:54;15.14;
04.12.2024 10:22:55;15.15;
04.12.2024 10:22:56;15.14;
04.12.2024 10:22:58;15.14;
04.12.2024 10:22:59;15.15;
04.12.2024 10:23:00;15.15;
04.12.2024 10:23:01;15.14;
04.12.2024 10:23:03;15.14;
04.12.2024 10:23:04;15.15;
04.12.2024 10:23:05;15.14;
04.12.2024 10:23:06;15.14;
04.12.2024 10:23:07;15.15;
04.12.2024 10:23:08;15.14;
04.12.2024 10:23:16;15.14;
04.12.2024 10:23:17;15.13;
04.12.2024 10:23:18;15.13;
04.12.2024 10:23:19;15.14;
04.12.2024 10:23:20;15.13;
04.12.2024 10:23:21;15.14;
04.12.2024 10:23:22;15.13;
04.12.2024 10:23:23;15.14;
04.12.2024 10:23:24;15.13;
04.12.2024 10:23:25;15.14;
04.12.2024 10:23:26;15.13;
04.12.2024 10:23:27;15.14;
04.12.2024 10:23:30;15.14;
04.12.2024 10:23:31;15.13;
04.12.2024 10:23:32;15.14;
04.12.2024 10:23:34;15.14;
04.12.2024 10:23:35;15.13;
04.12.2024 10:23:36;15.15;
04.12.2024 10:23:37;15.15;
04.12.2024 10:23:38;15.13;
04.12.2024 10:23:39;15.13;
04.12.2024 10:23:40;15.14;
04.12.2024 10:23:41;15.14;
04.12.2024 10:23:42;15.13;
04.12.2024 10:23:43;15.13;
04.12.2024 10:23:44;15.14;
04.12.2024 10:23:45;15.14;
04.12.2024 10:23:46;15.13;
04.12.2024 10:23:47;15.14;
04.12.2024 10:23:48;15.13;
04.12.2024 10:23:50;15.13;
04.12.2024 10:23:51;15.15;
04.12.2024 10:23:52;15.13;
04.12.2024 10:23:53;15.13;
04.12.2024 10:23:54;15.12;
04.12.2024 10:23:55;15.13;
04.12.2024 10:23:56;15.13;
04.12.2024 10:23:57;15.14;
04.12.2024 10:23:58;15.13;
04.12.2024 10:24:02;15.13;
04.12.2024 10:24:03;15.14;
04.12.2024 10:24:04;15.13;
04.12.2024 10:24:06;15.13;
04.12.2024 10:24:07;15.14;
04.12.2024 10:24:08;15.13;
04.12.2024 10:24:09;15.14;
04.12.2024 10:24:10;15.13;
04.12.2024 10:24:13;15.13;
04.12.2024 10:24:14;15.12;
04.12.2024 10:24:15;15.13;
04.12.2024 10:24:19;15.13;
04.12.2024 10:24:20;15.14;
04.12.2024 10:24:21;15.13;
04.12.2024 10:24:25;15.13;
04.12.2024 10:24:26;15.12;
04.12.2024 10:24:27;15.13;
04.12.2024 10:24:30;15.13;
04.12.2024 10:24:31;15.12;
04.12.2024 10:24:33;15.12;
04.12.2024 10:24:34;15.13;
04.12.2024 10:24:37;15.13;
04.12.2024 10:24:38;15.12;
04.12.2024 10:24:39;15.13;
04.12.2024 10:24:40;15.13;
04.12.2024 10:24:41;15.12;
04.12.2024 10:24:42;15.13;
04.12.2024 10:24:45;15.13;
04.12.2024 10:24:46;15.12;
04.12.2024 10:24:47;15.13;
04.12.2024 10:24:48;15.13;
04.12.2024 10:24:49;15.12;
04.12.2024 10:24:50;15.13;
04.12.2024 10:24:51;15.12;
04.12.2024 10:24:52;15.12;
04.12.2024 10:24:53;15.13;
04.12.2024 10:24:56;15.13;
04.12.2024 10:24:57;15.12;
04.12.2024 10:25:00;15.12;
04.12.2024 10:25:01;15.13;
04.12.2024 10:25:02;15.13;
04.12.2024 10:25:03;15.12;
04.12.2024 10:25:04;15.12;
04.12.2024 10:25:05;15.13;
04.12.2024 10:25:06;15.12;
04.12.2024 10:25:08;15.12;
04.12.2024 10:25:09;15.13;
04.12.2024 10:25:10;15.13;
04.12.2024 10:25:11;15.12;
04.12.2024 10:25:12;15.13;
04.12.2024 10:25:13;15.12;
04.12.2024 10:25:15;15.12;
04.12.2024 10:25:16;15.11;
04.12.2024 10:25:17;15.12;
04.12.2024 10:25:18;15.12;
04.12.2024 10:25:19;15.11;
04.12.2024 10:25:20;15.12;
04.12.2024 10:25:26;15.12;
04.12.2024 10:25:27;15.13;
04.12.2024 10:25:28;15.11;
04.12.2024 10:25:29;15.12;
04.12.2024 10:25:31;15.12;
04.12.2024 10:25:32;15.11;
04.12.2024 10:25:33;15.12;
04.12.2024 10:25:35;15.12;
04.12.2024 10:25:36;15.11;
04.12.2024 10:25:37;15.12;
04.12.2024 10:25:38;15.11;
04.12.2024 10:25:39;15.11;
04.12.2024 10:25:40;15.12;
04.12.2024 10:25:42;15.12;
04.12.2024 10:25:43;15.11;
04.12.2024 10:25:44;15.12;
04.12.2024 10:25:45;15.12;
04.12.2024 10:25:46;15.11;
04.12.2024 10:25:47;15.12;
04.12.2024 10:25:48;15.12;
04.12.2024 10:25:49;15.11;
04.12.2024 10:25:50;15.12;
04.12.2024 10:25:51;15.11;
04.12.2024 10:25:54;15.11;
04.12.2024 10:25:55;15.12;
04.12.2024 10:25:56;15.11;
04.12.2024 10:25:57;15.11;
04.12.2024 10:25:58;15.12;
04.12.2024 10:25:59;15.11;
04.12.2024 10:26:00;15.1;
04.12.2024 10:26:01;15.11;
04.12.2024 10:26:03;15.11;
04.12.2024 10:26:04;15.1;
04.12.2024 10:26:05;15.1;
04.12.2024 10:26:06;15.11;
04.12.2024 10:26:14;15.11;
04.12.2024 10:26:15;15.12;
04.12.2024 10:26:16;15.11;
04.12.2024 10:26:17;15.1;
04.12.2024 10:26:18;15.11;
04.12.2024 10:26:23;15.11;
04.12.2024 10:26:24;15.12;
04.12.2024 10:26:25;15.1;
04.12.2024 10:26:26;15.1;
04.12.2024 10:26:27;15.11;
04.12.2024 10:26:28;15.11;
04.12.2024 10:26:29;15.1;
04.12.2024 10:26:30;15.11;
04.12.2024 10:26:31;15.11;
04.12.2024 10:26:32;15.12;
04.12.2024 10:26:33;15.11;
04.12.2024 10:26:34;15.12;
04.12.2024 10:26:35;15.11;
04.12.2024 10:26:36;15.11;
04.12.2024 10:26:37;15.1;
04.12.2024 10:26:38;15.11;
04.12.2024 10:26:45;15.11;
04.12.2024 10:26:46;15.1;
04.12.2024 10:26:48;15.1;
04.12.2024 10:26:49;15.11;
04.12.2024 10:26:50;15.11;
04.12.2024 10:26:51;15.1;
04.12.2024 10:26:52;15.12;
04.12.2024 10:26:53;15.11;
04.12.2024 10:26:54;15.11;
04.12.2024 10:26:55;15.1;
04.12.2024 10:26:56;15.11;
04.12.2024 10:26:59;15.11;
04.12.2024 10:27:00;15.1;
04.12.2024 10:27:01;15.11;
04.12.2024 10:27:02;15.1;
04.12.2024 10:27:03;15.1;
04.12.2024 10:27:04;15.11;
04.12.2024 10:27:05;15.1;
04.12.2024 10:27:06;15.1;
04.12.2024 10:27:07;15.11;
04.12.2024 10:27:08;15.1;
04.12.2024 10:27:10;15.1;
04.12.2024 10:27:11;15.11;
04.12.2024 10:27:12;15.1;
04.12.2024 10:27:18;15.1;
04.12.2024 10:27:19;15.11;
04.12.2024 10:27:20;15.1;
04.12.2024 10:27:22;15.1;
04.12.2024 10:27:23;15.09;
04.12.2024 10:27:24;15.1;
04.12.2024 10:27:25;15.11;
04.12.2024 10:27:26;15.1;
04.12.2024 10:27:29;15.1;
04.12.2024 10:27:30;15.11;
04.12.2024 10:27:31;15.11;
04.12.2024 10:27:32;15.1;
04.12.2024 10:27:36;15.1;
04.12.2024 10:27:37;15.11;
04.12.2024 10:27:38;15.1;
04.12.2024 10:27:40;15.1;
04.12.2024 10:27:41;15.11;
04.12.2024 10:27:42;15.1;
04.12.2024 10:27:43;15.1;
04.12.2024 10:27:44;15.11;
04.12.2024 10:27:45;15.1;
04.12.2024 10:27:46;15.11;
04.12.2024 10:27:47;15.1;
04.12.2024 10:27:48;15.1;
04.12.2024 10:27:49;15.11;
04.12.2024 10:27:50;15.11;
04.12.2024 10:27:51;15.1;
04.12.2024 10:27:52;15.11;
04.12.2024 10:27:53;15.11;
04.12.2024 10:27:54;15.1;
04.12.2024 10:27:59;15.1;
04.12.2024 10:28:00;15.09;
04.12.2024 10:28:01;15.1;
04.12.2024 10:28:07;15.1;
04.12.2024 10:28:08;15.09;
04.12.2024 10:28:09;15.1;
04.12.2024 10:28:17;15.1;
04.12.2024 10:28:18;15.09;
04.12.2024 10:28:19;15.09;
04.12.2024 10:28:20;15.1;
04.12.2024 10:28:21;15.1;
04.12.2024 10:28:22;15.09;
04.12.2024 10:28:23;15.09;
04.12.2024 10:28:24;15.1;
04.12.2024 10:28:25;15.09;
04.12.2024 10:28:28;15.09;
04.12.2024 10:28:29;15.1;
04.12.2024 10:28:30;15.09;
04.12.2024 10:28:31;15.08;
04.12.2024 10:28:32;15.09;
04.12.2024 10:28:35;15.09;
04.12.2024 10:28:36;15.1;
04.12.2024 10:28:37;15.09;
04.12.2024 10:28:39;15.09;
04.12.2024 10:28:40;15.1;
04.12.2024 10:28:41;15.09;
04.12.2024 10:28:42;15.1;
04.12.2024 10:28:43;15.09;
04.12.2024 10:28:49;15.09;
04.12.2024 10:28:50;15.1;
04.12.2024 10:28:51;15.09;
04.12.2024 10:28:54;15.09;
04.12.2024 10:28:55;15.1;
04.12.2024 10:28:56;15.09;
04.12.2024 10:28:57;15.1;
04.12.2024 10:28:58;15.09;
04.12.2024 10:28:59;15.09;
04.12.2024 10:29:00;15.08;
04.12.2024 10:29:01;15.09;
04.12.2024 10:29:09;15.09;
04.12.2024 10:29:10;15.1;
04.12.2024 10:29:11;15.09;
04.12.2024 10:29:13;15.09;
04.12.2024 10:29:14;15.1;
04.12.2024 10:29:15;15.08;
04.12.2024 10:29:17;15.08;
04.12.2024 10:29:18;15.09;
04.12.2024 10:29:19;15.09;
04.12.2024 10:29:20;15.08;
04.12.2024 10:29:21;15.08;
04.12.2024 10:29:22;15.09;
04.12.2024 10:29:23;15.09;
04.12.2024 10:29:24;15.08;
04.12.2024 10:29:27;15.08;
04.12.2024 10:29:28;15.09;
04.12.2024 10:29:29;15.08;
04.12.2024 10:29:30;15.09;
04.12.2024 10:29:31;15.07;
04.12.2024 10:29:32;15.08;
04.12.2024 10:29:35;15.08;
04.12.2024 10:29:36;15.07;
04.12.2024 10:29:37;15.08;
04.12.2024 10:29:39;15.08;
04.12.2024 10:29:40;15.09;
04.12.2024 10:29:41;15.08;
04.12.2024 10:29:45;15.08;
04.12.2024 10:29:46;15.09;
04.12.2024 10:29:47;15.08;
04.12.2024 10:29:50;15.08;
04.12.2024 10:29:51;15.09;
04.12.2024 10:29:52;15.08;
04.12.2024 10:30:03;15.08;
04.12.2024 10:30:04;15.07;
04.12.2024 10:30:05;15.09;
04.12.2024 10:30:06;15.08;
04.12.2024 10:30:09;15.08;
04.12.2024 10:30:10;15.07;
04.12.2024 10:30:11;15.07;
04.12.2024 10:30:12;15.09;
04.12.2024 10:30:13;15.08;
04.12.2024 10:30:14;15.09;
04.12.2024 10:30:15;15.07;
04.12.2024 10:30:16;15.08;
04.12.2024 10:30:20;15.08;
04.12.2024 10:30:21;15.07;
04.12.2024 10:30:22;15.08;
04.12.2024 10:30:25;15.08;
04.12.2024 10:30:26;15.07;
04.12.2024 10:30:27;15.08;
04.12.2024 10:30:28;15.07;
04.12.2024 10:30:29;15.08;
04.12.2024 10:30:34;15.08;
04.12.2024 10:30:35;15.07;
04.12.2024 10:30:36;15.08;
04.12.2024 10:30:37;15.08;
04.12.2024 10:30:38;15.07;
04.12.2024 10:30:42;15.07;
04.12.2024 10:30:43;15.08;
04.12.2024 10:30:45;15.08;
04.12.2024 10:30:46;15.07;
04.12.2024 10:30:47;15.08;
04.12.2024 10:30:48;15.08;
04.12.2024 10:30:49;15.07;
04.12.2024 10:30:50;15.08;
04.12.2024 10:30:52;15.08;
04.12.2024 10:30:53;15.07;
04.12.2024 10:30:54;15.08;
04.12.2024 10:30:56;15.08;
04.12.2024 10:30:57;15.07;
04.12.2024 10:30:58;15.08;
04.12.2024 10:30:59;15.08;
04.12.2024 10:31:00;15.07;
04.12.2024 10:31:01;15.08;
04.12.2024 10:31:02;15.08;
04.12.2024 10:31:03;15.07;
04.12.2024 10:31:06;15.07;
04.12.2024 10:31:07;15.08;
04.12.2024 10:31:08;15.06;
04.12.2024 10:31:09;15.07;
04.12.2024 10:31:11;15.07;
04.12.2024 10:31:12;15.06;
04.12.2024 10:31:13;15.07;
04.12.2024 10:31:14;15.07;
04.12.2024 10:31:15;15.06;
04.12.2024 10:31:16;15.07;
04.12.2024 10:31:17;15.07;
04.12.2024 10:31:18;15.08;
04.12.2024 10:31:19;15.06;
04.12.2024 10:31:20;15.06;
04.12.2024 10:31:21;15.07;
04.12.2024 10:31:25;15.07;
04.12.2024 10:31:26;15.06;
04.12.2024 10:31:27;15.07;
04.12.2024 10:31:31;15.07;
04.12.2024 10:31:32;15.06;
04.12.2024 10:31:34;15.06;
04.12.2024 10:31:35;15.07;
04.12.2024 10:31:36;15.06;
04.12.2024 10:31:37;15.06;
04.12.2024 10:31:38;15.07;
04.12.2024 10:31:39;15.06;
04.12.2024 10:31:40;15.07;
04.12.2024 10:31:41;15.06;
04.12.2024 10:31:44;15.06;
04.12.2024 10:31:45;15.07;
04.12.2024 10:31:46;15.06;
04.12.2024 10:31:47;15.06;
04.12.2024 10:31:48;15.07;
04.12.2024 10:31:49;15.06;
04.12.2024 10:31:56;15.06;
04.12.2024 10:31:57;15.07;
04.12.2024 10:31:58;15.06;
04.12.2024 10:32:00;15.06;
04.12.2024 10:32:01;15.07;
04.12.2024 10:32:02;15.06;
04.12.2024 10:32:08;15.06;
04.12.2024 10:32:09;15.07;
04.12.2024 10:32:10;15.06;
04.12.2024 10:32:11;15.06;
04.12.2024 10:32:12;15.07;
04.12.2024 10:32:13;15.06;
04.12.2024 10:32:14;15.07;
04.12.2024 10:32:15;15.06;
04.12.2024 10:32:18;15.06;
04.12.2024 10:32:19;15.07;
04.12.2024 10:32:20;15.06;
04.12.2024 10:32:21;15.07;
04.12.2024 10:32:22;15.06;
04.12.2024 10:32:23;15.06;
04.12.2024 10:32:24;15.05;
04.12.2024 10:32:25;15.06;
04.12.2024 10:32:26;15.05;
04.12.2024 10:32:27;15.05;
04.12.2024 10:32:28;15.06;
04.12.2024 10:32:36;15.06;
04.12.2024 10:32:37;15.07;
04.12.2024 10:32:38;15.06;
04.12.2024 10:32:41;15.06;
04.12.2024 10:32:42;15.05;
04.12.2024 10:32:43;15.06;
04.12.2024 10:32:44;15.05;
04.12.2024 10:32:45;15.05;
04.12.2024 10:32:46;15.06;
04.12.2024 10:32:48;15.06;
04.12.2024 10:32:49;15.07;
04.12.2024 10:32:50;15.06;
04.12.2024 10:32:55;15.06;
04.12.2024 10:32:56;15.05;
04.12.2024 10:32:58;15.05;
04.12.2024 10:32:59;15.06;
04.12.2024 10:33:01;15.06;
04.12.2024 10:33:02;15.05;
04.12.2024 10:33:04;15.05;
04.12.2024 10:33:05;15.06;
04.12.2024 10:33:06;15.05;
04.12.2024 10:33:08;15.05;
04.12.2024 10:33:09;15.06;
04.12.2024 10:33:10;15.05;
04.12.2024 10:33:16;15.05;
04.12.2024 10:33:17;15.06;
04.12.2024 10:33:18;15.05;
04.12.2024 10:33:19;15.05;
04.12.2024 10:33:20;15.06;
04.12.2024 10:33:21;15.05;
04.12.2024 10:33:23;15.05;
04.12.2024 10:33:24;15.04;
04.12.2024 10:33:25;15.04;
04.12.2024 10:33:26;15.05;
04.12.2024 10:33:28;15.05;
04.12.2024 10:33:29;15.06;
04.12.2024 10:33:30;15.05;
04.12.2024 10:33:32;15.05;
04.12.2024 10:33:33;15.04;
04.12.2024 10:33:34;15.04;
04.12.2024 10:33:35;15.05;
04.12.2024 10:33:38;15.05;
04.12.2024 10:33:39;15.04;
04.12.2024 10:33:40;15.05;
04.12.2024 10:33:41;15.06;
04.12.2024 10:33:42;15.05;
04.12.2024 10:33:44;15.05;
04.12.2024 10:33:45;15.04;
04.12.2024 10:33:46;15.05;
04.12.2024 10:33:47;15.06;
04.12.2024 10:33:48;15.04;
04.12.2024 10:33:49;15.04;
04.12.2024 10:33:50;15.05;
04.12.2024 10:33:51;15.05;
04.12.2024 10:33:52;15.04;
04.12.2024 10:33:54;15.04;
04.12.2024 10:33:55;15.05;
04.12.2024 10:33:56;15.05;
04.12.2024 10:33:57;15.04;
04.12.2024 10:33:58;15.04;
04.12.2024 10:33:59;15.05;
04.12.2024 10:34:00;15.04;
04.12.2024 10:34:13;15.04;
04.12.2024 10:34:14;15.03;
04.12.2024 10:34:15;15.04;
04.12.2024 10:34:28;15.04;
04.12.2024 10:34:29;15.03;
04.12.2024 10:34:32;15.03;
04.12.2024 10:34:33;15.04;
04.12.2024 10:34:35;15.04;
04.12.2024 10:34:36;15.03;
04.12.2024 10:34:37;15.03;
04.12.2024 10:34:38;15.04;
04.12.2024 10:34:39;15.03;
04.12.2024 10:34:40;15.04;
04.12.2024 10:34:41;15.03;
04.12.2024 10:34:44;15.03;
04.12.2024 10:34:45;15.04;
04.12.2024 10:34:46;15.03;
04.12.2024 10:34:47;15.04;
04.12.2024 10:34:50;15.04;
04.12.2024 10:34:51;15.03;
04.12.2024 10:34:52;15.03;
04.12.2024 10:34:53;15.04;
04.12.2024 10:34:54;15.04;
04.12.2024 10:34:55;15.03;
04.12.2024 10:34:56;15.04;
04.12.2024 10:34:58;15.04;
04.12.2024 10:34:59;15.03;
04.12.2024 10:35:02;15.03;
04.12.2024 10:35:03;15.04;
04.12.2024 10:35:04;15.04;
04.12.2024 10:35:05;15.03;
04.12.2024 10:35:06;15.04;
04.12.2024 10:35:07;15.03;
04.12.2024 10:35:08;15.04;
04.12.2024 10:35:09;15.03;
04.12.2024 10:35:10;15.04;
04.12.2024 10:35:11;15.03;
04.12.2024 10:35:12;15.04;
04.12.2024 10:35:13;15.03;
04.12.2024 10:35:15;15.03;
04.12.2024 10:35:16;15.04;
04.12.2024 10:35:17;15.03;
04.12.2024 10:35:21;15.03;
04.12.2024 10:35:22;15.02;
04.12.2024 10:35:23;15.02;
04.12.2024 10:35:24;15.03;
04.12.2024 10:35:31;15.03;
04.12.2024 10:35:32;15.04;
04.12.2024 10:35:33;15.03;
04.12.2024 10:35:37;15.03;
04.12.2024 10:35:38;15.02;
04.12.2024 10:35:39;15.03;
04.12.2024 10:35:44;15.03;
04.12.2024 10:35:45;15.02;
04.12.2024 10:35:46;15.02;
04.12.2024 10:35:47;15.03;
04.12.2024 10:35:51;15.03;
04.12.2024 10:35:52;15.02;
04.12.2024 10:35:54;15.02;
04.12.2024 10:35:55;15.03;
04.12.2024 10:35:56;15.02;
04.12.2024 10:35:57;15.03;
04.12.2024 10:35:58;15.02;
04.12.2024 10:36:01;15.02;
04.12.2024 10:36:02;15.03;
04.12.2024 10:36:03;15.02;
04.12.2024 10:36:04;15.03;
04.12.2024 10:36:05;15.03;
04.12.2024 10:36:06;15.02;
04.12.2024 10:36:07;15.02;
04.12.2024 10:36:08;15.03;
04.12.2024 10:36:10;15.03;
04.12.2024 10:36:11;15.02;
04.12.2024 10:36:12;15.03;
04.12.2024 10:36:13;15.03;
04.12.2024 10:36:14;15.02;
04.12.2024 10:36:15;15.03;
04.12.2024 10:36:16;15.03;
04.12.2024 10:36:17;15.02;
04.12.2024 10:36:18;15.03;
04.12.2024 10:36:19;15.02;
04.12.2024 10:36:20;15.03;
04.12.2024 10:36:21;15.03;
04.12.2024 10:36:22;15.02;
04.12.2024 10:36:30;15.02;
04.12.2024 10:36:31;15.03;
04.12.2024 10:36:32;15.02;
04.12.2024 10:36:33;15.03;
04.12.2024 10:36:34;15.02;
04.12.2024 10:36:42;15.02;
04.12.2024 10:36:43;15.03;
04.12.2024 10:36:44;15.03;
04.12.2024 10:36:45;15.02;
04.12.2024 10:36:46;15.01;
04.12.2024 10:36:47;15.01;
04.12.2024 10:36:48;15.02;
04.12.2024 10:36:49;15.01;
04.12.2024 10:36:50;15.02;
04.12.2024 10:36:51;15.01;
04.12.2024 10:36:52;15.01;
04.12.2024 10:36:53;15.02;
04.12.2024 10:37:02;15.02;
04.12.2024 10:37:03;15.01;
04.12.2024 10:37:04;15.02;
04.12.2024 10:37:05;15.01;
04.12.2024 10:37:06;15.03;
04.12.2024 10:37:07;15.02;
04.12.2024 10:37:12;15.02;
04.12.2024 10:37:13;15.01;
04.12.2024 10:37:14;15.02;
04.12.2024 10:37:17;15.02;
04.12.2024 10:37:18;15.01;
04.12.2024 10:37:19;15.02;
04.12.2024 10:37:21;15.02;
04.12.2024 10:37:22;15.01;
04.12.2024 10:37:25;15.01;
04.12.2024 10:37:26;15.02;
04.12.2024 10:37:27;15.01;
04.12.2024 10:37:28;15.02;
04.12.2024 10:37:29;15.01;
04.12.2024 10:37:31;15.01;
04.12.2024 10:37:32;15.02;
04.12.2024 10:37:33;15.01;
04.12.2024 10:37:42;15.01;
04.12.2024 10:37:43;15;
04.12.2024 10:37:44;15.01;
04.12.2024 10:37:46;15.01;
04.12.2024 10:37:47;15;
04.12.2024 10:37:48;15.01;
04.12.2024 10:37:49;15.01;
04.12.2024 10:37:50;15.02;
04.12.2024 10:37:51;15.01;
04.12.2024 10:37:54;15.01;
04.12.2024 10:37:55;15.02;
04.12.2024 10:37:56;15.01;
04.12.2024 10:37:57;15.01;
04.12.2024 10:37:58;15;
04.12.2024 10:37:59;15.01;
04.12.2024 10:38:01;15.01;
04.12.2024 10:38:02;15.02;
04.12.2024 10:38:03;15;
04.12.2024 10:38:04;15.01;
04.12.2024 10:38:05;15.01;
04.12.2024 10:38:06;15;
04.12.2024 10:38:07;15.01;
04.12.2024 10:38:08;15;
04.12.2024 10:38:09;15.01;
04.12.2024 10:38:10;15;
04.12.2024 10:38:11;15.01;
04.12.2024 10:38:12;15.01;
04.12.2024 10:38:13;15;
04.12.2024 10:38:14;15;
04.12.2024 10:38:15;15.02;
04.12.2024 10:38:16;15.01;
04.12.2024 10:38:19;15.01;
04.12.2024 10:38:20;15;
04.12.2024 10:38:21;15;
04.12.2024 10:38:22;15.01;
04.12.2024 10:38:23;15.02;
04.12.2024 10:38:24;15.01;
04.12.2024 10:38:25;15.01;
04.12.2024 10:38:26;15;
04.12.2024 10:38:27;15.01;
04.12.2024 10:38:30;15.01;
04.12.2024 10:38:31;15;
04.12.2024 10:38:32;15.01;
04.12.2024 10:38:33;15.01;
04.12.2024 10:38:34;15;
04.12.2024 10:38:35;15;
04.12.2024 10:38:36;15.01;
04.12.2024 10:38:37;14.99;
04.12.2024 10:38:38;15.01;
04.12.2024 10:38:39;15;
04.12.2024 10:38:42;15;
04.12.2024 10:38:43;15.01;
04.12.2024 10:38:46;15.01;
04.12.2024 10:38:47;15;
04.12.2024 10:38:48;15.01;
04.12.2024 10:38:50;15.01;
04.12.2024 10:38:51;15;
04.12.2024 10:38:52;15;
04.12.2024 10:38:53;15.01;
04.12.2024 10:38:54;15;
04.12.2024 10:38:55;15.01;
04.12.2024 10:38:56;15;
04.12.2024 10:39:06;15;
04.12.2024 10:39:07;15.01;
04.12.2024 10:39:08;15;
04.12.2024 10:39:13;15;
04.12.2024 10:39:14;15.01;
04.12.2024 10:39:15;14.99;
04.12.2024 10:39:16;14.99;
04.12.2024 10:39:17;15;
04.12.2024 10:39:18;14.99;
04.12.2024 10:39:19;14.99;
04.12.2024 10:39:20;15;
04.12.2024 10:39:24;15;
04.12.2024 10:39:25;15.01;
04.12.2024 10:39:26;15;
04.12.2024 10:39:34;15;
04.12.2024 10:39:35;14.99;
04.12.2024 10:39:36;15;
04.12.2024 10:39:37;14.99;
04.12.2024 10:39:38;15;
04.12.2024 10:39:41;15;
04.12.2024 10:39:42;14.99;
04.12.2024 10:39:43;14.99;
04.12.2024 10:39:44;15;
04.12.2024 10:39:45;14.99;
04.12.2024 10:39:48;14.99;
04.12.2024 10:39:49;15;
04.12.2024 10:39:51;15;
04.12.2024 10:39:52;14.99;
04.12.2024 10:40:00;14.99;
04.12.2024 10:40:01;15;
04.12.2024 10:40:02;15;
04.12.2024 10:40:03;14.99;
04.12.2024 10:40:04;14.99;
04.12.2024 10:40:05;15;
04.12.2024 10:40:06;14.99;
04.12.2024 10:40:13;14.99;
04.12.2024 10:40:14;15;
04.12.2024 10:40:15;14.99;
04.12.2024 10:40:17;14.99;
04.12.2024 10:40:18;14.98;
04.12.2024 10:40:22;14.98;
04.12.2024 10:40:23;14.99;
04.12.2024 10:40:25;14.99;
04.12.2024 10:40:26;15;
04.12.2024 10:40:27;14.99;
04.12.2024 10:40:28;14.98;
04.12.2024 10:40:29;14.99;
04.12.2024 10:40:33;14.99;
04.12.2024 10:40:34;14.98;
04.12.2024 10:40:35;14.99;
04.12.2024 10:40:41;14.99;
04.12.2024 10:40:42;14.98;
04.12.2024 10:40:45;14.98;
04.12.2024 10:40:46;14.99;
04.12.2024 10:40:47;14.98;
04.12.2024 10:40:48;14.99;
04.12.2024 10:40:49;14.99;
04.12.2024 10:40:50;14.98;
04.12.2024 10:40:51;14.98;
04.12.2024 10:40:52;14.99;
04.12.2024 10:40:53;14.98;
04.12.2024 10:40:54;14.99;
04.12.2024 10:40:55;14.99;
04.12.2024 10:40:56;14.98;
04.12.2024 10:40:57;14.98;
04.12.2024 10:40:58;14.99;
04.12.2024 10:40:59;14.99;
04.12.2024 10:41:00;14.98;
04.12.2024 10:41:02;14.98;
04.12.2024 10:41:03;14.99;
04.12.2024 10:41:05;14.99;
04.12.2024 10:41:06;14.98;
04.12.2024 10:41:07;14.98;
04.12.2024 10:41:08;14.99;
04.12.2024 10:41:09;14.98;
04.12.2024 10:41:10;14.99;
04.12.2024 10:41:11;14.98;
04.12.2024 10:41:12;14.99;
04.12.2024 10:41:13;14.98;
04.12.2024 10:41:15;14.98;
04.12.2024 10:41:16;14.99;
04.12.2024 10:41:17;14.98;
04.12.2024 10:41:18;14.98;
04.12.2024 10:41:19;14.99;
04.12.2024 10:41:20;14.99;
04.12.2024 10:41:21;14.98;
04.12.2024 10:41:22;14.98;
04.12.2024 10:41:23;14.97;
04.12.2024 10:41:24;14.97;
04.12.2024 10:41:25;14.99;
04.12.2024 10:41:26;14.98;
04.12.2024 10:41:27;14.98;
04.12.2024 10:41:28;14.99;
04.12.2024 10:41:29;14.99;
04.12.2024 10:41:30;14.98;
04.12.2024 10:41:36;14.98;
04.12.2024 10:41:37;14.99;
04.12.2024 10:41:38;14.98;
04.12.2024 10:41:39;14.99;
04.12.2024 10:41:40;14.98;
04.12.2024 10:41:42;14.98;
04.12.2024 10:41:43;14.97;
04.12.2024 10:41:44;14.98;
04.12.2024 10:41:52;14.98;
04.12.2024 10:41:53;14.97;
04.12.2024 10:41:54;14.98;
04.12.2024 10:41:55;14.98;
04.12.2024 10:41:56;14.97;
04.12.2024 10:41:57;14.97;
04.12.2024 10:41:58;14.98;
04.12.2024 10:41:59;14.97;
04.12.2024 10:42:00;14.98;
04.12.2024 10:42:01;14.99;
04.12.2024 10:42:02;14.98;
04.12.2024 10:42:10;14.98;
04.12.2024 10:42:11;14.97;
04.12.2024 10:42:12;14.98;
04.12.2024 10:42:13;14.97;
04.12.2024 10:42:14;14.98;
04.12.2024 10:42:18;14.98;
04.12.2024 10:42:19;14.97;
04.12.2024 10:42:20;14.98;
04.12.2024 10:42:22;14.98;
04.12.2024 10:42:23;14.97;
04.12.2024 10:42:25;14.97;
04.12.2024 10:42:26;14.98;
04.12.2024 10:42:27;14.97;
04.12.2024 10:42:28;14.97;
04.12.2024 10:42:29;14.98;
04.12.2024 10:42:30;14.97;
04.12.2024 10:42:31;14.98;
04.12.2024 10:42:32;14.98;
04.12.2024 10:42:33;14.97;
04.12.2024 10:42:35;14.97;
04.12.2024 10:42:36;14.98;
04.12.2024 10:42:37;14.97;
04.12.2024 10:42:39;14.97;
04.12.2024 10:42:40;14.98;
04.12.2024 10:42:41;14.97;
04.12.2024 10:42:42;14.96;
04.12.2024 10:42:43;14.97;
04.12.2024 10:42:44;14.96;
04.12.2024 10:42:45;14.97;
04.12.2024 10:42:49;14.97;
04.12.2024 10:42:50;14.96;
04.12.2024 10:42:51;14.97;
04.12.2024 10:42:53;14.97;
04.12.2024 10:42:54;14.96;
04.12.2024 10:42:55;14.98;
04.12.2024 10:42:56;14.98;
04.12.2024 10:42:57;14.97;
04.12.2024 10:42:59;14.97;
04.12.2024 10:43:00;14.98;
04.12.2024 10:43:01;14.96;
04.12.2024 10:43:02;14.96;
04.12.2024 10:43:03;14.97;
04.12.2024 10:43:04;14.96;
04.12.2024 10:43:05;14.97;
04.12.2024 10:43:10;14.97;
04.12.2024 10:43:11;14.98;
04.12.2024 10:43:12;14.96;
04.12.2024 10:43:13;14.98;
04.12.2024 10:43:14;14.97;
04.12.2024 10:43:22;14.97;
04.12.2024 10:43:23;14.96;
04.12.2024 10:43:24;14.97;
04.12.2024 10:43:26;14.97;
04.12.2024 10:43:27;14.96;
04.12.2024 10:43:28;14.96;
04.12.2024 10:43:29;14.97;
04.12.2024 10:43:30;14.97;
04.12.2024 10:43:31;14.96;
04.12.2024 10:43:32;14.97;
04.12.2024 10:43:33;14.96;
04.12.2024 10:43:36;14.96;
04.12.2024 10:43:37;14.97;
04.12.2024 10:43:38;14.97;
04.12.2024 10:43:39;14.96;
04.12.2024 10:43:40;14.97;
04.12.2024 10:43:41;14.96;
04.12.2024 10:43:58;14.96;
04.12.2024 10:43:59;14.95;
04.12.2024 10:44:00;14.96;
04.12.2024 10:44:01;14.96;
04.12.2024 10:44:02;14.97;
04.12.2024 10:44:03;14.96;
04.12.2024 10:44:04;14.96;
04.12.2024 10:44:05;14.95;
04.12.2024 10:44:06;14.96;
04.12.2024 10:44:07;14.96;
04.12.2024 10:44:08;14.95;
04.12.2024 10:44:09;14.97;
04.12.2024 10:44:10;14.96;
04.12.2024 10:44:11;14.96;
04.12.2024 10:44:12;14.97;
04.12.2024 10:44:13;14.96;
04.12.2024 10:44:17;14.96;
04.12.2024 10:44:18;14.97;
04.12.2024 10:44:19;14.96;
04.12.2024 10:44:24;14.96;
04.12.2024 10:44:25;14.95;
04.12.2024 10:44:26;14.96;
04.12.2024 10:44:28;14.96;
04.12.2024 10:44:29;14.95;
04.12.2024 10:44:30;14.96;
04.12.2024 10:44:31;14.96;
04.12.2024 10:44:32;14.95;
04.12.2024 10:44:33;14.95;
04.12.2024 10:44:34;14.96;
04.12.2024 10:44:35;14.96;
04.12.2024 10:44:36;14.94;
04.12.2024 10:44:37;14.96;
04.12.2024 10:44:44;14.96;
04.12.2024 10:44:45;14.95;
04.12.2024 10:44:46;14.96;
04.12.2024 10:44:48;14.96;
04.12.2024 10:44:49;14.95;
04.12.2024 10:44:50;14.96;
04.12.2024 10:44:51;14.95;
04.12.2024 10:45:01;14.95;
04.12.2024 10:45:02;14.94;
04.12.2024 10:45:03;14.95;
04.12.2024 10:45:07;14.95;
04.12.2024 10:45:08;14.96;
04.12.2024 10:45:09;14.95;
04.12.2024 10:45:15;14.95;
04.12.2024 10:45:16;14.96;
04.12.2024 10:45:17;14.95;
04.12.2024 10:45:20;14.95;
04.12.2024 10:45:21;14.94;
04.12.2024 10:45:22;14.95;
04.12.2024 10:45:23;14.95;
04.12.2024 10:45:24;14.96;
04.12.2024 10:45:25;14.95;
04.12.2024 10:45:26;14.94;
04.12.2024 10:45:27;14.95;
04.12.2024 10:45:32;14.95;
04.12.2024 10:45:33;14.94;
04.12.2024 10:45:34;14.95;
04.12.2024 10:45:35;14.95;
04.12.2024 10:45:36;14.94;
04.12.2024 10:45:37;14.95;
04.12.2024 10:45:38;14.94;
04.12.2024 10:45:39;14.95;
04.12.2024 10:45:40;14.95;
04.12.2024 10:45:41;14.94;
04.12.2024 10:45:42;14.95;
04.12.2024 10:45:43;14.95;
04.12.2024 10:45:44;14.94;
04.12.2024 10:45:45;14.94;
04.12.2024 10:45:46;14.95;
04.12.2024 10:45:47;14.95;
04.12.2024 10:45:48;14.94;
04.12.2024 10:45:49;14.95;
04.12.2024 10:45:51;14.95;
04.12.2024 10:45:52;14.94;
04.12.2024 10:45:53;14.95;
04.12.2024 10:45:54;14.94;
04.12.2024 10:45:55;14.95;
04.12.2024 10:45:56;14.94;
04.12.2024 10:45:58;14.94;
04.12.2024 10:45:59;14.95;
04.12.2024 10:46:00;14.94;
04.12.2024 10:46:01;14.95;
04.12.2024 10:46:02;14.95;
04.12.2024 10:46:03;14.94;
04.12.2024 10:46:08;14.94;
04.12.2024 10:46:09;14.95;
04.12.2024 10:46:10;14.94;
04.12.2024 10:46:15;14.94;
04.12.2024 10:46:16;14.95;
04.12.2024 10:46:17;14.94;
04.12.2024 10:46:22;14.94;
04.12.2024 10:46:23;14.95;
04.12.2024 10:46:24;14.94;
04.12.2024 10:46:27;14.94;
04.12.2024 10:46:28;14.93;
04.12.2024 10:46:29;14.94;
04.12.2024 10:46:31;14.94;
04.12.2024 10:46:32;14.95;
04.12.2024 10:46:33;14.94;
04.12.2024 10:46:34;14.94;
04.12.2024 10:46:35;14.95;
04.12.2024 10:46:36;14.94;
04.12.2024 10:46:41;14.94;
04.12.2024 10:46:42;14.93;
04.12.2024 10:46:43;14.94;
04.12.2024 10:46:44;14.93;
04.12.2024 10:46:45;14.94;
04.12.2024 10:46:47;14.94;
04.12.2024 10:46:48;14.95;
04.12.2024 10:46:49;14.93;
04.12.2024 10:46:50;14.94;
04.12.2024 10:46:51;14.93;
04.12.2024 10:46:52;14.94;
04.12.2024 10:46:53;14.94;
04.12.2024 10:46:54;14.93;
04.12.2024 10:46:55;14.94;
04.12.2024 10:46:56;14.94;
04.12.2024 10:46:57;14.93;
04.12.2024 10:46:59;14.93;
04.12.2024 10:47:00;14.94;
04.12.2024 10:47:01;14.93;
04.12.2024 10:47:02;14.93;
04.12.2024 10:47:03;14.94;
04.12.2024 10:47:05;14.94;
04.12.2024 10:47:06;14.93;
04.12.2024 10:47:12;14.93;
04.12.2024 10:47:13;14.94;
04.12.2024 10:47:14;14.93;
04.12.2024 10:47:15;14.94;
04.12.2024 10:47:16;14.93;
04.12.2024 10:47:17;14.94;
04.12.2024 10:47:18;14.93;
04.12.2024 10:47:21;14.93;
04.12.2024 10:47:22;14.92;
04.12.2024 10:47:23;14.93;
04.12.2024 10:47:25;14.93;
04.12.2024 10:47:26;14.92;
04.12.2024 10:47:27;14.93;
04.12.2024 10:47:29;14.93;
04.12.2024 10:47:30;14.92;
04.12.2024 10:47:32;14.92;
04.12.2024 10:47:33;14.93;
04.12.2024 10:47:37;14.93;
04.12.2024 10:47:38;14.92;
04.12.2024 10:47:39;14.93;
04.12.2024 10:47:40;14.93;
04.12.2024 10:47:41;14.94;
04.12.2024 10:47:42;14.93;
04.12.2024 10:47:43;14.92;
04.12.2024 10:47:44;14.92;
04.12.2024 10:47:45;14.94;
04.12.2024 10:47:46;14.93;
04.12.2024 10:47:50;14.93;
04.12.2024 10:47:51;14.92;
04.12.2024 10:47:52;14.93;
04.12.2024 10:47:54;14.93;
04.12.2024 10:47:55;14.92;
04.12.2024 10:47:56;14.93;
04.12.2024 10:47:57;14.92;
04.12.2024 10:47:58;14.93;
04.12.2024 10:48:01;14.93;
04.12.2024 10:48:02;14.92;
04.12.2024 10:48:03;14.93;
04.12.2024 10:48:04;14.91;
04.12.2024 10:48:05;14.93;
04.12.2024 10:48:06;14.92;
04.12.2024 10:48:08;14.92;
04.12.2024 10:48:09;14.93;
04.12.2024 10:48:11;14.93;
04.12.2024 10:48:12;14.92;
04.12.2024 10:48:13;14.93;
04.12.2024 10:48:14;14.92;
04.12.2024 10:48:16;14.92;
04.12.2024 10:48:17;14.93;
04.12.2024 10:48:20;14.93;
04.12.2024 10:48:21;14.92;
04.12.2024 10:48:22;14.93;
04.12.2024 10:48:23;14.92;
04.12.2024 10:48:26;14.92;
04.12.2024 10:48:27;14.93;
04.12.2024 10:48:28;14.92;
04.12.2024 10:48:30;14.92;
04.12.2024 10:48:31;14.91;
04.12.2024 10:48:32;14.92;
04.12.2024 10:48:36;14.92;
04.12.2024 10:48:37;14.91;
04.12.2024 10:48:40;14.91;
04.12.2024 10:48:41;14.92;
04.12.2024 10:48:44;14.92;
04.12.2024 10:48:45;14.91;
04.12.2024 10:48:46;14.92;
04.12.2024 10:48:47;14.91;
04.12.2024 10:48:48;14.92;
04.12.2024 10:48:57;14.92;
04.12.2024 10:48:58;14.93;
04.12.2024 10:48:59;14.92;
04.12.2024 10:49:03;14.92;
04.12.2024 10:49:04;14.93;
04.12.2024 10:49:05;14.92;
04.12.2024 10:49:06;14.92;
04.12.2024 10:49:07;14.91;
04.12.2024 10:49:08;14.92;
04.12.2024 10:49:09;14.92;
04.12.2024 10:49:10;14.91;
04.12.2024 10:49:11;14.91;
04.12.2024 10:49:12;14.92;
04.12.2024 10:49:14;14.92;
04.12.2024 10:49:15;14.91;
04.12.2024 10:49:16;14.92;
04.12.2024 10:49:17;14.91;
04.12.2024 10:49:18;14.92;
04.12.2024 10:49:19;14.92;
04.12.2024 10:49:20;14.91;
04.12.2024 10:49:23;14.91;
04.12.2024 10:49:24;14.92;
04.12.2024 10:49:25;14.91;
04.12.2024 10:49:26;14.92;
04.12.2024 10:49:29;14.92;
04.12.2024 10:49:30;14.91;
04.12.2024 10:49:32;14.91;
04.12.2024 10:49:33;14.92;
04.12.2024 10:49:34;14.91;
04.12.2024 10:49:35;14.92;
04.12.2024 10:49:37;14.92;
04.12.2024 10:49:38;14.91;
04.12.2024 10:49:40;14.91;
04.12.2024 10:49:41;14.92;
04.12.2024 10:49:42;14.92;
04.12.2024 10:49:43;14.91;
04.12.2024 10:49:45;14.91;
04.12.2024 10:49:46;14.92;
04.12.2024 10:49:47;14.91;
04.12.2024 10:49:50;14.91;
04.12.2024 10:49:51;14.92;
04.12.2024 10:49:52;14.91;
04.12.2024 10:50:03;14.91;
04.12.2024 10:50:04;14.9;
04.12.2024 10:50:05;14.9;
04.12.2024 10:50:06;14.91;
04.12.2024 10:50:07;14.9;
04.12.2024 10:50:08;14.91;
04.12.2024 10:50:09;14.9;
04.12.2024 10:50:10;14.91;
04.12.2024 10:50:11;14.9;
04.12.2024 10:50:12;14.9;
04.12.2024 10:50:13;14.91;
04.12.2024 10:50:14;14.9;
04.12.2024 10:50:15;14.9;
04.12.2024 10:50:16;14.91;
04.12.2024 10:50:17;14.9;
04.12.2024 10:50:18;14.91;
04.12.2024 10:50:19;14.9;
04.12.2024 10:50:20;14.89;
04.12.2024 10:50:21;14.9;
04.12.2024 10:50:24;14.9;
04.12.2024 10:50:25;14.91;
04.12.2024 10:50:26;14.9;
04.12.2024 10:50:27;14.91;
04.12.2024 10:50:36;14.91;
04.12.2024 10:50:37;14.9;
04.12.2024 10:50:38;14.91;
04.12.2024 10:50:41;14.91;
04.12.2024 10:50:42;14.9;
04.12.2024 10:50:43;14.91;
04.12.2024 10:50:46;14.91;
04.12.2024 10:50:47;14.9;
04.12.2024 10:50:51;14.9;
04.12.2024 10:50:52;14.91;
04.12.2024 10:50:53;14.9;
04.12.2024 10:50:56;14.9;
04.12.2024 10:50:57;14.91;
04.12.2024 10:50:58;14.89;
04.12.2024 10:50:59;14.89;
04.12.2024 10:51:00;14.9;
04.12.2024 10:51:11;14.9;
04.12.2024 10:51:12;14.89;
04.12.2024 10:51:13;14.9;
04.12.2024 10:51:14;14.91;
04.12.2024 10:51:15;14.9;
04.12.2024 10:51:16;14.89;
04.12.2024 10:51:17;14.89;
04.12.2024 10:51:18;14.9;
04.12.2024 10:51:23;14.9;
04.12.2024 10:51:24;14.89;
04.12.2024 10:51:25;14.89;
04.12.2024 10:51:26;14.9;
04.12.2024 10:51:27;14.89;
04.12.2024 10:51:28;14.9;
04.12.2024 10:51:29;14.89;
04.12.2024 10:51:30;14.9;
04.12.2024 10:51:32;14.9;
04.12.2024 10:51:33;14.89;
04.12.2024 10:51:35;14.89;
04.12.2024 10:51:36;14.9;
04.12.2024 10:51:39;14.9;
04.12.2024 10:51:40;14.89;
04.12.2024 10:51:41;14.89;
04.12.2024 10:51:42;14.9;
04.12.2024 10:51:44;14.9;
04.12.2024 10:51:45;14.89;
04.12.2024 10:51:47;14.89;
04.12.2024 10:51:48;14.88;
04.12.2024 10:51:49;14.89;
04.12.2024 10:51:50;14.89;
04.12.2024 10:51:51;14.9;
04.12.2024 10:51:52;14.89;
04.12.2024 10:51:56;14.89;
04.12.2024 10:51:57;14.88;
04.12.2024 10:51:58;14.89;
04.12.2024 10:52:01;14.89;
04.12.2024 10:52:02;14.88;
04.12.2024 10:52:03;14.89;
04.12.2024 10:52:09;14.89;
04.12.2024 10:52:10;14.88;
04.12.2024 10:52:11;14.89;
04.12.2024 10:52:13;14.89;
04.12.2024 10:52:14;14.88;
04.12.2024 10:52:16;14.88;
04.12.2024 10:52:17;14.89;
04.12.2024 10:52:18;14.9;
04.12.2024 10:52:19;14.89;
04.12.2024 10:52:20;14.88;
04.12.2024 10:52:21;14.89;
04.12.2024 10:52:24;14.89;
04.12.2024 10:52:25;14.88;
04.12.2024 10:52:26;14.88;
04.12.2024 10:52:27;14.89;
04.12.2024 10:52:31;14.89;
04.12.2024 10:52:32;14.88;
04.12.2024 10:52:33;14.89;
04.12.2024 10:52:34;14.88;
04.12.2024 10:52:35;14.89;
04.12.2024 10:52:36;14.89;
04.12.2024 10:52:37;14.88;
04.12.2024 10:52:38;14.88;
04.12.2024 10:52:39;14.89;
04.12.2024 10:52:40;14.88;
04.12.2024 10:52:41;14.88;
04.12.2024 10:52:42;14.89;
04.12.2024 10:52:43;14.89;
04.12.2024 10:52:44;14.88;
04.12.2024 10:52:45;14.88;
04.12.2024 10:52:46;14.89;
04.12.2024 10:52:47;14.89;
04.12.2024 10:52:48;14.88;
04.12.2024 10:52:50;14.88;
04.12.2024 10:52:51;14.87;
04.12.2024 10:52:52;14.89;
04.12.2024 10:52:53;14.88;
04.12.2024 10:52:56;14.88;
04.12.2024 10:52:57;14.87;
04.12.2024 10:52:58;14.89;
04.12.2024 10:52:59;14.89;
04.12.2024 10:53:00;14.88;
04.12.2024 10:53:01;14.88;
04.12.2024 10:53:02;14.89;
04.12.2024 10:53:04;14.89;
04.12.2024 10:53:05;14.88;
04.12.2024 10:53:06;14.88;
04.12.2024 10:53:07;14.89;
04.12.2024 10:53:08;14.88;
04.12.2024 10:53:13;14.88;
04.12.2024 10:53:14;14.87;
04.12.2024 10:53:15;14.88;
04.12.2024 10:53:16;14.88;
04.12.2024 10:53:17;14.87;
04.12.2024 10:53:18;14.89;
04.12.2024 10:53:19;14.88;
04.12.2024 10:53:20;14.88;
04.12.2024 10:53:21;14.87;
04.12.2024 10:53:22;14.88;
04.12.2024 10:53:23;14.88;
04.12.2024 10:53:24;14.89;
04.12.2024 10:53:25;14.88;
04.12.2024 10:53:28;14.88;
04.12.2024 10:53:29;14.87;
04.12.2024 10:53:30;14.88;
04.12.2024 10:53:31;14.87;
04.12.2024 10:53:32;14.87;
04.12.2024 10:53:33;14.88;
04.12.2024 10:53:37;14.88;
04.12.2024 10:53:38;14.87;
04.12.2024 10:53:40;14.87;
04.12.2024 10:53:41;14.88;
04.12.2024 10:53:42;14.87;
04.12.2024 10:53:43;14.88;
04.12.2024 10:53:46;14.88;
04.12.2024 10:53:47;14.87;
04.12.2024 10:53:48;14.89;
04.12.2024 10:53:49;14.87;
04.12.2024 10:53:50;14.88;
04.12.2024 10:53:51;14.87;
04.12.2024 10:53:52;14.88;
04.12.2024 10:53:54;14.88;
04.12.2024 10:53:55;14.87;
04.12.2024 10:53:59;14.87;
04.12.2024 10:54:00;14.88;
04.12.2024 10:54:01;14.87;
04.12.2024 10:54:02;14.88;
04.12.2024 10:54:03;14.88;
04.12.2024 10:54:04;14.87;
04.12.2024 10:54:05;14.88;
04.12.2024 10:54:06;14.88;
04.12.2024 10:54:07;14.87;
04.12.2024 10:54:10;14.87;
04.12.2024 10:54:11;14.88;
04.12.2024 10:54:12;14.87;
04.12.2024 10:54:14;14.87;
04.12.2024 10:54:15;14.88;
04.12.2024 10:54:16;14.87;
04.12.2024 10:54:22;14.87;
04.12.2024 10:54:23;14.88;
04.12.2024 10:54:24;14.87;
04.12.2024 10:54:30;14.87;
04.12.2024 10:54:31;14.88;
04.12.2024 10:54:32;14.88;
04.12.2024 10:54:33;14.87;
04.12.2024 10:54:35;14.87;
04.12.2024 10:54:36;14.88;
04.12.2024 10:54:37;14.86;
04.12.2024 10:54:38;14.87;
04.12.2024 10:54:44;14.87;
04.12.2024 10:54:45;14.86;
04.12.2024 10:54:46;14.87;
04.12.2024 10:54:47;14.86;
04.12.2024 10:54:48;14.87;
04.12.2024 10:54:49;14.86;
04.12.2024 10:54:50;14.87;
04.12.2024 10:54:51;14.86;
04.12.2024 10:54:52;14.88;
04.12.2024 10:54:53;14.86;
04.12.2024 10:54:54;14.87;
04.12.2024 10:54:55;14.87;
04.12.2024 10:54:56;14.86;
04.12.2024 10:54:57;14.87;
04.12.2024 10:54:58;14.88;
04.12.2024 10:54:59;14.86;
04.12.2024 10:55:00;14.87;
04.12.2024 10:55:02;14.87;
04.12.2024 10:55:03;14.86;
04.12.2024 10:55:04;14.86;
04.12.2024 10:55:05;14.87;
04.12.2024 10:55:06;14.87;
04.12.2024 10:55:07;14.86;
04.12.2024 10:55:08;14.86;
04.12.2024 10:55:09;14.87;
04.12.2024 10:55:10;14.87;
04.12.2024 10:55:11;14.86;
04.12.2024 10:55:14;14.86;
04.12.2024 10:55:15;14.87;
04.12.2024 10:55:16;14.87;
04.12.2024 10:55:17;14.86;
04.12.2024 10:55:20;14.86;
04.12.2024 10:55:21;14.85;
04.12.2024 10:55:22;14.86;
04.12.2024 10:55:23;14.86;
04.12.2024 10:55:24;14.85;
04.12.2024 10:55:25;14.86;
04.12.2024 10:55:27;14.86;
04.12.2024 10:55:28;14.87;
04.12.2024 10:55:29;14.86;
04.12.2024 10:55:31;14.86;
04.12.2024 10:55:32;14.87;
04.12.2024 10:55:33;14.87;
04.12.2024 10:55:34;14.85;
04.12.2024 10:55:35;14.86;
04.12.2024 10:55:46;14.86;
04.12.2024 10:55:47;14.85;
04.12.2024 10:55:48;14.87;
04.12.2024 10:55:49;14.85;
04.12.2024 10:55:50;14.86;
04.12.2024 10:55:51;14.85;
04.12.2024 10:55:52;14.86;
04.12.2024 10:55:57;14.86;
04.12.2024 10:55:58;14.85;
04.12.2024 10:55:59;14.86;
04.12.2024 10:56:00;14.86;
04.12.2024 10:56:01;14.85;
04.12.2024 10:56:09;14.85;
04.12.2024 10:56:10;14.86;
04.12.2024 10:56:13;14.86;
04.12.2024 10:56:14;14.85;
04.12.2024 10:56:15;14.85;
04.12.2024 10:56:16;14.84;
04.12.2024 10:56:17;14.85;
04.12.2024 10:56:18;14.84;
04.12.2024 10:56:19;14.85;
04.12.2024 10:56:22;14.85;
04.12.2024 10:56:23;14.84;
04.12.2024 10:56:24;14.85;
04.12.2024 10:56:27;14.85;
04.12.2024 10:56:28;14.84;
04.12.2024 10:56:29;14.84;
04.12.2024 10:56:30;14.85;
04.12.2024 10:56:40;14.85;
04.12.2024 10:56:41;14.86;
04.12.2024 10:56:42;14.85;
04.12.2024 10:56:44;14.85;
04.12.2024 10:56:45;14.84;
04.12.2024 10:56:46;14.85;
04.12.2024 10:56:56;14.85;
04.12.2024 10:56:57;14.84;
04.12.2024 10:56:58;14.85;
04.12.2024 10:57:02;14.85;
04.12.2024 10:57:03;14.84;
04.12.2024 10:57:04;14.85;
04.12.2024 10:57:07;14.85;
04.12.2024 10:57:08;14.84;
04.12.2024 10:57:09;14.84;
04.12.2024 10:57:10;14.85;
04.12.2024 10:57:11;14.84;
04.12.2024 10:57:12;14.85;
04.12.2024 10:57:13;14.86;
04.12.2024 10:57:14;14.85;
04.12.2024 10:57:15;14.85;
04.12.2024 10:57:16;14.84;
04.12.2024 10:57:18;14.84;
04.12.2024 10:57:19;14.85;
04.12.2024 10:57:20;14.84;
04.12.2024 10:57:21;14.85;
04.12.2024 10:57:22;14.84;
04.12.2024 10:57:25;14.84;
04.12.2024 10:57:26;14.83;
04.12.2024 10:57:27;14.84;
04.12.2024 10:57:30;14.84;
04.12.2024 10:57:31;14.85;
04.12.2024 10:57:32;14.84;
04.12.2024 10:57:34;14.84;
04.12.2024 10:57:35;14.83;
04.12.2024 10:57:36;14.84;
04.12.2024 10:57:40;14.84;
04.12.2024 10:57:41;14.83;
04.12.2024 10:57:42;14.84;
04.12.2024 10:57:43;14.84;
04.12.2024 10:57:44;14.83;
04.12.2024 10:57:45;14.84;
04.12.2024 10:57:47;14.84;
04.12.2024 10:57:48;14.83;
04.12.2024 10:57:49;14.84;
04.12.2024 10:57:50;14.85;
04.12.2024 10:57:51;14.83;
04.12.2024 10:57:52;14.84;
04.12.2024 10:57:54;14.84;
04.12.2024 10:57:55;14.83;
04.12.2024 10:57:56;14.84;
04.12.2024 10:57:57;14.84;
04.12.2024 10:57:58;14.83;
04.12.2024 10:57:59;14.84;
04.12.2024 10:58:00;14.83;
04.12.2024 10:58:01;14.83;
04.12.2024 10:58:02;14.84;
04.12.2024 10:58:03;14.84;
04.12.2024 10:58:04;14.83;
04.12.2024 10:58:05;14.84;
04.12.2024 10:58:07;14.84;
04.12.2024 10:58:08;14.83;
04.12.2024 10:58:09;14.83;
04.12.2024 10:58:10;14.84;
04.12.2024 10:58:11;14.83;
04.12.2024 10:58:12;14.84;
04.12.2024 10:58:13;14.84;
04.12.2024 10:58:14;14.83;
04.12.2024 10:58:15;14.84;
04.12.2024 10:58:16;14.83;
04.12.2024 10:58:18;14.83;
04.12.2024 10:58:19;14.84;
04.12.2024 10:58:20;14.84;
04.12.2024 10:58:21;14.83;
04.12.2024 10:58:26;14.83;
04.12.2024 10:58:27;14.84;
04.12.2024 10:58:28;14.84;
04.12.2024 10:58:29;14.83;
04.12.2024 10:58:33;14.83;
04.12.2024 10:58:34;14.84;
04.12.2024 10:58:35;14.84;
04.12.2024 10:58:36;14.83;
04.12.2024 10:58:41;14.83;
04.12.2024 10:58:42;14.81;
04.12.2024 10:58:43;14.83;
04.12.2024 10:58:46;14.83;
04.12.2024 10:58:47;14.82;
04.12.2024 10:58:48;14.83;
04.12.2024 10:58:56;14.83;
04.12.2024 10:58:57;14.82;
04.12.2024 10:58:58;14.83;
04.12.2024 10:58:59;14.84;
04.12.2024 10:59:00;14.83;
04.12.2024 10:59:03;14.83;
04.12.2024 10:59:04;14.82;
04.12.2024 10:59:05;14.83;
04.12.2024 10:59:17;14.83;
04.12.2024 10:59:18;14.82;
04.12.2024 10:59:19;14.82;
04.12.2024 10:59:20;14.83;
04.12.2024 10:59:21;14.82;
04.12.2024 10:59:22;14.83;
04.12.2024 10:59:23;14.82;
04.12.2024 10:59:24;14.82;
04.12.2024 10:59:25;14.83;
04.12.2024 10:59:36;14.83;
04.12.2024 10:59:37;14.82;
04.12.2024 10:59:38;14.83;
04.12.2024 10:59:40;14.83;
04.12.2024 10:59:41;14.82;
04.12.2024 10:59:43;14.82;
04.12.2024 10:59:44;14.83;
04.12.2024 10:59:45;14.84;
04.12.2024 10:59:46;14.82;
04.12.2024 10:59:47;14.83;
04.12.2024 10:59:48;14.83;
04.12.2024 10:59:49;14.82;
04.12.2024 10:59:50;14.83;
04.12.2024 10:59:51;14.82;
04.12.2024 10:59:52;14.83;
04.12.2024 10:59:53;14.82;
04.12.2024 10:59:55;14.82;
04.12.2024 10:59:56;14.83;
04.12.2024 10:59:57;14.82;
04.12.2024 11:00:02;14.82;
04.12.2024 11:00:03;14.83;
04.12.2024 11:00:04;14.82;
04.12.2024 11:00:05;14.82;
04.12.2024 11:00:06;14.84;
04.12.2024 11:00:07;14.83;
04.12.2024 11:00:09;14.83;
04.12.2024 11:00:10;14.82;
04.12.2024 11:00:11;14.82;
04.12.2024 11:00:12;14.81;
04.12.2024 11:00:13;14.82;
04.12.2024 11:00:21;14.82;
04.12.2024 11:00:22;14.81;
04.12.2024 11:00:24;14.81;
04.12.2024 11:00:25;14.82;
04.12.2024 11:00:27;14.82;
04.12.2024 11:00:28;14.81;
04.12.2024 11:00:29;14.81;
04.12.2024 11:00:30;14.82;
04.12.2024 11:00:32;14.82;
04.12.2024 11:00:33;14.81;
04.12.2024 11:00:35;14.81;
04.12.2024 11:00:36;14.82;
04.12.2024 11:00:38;14.82;
04.12.2024 11:00:39;14.83;
04.12.2024 11:00:40;14.82;
04.12.2024 11:00:41;14.82;
04.12.2024 11:00:42;14.81;
04.12.2024 11:00:43;14.82;
04.12.2024 11:00:44;14.81;
04.12.2024 11:00:50;14.81;
04.12.2024 11:00:51;14.82;
04.12.2024 11:00:52;14.81;
04.12.2024 11:00:56;14.81;
04.12.2024 11:00:57;14.8;
04.12.2024 11:00:58;14.8;
04.12.2024 11:00:59;14.81;
04.12.2024 11:01:00;14.81;
04.12.2024 11:01:01;14.8;
04.12.2024 11:01:02;14.8;
04.12.2024 11:01:03;14.81;
04.12.2024 11:01:04;14.8;
04.12.2024 11:01:05;14.81;
04.12.2024 11:01:06;14.8;
04.12.2024 11:01:08;14.8;
04.12.2024 11:01:09;14.81;
04.12.2024 11:01:15;14.81;
04.12.2024 11:01:16;14.79;
04.12.2024 11:01:17;14.8;
04.12.2024 11:01:18;14.81;
04.12.2024 11:01:19;14.82;
04.12.2024 11:01:20;14.81;
04.12.2024 11:01:25;14.81;
04.12.2024 11:01:26;14.8;
04.12.2024 11:01:27;14.81;
04.12.2024 11:01:32;14.81;
04.12.2024 11:01:33;14.8;
04.12.2024 11:01:34;14.81;
04.12.2024 11:01:35;14.8;
04.12.2024 11:01:36;14.81;
04.12.2024 11:01:37;14.8;
04.12.2024 11:01:41;14.8;
04.12.2024 11:01:42;14.81;
04.12.2024 11:01:43;14.8;
04.12.2024 11:01:44;14.82;
04.12.2024 11:01:45;14.8;
04.12.2024 11:01:46;14.81;
04.12.2024 11:01:47;14.81;
04.12.2024 11:01:48;14.8;
04.12.2024 11:01:49;14.8;
04.12.2024 11:01:50;14.81;
04.12.2024 11:01:51;14.81;
04.12.2024 11:01:52;14.8;
04.12.2024 11:01:53;14.81;
04.12.2024 11:01:54;14.8;
04.12.2024 11:01:55;14.81;
04.12.2024 11:01:56;14.81;
04.12.2024 11:01:57;14.8;
04.12.2024 11:01:58;14.81;
04.12.2024 11:01:59;14.8;
04.12.2024 11:02:05;14.8;
04.12.2024 11:02:06;14.81;
04.12.2024 11:02:07;14.81;
04.12.2024 11:02:08;14.8;
04.12.2024 11:02:09;14.79;
04.12.2024 11:02:10;14.8;
04.12.2024 11:02:11;14.8;
04.12.2024 11:02:12;14.79;
04.12.2024 11:02:13;14.8;
04.12.2024 11:02:15;14.8;
04.12.2024 11:02:16;14.81;
04.12.2024 11:02:17;14.81;
04.12.2024 11:02:18;14.8;
04.12.2024 11:02:25;14.8;
04.12.2024 11:02:26;14.81;
04.12.2024 11:02:28;14.81;
04.12.2024 11:02:29;14.8;
04.12.2024 11:02:31;14.8;
04.12.2024 11:02:32;14.79;
04.12.2024 11:02:33;14.8;
04.12.2024 11:02:46;14.8;
04.12.2024 11:02:47;14.81;
04.12.2024 11:02:48;14.8;
04.12.2024 11:02:52;14.8;
04.12.2024 11:02:53;14.79;
04.12.2024 11:02:56;14.79;
04.12.2024 11:02:57;14.8;
04.12.2024 11:02:58;14.8;
04.12.2024 11:02:59;14.79;
04.12.2024 11:03:00;14.79;
04.12.2024 11:03:01;14.8;
04.12.2024 11:03:02;14.8;
04.12.2024 11:03:03;14.79;
04.12.2024 11:03:04;14.8;
04.12.2024 11:03:05;14.79;
04.12.2024 11:03:08;14.79;
04.12.2024 11:03:09;14.81;
04.12.2024 11:03:10;14.79;
04.12.2024 11:03:11;14.79;
04.12.2024 11:03:12;14.8;
04.12.2024 11:03:13;14.79;
04.12.2024 11:03:17;14.79;
04.12.2024 11:03:18;14.8;
04.12.2024 11:03:20;14.8;
04.12.2024 11:03:21;14.79;
04.12.2024 11:03:23;14.79;
04.12.2024 11:03:24;14.78;
04.12.2024 11:03:25;14.79;
04.12.2024 11:03:27;14.79;
04.12.2024 11:03:28;14.8;
04.12.2024 11:03:29;14.79;
04.12.2024 11:03:30;14.79;
04.12.2024 11:03:31;14.8;
04.12.2024 11:03:32;14.79;
04.12.2024 11:03:36;14.79;
04.12.2024 11:03:37;14.8;
04.12.2024 11:03:38;14.79;
04.12.2024 11:03:45;14.79;
04.12.2024 11:03:46;14.78;
04.12.2024 11:03:47;14.79;
04.12.2024 11:03:54;14.79;
04.12.2024 11:03:55;14.78;
04.12.2024 11:03:56;14.79;
04.12.2024 11:03:57;14.79;
04.12.2024 11:03:58;14.77;
04.12.2024 11:03:59;14.78;
04.12.2024 11:04:00;14.78;
04.12.2024 11:04:01;14.79;
04.12.2024 11:04:02;14.79;
04.12.2024 11:04:03;14.78;
04.12.2024 11:04:04;14.79;
04.12.2024 11:04:05;14.78;
04.12.2024 11:04:11;14.78;
04.12.2024 11:04:12;14.79;
04.12.2024 11:04:13;14.78;
04.12.2024 11:04:15;14.78;
04.12.2024 11:04:16;14.79;
04.12.2024 11:04:17;14.78;
04.12.2024 11:04:18;14.78;
04.12.2024 11:04:19;14.79;
04.12.2024 11:04:20;14.78;
04.12.2024 11:04:21;14.78;
04.12.2024 11:04:22;14.77;
04.12.2024 11:04:23;14.78;
04.12.2024 11:04:24;14.78;
04.12.2024 11:04:25;14.79;
04.12.2024 11:04:28;14.79;
04.12.2024 11:04:29;14.78;
04.12.2024 11:04:31;14.78;
04.12.2024 11:04:32;14.79;
04.12.2024 11:04:33;14.78;
04.12.2024 11:04:34;14.78;
04.12.2024 11:04:35;14.79;
04.12.2024 11:04:38;14.79;
04.12.2024 11:04:39;14.78;
04.12.2024 11:04:40;14.78;
04.12.2024 11:04:41;14.79;
04.12.2024 11:04:42;14.78;
04.12.2024 11:04:50;14.78;
04.12.2024 11:04:51;14.79;
04.12.2024 11:04:52;14.78;
04.12.2024 11:04:53;14.79;
04.12.2024 11:04:54;14.78;
04.12.2024 11:04:55;14.79;
04.12.2024 11:04:56;14.78;
04.12.2024 11:04:57;14.78;
04.12.2024 11:04:58;14.79;
04.12.2024 11:04:59;14.79;
04.12.2024 11:05:00;14.78;
04.12.2024 11:05:01;14.79;
04.12.2024 11:05:02;14.79;
04.12.2024 11:05:03;14.78;
04.12.2024 11:05:04;14.79;
04.12.2024 11:05:05;14.78;
04.12.2024 11:05:21;14.78;
04.12.2024 11:05:22;14.79;
04.12.2024 11:05:23;14.78;
04.12.2024 11:05:26;14.78;
04.12.2024 11:05:27;14.77;
04.12.2024 11:05:28;14.78;
04.12.2024 11:05:29;14.78;
04.12.2024 11:05:30;14.77;
04.12.2024 11:05:31;14.77;
04.12.2024 11:05:32;14.78;
04.12.2024 11:05:37;14.78;
04.12.2024 11:05:38;14.77;
04.12.2024 11:05:40;14.77;
04.12.2024 11:05:41;14.78;
04.12.2024 11:05:44;14.78;
04.12.2024 11:05:45;14.77;
04.12.2024 11:05:46;14.77;
04.12.2024 11:05:47;14.78;
04.12.2024 11:05:48;14.78;
04.12.2024 11:05:49;14.77;
04.12.2024 11:05:50;14.77;
04.12.2024 11:05:51;14.76;
04.12.2024 11:05:52;14.77;
04.12.2024 11:05:56;14.77;
04.12.2024 11:05:57;14.76;
04.12.2024 11:05:58;14.77;
04.12.2024 11:06:04;14.77;
04.12.2024 11:06:05;14.76;
04.12.2024 11:06:06;14.77;
04.12.2024 11:06:07;14.78;
04.12.2024 11:06:08;14.77;
04.12.2024 11:06:09;14.77;
04.12.2024 11:06:10;14.78;
04.12.2024 11:06:11;14.78;
04.12.2024 11:06:12;14.77;
04.12.2024 11:06:14;14.77;
04.12.2024 11:06:15;14.76;
04.12.2024 11:06:16;14.77;
04.12.2024 11:06:17;14.78;
04.12.2024 11:06:18;14.77;
04.12.2024 11:06:19;14.76;
04.12.2024 11:06:24;14.76;
04.12.2024 11:06:25;14.77;
04.12.2024 11:06:26;14.76;
04.12.2024 11:06:28;14.76;
04.12.2024 11:06:29;14.77;
04.12.2024 11:06:31;14.77;
04.12.2024 11:06:32;14.76;
04.12.2024 11:06:33;14.76;
04.12.2024 11:06:34;14.77;
04.12.2024 11:06:35;14.77;
04.12.2024 11:06:36;14.76;
04.12.2024 11:06:37;14.76;
04.12.2024 11:06:38;14.77;
04.12.2024 11:06:39;14.76;
04.12.2024 11:06:40;14.77;
04.12.2024 11:06:43;14.77;
04.12.2024 11:06:44;14.76;
04.12.2024 11:06:48;14.76;
04.12.2024 11:06:49;14.77;
04.12.2024 11:06:50;14.77;
04.12.2024 11:06:51;14.76;
04.12.2024 11:06:52;14.77;
04.12.2024 11:06:53;14.76;
04.12.2024 11:06:58;14.76;
04.12.2024 11:06:59;14.77;
04.12.2024 11:07:00;14.76;
04.12.2024 11:07:02;14.76;
04.12.2024 11:07:03;14.77;
04.12.2024 11:07:04;14.76;
04.12.2024 11:07:05;14.76;
04.12.2024 11:07:06;14.77;
04.12.2024 11:07:07;14.76;
04.12.2024 11:07:13;14.76;
04.12.2024 11:07:14;14.77;
04.12.2024 11:07:15;14.76;
04.12.2024 11:07:16;14.76;
04.12.2024 11:07:17;14.75;
04.12.2024 11:07:18;14.76;
04.12.2024 11:07:20;14.76;
04.12.2024 11:07:21;14.75;
04.12.2024 11:07:23;14.75;
04.12.2024 11:07:24;14.76;
04.12.2024 11:07:27;14.76;
04.12.2024 11:07:28;14.75;
04.12.2024 11:07:29;14.75;
04.12.2024 11:07:30;14.76;
04.12.2024 11:07:32;14.76;
04.12.2024 11:07:33;14.75;
04.12.2024 11:07:34;14.76;
04.12.2024 11:07:36;14.76;
04.12.2024 11:07:37;14.75;
04.12.2024 11:07:38;14.76;
04.12.2024 11:07:39;14.76;
04.12.2024 11:07:40;14.75;
04.12.2024 11:07:41;14.76;
04.12.2024 11:07:42;14.75;
04.12.2024 11:07:43;14.75;
04.12.2024 11:07:44;14.76;
04.12.2024 11:07:45;14.75;
04.12.2024 11:07:48;14.75;
04.12.2024 11:07:49;14.76;
04.12.2024 11:07:50;14.75;
04.12.2024 11:07:52;14.75;
04.12.2024 11:07:53;14.76;
04.12.2024 11:07:54;14.75;
04.12.2024 11:07:55;14.76;
04.12.2024 11:07:56;14.76;
04.12.2024 11:07:57;14.75;
04.12.2024 11:08:02;14.75;
04.12.2024 11:08:03;14.76;
04.12.2024 11:08:04;14.75;
04.12.2024 11:08:09;14.75;
04.12.2024 11:08:10;14.76;
04.12.2024 11:08:11;14.74;
04.12.2024 11:08:12;14.75;
04.12.2024 11:08:13;14.76;
04.12.2024 11:08:14;14.75;
04.12.2024 11:08:22;14.75;
04.12.2024 11:08:23;14.74;
04.12.2024 11:08:24;14.75;
04.12.2024 11:08:25;14.75;
04.12.2024 11:08:26;14.74;
04.12.2024 11:08:27;14.75;
04.12.2024 11:08:28;14.75;
04.12.2024 11:08:29;14.74;
04.12.2024 11:08:30;14.75;
04.12.2024 11:08:34;14.75;
04.12.2024 11:08:35;14.74;
04.12.2024 11:08:38;14.74;
04.12.2024 11:08:39;14.75;
04.12.2024 11:08:40;14.75;
04.12.2024 11:08:41;14.74;
04.12.2024 11:08:43;14.74;
04.12.2024 11:08:44;14.75;
04.12.2024 11:08:45;14.75;
04.12.2024 11:08:46;14.74;
04.12.2024 11:08:48;14.74;
04.12.2024 11:08:49;14.75;
04.12.2024 11:08:50;14.74;
04.12.2024 11:08:51;14.75;
04.12.2024 11:08:52;14.73;
04.12.2024 11:08:53;14.74;
04.12.2024 11:08:54;14.74;
04.12.2024 11:08:55;14.75;
04.12.2024 11:08:56;14.74;
04.12.2024 11:08:59;14.74;
04.12.2024 11:09:00;14.75;
04.12.2024 11:09:02;14.75;
04.12.2024 11:09:03;14.74;
04.12.2024 11:09:05;14.74;
04.12.2024 11:09:06;14.73;
04.12.2024 11:09:07;14.75;
04.12.2024 11:09:08;14.74;
04.12.2024 11:09:17;14.74;
04.12.2024 11:09:18;14.75;
04.12.2024 11:09:19;14.75;
04.12.2024 11:09:20;14.74;
04.12.2024 11:09:25;14.74;
04.12.2024 11:09:26;14.73;
04.12.2024 11:09:27;14.73;
04.12.2024 11:09:28;14.74;
04.12.2024 11:09:29;14.73;
04.12.2024 11:09:30;14.74;
04.12.2024 11:09:31;14.73;
04.12.2024 11:09:33;14.73;
04.12.2024 11:09:34;14.74;
04.12.2024 11:09:35;14.74;
04.12.2024 11:09:36;14.75;
04.12.2024 11:09:37;14.74;
04.12.2024 11:09:38;14.73;
04.12.2024 11:09:39;14.74;
04.12.2024 11:09:40;14.73;
04.12.2024 11:09:41;14.74;
04.12.2024 11:09:42;14.73;
04.12.2024 11:09:44;14.73;
04.12.2024 11:09:45;14.74;
04.12.2024 11:09:50;14.74;
04.12.2024 11:09:51;14.73;
04.12.2024 11:09:53;14.73;
04.12.2024 11:09:54;14.72;
04.12.2024 11:09:55;14.74;
04.12.2024 11:09:57;14.74;
04.12.2024 11:09:58;14.73;
04.12.2024 11:10:02;14.73;
04.12.2024 11:10:03;14.72;
04.12.2024 11:10:04;14.73;
04.12.2024 11:10:06;14.73;
04.12.2024 11:10:07;14.74;
04.12.2024 11:10:08;14.73;
04.12.2024 11:10:09;14.73;
04.12.2024 11:10:10;14.74;
04.12.2024 11:10:11;14.73;
04.12.2024 11:10:12;14.73;
04.12.2024 11:10:13;14.74;
04.12.2024 11:10:14;14.73;
04.12.2024 11:10:23;14.73;
04.12.2024 11:10:24;14.72;
04.12.2024 11:10:25;14.73;
04.12.2024 11:10:36;14.73;
04.12.2024 11:10:37;14.74;
04.12.2024 11:10:38;14.73;
04.12.2024 11:10:39;14.72;
04.12.2024 11:10:40;14.73;
04.12.2024 11:10:43;14.73;
04.12.2024 11:10:44;14.74;
04.12.2024 11:10:45;14.73;
04.12.2024 11:10:46;14.74;
04.12.2024 11:10:47;14.73;
04.12.2024 11:10:51;14.73;
04.12.2024 11:10:52;14.72;
04.12.2024 11:10:53;14.72;
04.12.2024 11:10:54;14.73;
04.12.2024 11:11:00;14.73;
04.12.2024 11:11:01;14.72;
04.12.2024 11:11:03;14.72;
04.12.2024 11:11:04;14.73;
04.12.2024 11:11:05;14.73;
04.12.2024 11:11:06;14.72;
04.12.2024 11:11:07;14.73;
04.12.2024 11:11:08;14.73;
04.12.2024 11:11:09;14.72;
04.12.2024 11:11:10;14.73;
04.12.2024 11:11:11;14.72;
04.12.2024 11:11:12;14.73;
04.12.2024 11:11:13;14.73;
04.12.2024 11:11:14;14.72;
04.12.2024 11:11:15;14.73;
04.12.2024 11:11:16;14.73;
04.12.2024 11:11:17;14.72;
04.12.2024 11:11:18;14.73;
04.12.2024 11:11:19;14.72;
04.12.2024 11:11:20;14.72;
04.12.2024 11:11:21;14.73;
04.12.2024 11:11:22;14.72;
04.12.2024 11:11:27;14.72;
04.12.2024 11:11:28;14.73;
04.12.2024 11:11:29;14.72;
04.12.2024 11:11:33;14.72;
04.12.2024 11:11:34;14.73;
04.12.2024 11:11:35;14.72;
04.12.2024 11:11:36;14.73;
04.12.2024 11:11:37;14.72;
04.12.2024 11:11:49;14.72;
04.12.2024 11:11:50;14.73;
04.12.2024 11:11:51;14.72;
04.12.2024 11:11:53;14.72;
04.12.2024 11:11:54;14.73;
04.12.2024 11:11:55;14.72;
04.12.2024 11:11:59;14.72;
04.12.2024 11:12:00;14.71;
04.12.2024 11:12:01;14.72;
04.12.2024 11:12:03;14.72;
04.12.2024 11:12:04;14.71;
04.12.2024 11:12:05;14.72;
04.12.2024 11:12:06;14.73;
04.12.2024 11:12:07;14.72;
04.12.2024 11:12:08;14.72;
04.12.2024 11:12:09;14.73;
04.12.2024 11:12:10;14.71;
04.12.2024 11:12:11;14.71;
04.12.2024 11:12:12;14.72;
04.12.2024 11:12:15;14.72;
04.12.2024 11:12:16;14.71;
04.12.2024 11:12:17;14.71;
04.12.2024 11:12:18;14.72;
04.12.2024 11:12:19;14.71;
04.12.2024 11:12:22;14.71;
04.12.2024 11:12:23;14.7;
04.12.2024 11:12:24;14.71;
04.12.2024 11:12:27;14.71;
04.12.2024 11:12:28;14.72;
04.12.2024 11:12:30;14.72;
04.12.2024 11:12:31;14.71;
04.12.2024 11:12:32;14.71;
04.12.2024 11:12:33;14.72;
04.12.2024 11:12:34;14.71;
04.12.2024 11:12:35;14.71;
04.12.2024 11:12:36;14.72;
04.12.2024 11:12:37;14.7;
04.12.2024 11:12:38;14.71;
04.12.2024 11:12:44;14.71;
04.12.2024 11:12:45;14.7;
04.12.2024 11:12:47;14.7;
04.12.2024 11:12:48;14.71;
04.12.2024 11:12:50;14.71;
04.12.2024 11:12:51;14.72;
04.12.2024 11:12:52;14.71;
04.12.2024 11:12:53;14.71;
04.12.2024 11:12:54;14.72;
04.12.2024 11:12:55;14.71;
04.12.2024 11:12:56;14.71;
04.12.2024 11:12:57;14.72;
04.12.2024 11:12:58;14.71;
04.12.2024 11:13:02;14.71;
04.12.2024 11:13:03;14.7;
04.12.2024 11:13:04;14.71;
04.12.2024 11:13:05;14.72;
04.12.2024 11:13:06;14.71;
04.12.2024 11:13:07;14.71;
04.12.2024 11:13:08;14.72;
04.12.2024 11:13:09;14.72;
04.12.2024 11:13:10;14.71;
04.12.2024 11:13:11;14.7;
04.12.2024 11:13:12;14.71;
04.12.2024 11:13:14;14.71;
04.12.2024 11:13:15;14.72;
04.12.2024 11:13:16;14.71;
04.12.2024 11:13:24;14.71;
04.12.2024 11:13:25;14.7;
04.12.2024 11:13:26;14.7;
04.12.2024 11:13:27;14.71;
04.12.2024 11:13:28;14.7;
04.12.2024 11:13:29;14.71;
04.12.2024 11:13:30;14.71;
04.12.2024 11:13:31;14.7;
04.12.2024 11:13:32;14.69;
04.12.2024 11:13:33;14.71;
04.12.2024 11:13:34;14.7;
04.12.2024 11:13:35;14.71;
04.12.2024 11:13:36;14.7;
04.12.2024 11:13:37;14.71;
04.12.2024 11:13:38;14.7;
04.12.2024 11:13:39;14.71;
04.12.2024 11:13:40;14.7;
04.12.2024 11:13:41;14.7;
04.12.2024 11:13:42;14.71;
04.12.2024 11:13:43;14.7;
04.12.2024 11:13:44;14.69;
04.12.2024 11:13:45;14.69;
04.12.2024 11:13:46;14.7;
04.12.2024 11:13:50;14.7;
04.12.2024 11:13:51;14.69;
04.12.2024 11:13:52;14.69;
04.12.2024 11:13:53;14.7;
04.12.2024 11:13:54;14.71;
04.12.2024 11:13:55;14.7;
04.12.2024 11:13:58;14.7;
04.12.2024 11:13:59;14.71;
04.12.2024 11:14:00;14.7;
04.12.2024 11:14:01;14.7;
04.12.2024 11:14:02;14.71;
04.12.2024 11:14:03;14.69;
04.12.2024 11:14:04;14.69;
04.12.2024 11:14:05;14.71;
04.12.2024 11:14:06;14.71;
04.12.2024 11:14:07;14.7;
04.12.2024 11:14:08;14.7;
04.12.2024 11:14:09;14.69;
04.12.2024 11:14:10;14.7;
04.12.2024 11:14:12;14.7;
04.12.2024 11:14:13;14.69;
04.12.2024 11:14:14;14.7;
04.12.2024 11:14:15;14.71;
04.12.2024 11:14:16;14.7;
04.12.2024 11:14:22;14.7;
04.12.2024 11:14:23;14.71;
04.12.2024 11:14:24;14.69;
04.12.2024 11:14:25;14.7;
04.12.2024 11:14:26;14.69;
04.12.2024 11:14:27;14.69;
04.12.2024 11:14:28;14.7;
04.12.2024 11:14:29;14.69;
04.12.2024 11:14:30;14.7;
04.12.2024 11:14:31;14.69;
04.12.2024 11:14:34;14.69;
04.12.2024 11:14:35;14.7;
04.12.2024 11:14:36;14.69;
04.12.2024 11:14:37;14.7;
04.12.2024 11:14:38;14.7;
04.12.2024 11:14:39;14.69;
04.12.2024 11:14:41;14.69;
04.12.2024 11:14:42;14.7;
04.12.2024 11:14:43;14.69;
04.12.2024 11:14:44;14.7;
04.12.2024 11:14:45;14.69;
04.12.2024 11:14:46;14.7;
04.12.2024 11:14:47;14.69;
04.12.2024 11:14:49;14.69;
04.12.2024 11:14:50;14.7;
04.12.2024 11:14:54;14.7;
04.12.2024 11:14:55;14.69;
04.12.2024 11:15:10;14.69;
04.12.2024 11:15:11;14.68;
04.12.2024 11:15:12;14.69;
04.12.2024 11:15:18;14.69;
04.12.2024 11:15:19;14.7;
04.12.2024 11:15:20;14.68;
04.12.2024 11:15:21;14.69;
04.12.2024 11:15:24;14.69;
04.12.2024 11:15:25;14.68;
04.12.2024 11:15:26;14.69;
04.12.2024 11:15:27;14.68;
04.12.2024 11:15:28;14.69;
04.12.2024 11:15:29;14.68;
04.12.2024 11:15:30;14.69;
04.12.2024 11:15:31;14.69;
04.12.2024 11:15:32;14.68;
04.12.2024 11:15:33;14.69;
04.12.2024 11:15:36;14.69;
04.12.2024 11:15:37;14.68;
04.12.2024 11:15:38;14.69;
04.12.2024 11:15:39;14.68;
04.12.2024 11:15:44;14.68;
04.12.2024 11:15:45;14.69;
04.12.2024 11:15:48;14.69;
04.12.2024 11:15:49;14.68;
04.12.2024 11:15:52;14.68;
04.12.2024 11:15:53;14.69;
04.12.2024 11:15:55;14.69;
04.12.2024 11:15:56;14.68;
04.12.2024 11:15:58;14.68;
04.12.2024 11:15:59;14.69;
04.12.2024 11:16:00;14.69;
04.12.2024 11:16:01;14.68;
04.12.2024 11:16:04;14.68;
04.12.2024 11:16:05;14.69;
04.12.2024 11:16:06;14.68;
04.12.2024 11:16:08;14.68;
04.12.2024 11:16:09;14.69;
04.12.2024 11:16:10;14.68;
04.12.2024 11:16:15;14.68;
04.12.2024 11:16:16;14.69;
04.12.2024 11:16:17;14.68;
04.12.2024 11:16:18;14.69;
04.12.2024 11:16:19;14.68;
04.12.2024 11:16:20;14.69;
04.12.2024 11:16:21;14.68;
04.12.2024 11:16:27;14.68;
04.12.2024 11:16:28;14.69;
04.12.2024 11:16:29;14.67;
04.12.2024 11:16:30;14.68;
04.12.2024 11:16:34;14.68;
04.12.2024 11:16:35;14.67;
04.12.2024 11:16:36;14.68;
04.12.2024 11:16:41;14.68;
04.12.2024 11:16:42;14.67;
04.12.2024 11:16:43;14.68;
04.12.2024 11:16:45;14.68;
04.12.2024 11:16:46;14.67;
04.12.2024 11:16:47;14.68;
04.12.2024 11:16:48;14.67;
04.12.2024 11:16:49;14.68;
04.12.2024 11:16:50;14.67;
04.12.2024 11:16:52;14.67;
04.12.2024 11:16:53;14.68;
04.12.2024 11:16:54;14.67;
04.12.2024 11:16:55;14.68;
04.12.2024 11:17:02;14.68;
04.12.2024 11:17:03;14.67;
04.12.2024 11:17:04;14.67;
04.12.2024 11:17:05;14.68;
04.12.2024 11:17:06;14.67;
04.12.2024 11:17:07;14.68;
04.12.2024 11:17:08;14.67;
04.12.2024 11:17:09;14.68;
04.12.2024 11:17:10;14.67;
04.12.2024 11:17:11;14.68;
04.12.2024 11:17:12;14.67;
04.12.2024 11:17:13;14.68;
04.12.2024 11:17:17;14.68;
04.12.2024 11:17:18;14.67;
04.12.2024 11:17:22;14.67;
04.12.2024 11:17:23;14.68;
04.12.2024 11:17:24;14.68;
04.12.2024 11:17:25;14.67;
04.12.2024 11:17:26;14.69;
04.12.2024 11:17:27;14.66;
04.12.2024 11:17:28;14.67;
04.12.2024 11:17:29;14.67;
04.12.2024 11:17:30;14.69;
04.12.2024 11:17:31;14.67;
04.12.2024 11:17:33;14.67;
04.12.2024 11:17:34;14.68;
04.12.2024 11:17:35;14.68;
04.12.2024 11:17:36;14.67;
04.12.2024 11:17:39;14.67;
04.12.2024 11:17:40;14.68;
04.12.2024 11:17:41;14.67;
04.12.2024 11:17:42;14.68;
04.12.2024 11:17:43;14.67;
04.12.2024 11:17:44;14.67;
04.12.2024 11:17:45;14.68;
04.12.2024 11:17:46;14.67;
04.12.2024 11:17:47;14.68;
04.12.2024 11:17:48;14.68;
04.12.2024 11:17:49;14.67;
04.12.2024 11:17:50;14.68;
04.12.2024 11:17:51;14.67;
04.12.2024 11:17:52;14.68;
04.12.2024 11:17:53;14.67;
04.12.2024 11:18:03;14.67;
04.12.2024 11:18:04;14.68;
04.12.2024 11:18:05;14.66;
04.12.2024 11:18:06;14.67;
04.12.2024 11:18:09;14.67;
04.12.2024 11:18:10;14.66;
04.12.2024 11:18:11;14.67;
04.12.2024 11:18:16;14.67;
04.12.2024 11:18:17;14.66;
04.12.2024 11:18:18;14.65;
04.12.2024 11:18:19;14.66;
04.12.2024 11:18:20;14.67;
04.12.2024 11:18:21;14.66;
04.12.2024 11:18:22;14.66;
04.12.2024 11:18:23;14.67;
04.12.2024 11:18:24;14.67;
04.12.2024 11:18:25;14.66;
04.12.2024 11:18:27;14.66;
04.12.2024 11:18:28;14.67;
04.12.2024 11:18:29;14.66;
04.12.2024 11:18:31;14.66;
04.12.2024 11:18:32;14.67;
04.12.2024 11:18:33;14.67;
04.12.2024 11:18:34;14.66;
04.12.2024 11:18:35;14.67;
04.12.2024 11:18:37;14.67;
04.12.2024 11:18:38;14.66;
04.12.2024 11:18:39;14.66;
04.12.2024 11:18:40;14.67;
04.12.2024 11:18:41;14.65;
04.12.2024 11:18:42;14.67;
04.12.2024 11:18:43;14.66;
04.12.2024 11:18:46;14.66;
04.12.2024 11:18:47;14.67;
04.12.2024 11:18:48;14.66;
04.12.2024 11:18:49;14.67;
04.12.2024 11:18:50;14.67;
04.12.2024 11:18:51;14.66;
04.12.2024 11:18:52;14.67;
04.12.2024 11:18:53;14.66;
04.12.2024 11:18:54;14.66;
04.12.2024 11:18:55;14.65;
04.12.2024 11:18:56;14.66;
04.12.2024 11:18:57;14.65;
04.12.2024 11:18:58;14.66;
04.12.2024 11:18:59;14.67;
04.12.2024 11:19:00;14.66;
04.12.2024 11:19:01;14.66;
04.12.2024 11:19:02;14.67;
04.12.2024 11:19:03;14.66;
04.12.2024 11:19:05;14.66;
04.12.2024 11:19:06;14.67;
04.12.2024 11:19:07;14.66;
04.12.2024 11:19:09;14.66;
04.12.2024 11:19:10;14.67;
04.12.2024 11:19:11;14.66;
04.12.2024 11:19:15;14.66;
04.12.2024 11:19:16;14.65;
04.12.2024 11:19:17;14.67;
04.12.2024 11:19:18;14.66;
04.12.2024 11:19:19;14.65;
04.12.2024 11:19:20;14.66;
04.12.2024 11:19:21;14.65;
04.12.2024 11:19:22;14.66;
04.12.2024 11:19:23;14.65;
04.12.2024 11:19:28;14.65;
04.12.2024 11:19:29;14.66;
04.12.2024 11:19:30;14.65;
04.12.2024 11:19:32;14.65;
04.12.2024 11:19:33;14.66;
04.12.2024 11:19:34;14.65;
04.12.2024 11:19:35;14.64;
04.12.2024 11:19:36;14.65;
04.12.2024 11:19:38;14.65;
04.12.2024 11:19:39;14.64;
04.12.2024 11:19:40;14.65;
04.12.2024 11:19:46;14.65;
04.12.2024 11:19:47;14.64;
04.12.2024 11:19:48;14.65;
04.12.2024 11:19:50;14.65;
04.12.2024 11:19:51;14.66;
04.12.2024 11:19:52;14.65;
04.12.2024 11:19:53;14.64;
04.12.2024 11:19:54;14.66;
04.12.2024 11:19:55;14.65;
04.12.2024 11:19:58;14.65;
04.12.2024 11:19:59;14.66;
04.12.2024 11:20:00;14.64;
04.12.2024 11:20:01;14.65;
04.12.2024 11:20:02;14.64;
04.12.2024 11:20:03;14.65;
04.12.2024 11:20:04;14.65;
04.12.2024 11:20:05;14.64;
04.12.2024 11:20:06;14.65;
04.12.2024 11:20:07;14.64;
04.12.2024 11:20:08;14.65;
04.12.2024 11:20:10;14.65;
04.12.2024 11:20:11;14.64;
04.12.2024 11:20:14;14.64;
04.12.2024 11:20:15;14.66;
04.12.2024 11:20:16;14.65;
04.12.2024 11:20:17;14.64;
04.12.2024 11:20:18;14.65;
04.12.2024 11:20:19;14.65;
04.12.2024 11:20:20;14.66;
04.12.2024 11:20:21;14.64;
04.12.2024 11:20:23;14.64;
04.12.2024 11:20:24;14.65;
04.12.2024 11:20:25;14.65;
04.12.2024 11:20:26;14.64;
04.12.2024 11:20:27;14.64;
04.12.2024 11:20:28;14.65;
04.12.2024 11:20:29;14.64;
04.12.2024 11:20:31;14.64;
04.12.2024 11:20:32;14.65;
04.12.2024 11:20:33;14.63;
04.12.2024 11:20:34;14.64;
04.12.2024 11:20:35;14.65;
04.12.2024 11:20:36;14.65;
04.12.2024 11:20:37;14.64;
04.12.2024 11:20:40;14.64;
04.12.2024 11:20:41;14.63;
04.12.2024 11:20:42;14.64;
04.12.2024 11:20:48;14.64;
04.12.2024 11:20:49;14.63;
04.12.2024 11:20:50;14.65;
04.12.2024 11:20:51;14.64;
04.12.2024 11:20:53;14.64;
04.12.2024 11:20:54;14.65;
04.12.2024 11:20:55;14.64;
04.12.2024 11:20:56;14.65;
04.12.2024 11:20:57;14.64;
04.12.2024 11:21:00;14.64;
04.12.2024 11:21:01;14.63;
04.12.2024 11:21:02;14.64;
04.12.2024 11:21:06;14.64;
04.12.2024 11:21:07;14.63;
04.12.2024 11:21:08;14.64;
04.12.2024 11:21:23;14.64;
04.12.2024 11:21:24;14.63;
04.12.2024 11:21:25;14.63;
04.12.2024 11:21:26;14.64;
04.12.2024 11:21:30;14.64;
04.12.2024 11:21:31;14.65;
04.12.2024 11:21:32;14.64;
04.12.2024 11:21:33;14.63;
04.12.2024 11:21:34;14.64;
04.12.2024 11:21:37;14.64;
04.12.2024 11:21:38;14.63;
04.12.2024 11:21:39;14.64;
04.12.2024 11:21:42;14.64;
04.12.2024 11:21:43;14.65;
04.12.2024 11:21:44;14.64;
04.12.2024 11:21:47;14.64;
04.12.2024 11:21:48;14.63;
04.12.2024 11:21:49;14.64;
04.12.2024 11:21:50;14.63;
04.12.2024 11:21:51;14.63;
04.12.2024 11:21:52;14.64;
04.12.2024 11:21:53;14.64;
04.12.2024 11:21:54;14.63;
04.12.2024 11:21:55;14.63;
04.12.2024 11:21:56;14.64;
04.12.2024 11:21:57;14.63;
04.12.2024 11:21:58;14.63;
04.12.2024 11:21:59;14.64;
04.12.2024 11:22:00;14.63;
04.12.2024 11:22:01;14.63;
04.12.2024 11:22:02;14.64;
04.12.2024 11:22:03;14.63;
04.12.2024 11:22:14;14.63;
04.12.2024 11:22:15;14.62;
04.12.2024 11:22:16;14.62;
04.12.2024 11:22:17;14.63;
04.12.2024 11:22:20;14.63;
04.12.2024 11:22:21;14.64;
04.12.2024 11:22:22;14.63;
04.12.2024 11:22:26;14.63;
04.12.2024 11:22:27;14.64;
04.12.2024 11:22:28;14.63;
04.12.2024 11:22:37;14.63;
04.12.2024 11:22:38;14.64;
04.12.2024 11:22:39;14.63;
04.12.2024 11:22:40;14.63;
04.12.2024 11:22:41;14.62;
04.12.2024 11:22:42;14.63;
04.12.2024 11:22:43;14.63;
04.12.2024 11:22:44;14.62;
04.12.2024 11:22:45;14.63;
04.12.2024 11:22:46;14.63;
04.12.2024 11:22:47;14.62;
04.12.2024 11:22:49;14.62;
04.12.2024 11:22:50;14.63;
04.12.2024 11:22:51;14.62;
04.12.2024 11:22:52;14.63;
04.12.2024 11:22:53;14.62;
04.12.2024 11:22:55;14.62;
04.12.2024 11:22:56;14.63;
04.12.2024 11:22:57;14.63;
04.12.2024 11:22:58;14.62;
04.12.2024 11:23:01;14.62;
04.12.2024 11:23:02;14.63;
04.12.2024 11:23:03;14.62;
04.12.2024 11:23:04;14.62;
04.12.2024 11:23:05;14.63;
04.12.2024 11:23:06;14.63;
04.12.2024 11:23:07;14.62;
04.12.2024 11:23:08;14.63;
04.12.2024 11:23:09;14.61;
04.12.2024 11:23:10;14.62;
04.12.2024 11:23:11;14.62;
04.12.2024 11:23:12;14.63;
04.12.2024 11:23:13;14.62;
04.12.2024 11:23:27;14.62;
04.12.2024 11:23:28;14.61;
04.12.2024 11:23:29;14.62;
04.12.2024 11:23:35;14.62;
04.12.2024 11:23:36;14.61;
04.12.2024 11:23:37;14.61;
04.12.2024 11:23:38;14.62;
04.12.2024 11:23:42;14.62;
04.12.2024 11:23:43;14.61;
04.12.2024 11:23:44;14.62;
04.12.2024 11:23:46;14.62;
04.12.2024 11:23:47;14.61;
04.12.2024 11:23:48;14.61;
04.12.2024 11:23:49;14.62;
04.12.2024 11:23:50;14.61;
04.12.2024 11:23:53;14.61;
04.12.2024 11:23:54;14.62;
04.12.2024 11:23:55;14.61;
04.12.2024 11:23:57;14.61;
04.12.2024 11:23:58;14.62;
04.12.2024 11:23:59;14.61;
04.12.2024 11:24:00;14.62;
04.12.2024 11:24:01;14.61;
04.12.2024 11:24:02;14.61;
04.12.2024 11:24:03;14.62;
04.12.2024 11:24:07;14.62;
04.12.2024 11:24:08;14.61;
04.12.2024 11:24:09;14.61;
04.12.2024 11:24:10;14.62;
04.12.2024 11:24:11;14.62;
04.12.2024 11:24:12;14.61;
04.12.2024 11:24:14;14.61;
04.12.2024 11:24:15;14.62;
04.12.2024 11:24:17;14.62;
04.12.2024 11:24:18;14.61;
04.12.2024 11:24:19;14.62;
04.12.2024 11:24:20;14.61;
04.12.2024 11:24:26;14.61;
04.12.2024 11:24:27;14.62;
04.12.2024 11:24:28;14.61;
04.12.2024 11:24:31;14.61;
04.12.2024 11:24:32;14.62;
04.12.2024 11:24:33;14.62;
04.12.2024 11:24:34;14.61;
04.12.2024 11:24:36;14.61;
04.12.2024 11:24:37;14.62;
04.12.2024 11:24:38;14.61;
04.12.2024 11:24:39;14.61;
04.12.2024 11:24:40;14.62;
04.12.2024 11:24:41;14.6;
04.12.2024 11:24:42;14.61;
04.12.2024 11:24:43;14.61;
04.12.2024 11:24:44;14.62;
04.12.2024 11:24:45;14.61;
04.12.2024 11:24:47;14.61;
04.12.2024 11:24:48;14.62;
04.12.2024 11:24:49;14.61;
04.12.2024 11:24:50;14.61;
04.12.2024 11:24:51;14.62;
04.12.2024 11:24:52;14.61;
04.12.2024 11:24:53;14.61;
04.12.2024 11:24:54;14.62;
04.12.2024 11:24:55;14.61;
04.12.2024 11:24:56;14.61;
04.12.2024 11:24:57;14.6;
04.12.2024 11:24:58;14.6;
04.12.2024 11:24:59;14.61;
04.12.2024 11:25:02;14.61;
04.12.2024 11:25:03;14.6;
04.12.2024 11:25:04;14.61;
04.12.2024 11:25:05;14.61;
04.12.2024 11:25:06;14.6;
04.12.2024 11:25:07;14.6;
04.12.2024 11:25:08;14.61;
04.12.2024 11:25:09;14.6;
04.12.2024 11:25:10;14.61;
04.12.2024 11:25:11;14.6;
04.12.2024 11:25:15;14.6;
04.12.2024 11:25:16;14.61;
04.12.2024 11:25:19;14.61;
04.12.2024 11:25:20;14.6;
04.12.2024 11:25:22;14.6;
04.12.2024 11:25:23;14.61;
04.12.2024 11:25:25;14.61;
04.12.2024 11:25:26;14.6;
04.12.2024 11:25:28;14.6;
04.12.2024 11:25:29;14.61;
04.12.2024 11:25:30;14.6;
04.12.2024 11:25:31;14.6;
04.12.2024 11:25:32;14.61;
04.12.2024 11:25:34;14.61;
04.12.2024 11:25:35;14.6;
04.12.2024 11:25:36;14.61;
04.12.2024 11:25:37;14.61;
04.12.2024 11:25:38;14.6;
04.12.2024 11:25:40;14.6;
04.12.2024 11:25:41;14.61;
04.12.2024 11:25:43;14.61;
04.12.2024 11:25:44;14.6;
04.12.2024 11:25:45;14.61;
04.12.2024 11:25:46;14.6;
04.12.2024 11:25:48;14.6;
04.12.2024 11:25:49;14.61;
04.12.2024 11:25:50;14.6;
04.12.2024 11:25:51;14.61;
04.12.2024 11:25:52;14.6;
04.12.2024 11:25:53;14.61;
04.12.2024 11:25:54;14.61;
04.12.2024 11:25:55;14.6;
04.12.2024 11:25:56;14.6;
04.12.2024 11:25:57;14.61;
04.12.2024 11:25:58;14.61;
04.12.2024 11:25:59;14.6;
04.12.2024 11:26:00;14.61;
04.12.2024 11:26:01;14.6;
04.12.2024 11:26:05;14.6;
04.12.2024 11:26:06;14.59;
04.12.2024 11:26:07;14.6;
04.12.2024 11:26:14;14.6;
04.12.2024 11:26:15;14.59;
04.12.2024 11:26:16;14.6;
04.12.2024 11:26:20;14.6;
04.12.2024 11:26:21;14.59;
04.12.2024 11:26:22;14.6;
04.12.2024 11:26:27;14.6;
04.12.2024 11:26:28;14.61;
04.12.2024 11:26:29;14.6;
04.12.2024 11:26:35;14.6;
04.12.2024 11:26:36;14.59;
04.12.2024 11:26:37;14.6;
04.12.2024 11:26:42;14.6;
04.12.2024 11:26:43;14.59;
04.12.2024 11:26:44;14.59;
04.12.2024 11:26:45;14.6;
04.12.2024 11:26:46;14.6;
04.12.2024 11:26:47;14.59;
04.12.2024 11:26:56;14.59;
04.12.2024 11:26:57;14.6;
04.12.2024 11:26:59;14.6;
04.12.2024 11:27:00;14.59;
04.12.2024 11:27:01;14.6;
04.12.2024 11:27:02;14.59;
04.12.2024 11:27:12;14.59;
04.12.2024 11:27:13;14.6;
04.12.2024 11:27:14;14.58;
04.12.2024 11:27:15;14.59;
04.12.2024 11:27:16;14.58;
04.12.2024 11:27:17;14.59;
04.12.2024 11:27:18;14.59;
04.12.2024 11:27:19;14.58;
04.12.2024 11:27:20;14.58;
04.12.2024 11:27:21;14.59;
04.12.2024 11:27:24;14.59;
04.12.2024 11:27:25;14.58;
04.12.2024 11:27:26;14.59;
04.12.2024 11:27:27;14.59;
04.12.2024 11:27:28;14.58;
04.12.2024 11:27:29;14.59;
04.12.2024 11:27:30;14.59;
04.12.2024 11:27:31;14.58;
04.12.2024 11:27:33;14.58;
04.12.2024 11:27:34;14.59;
04.12.2024 11:27:35;14.6;
04.12.2024 11:27:36;14.59;
04.12.2024 11:27:42;14.59;
04.12.2024 11:27:43;14.58;
04.12.2024 11:27:44;14.58;
04.12.2024 11:27:45;14.59;
04.12.2024 11:27:46;14.58;
04.12.2024 11:27:47;14.59;
04.12.2024 11:27:48;14.59;
04.12.2024 11:27:49;14.58;
04.12.2024 11:27:50;14.58;
04.12.2024 11:27:51;14.59;
04.12.2024 11:27:52;14.59;
04.12.2024 11:27:53;14.58;
04.12.2024 11:27:57;14.58;
04.12.2024 11:27:58;14.59;
04.12.2024 11:27:59;14.58;
04.12.2024 11:28:00;14.59;
04.12.2024 11:28:01;14.58;
04.12.2024 11:28:02;14.59;
04.12.2024 11:28:05;14.59;
04.12.2024 11:28:06;14.58;
04.12.2024 11:28:07;14.58;
04.12.2024 11:28:08;14.59;
04.12.2024 11:28:09;14.59;
04.12.2024 11:28:10;14.58;
04.12.2024 11:28:11;14.58;
04.12.2024 11:28:12;14.59;
04.12.2024 11:28:13;14.58;
04.12.2024 11:28:14;14.58;
04.12.2024 11:28:15;14.57;
04.12.2024 11:28:16;14.58;
04.12.2024 11:28:23;14.58;
04.12.2024 11:28:24;14.57;
04.12.2024 11:28:25;14.58;
04.12.2024 11:28:35;14.58;
04.12.2024 11:28:36;14.57;
04.12.2024 11:28:37;14.58;
04.12.2024 11:28:38;14.57;
04.12.2024 11:28:39;14.58;
04.12.2024 11:28:43;14.58;
04.12.2024 11:28:44;14.57;
04.12.2024 11:28:45;14.57;
04.12.2024 11:28:46;14.59;
04.12.2024 11:28:47;14.58;
04.12.2024 11:28:53;14.58;
04.12.2024 11:28:54;14.57;
04.12.2024 11:28:55;14.57;
04.12.2024 11:28:56;14.58;
04.12.2024 11:28:57;14.57;
04.12.2024 11:28:58;14.57;
04.12.2024 11:28:59;14.58;
04.12.2024 11:29:00;14.57;
04.12.2024 11:29:01;14.58;
04.12.2024 11:29:02;14.57;
04.12.2024 11:29:03;14.57;
04.12.2024 11:29:04;14.58;
04.12.2024 11:29:05;14.57;
04.12.2024 11:29:11;14.57;
04.12.2024 11:29:12;14.56;
04.12.2024 11:29:13;14.56;
04.12.2024 11:29:14;14.58;
04.12.2024 11:29:15;14.57;
04.12.2024 11:29:17;14.57;
04.12.2024 11:29:18;14.58;
04.12.2024 11:29:19;14.58;
04.12.2024 11:29:20;14.57;
04.12.2024 11:29:31;14.57;
04.12.2024 11:29:32;14.58;
04.12.2024 11:29:33;14.57;
04.12.2024 11:29:36;14.57;
04.12.2024 11:29:37;14.58;
04.12.2024 11:29:38;14.57;
04.12.2024 11:29:46;14.57;
04.12.2024 11:29:47;14.56;
04.12.2024 11:29:48;14.57;
04.12.2024 11:29:52;14.57;
04.12.2024 11:29:53;14.56;
04.12.2024 11:29:54;14.57;
04.12.2024 11:29:55;14.57;
04.12.2024 11:29:56;14.56;
04.12.2024 11:29:57;14.58;
04.12.2024 11:29:58;14.57;
04.12.2024 11:30:08;14.57;
04.12.2024 11:30:09;14.56;
04.12.2024 11:30:10;14.57;
04.12.2024 11:30:15;14.57;
04.12.2024 11:30:16;14.56;
04.12.2024 11:30:17;14.57;
04.12.2024 11:30:18;14.56;
04.12.2024 11:30:19;14.57;
04.12.2024 11:30:21;14.57;
04.12.2024 11:30:22;14.56;
04.12.2024 11:30:23;14.55;
04.12.2024 11:30:24;14.56;
04.12.2024 11:30:25;14.57;
04.12.2024 11:30:26;14.57;
04.12.2024 11:30:27;14.56;
04.12.2024 11:30:28;14.56;
04.12.2024 11:30:29;14.57;
04.12.2024 11:30:31;14.57;
04.12.2024 11:30:32;14.56;
04.12.2024 11:30:37;14.56;
04.12.2024 11:30:38;14.57;
04.12.2024 11:30:39;14.56;
04.12.2024 11:30:40;14.56;
04.12.2024 11:30:41;14.57;
04.12.2024 11:30:42;14.56;
04.12.2024 11:30:44;14.56;
04.12.2024 11:30:45;14.55;
04.12.2024 11:30:46;14.57;
04.12.2024 11:30:47;14.56;
04.12.2024 11:30:48;14.57;
04.12.2024 11:30:49;14.55;
04.12.2024 11:30:50;14.56;
04.12.2024 11:30:52;14.56;
04.12.2024 11:30:53;14.55;
04.12.2024 11:30:54;14.56;
04.12.2024 11:31:05;14.56;
04.12.2024 11:31:06;14.55;
04.12.2024 11:31:07;14.56;
04.12.2024 11:31:10;14.56;
04.12.2024 11:31:11;14.55;
04.12.2024 11:31:12;14.56;
04.12.2024 11:31:13;14.56;
04.12.2024 11:31:14;14.55;
04.12.2024 11:31:15;14.56;
04.12.2024 11:31:20;14.56;
04.12.2024 11:31:21;14.55;
04.12.2024 11:31:22;14.55;
04.12.2024 11:31:23;14.56;
04.12.2024 11:31:25;14.56;
04.12.2024 11:31:26;14.55;
04.12.2024 11:31:27;14.55;
04.12.2024 11:31:28;14.56;
04.12.2024 11:31:29;14.56;
04.12.2024 11:31:30;14.55;
04.12.2024 11:31:31;14.56;
04.12.2024 11:31:32;14.55;
04.12.2024 11:31:34;14.55;
04.12.2024 11:31:35;14.56;
04.12.2024 11:31:36;14.56;
04.12.2024 11:31:37;14.55;
04.12.2024 11:31:38;14.56;
04.12.2024 11:31:39;14.55;
04.12.2024 11:31:51;14.55;
04.12.2024 11:31:52;14.56;
04.12.2024 11:31:53;14.55;
04.12.2024 11:31:54;14.55;
04.12.2024 11:31:55;14.56;
04.12.2024 11:31:56;14.54;
04.12.2024 11:31:57;14.56;
04.12.2024 11:31:58;14.55;
04.12.2024 11:31:59;14.55;
04.12.2024 11:32:00;14.54;
04.12.2024 11:32:01;14.56;
04.12.2024 11:32:02;14.55;
04.12.2024 11:32:03;14.54;
04.12.2024 11:32:04;14.55;
04.12.2024 11:32:09;14.55;
04.12.2024 11:32:10;14.56;
04.12.2024 11:32:11;14.55;
04.12.2024 11:32:12;14.55;
04.12.2024 11:32:13;14.56;
04.12.2024 11:32:14;14.55;
04.12.2024 11:32:15;14.55;
04.12.2024 11:32:16;14.56;
04.12.2024 11:32:17;14.55;
04.12.2024 11:32:18;14.55;
04.12.2024 11:32:19;14.54;
04.12.2024 11:32:20;14.55;
04.12.2024 11:32:21;14.55;
04.12.2024 11:32:22;14.54;
04.12.2024 11:32:23;14.55;
04.12.2024 11:32:27;14.55;
04.12.2024 11:32:28;14.53;
04.12.2024 11:32:29;14.54;
04.12.2024 11:32:30;14.55;
04.12.2024 11:32:31;14.55;
04.12.2024 11:32:32;14.54;
04.12.2024 11:32:33;14.54;
04.12.2024 11:32:34;14.55;
04.12.2024 11:32:42;14.55;
04.12.2024 11:32:43;14.54;
04.12.2024 11:32:44;14.54;
04.12.2024 11:32:45;14.55;
04.12.2024 11:32:46;14.54;
04.12.2024 11:32:48;14.54;
04.12.2024 11:32:49;14.55;
04.12.2024 11:32:50;14.54;
04.12.2024 11:32:51;14.53;
04.12.2024 11:32:52;14.54;
04.12.2024 11:32:53;14.54;
04.12.2024 11:32:54;14.55;
04.12.2024 11:32:55;14.54;
04.12.2024 11:32:58;14.54;
04.12.2024 11:32:59;14.53;
04.12.2024 11:33:00;14.54;
04.12.2024 11:33:21;14.54;
04.12.2024 11:33:22;14.53;
04.12.2024 11:33:23;14.54;
04.12.2024 11:33:24;14.53;
04.12.2024 11:33:26;14.53;
04.12.2024 11:33:27;14.54;
04.12.2024 11:33:28;14.54;
04.12.2024 11:33:29;14.53;
04.12.2024 11:33:32;14.53;
04.12.2024 11:33:33;14.52;
04.12.2024 11:33:34;14.53;
04.12.2024 11:33:38;14.53;
04.12.2024 11:33:39;14.54;
04.12.2024 11:33:40;14.54;
04.12.2024 11:33:41;14.53;
04.12.2024 11:33:42;14.53;
04.12.2024 11:33:43;14.54;
04.12.2024 11:33:45;14.54;
04.12.2024 11:33:46;14.53;
04.12.2024 11:33:48;14.53;
04.12.2024 11:33:49;14.54;
04.12.2024 11:33:50;14.53;
04.12.2024 11:33:51;14.52;
04.12.2024 11:33:52;14.51;
04.12.2024 11:33:53;14.52;
04.12.2024 11:33:54;14.53;
04.12.2024 11:33:59;14.53;
04.12.2024 11:34:00;14.52;
04.12.2024 11:34:01;14.53;
04.12.2024 11:34:02;14.54;
04.12.2024 11:34:03;14.52;
04.12.2024 11:34:04;14.53;
04.12.2024 11:34:12;14.53;
04.12.2024 11:34:13;14.52;
04.12.2024 11:34:14;14.52;
04.12.2024 11:34:15;14.53;
04.12.2024 11:34:16;14.54;
04.12.2024 11:34:17;14.53;
04.12.2024 11:34:18;14.54;
04.12.2024 11:34:19;14.53;
04.12.2024 11:34:21;14.53;
04.12.2024 11:34:22;14.52;
04.12.2024 11:34:23;14.53;
04.12.2024 11:34:26;14.53;
04.12.2024 11:34:27;14.52;
04.12.2024 11:34:29;14.52;
04.12.2024 11:34:30;14.53;
04.12.2024 11:34:32;14.53;
04.12.2024 11:34:33;14.52;
04.12.2024 11:34:35;14.52;
04.12.2024 11:34:36;14.53;
04.12.2024 11:34:38;14.53;
04.12.2024 11:34:39;14.52;
04.12.2024 11:34:40;14.53;
04.12.2024 11:34:43;14.53;
04.12.2024 11:34:44;14.52;
04.12.2024 11:34:45;14.53;
04.12.2024 11:34:46;14.52;
04.12.2024 11:34:51;14.52;
04.12.2024 11:34:52;14.53;
04.12.2024 11:34:53;14.53;
04.12.2024 11:34:54;14.52;
04.12.2024 11:34:55;14.53;
04.12.2024 11:34:56;14.52;
04.12.2024 11:34:57;14.52;
04.12.2024 11:34:58;14.53;
04.12.2024 11:34:59;14.52;
04.12.2024 11:35:00;14.53;
04.12.2024 11:35:01;14.52;
04.12.2024 11:35:09;14.52;
04.12.2024 11:35:10;14.51;
04.12.2024 11:35:11;14.52;
04.12.2024 11:35:13;14.52;
04.12.2024 11:35:14;14.51;
04.12.2024 11:35:15;14.51;
04.12.2024 11:35:16;14.52;
04.12.2024 11:35:20;14.52;
04.12.2024 11:35:21;14.51;
04.12.2024 11:35:23;14.51;
04.12.2024 11:35:24;14.52;
04.12.2024 11:35:37;14.52;
04.12.2024 11:35:38;14.51;
04.12.2024 11:35:39;14.52;
04.12.2024 11:35:40;14.51;
04.12.2024 11:35:44;14.51;
04.12.2024 11:35:45;14.52;
04.12.2024 11:35:46;14.51;
04.12.2024 11:35:47;14.51;
04.12.2024 11:35:48;14.52;
04.12.2024 11:35:49;14.52;
04.12.2024 11:35:50;14.51;
04.12.2024 11:35:59;14.51;
04.12.2024 11:36:00;14.52;
04.12.2024 11:36:01;14.51;
04.12.2024 11:36:10;14.51;
04.12.2024 11:36:11;14.5;
04.12.2024 11:36:12;14.51;
04.12.2024 11:36:17;14.51;
04.12.2024 11:36:18;14.5;
04.12.2024 11:36:19;14.51;
04.12.2024 11:36:20;14.51;
04.12.2024 11:36:21;14.5;
04.12.2024 11:36:22;14.51;
04.12.2024 11:36:25;14.51;
04.12.2024 11:36:26;14.5;
04.12.2024 11:36:28;14.5;
04.12.2024 11:36:29;14.51;
04.12.2024 11:36:30;14.51;
04.12.2024 11:36:31;14.5;
04.12.2024 11:36:32;14.51;
04.12.2024 11:36:38;14.51;
04.12.2024 11:36:39;14.5;
04.12.2024 11:36:40;14.5;
04.12.2024 11:36:41;14.51;
04.12.2024 11:36:42;14.5;
04.12.2024 11:36:43;14.51;
04.12.2024 11:36:44;14.5;
04.12.2024 11:36:45;14.5;
04.12.2024 11:36:46;14.51;
04.12.2024 11:36:47;14.5;
04.12.2024 11:36:48;14.5;
04.12.2024 11:36:49;14.51;
04.12.2024 11:36:50;14.5;
04.12.2024 11:36:58;14.5;
04.12.2024 11:36:59;14.51;
04.12.2024 11:37:00;14.51;
04.12.2024 11:37:01;14.5;
04.12.2024 11:37:06;14.5;
04.12.2024 11:37:07;14.49;
04.12.2024 11:37:08;14.5;
04.12.2024 11:37:11;14.5;
04.12.2024 11:37:12;14.51;
04.12.2024 11:37:13;14.5;
04.12.2024 11:37:15;14.5;
04.12.2024 11:37:16;14.49;
04.12.2024 11:37:17;14.5;
04.12.2024 11:37:18;14.51;
04.12.2024 11:37:19;14.5;
04.12.2024 11:37:28;14.5;
04.12.2024 11:37:29;14.49;
04.12.2024 11:37:30;14.5;
04.12.2024 11:37:32;14.5;
04.12.2024 11:37:33;14.49;
04.12.2024 11:37:34;14.5;
04.12.2024 11:37:35;14.49;
04.12.2024 11:37:36;14.5;
04.12.2024 11:37:37;14.51;
04.12.2024 11:37:38;14.5;
04.12.2024 11:37:39;14.51;
04.12.2024 11:37:40;14.5;
04.12.2024 11:37:41;14.5;
04.12.2024 11:37:42;14.49;
04.12.2024 11:37:44;14.49;
04.12.2024 11:37:45;14.5;
04.12.2024 11:37:46;14.5;
04.12.2024 11:37:47;14.49;
04.12.2024 11:37:48;14.5;
04.12.2024 11:37:49;14.49;
04.12.2024 11:37:50;14.5;
04.12.2024 11:37:52;14.5;
04.12.2024 11:37:53;14.49;
04.12.2024 11:38:03;14.49;
04.12.2024 11:38:04;14.5;
04.12.2024 11:38:05;14.49;
04.12.2024 11:38:06;14.5;
04.12.2024 11:38:07;14.5;
04.12.2024 11:38:08;14.49;
04.12.2024 11:38:10;14.49;
04.12.2024 11:38:11;14.5;
04.12.2024 11:38:12;14.49;
04.12.2024 11:38:14;14.49;
04.12.2024 11:38:15;14.5;
04.12.2024 11:38:16;14.5;
04.12.2024 11:38:17;14.49;
04.12.2024 11:38:21;14.49;
04.12.2024 11:38:22;14.5;
04.12.2024 11:38:23;14.49;
04.12.2024 11:38:25;14.49;
04.12.2024 11:38:26;14.48;
04.12.2024 11:38:27;14.49;
04.12.2024 11:38:28;14.49;
04.12.2024 11:38:29;14.48;
04.12.2024 11:38:30;14.49;
04.12.2024 11:38:35;14.49;
04.12.2024 11:38:36;14.48;
04.12.2024 11:38:37;14.49;
04.12.2024 11:38:38;14.48;
04.12.2024 11:38:39;14.48;
04.12.2024 11:38:40;14.49;
04.12.2024 11:38:45;14.49;
04.12.2024 11:38:46;14.48;
04.12.2024 11:38:47;14.49;
04.12.2024 11:38:48;14.48;
04.12.2024 11:38:49;14.5;
04.12.2024 11:38:50;14.48;
04.12.2024 11:38:51;14.49;
04.12.2024 11:38:52;14.48;
04.12.2024 11:38:53;14.49;
04.12.2024 11:38:54;14.48;
04.12.2024 11:38:56;14.48;
04.12.2024 11:38:57;14.49;
04.12.2024 11:39:02;14.49;
04.12.2024 11:39:03;14.48;
04.12.2024 11:39:04;14.49;
04.12.2024 11:39:05;14.48;
04.12.2024 11:39:07;14.48;
04.12.2024 11:39:08;14.49;
04.12.2024 11:39:09;14.48;
04.12.2024 11:39:10;14.48;
04.12.2024 11:39:11;14.49;
04.12.2024 11:39:13;14.49;
04.12.2024 11:39:14;14.48;
04.12.2024 11:39:15;14.48;
04.12.2024 11:39:16;14.49;
04.12.2024 11:39:17;14.48;
04.12.2024 11:39:20;14.48;
04.12.2024 11:39:21;14.49;
04.12.2024 11:39:23;14.49;
04.12.2024 11:39:24;14.48;
04.12.2024 11:39:28;14.48;
04.12.2024 11:39:29;14.49;
04.12.2024 11:39:31;14.49;
04.12.2024 11:39:32;14.48;
04.12.2024 11:39:52;14.48;
04.12.2024 11:39:53;14.47;
04.12.2024 11:39:54;14.48;
04.12.2024 11:39:55;14.49;
04.12.2024 11:39:56;14.48;
04.12.2024 11:39:58;14.48;
04.12.2024 11:39:59;14.47;
04.12.2024 11:40:00;14.47;
04.12.2024 11:40:01;14.48;
04.12.2024 11:40:02;14.48;
04.12.2024 11:40:03;14.47;
04.12.2024 11:40:04;14.48;
04.12.2024 11:40:05;14.48;
04.12.2024 11:40:06;14.47;
04.12.2024 11:40:07;14.48;
04.12.2024 11:40:08;14.48;
04.12.2024 11:40:09;14.47;
04.12.2024 11:40:21;14.47;
04.12.2024 11:40:22;14.48;
04.12.2024 11:40:23;14.47;
04.12.2024 11:40:24;14.48;
04.12.2024 11:40:25;14.47;
04.12.2024 11:40:29;14.47;
04.12.2024 11:40:30;14.48;
04.12.2024 11:40:31;14.47;
04.12.2024 11:40:32;14.48;
04.12.2024 11:40:33;14.47;
04.12.2024 11:40:43;14.47;
04.12.2024 11:40:44;14.46;
04.12.2024 11:40:45;14.48;
04.12.2024 11:40:46;14.47;
04.12.2024 11:40:47;14.47;
04.12.2024 11:40:48;14.48;
04.12.2024 11:40:49;14.47;
04.12.2024 11:40:50;14.46;
04.12.2024 11:40:51;14.47;
04.12.2024 11:40:52;14.47;
04.12.2024 11:40:53;14.46;
04.12.2024 11:40:54;14.47;
04.12.2024 11:40:55;14.48;
04.12.2024 11:40:56;14.47;
04.12.2024 11:40:57;14.47;
04.12.2024 11:40:58;14.46;
04.12.2024 11:40:59;14.48;
04.12.2024 11:41:00;14.47;
04.12.2024 11:41:13;14.47;
04.12.2024 11:41:14;14.46;
04.12.2024 11:41:15;14.47;
04.12.2024 11:41:16;14.48;
04.12.2024 11:41:17;14.47;
04.12.2024 11:41:18;14.47;
04.12.2024 11:41:19;14.46;
04.12.2024 11:41:20;14.48;
04.12.2024 11:41:21;14.48;
04.12.2024 11:41:22;14.47;
04.12.2024 11:41:23;14.48;
04.12.2024 11:41:24;14.47;
04.12.2024 11:41:29;14.47;
04.12.2024 11:41:30;14.46;
04.12.2024 11:41:31;14.46;
04.12.2024 11:41:32;14.47;
04.12.2024 11:41:33;14.46;
04.12.2024 11:41:35;14.46;
04.12.2024 11:41:36;14.47;
04.12.2024 11:41:37;14.46;
04.12.2024 11:41:38;14.46;
04.12.2024 11:41:39;14.47;
04.12.2024 11:41:40;14.46;
04.12.2024 11:41:41;14.47;
04.12.2024 11:41:42;14.46;
04.12.2024 11:41:43;14.46;
04.12.2024 11:41:44;14.47;
04.12.2024 11:41:45;14.46;
04.12.2024 11:41:46;14.45;
04.12.2024 11:41:47;14.46;
04.12.2024 11:41:48;14.47;
04.12.2024 11:41:49;14.46;
04.12.2024 11:41:50;14.46;
04.12.2024 11:41:51;14.47;
04.12.2024 11:41:52;14.46;
04.12.2024 11:41:53;14.46;
04.12.2024 11:41:54;14.47;
04.12.2024 11:41:55;14.46;
04.12.2024 11:42:01;14.46;
04.12.2024 11:42:02;14.47;
04.12.2024 11:42:03;14.46;
04.12.2024 11:42:04;14.47;
04.12.2024 11:42:05;14.47;
04.12.2024 11:42:06;14.46;
04.12.2024 11:42:07;14.46;
04.12.2024 11:42:08;14.47;
04.12.2024 11:42:09;14.46;
04.12.2024 11:42:15;14.46;
04.12.2024 11:42:16;14.47;
04.12.2024 11:42:17;14.46;
04.12.2024 11:42:20;14.46;
04.12.2024 11:42:21;14.45;
04.12.2024 11:42:22;14.46;
04.12.2024 11:42:24;14.46;
04.12.2024 11:42:25;14.45;
04.12.2024 11:42:26;14.46;
04.12.2024 11:42:27;14.46;
04.12.2024 11:42:28;14.47;
04.12.2024 11:42:29;14.46;
04.12.2024 11:42:39;14.46;
04.12.2024 11:42:40;14.45;
04.12.2024 11:42:41;14.46;
04.12.2024 11:42:42;14.45;
04.12.2024 11:42:43;14.46;
04.12.2024 11:42:44;14.45;
04.12.2024 11:42:45;14.47;
04.12.2024 11:42:46;14.46;
04.12.2024 11:42:47;14.46;
04.12.2024 11:42:48;14.45;
04.12.2024 11:42:49;14.45;
04.12.2024 11:42:50;14.46;
04.12.2024 11:42:51;14.46;
04.12.2024 11:42:52;14.45;
04.12.2024 11:42:53;14.46;
04.12.2024 11:42:54;14.45;
04.12.2024 11:42:55;14.45;
04.12.2024 11:42:56;14.46;
04.12.2024 11:42:57;14.46;
04.12.2024 11:42:58;14.45;
04.12.2024 11:43:00;14.45;
04.12.2024 11:43:01;14.46;
04.12.2024 11:43:03;14.46;
04.12.2024 11:43:04;14.45;
04.12.2024 11:43:05;14.45;
04.12.2024 11:43:06;14.46;
04.12.2024 11:43:07;14.45;
04.12.2024 11:43:11;14.45;
04.12.2024 11:43:12;14.44;
04.12.2024 11:43:13;14.45;
04.12.2024 11:43:24;14.45;
04.12.2024 11:43:25;14.44;
04.12.2024 11:43:26;14.44;
04.12.2024 11:43:27;14.45;
04.12.2024 11:43:30;14.45;
04.12.2024 11:43:31;14.44;
04.12.2024 11:43:32;14.45;
04.12.2024 11:43:33;14.44;
04.12.2024 11:43:34;14.45;
04.12.2024 11:43:35;14.45;
04.12.2024 11:43:36;14.44;
04.12.2024 11:43:37;14.45;
04.12.2024 11:43:38;14.44;
04.12.2024 11:43:39;14.44;
04.12.2024 11:43:40;14.45;
04.12.2024 11:43:41;14.44;
04.12.2024 11:43:42;14.44;
04.12.2024 11:43:43;14.45;
04.12.2024 11:43:44;14.45;
04.12.2024 11:43:45;14.44;
04.12.2024 11:43:46;14.45;
04.12.2024 11:43:51;14.45;
04.12.2024 11:43:52;14.44;
04.12.2024 11:43:53;14.45;
04.12.2024 11:43:57;14.45;
04.12.2024 11:43:58;14.44;
04.12.2024 11:44:03;14.44;
04.12.2024 11:44:04;14.45;
04.12.2024 11:44:05;14.44;
04.12.2024 11:44:07;14.44;
04.12.2024 11:44:08;14.45;
04.12.2024 11:44:09;14.44;
04.12.2024 11:44:10;14.44;
04.12.2024 11:44:11;14.45;
04.12.2024 11:44:12;14.44;
04.12.2024 11:44:13;14.45;
04.12.2024 11:44:14;14.44;
04.12.2024 11:44:16;14.44;
04.12.2024 11:44:17;14.43;
04.12.2024 11:44:18;14.44;
04.12.2024 11:44:24;14.44;
04.12.2024 11:44:25;14.43;
04.12.2024 11:44:26;14.44;
04.12.2024 11:44:27;14.44;
04.12.2024 11:44:28;14.43;
04.12.2024 11:44:29;14.44;
04.12.2024 11:44:31;14.44;
04.12.2024 11:44:32;14.43;
04.12.2024 11:44:33;14.43;
04.12.2024 11:44:34;14.44;
04.12.2024 11:44:36;14.44;
04.12.2024 11:44:37;14.43;
04.12.2024 11:44:38;14.44;
04.12.2024 11:44:40;14.44;
04.12.2024 11:44:41;14.43;
04.12.2024 11:44:42;14.44;
04.12.2024 11:44:43;14.43;
04.12.2024 11:44:44;14.44;
04.12.2024 11:44:45;14.44;
04.12.2024 11:44:46;14.43;
04.12.2024 11:44:47;14.44;
04.12.2024 11:44:48;14.44;
04.12.2024 11:44:49;14.43;
04.12.2024 11:44:50;14.43;
04.12.2024 11:44:51;14.44;
04.12.2024 11:44:52;14.45;
04.12.2024 11:44:53;14.43;
04.12.2024 11:44:54;14.44;
04.12.2024 11:44:55;14.44;
04.12.2024 11:44:56;14.43;
04.12.2024 11:44:57;14.44;
04.12.2024 11:44:58;14.43;
04.12.2024 11:44:59;14.43;
04.12.2024 11:45:00;14.44;
04.12.2024 11:45:01;14.43;
04.12.2024 11:45:02;14.43;
04.12.2024 11:45:03;14.44;
04.12.2024 11:45:04;14.43;
04.12.2024 11:45:06;14.43;
04.12.2024 11:45:07;14.42;
04.12.2024 11:45:08;14.43;
04.12.2024 11:45:09;14.44;
04.12.2024 11:45:11;14.44;
04.12.2024 11:45:12;14.43;
04.12.2024 11:45:29;14.43;
04.12.2024 11:45:30;14.42;
04.12.2024 11:45:31;14.43;
04.12.2024 11:45:32;14.44;
04.12.2024 11:45:34;14.44;
04.12.2024 11:45:35;14.43;
04.12.2024 11:45:41;14.43;
04.12.2024 11:45:42;14.42;
04.12.2024 11:45:43;14.42;
04.12.2024 11:45:44;14.43;
04.12.2024 11:45:46;14.43;
04.12.2024 11:45:47;14.42;
04.12.2024 11:45:48;14.43;
04.12.2024 11:45:49;14.44;
04.12.2024 11:45:50;14.42;
04.12.2024 11:45:52;14.42;
04.12.2024 11:45:53;14.43;
04.12.2024 11:45:54;14.42;
04.12.2024 11:45:55;14.43;
04.12.2024 11:45:58;14.43;
04.12.2024 11:45:59;14.42;
04.12.2024 11:46:00;14.43;
04.12.2024 11:46:01;14.43;
04.12.2024 11:46:02;14.42;
04.12.2024 11:46:03;14.43;
04.12.2024 11:46:06;14.43;
04.12.2024 11:46:07;14.42;
04.12.2024 11:46:08;14.43;
04.12.2024 11:46:10;14.43;
04.12.2024 11:46:11;14.42;
04.12.2024 11:46:12;14.43;
04.12.2024 11:46:13;14.43;
04.12.2024 11:46:14;14.42;
04.12.2024 11:46:25;14.42;
04.12.2024 11:46:26;14.43;
04.12.2024 11:46:27;14.42;
04.12.2024 11:46:30;14.42;
04.12.2024 11:46:31;14.43;
04.12.2024 11:46:32;14.41;
04.12.2024 11:46:33;14.43;
04.12.2024 11:46:34;14.43;
04.12.2024 11:46:35;14.42;
04.12.2024 11:46:44;14.42;
04.12.2024 11:46:45;14.41;
04.12.2024 11:46:46;14.42;
04.12.2024 11:46:47;14.42;
04.12.2024 11:46:48;14.41;
04.12.2024 11:46:49;14.42;
04.12.2024 11:46:50;14.42;
04.12.2024 11:46:51;14.41;
04.12.2024 11:46:52;14.41;
04.12.2024 11:46:53;14.42;
04.12.2024 11:46:54;14.41;
04.12.2024 11:46:55;14.41;
04.12.2024 11:46:56;14.42;
04.12.2024 11:46:58;14.42;
04.12.2024 11:46:59;14.41;
04.12.2024 11:47:00;14.42;
04.12.2024 11:47:01;14.43;
04.12.2024 11:47:02;14.41;
04.12.2024 11:47:03;14.42;
04.12.2024 11:47:04;14.41;
04.12.2024 11:47:05;14.42;
04.12.2024 11:47:06;14.42;
04.12.2024 11:47:07;14.41;
04.12.2024 11:47:12;14.41;
04.12.2024 11:47:13;14.42;
04.12.2024 11:47:14;14.41;
04.12.2024 11:47:18;14.41;
04.12.2024 11:47:19;14.4;
04.12.2024 11:47:20;14.41;
04.12.2024 11:47:21;14.42;
04.12.2024 11:47:22;14.4;
04.12.2024 11:47:23;14.41;
04.12.2024 11:47:25;14.41;
04.12.2024 11:47:26;14.4;
04.12.2024 11:47:27;14.42;
04.12.2024 11:47:28;14.41;
04.12.2024 11:47:29;14.41;
04.12.2024 11:47:30;14.42;
04.12.2024 11:47:31;14.41;
04.12.2024 11:47:32;14.42;
04.12.2024 11:47:33;14.41;
04.12.2024 11:47:39;14.41;
04.12.2024 11:47:40;14.42;
04.12.2024 11:47:41;14.41;
04.12.2024 11:47:42;14.42;
04.12.2024 11:47:43;14.41;
04.12.2024 11:47:44;14.42;
04.12.2024 11:47:45;14.41;
04.12.2024 11:47:46;14.41;
04.12.2024 11:47:47;14.4;
04.12.2024 11:47:48;14.41;
04.12.2024 11:47:51;14.41;
04.12.2024 11:47:52;14.4;
04.12.2024 11:47:53;14.41;
04.12.2024 11:47:55;14.41;
04.12.2024 11:47:56;14.4;
04.12.2024 11:47:57;14.41;
04.12.2024 11:48:08;14.41;
04.12.2024 11:48:09;14.4;
04.12.2024 11:48:10;14.41;
04.12.2024 11:48:12;14.41;
04.12.2024 11:48:13;14.4;
04.12.2024 11:48:15;14.4;
04.12.2024 11:48:16;14.41;
04.12.2024 11:48:17;14.42;
04.12.2024 11:48:18;14.41;
04.12.2024 11:48:19;14.41;
04.12.2024 11:48:20;14.4;
04.12.2024 11:48:21;14.4;
04.12.2024 11:48:22;14.41;
04.12.2024 11:48:28;14.41;
04.12.2024 11:48:29;14.4;
04.12.2024 11:48:38;14.4;
04.12.2024 11:48:39;14.41;
04.12.2024 11:48:40;14.4;
04.12.2024 11:48:54;14.4;
04.12.2024 11:48:55;14.41;
04.12.2024 11:48:56;14.4;
04.12.2024 11:48:57;14.4;
04.12.2024 11:48:58;14.41;
04.12.2024 11:48:59;14.41;
04.12.2024 11:49:00;14.4;
04.12.2024 11:49:01;14.4;
04.12.2024 11:49:02;14.41;
04.12.2024 11:49:03;14.4;
04.12.2024 11:49:04;14.41;
04.12.2024 11:49:05;14.4;
04.12.2024 11:49:12;14.4;
04.12.2024 11:49:13;14.39;
04.12.2024 11:49:14;14.4;
04.12.2024 11:49:16;14.4;
04.12.2024 11:49:17;14.39;
04.12.2024 11:49:19;14.39;
04.12.2024 11:49:20;14.4;
04.12.2024 11:49:21;14.41;
04.12.2024 11:49:22;14.4;
04.12.2024 11:49:29;14.4;
04.12.2024 11:49:30;14.39;
04.12.2024 11:49:31;14.4;
04.12.2024 11:49:33;14.4;
04.12.2024 11:49:34;14.39;
04.12.2024 11:49:35;14.41;
04.12.2024 11:49:36;14.39;
04.12.2024 11:49:37;14.4;
04.12.2024 11:49:39;14.4;
04.12.2024 11:49:40;14.39;
04.12.2024 11:49:41;14.4;
04.12.2024 11:49:42;14.39;
04.12.2024 11:49:44;14.39;
04.12.2024 11:49:45;14.4;
04.12.2024 11:49:46;14.39;
04.12.2024 11:49:47;14.4;
04.12.2024 11:49:48;14.4;
04.12.2024 11:49:49;14.39;
04.12.2024 11:49:50;14.4;
04.12.2024 11:49:52;14.4;
04.12.2024 11:49:53;14.39;
04.12.2024 11:49:54;14.38;
04.12.2024 11:49:55;14.4;
04.12.2024 11:49:56;14.39;
04.12.2024 11:50:00;14.39;
04.12.2024 11:50:01;14.4;
04.12.2024 11:50:02;14.39;
04.12.2024 11:50:03;14.4;
04.12.2024 11:50:05;14.4;
04.12.2024 11:50:06;14.39;
04.12.2024 11:50:07;14.39;
04.12.2024 11:50:08;14.4;
04.12.2024 11:50:09;14.4;
04.12.2024 11:50:10;14.39;
04.12.2024 11:50:13;14.39;
04.12.2024 11:50:14;14.4;
04.12.2024 11:50:15;14.39;
04.12.2024 11:50:17;14.39;
04.12.2024 11:50:18;14.38;
04.12.2024 11:50:19;14.39;
04.12.2024 11:50:24;14.39;
04.12.2024 11:50:25;14.38;
04.12.2024 11:50:27;14.38;
04.12.2024 11:50:28;14.39;
04.12.2024 11:50:30;14.39;
04.12.2024 11:50:31;14.4;
04.12.2024 11:50:32;14.39;
04.12.2024 11:50:45;14.39;
04.12.2024 11:50:46;14.4;
04.12.2024 11:50:47;14.39;
04.12.2024 11:50:52;14.39;
04.12.2024 11:50:53;14.38;
04.12.2024 11:50:54;14.38;
04.12.2024 11:50:55;14.39;
04.12.2024 11:50:56;14.38;
04.12.2024 11:50:57;14.38;
04.12.2024 11:50:58;14.39;
04.12.2024 11:50:59;14.38;
04.12.2024 11:51:01;14.38;
04.12.2024 11:51:02;14.39;
04.12.2024 11:51:03;14.39;
04.12.2024 11:51:04;14.38;
04.12.2024 11:51:08;14.38;
04.12.2024 11:51:09;14.39;
04.12.2024 11:51:10;14.38;
04.12.2024 11:51:11;14.38;
04.12.2024 11:51:12;14.37;
04.12.2024 11:51:13;14.38;
04.12.2024 11:51:14;14.39;
04.12.2024 11:51:15;14.38;
04.12.2024 11:51:16;14.38;
04.12.2024 11:51:17;14.37;
04.12.2024 11:51:18;14.39;
04.12.2024 11:51:19;14.38;
04.12.2024 11:51:22;14.38;
04.12.2024 11:51:23;14.37;
04.12.2024 11:51:24;14.38;
04.12.2024 11:51:30;14.38;
04.12.2024 11:51:31;14.37;
04.12.2024 11:51:32;14.38;
04.12.2024 11:51:33;14.38;
04.12.2024 11:51:34;14.39;
04.12.2024 11:51:35;14.38;
04.12.2024 11:51:40;14.38;
04.12.2024 11:51:41;14.37;
04.12.2024 11:51:42;14.38;
04.12.2024 11:51:43;14.37;
04.12.2024 11:51:44;14.38;
04.12.2024 11:51:45;14.37;
04.12.2024 11:51:48;14.37;
04.12.2024 11:51:49;14.38;
04.12.2024 11:51:50;14.37;
04.12.2024 11:51:51;14.38;
04.12.2024 11:51:52;14.37;
04.12.2024 11:51:54;14.37;
04.12.2024 11:51:55;14.38;
04.12.2024 11:51:56;14.37;
04.12.2024 11:51:57;14.38;
04.12.2024 11:52:00;14.38;
04.12.2024 11:52:01;14.37;
04.12.2024 11:52:02;14.38;
04.12.2024 11:52:03;14.38;
04.12.2024 11:52:04;14.37;
04.12.2024 11:52:05;14.37;
04.12.2024 11:52:06;14.38;
04.12.2024 11:52:07;14.38;
04.12.2024 11:52:08;14.37;
04.12.2024 11:52:09;14.38;
04.12.2024 11:52:11;14.38;
04.12.2024 11:52:12;14.37;
04.12.2024 11:52:13;14.37;
04.12.2024 11:52:14;14.38;
04.12.2024 11:52:16;14.38;
04.12.2024 11:52:17;14.37;
04.12.2024 11:52:18;14.38;
04.12.2024 11:52:19;14.37;
04.12.2024 11:52:20;14.38;
04.12.2024 11:52:21;14.37;
04.12.2024 11:52:22;14.38;
04.12.2024 11:52:23;14.37;
04.12.2024 11:52:28;14.37;
04.12.2024 11:52:29;14.36;
04.12.2024 11:52:30;14.37;
04.12.2024 11:52:31;14.38;
04.12.2024 11:52:32;14.37;
04.12.2024 11:52:33;14.36;
04.12.2024 11:52:34;14.38;
04.12.2024 11:52:35;14.37;
04.12.2024 11:52:36;14.38;
04.12.2024 11:52:37;14.37;
04.12.2024 11:52:39;14.37;
04.12.2024 11:52:40;14.38;
04.12.2024 11:52:42;14.38;
04.12.2024 11:52:43;14.37;
04.12.2024 11:52:44;14.37;
04.12.2024 11:52:45;14.38;
04.12.2024 11:52:46;14.37;
04.12.2024 11:52:51;14.37;
04.12.2024 11:52:52;14.38;
04.12.2024 11:52:53;14.37;
04.12.2024 11:52:56;14.37;
04.12.2024 11:52:57;14.38;
04.12.2024 11:52:58;14.37;
04.12.2024 11:53:12;14.37;
04.12.2024 11:53:13;14.36;
04.12.2024 11:53:14;14.37;
04.12.2024 11:53:16;14.37;
04.12.2024 11:53:17;14.36;
04.12.2024 11:53:18;14.38;
04.12.2024 11:53:19;14.36;
04.12.2024 11:53:20;14.37;
04.12.2024 11:53:21;14.36;
04.12.2024 11:53:22;14.37;
04.12.2024 11:53:23;14.36;
04.12.2024 11:53:24;14.37;
04.12.2024 11:53:25;14.36;
04.12.2024 11:53:26;14.37;
04.12.2024 11:53:28;14.37;
04.12.2024 11:53:29;14.36;
04.12.2024 11:53:30;14.36;
04.12.2024 11:53:31;14.37;
04.12.2024 11:53:32;14.37;
04.12.2024 11:53:33;14.36;
04.12.2024 11:53:34;14.37;
04.12.2024 11:53:36;14.37;
04.12.2024 11:53:37;14.36;
04.12.2024 11:53:41;14.36;
04.12.2024 11:53:42;14.37;
04.12.2024 11:53:43;14.36;
04.12.2024 11:53:44;14.36;
04.12.2024 11:53:45;14.37;
04.12.2024 11:53:46;14.36;
04.12.2024 11:53:47;14.37;
04.12.2024 11:53:48;14.36;
04.12.2024 11:53:49;14.37;
04.12.2024 11:53:50;14.36;
04.12.2024 11:54:01;14.36;
04.12.2024 11:54:02;14.35;
04.12.2024 11:54:03;14.36;
04.12.2024 11:54:09;14.36;
04.12.2024 11:54:10;14.35;
04.12.2024 11:54:11;14.36;
04.12.2024 11:54:12;14.37;
04.12.2024 11:54:13;14.36;
04.12.2024 11:54:14;14.37;
04.12.2024 11:54:16;14.37;
04.12.2024 11:54:17;14.36;
04.12.2024 11:54:20;14.36;
04.12.2024 11:54:21;14.35;
04.12.2024 11:54:22;14.36;
04.12.2024 11:54:26;14.36;
04.12.2024 11:54:27;14.35;
04.12.2024 11:54:28;14.36;
04.12.2024 11:54:29;14.36;
04.12.2024 11:54:30;14.35;
04.12.2024 11:54:31;14.36;
04.12.2024 11:54:32;14.36;
04.12.2024 11:54:33;14.35;
04.12.2024 11:54:34;14.36;
04.12.2024 11:54:35;14.36;
04.12.2024 11:54:36;14.35;
04.12.2024 11:54:38;14.35;
04.12.2024 11:54:39;14.36;
04.12.2024 11:54:41;14.36;
04.12.2024 11:54:42;14.35;
04.12.2024 11:54:54;14.35;
04.12.2024 11:54:55;14.36;
04.12.2024 11:54:56;14.35;
04.12.2024 11:54:57;14.34;
04.12.2024 11:54:58;14.35;
04.12.2024 11:54:59;14.36;
04.12.2024 11:55:00;14.35;
04.12.2024 11:55:02;14.35;
04.12.2024 11:55:03;14.36;
04.12.2024 11:55:04;14.35;
04.12.2024 11:55:06;14.35;
04.12.2024 11:55:07;14.36;
04.12.2024 11:55:08;14.35;
04.12.2024 11:55:09;14.35;
04.12.2024 11:55:10;14.36;
04.12.2024 11:55:11;14.35;
04.12.2024 11:55:12;14.35;
04.12.2024 11:55:13;14.34;
04.12.2024 11:55:14;14.34;
04.12.2024 11:55:15;14.35;
04.12.2024 11:55:17;14.35;
04.12.2024 11:55:18;14.34;
04.12.2024 11:55:19;14.35;
04.12.2024 11:55:20;14.35;
04.12.2024 11:55:21;14.36;
04.12.2024 11:55:22;14.35;
04.12.2024 11:55:29;14.35;
04.12.2024 11:55:30;14.34;
04.12.2024 11:55:31;14.34;
04.12.2024 11:55:32;14.35;
04.12.2024 11:55:37;14.35;
04.12.2024 11:55:38;14.34;
04.12.2024 11:55:39;14.35;
04.12.2024 11:55:40;14.34;
04.12.2024 11:55:42;14.34;
04.12.2024 11:55:43;14.35;
04.12.2024 11:55:44;14.34;
04.12.2024 11:55:45;14.35;
04.12.2024 11:55:46;14.34;
04.12.2024 11:55:47;14.34;
04.12.2024 11:55:48;14.35;
04.12.2024 11:55:50;14.35;
04.12.2024 11:55:51;14.34;
04.12.2024 11:55:52;14.34;
04.12.2024 11:55:53;14.35;
04.12.2024 11:55:54;14.34;
04.12.2024 11:56:01;14.34;
04.12.2024 11:56:02;14.33;
04.12.2024 11:56:03;14.34;
04.12.2024 11:56:04;14.34;
04.12.2024 11:56:05;14.35;
04.12.2024 11:56:06;14.34;
04.12.2024 11:56:07;14.33;
04.12.2024 11:56:08;14.35;
04.12.2024 11:56:09;14.35;
04.12.2024 11:56:10;14.34;
04.12.2024 11:56:11;14.35;
04.12.2024 11:56:12;14.34;
04.12.2024 11:56:22;14.34;
04.12.2024 11:56:23;14.33;
04.12.2024 11:56:24;14.33;
04.12.2024 11:56:25;14.34;
04.12.2024 11:56:26;14.33;
04.12.2024 11:56:27;14.34;
04.12.2024 11:56:30;14.34;
04.12.2024 11:56:31;14.33;
04.12.2024 11:56:32;14.34;
04.12.2024 11:56:37;14.34;
04.12.2024 11:56:38;14.33;
04.12.2024 11:56:39;14.33;
04.12.2024 11:56:40;14.34;
04.12.2024 11:56:42;14.34;
04.12.2024 11:56:43;14.35;
04.12.2024 11:56:44;14.35;
04.12.2024 11:56:45;14.33;
04.12.2024 11:56:46;14.33;
04.12.2024 11:56:47;14.34;
04.12.2024 11:56:49;14.34;
04.12.2024 11:56:50;14.33;
04.12.2024 11:56:51;14.34;
04.12.2024 11:56:56;14.34;
04.12.2024 11:56:57;14.33;
04.12.2024 11:56:58;14.34;
04.12.2024 11:56:59;14.33;
04.12.2024 11:57:00;14.34;
04.12.2024 11:57:01;14.33;
04.12.2024 11:57:02;14.33;
04.12.2024 11:57:03;14.34;
04.12.2024 11:57:07;14.34;
04.12.2024 11:57:08;14.33;
04.12.2024 11:57:09;14.34;
04.12.2024 11:57:10;14.34;
04.12.2024 11:57:11;14.33;
04.12.2024 11:57:12;14.33;
04.12.2024 11:57:13;14.32;
04.12.2024 11:57:14;14.33;
04.12.2024 11:57:15;14.33;
04.12.2024 11:57:16;14.34;
04.12.2024 11:57:17;14.33;
04.12.2024 11:57:18;14.34;
04.12.2024 11:57:19;14.34;
04.12.2024 11:57:20;14.33;
04.12.2024 11:57:21;14.34;
04.12.2024 11:57:22;14.34;
04.12.2024 11:57:23;14.33;
04.12.2024 11:57:24;14.34;
04.12.2024 11:57:25;14.33;
04.12.2024 11:57:28;14.33;
04.12.2024 11:57:29;14.32;
04.12.2024 11:57:30;14.33;
04.12.2024 11:57:39;14.33;
04.12.2024 11:57:40;14.34;
04.12.2024 11:57:41;14.32;
04.12.2024 11:57:42;14.33;
04.12.2024 11:57:46;14.33;
04.12.2024 11:57:47;14.32;
04.12.2024 11:57:48;14.34;
04.12.2024 11:57:49;14.33;
04.12.2024 11:57:50;14.32;
04.12.2024 11:57:51;14.33;
04.12.2024 11:57:52;14.34;
04.12.2024 11:57:53;14.33;
04.12.2024 11:57:55;14.33;
04.12.2024 11:57:56;14.32;
04.12.2024 11:57:57;14.32;
04.12.2024 11:57:58;14.33;
04.12.2024 11:57:59;14.32;
04.12.2024 11:58:00;14.33;
04.12.2024 11:58:02;14.33;
04.12.2024 11:58:03;14.32;
04.12.2024 11:58:04;14.32;
04.12.2024 11:58:05;14.33;
04.12.2024 11:58:06;14.32;
04.12.2024 11:58:07;14.32;
04.12.2024 11:58:08;14.33;
04.12.2024 11:58:09;14.32;
04.12.2024 11:58:10;14.32;
04.12.2024 11:58:11;14.33;
04.12.2024 11:58:15;14.33;
04.12.2024 11:58:16;14.32;
04.12.2024 11:58:17;14.32;
04.12.2024 11:58:18;14.33;
04.12.2024 11:58:19;14.32;
04.12.2024 11:58:20;14.33;
04.12.2024 11:58:21;14.33;
04.12.2024 11:58:22;14.32;
04.12.2024 11:58:25;14.32;
04.12.2024 11:58:26;14.33;
04.12.2024 11:58:27;14.32;
04.12.2024 11:58:30;14.32;
04.12.2024 11:58:31;14.33;
04.12.2024 11:58:32;14.32;
04.12.2024 11:58:34;14.32;
04.12.2024 11:58:35;14.31;
04.12.2024 11:58:36;14.33;
04.12.2024 11:58:37;14.32;
04.12.2024 11:58:45;14.32;
04.12.2024 11:58:46;14.31;
04.12.2024 11:58:47;14.32;
04.12.2024 11:58:51;14.32;
04.12.2024 11:58:52;14.31;
04.12.2024 11:58:53;14.32;
04.12.2024 11:58:54;14.31;
04.12.2024 11:58:56;14.31;
04.12.2024 11:58:57;14.32;
04.12.2024 11:59:06;14.32;
04.12.2024 11:59:07;14.31;
04.12.2024 11:59:08;14.32;
04.12.2024 11:59:09;14.31;
04.12.2024 11:59:10;14.31;
04.12.2024 11:59:11;14.32;
04.12.2024 11:59:12;14.31;
04.12.2024 11:59:13;14.32;
04.12.2024 11:59:16;14.32;
04.12.2024 11:59:17;14.31;
04.12.2024 11:59:18;14.32;
04.12.2024 11:59:19;14.32;
04.12.2024 11:59:20;14.31;
04.12.2024 11:59:21;14.32;
04.12.2024 11:59:22;14.32;
04.12.2024 11:59:23;14.31;
04.12.2024 11:59:28;14.31;
04.12.2024 11:59:29;14.3;
04.12.2024 11:59:30;14.31;
04.12.2024 11:59:31;14.31;
04.12.2024 11:59:32;14.32;
04.12.2024 11:59:33;14.31;
04.12.2024 11:59:34;14.31;
04.12.2024 11:59:35;14.32;
04.12.2024 11:59:36;14.31;
04.12.2024 11:59:37;14.3;
04.12.2024 11:59:38;14.31;
04.12.2024 11:59:42;14.31;
04.12.2024 11:59:43;14.32;
04.12.2024 11:59:44;14.32;
04.12.2024 11:59:45;14.31;
04.12.2024 11:59:47;14.31;
04.12.2024 11:59:48;14.32;
04.12.2024 11:59:49;14.31;
04.12.2024 11:59:52;14.31;
04.12.2024 11:59:53;14.32;
04.12.2024 11:59:55;14.32;
04.12.2024 11:59:56;14.3;
04.12.2024 11:59:57;14.31;
04.12.2024 11:59:58;14.32;
04.12.2024 11:59:59;14.31;
04.12.2024 12:00:06;14.31;
04.12.2024 12:00:07;14.3;
04.12.2024 12:00:08;14.31;
04.12.2024 12:00:11;14.31;
04.12.2024 12:00:12;14.3;
04.12.2024 12:00:13;14.31;
04.12.2024 12:00:19;14.31;
04.12.2024 12:00:20;14.3;
04.12.2024 12:00:21;14.31;
04.12.2024 12:00:22;14.3;
04.12.2024 12:00:23;14.3;
04.12.2024 12:00:24;14.31;
04.12.2024 12:00:25;14.3;
04.12.2024 12:00:26;14.31;
04.12.2024 12:00:27;14.3;
04.12.2024 12:00:28;14.3;
04.12.2024 12:00:29;14.31;
04.12.2024 12:00:30;14.3;
04.12.2024 12:00:31;14.31;
04.12.2024 12:00:32;14.3;
04.12.2024 12:00:34;14.3;
04.12.2024 12:00:35;14.29;
04.12.2024 12:00:36;14.3;
04.12.2024 12:00:41;14.3;
04.12.2024 12:00:42;14.31;
04.12.2024 12:00:43;14.3;
04.12.2024 12:00:44;14.3;
04.12.2024 12:00:45;14.31;
04.12.2024 12:00:46;14.3;
04.12.2024 12:00:48;14.3;
04.12.2024 12:00:49;14.31;
04.12.2024 12:00:50;14.31;
04.12.2024 12:00:51;14.3;
04.12.2024 12:00:52;14.3;
04.12.2024 12:00:53;14.31;
04.12.2024 12:00:54;14.3;
04.12.2024 12:00:56;14.3;
04.12.2024 12:00:57;14.31;
04.12.2024 12:00:58;14.31;
04.12.2024 12:00:59;14.3;
04.12.2024 12:01:04;14.3;
04.12.2024 12:01:05;14.29;
04.12.2024 12:01:06;14.29;
04.12.2024 12:01:07;14.3;
04.12.2024 12:01:09;14.3;
04.12.2024 12:01:10;14.29;
04.12.2024 12:01:11;14.29;
04.12.2024 12:01:12;14.3;
04.12.2024 12:01:16;14.3;
04.12.2024 12:01:17;14.29;
04.12.2024 12:01:18;14.3;
04.12.2024 12:01:19;14.29;
04.12.2024 12:01:20;14.3;
04.12.2024 12:01:21;14.29;
04.12.2024 12:01:22;14.3;
04.12.2024 12:01:23;14.3;
04.12.2024 12:01:24;14.29;
04.12.2024 12:01:26;14.29;
04.12.2024 12:01:27;14.3;
04.12.2024 12:01:28;14.29;
04.12.2024 12:01:30;14.29;
04.12.2024 12:01:31;14.3;
04.12.2024 12:01:32;14.3;
04.12.2024 12:01:33;14.29;
04.12.2024 12:01:37;14.29;
04.12.2024 12:01:38;14.3;
04.12.2024 12:01:40;14.3;
04.12.2024 12:01:41;14.29;
04.12.2024 12:01:45;14.29;
04.12.2024 12:01:46;14.3;
04.12.2024 12:01:48;14.3;
04.12.2024 12:01:49;14.29;
04.12.2024 12:01:50;14.3;
04.12.2024 12:01:51;14.29;
04.12.2024 12:01:52;14.29;
04.12.2024 12:01:53;14.3;
04.12.2024 12:01:54;14.3;
04.12.2024 12:01:55;14.29;
04.12.2024 12:01:57;14.29;
04.12.2024 12:01:58;14.3;
04.12.2024 12:01:59;14.29;
04.12.2024 12:02:00;14.3;
04.12.2024 12:02:01;14.29;
04.12.2024 12:02:02;14.3;
04.12.2024 12:02:03;14.3;
04.12.2024 12:02:04;14.29;
04.12.2024 12:02:05;14.29;
04.12.2024 12:02:06;14.3;
04.12.2024 12:02:07;14.29;
04.12.2024 12:02:10;14.29;
04.12.2024 12:02:11;14.28;
04.12.2024 12:02:12;14.29;
04.12.2024 12:02:13;14.28;
04.12.2024 12:02:14;14.3;
04.12.2024 12:02:15;14.29;
04.12.2024 12:02:16;14.28;
04.12.2024 12:02:17;14.29;
04.12.2024 12:02:23;14.29;
04.12.2024 12:02:24;14.28;
04.12.2024 12:02:25;14.29;
04.12.2024 12:02:27;14.29;
04.12.2024 12:02:28;14.3;
04.12.2024 12:02:29;14.29;
04.12.2024 12:02:41;14.29;
04.12.2024 12:02:42;14.28;
04.12.2024 12:02:43;14.29;
04.12.2024 12:02:46;14.29;
04.12.2024 12:02:47;14.28;
04.12.2024 12:02:48;14.28;
04.12.2024 12:02:49;14.29;
04.12.2024 12:02:50;14.28;
04.12.2024 12:02:51;14.29;
04.12.2024 12:02:52;14.28;
04.12.2024 12:02:55;14.28;
04.12.2024 12:02:56;14.29;
04.12.2024 12:02:57;14.28;
04.12.2024 12:02:58;14.29;
04.12.2024 12:02:59;14.28;
04.12.2024 12:03:00;14.29;
04.12.2024 12:03:01;14.29;
04.12.2024 12:03:02;14.28;
04.12.2024 12:03:03;14.28;
04.12.2024 12:03:04;14.29;
04.12.2024 12:03:05;14.28;
04.12.2024 12:03:12;14.28;
04.12.2024 12:03:13;14.29;
04.12.2024 12:03:14;14.28;
04.12.2024 12:03:19;14.28;
04.12.2024 12:03:20;14.29;
04.12.2024 12:03:21;14.28;
04.12.2024 12:03:23;14.28;
04.12.2024 12:03:24;14.29;
04.12.2024 12:03:25;14.28;
04.12.2024 12:03:26;14.28;
04.12.2024 12:03:27;14.29;
04.12.2024 12:03:28;14.28;
04.12.2024 12:03:29;14.29;
04.12.2024 12:03:30;14.28;
04.12.2024 12:03:40;14.28;
04.12.2024 12:03:41;14.27;
04.12.2024 12:03:42;14.28;
04.12.2024 12:03:48;14.28;
04.12.2024 12:03:49;14.27;
04.12.2024 12:03:50;14.27;
04.12.2024 12:03:51;14.28;
04.12.2024 12:03:53;14.28;
04.12.2024 12:03:54;14.27;
04.12.2024 12:03:56;14.27;
04.12.2024 12:03:57;14.28;
04.12.2024 12:03:58;14.28;
04.12.2024 12:03:59;14.27;
04.12.2024 12:04:03;14.27;
04.12.2024 12:04:04;14.28;
04.12.2024 12:04:05;14.27;
04.12.2024 12:04:06;14.28;
04.12.2024 12:04:07;14.28;
04.12.2024 12:04:08;14.27;
04.12.2024 12:04:09;14.28;
04.12.2024 12:04:10;14.27;
04.12.2024 12:04:11;14.27;
04.12.2024 12:04:12;14.28;
04.12.2024 12:04:13;14.27;
04.12.2024 12:04:14;14.26;
04.12.2024 12:04:15;14.28;
04.12.2024 12:04:16;14.26;
04.12.2024 12:04:17;14.27;
04.12.2024 12:04:20;14.27;
04.12.2024 12:04:21;14.28;
04.12.2024 12:04:22;14.28;
04.12.2024 12:04:23;14.27;
04.12.2024 12:04:26;14.27;
04.12.2024 12:04:27;14.28;
04.12.2024 12:04:28;14.27;
04.12.2024 12:04:31;14.27;
04.12.2024 12:04:32;14.28;
04.12.2024 12:04:33;14.27;
04.12.2024 12:04:35;14.27;
04.12.2024 12:04:36;14.28;
04.12.2024 12:04:37;14.27;
04.12.2024 12:04:40;14.27;
04.12.2024 12:04:41;14.28;
04.12.2024 12:04:42;14.26;
04.12.2024 12:04:43;14.28;
04.12.2024 12:04:44;14.27;
04.12.2024 12:04:49;14.27;
04.12.2024 12:04:50;14.26;
04.12.2024 12:04:51;14.27;
04.12.2024 12:04:52;14.27;
04.12.2024 12:04:53;14.26;
04.12.2024 12:04:54;14.27;
04.12.2024 12:04:57;14.27;
04.12.2024 12:04:58;14.26;
04.12.2024 12:04:59;14.27;
04.12.2024 12:05:01;14.27;
04.12.2024 12:05:02;14.26;
04.12.2024 12:05:03;14.27;
04.12.2024 12:05:05;14.27;
04.12.2024 12:05:06;14.26;
04.12.2024 12:05:07;14.26;
04.12.2024 12:05:08;14.27;
04.12.2024 12:05:09;14.27;
04.12.2024 12:05:10;14.26;
04.12.2024 12:05:11;14.27;
04.12.2024 12:05:14;14.27;
04.12.2024 12:05:15;14.26;
04.12.2024 12:05:16;14.27;
04.12.2024 12:05:18;14.27;
04.12.2024 12:05:19;14.26;
04.12.2024 12:05:20;14.27;
04.12.2024 12:05:21;14.27;
04.12.2024 12:05:22;14.26;
04.12.2024 12:05:24;14.26;
04.12.2024 12:05:25;14.27;
04.12.2024 12:05:26;14.26;
04.12.2024 12:05:28;14.26;
04.12.2024 12:05:29;14.27;
04.12.2024 12:05:30;14.26;
04.12.2024 12:05:34;14.26;
04.12.2024 12:05:35;14.27;
04.12.2024 12:05:36;14.26;
04.12.2024 12:05:37;14.26;
04.12.2024 12:05:38;14.25;
04.12.2024 12:05:39;14.27;
04.12.2024 12:05:40;14.26;
04.12.2024 12:05:45;14.26;
04.12.2024 12:05:46;14.27;
04.12.2024 12:05:47;14.26;
04.12.2024 12:05:48;14.25;
04.12.2024 12:05:49;14.26;
04.12.2024 12:05:51;14.26;
04.12.2024 12:05:52;14.25;
04.12.2024 12:05:53;14.26;
04.12.2024 12:05:55;14.26;
04.12.2024 12:05:56;14.25;
04.12.2024 12:05:57;14.26;
04.12.2024 12:05:59;14.26;
04.12.2024 12:06:00;14.25;
04.12.2024 12:06:01;14.26;
04.12.2024 12:06:02;14.26;
04.12.2024 12:06:03;14.25;
04.12.2024 12:06:04;14.26;
04.12.2024 12:06:05;14.25;
04.12.2024 12:06:06;14.26;
04.12.2024 12:06:07;14.26;
04.12.2024 12:06:08;14.25;
04.12.2024 12:06:09;14.25;
04.12.2024 12:06:10;14.26;
04.12.2024 12:06:11;14.26;
04.12.2024 12:06:12;14.25;
04.12.2024 12:06:13;14.26;
04.12.2024 12:06:15;14.26;
04.12.2024 12:06:16;14.25;
04.12.2024 12:06:17;14.26;
04.12.2024 12:06:18;14.26;
04.12.2024 12:06:19;14.27;
04.12.2024 12:06:20;14.26;
04.12.2024 12:06:22;14.26;
04.12.2024 12:06:23;14.25;
04.12.2024 12:06:26;14.25;
04.12.2024 12:06:27;14.26;
04.12.2024 12:06:28;14.26;
04.12.2024 12:06:29;14.25;
04.12.2024 12:06:30;14.26;
04.12.2024 12:06:32;14.26;
04.12.2024 12:06:33;14.25;
04.12.2024 12:06:36;14.25;
04.12.2024 12:06:37;14.26;
04.12.2024 12:06:38;14.25;
04.12.2024 12:06:39;14.26;
04.12.2024 12:06:40;14.25;
04.12.2024 12:06:41;14.25;
04.12.2024 12:06:42;14.26;
04.12.2024 12:06:45;14.26;
04.12.2024 12:06:46;14.25;
04.12.2024 12:06:47;14.25;
04.12.2024 12:06:48;14.24;
04.12.2024 12:06:49;14.25;
04.12.2024 12:06:55;14.25;
04.12.2024 12:06:56;14.26;
04.12.2024 12:06:57;14.26;
04.12.2024 12:06:58;14.25;
04.12.2024 12:06:59;14.25;
04.12.2024 12:07:00;14.26;
04.12.2024 12:07:01;14.25;
04.12.2024 12:07:04;14.25;
04.12.2024 12:07:05;14.24;
04.12.2024 12:07:06;14.25;
04.12.2024 12:07:07;14.25;
04.12.2024 12:07:08;14.24;
04.12.2024 12:07:09;14.25;
04.12.2024 12:07:18;14.25;
04.12.2024 12:07:19;14.24;
04.12.2024 12:07:20;14.24;
04.12.2024 12:07:21;14.25;
04.12.2024 12:07:22;14.24;
04.12.2024 12:07:23;14.25;
04.12.2024 12:07:24;14.24;
04.12.2024 12:07:25;14.25;
04.12.2024 12:07:28;14.25;
04.12.2024 12:07:29;14.26;
04.12.2024 12:07:30;14.25;
04.12.2024 12:07:37;14.25;
04.12.2024 12:07:38;14.24;
04.12.2024 12:07:39;14.24;
04.12.2024 12:07:40;14.25;
04.12.2024 12:07:41;14.24;
04.12.2024 12:07:42;14.25;
04.12.2024 12:07:44;14.25;
04.12.2024 12:07:45;14.24;
04.12.2024 12:07:46;14.25;
04.12.2024 12:07:49;14.25;
04.12.2024 12:07:50;14.24;
04.12.2024 12:07:52;14.24;
04.12.2024 12:07:53;14.25;
04.12.2024 12:07:54;14.24;
04.12.2024 12:07:57;14.24;
04.12.2024 12:07:58;14.25;
04.12.2024 12:07:59;14.25;
04.12.2024 12:08:00;14.23;
04.12.2024 12:08:01;14.25;
04.12.2024 12:08:02;14.24;
04.12.2024 12:08:03;14.24;
04.12.2024 12:08:04;14.25;
04.12.2024 12:08:05;14.25;
04.12.2024 12:08:06;14.24;
04.12.2024 12:08:07;14.24;
04.12.2024 12:08:08;14.25;
04.12.2024 12:08:09;14.24;
04.12.2024 12:08:13;14.24;
04.12.2024 12:08:14;14.25;
04.12.2024 12:08:15;14.24;
04.12.2024 12:08:23;14.24;
04.12.2024 12:08:24;14.23;
04.12.2024 12:08:25;14.23;
04.12.2024 12:08:26;14.24;
04.12.2024 12:08:27;14.23;
04.12.2024 12:08:28;14.24;
04.12.2024 12:08:29;14.23;
04.12.2024 12:08:30;14.24;
04.12.2024 12:08:31;14.25;
04.12.2024 12:08:32;14.24;
04.12.2024 12:08:34;14.24;
04.12.2024 12:08:35;14.25;
04.12.2024 12:08:36;14.24;
04.12.2024 12:08:41;14.24;
04.12.2024 12:08:42;14.23;
04.12.2024 12:08:43;14.23;
04.12.2024 12:08:44;14.24;
04.12.2024 12:08:48;14.24;
04.12.2024 12:08:49;14.23;
04.12.2024 12:08:50;14.24;
04.12.2024 12:08:52;14.24;
04.12.2024 12:08:53;14.23;
04.12.2024 12:08:54;14.24;
04.12.2024 12:08:55;14.23;
04.12.2024 12:08:56;14.23;
04.12.2024 12:08:57;14.24;
04.12.2024 12:08:58;14.23;
04.12.2024 12:08:59;14.24;
04.12.2024 12:09:04;14.24;
04.12.2024 12:09:05;14.23;
04.12.2024 12:09:06;14.24;
04.12.2024 12:09:07;14.24;
04.12.2024 12:09:08;14.23;
04.12.2024 12:09:09;14.24;
04.12.2024 12:09:11;14.24;
04.12.2024 12:09:12;14.23;
04.12.2024 12:09:15;14.23;
04.12.2024 12:09:16;14.24;
04.12.2024 12:09:17;14.23;
04.12.2024 12:09:19;14.23;
04.12.2024 12:09:20;14.24;
04.12.2024 12:09:21;14.23;
04.12.2024 12:09:22;14.24;
04.12.2024 12:09:23;14.23;
04.12.2024 12:09:24;14.24;
04.12.2024 12:09:25;14.23;
04.12.2024 12:09:26;14.23;
04.12.2024 12:09:27;14.22;
04.12.2024 12:09:28;14.23;
04.12.2024 12:09:31;14.23;
04.12.2024 12:09:32;14.24;
04.12.2024 12:09:33;14.23;
04.12.2024 12:09:35;14.23;
04.12.2024 12:09:36;14.24;
04.12.2024 12:09:37;14.23;
04.12.2024 12:09:38;14.24;
04.12.2024 12:09:39;14.24;
04.12.2024 12:09:40;14.23;
04.12.2024 12:09:45;14.23;
04.12.2024 12:09:46;14.24;
04.12.2024 12:09:47;14.23;
04.12.2024 12:09:48;14.23;
04.12.2024 12:09:49;14.24;
04.12.2024 12:09:50;14.23;
04.12.2024 12:09:52;14.23;
04.12.2024 12:09:53;14.22;
04.12.2024 12:09:54;14.23;
04.12.2024 12:09:55;14.23;
04.12.2024 12:09:56;14.24;
04.12.2024 12:09:57;14.23;
04.12.2024 12:09:58;14.22;
04.12.2024 12:10:00;14.22;
04.12.2024 12:10:01;14.23;
04.12.2024 12:10:02;14.23;
04.12.2024 12:10:03;14.22;
04.12.2024 12:10:04;14.22;
04.12.2024 12:10:05;14.23;
04.12.2024 12:10:06;14.24;
04.12.2024 12:10:07;14.22;
04.12.2024 12:10:08;14.22;
04.12.2024 12:10:09;14.23;
04.12.2024 12:10:10;14.22;
04.12.2024 12:10:11;14.23;
04.12.2024 12:10:14;14.23;
04.12.2024 12:10:15;14.22;
04.12.2024 12:10:16;14.23;
04.12.2024 12:10:17;14.22;
04.12.2024 12:10:18;14.22;
04.12.2024 12:10:19;14.23;
04.12.2024 12:10:20;14.22;
04.12.2024 12:10:32;14.22;
04.12.2024 12:10:33;14.23;
04.12.2024 12:10:34;14.22;
04.12.2024 12:10:35;14.21;
04.12.2024 12:10:36;14.22;
04.12.2024 12:10:40;14.22;
04.12.2024 12:10:41;14.21;
04.12.2024 12:10:42;14.22;
04.12.2024 12:10:43;14.21;
04.12.2024 12:10:45;14.21;
04.12.2024 12:10:46;14.22;
04.12.2024 12:10:49;14.22;
04.12.2024 12:10:50;14.21;
04.12.2024 12:10:51;14.23;
04.12.2024 12:10:52;14.21;
04.12.2024 12:10:53;14.22;
04.12.2024 12:10:54;14.22;
04.12.2024 12:10:55;14.23;
04.12.2024 12:10:56;14.22;
04.12.2024 12:10:57;14.21;
04.12.2024 12:10:59;14.21;
04.12.2024 12:11:00;14.22;
04.12.2024 12:11:01;14.22;
04.12.2024 12:11:02;14.21;
04.12.2024 12:11:05;14.21;
04.12.2024 12:11:06;14.22;
04.12.2024 12:11:07;14.21;
04.12.2024 12:11:08;14.22;
04.12.2024 12:11:10;14.22;
04.12.2024 12:11:11;14.21;
04.12.2024 12:11:12;14.22;
04.12.2024 12:11:13;14.21;
04.12.2024 12:11:15;14.21;
04.12.2024 12:11:16;14.22;
04.12.2024 12:11:19;14.22;
04.12.2024 12:11:20;14.21;
04.12.2024 12:11:26;14.21;
04.12.2024 12:11:27;14.22;
04.12.2024 12:11:28;14.21;
04.12.2024 12:11:35;14.21;
04.12.2024 12:11:36;14.22;
04.12.2024 12:11:37;14.21;
04.12.2024 12:11:38;14.21;
04.12.2024 12:11:39;14.2;
04.12.2024 12:11:40;14.21;
04.12.2024 12:11:41;14.2;
04.12.2024 12:11:42;14.2;
04.12.2024 12:11:43;14.21;
04.12.2024 12:11:44;14.21;
04.12.2024 12:11:45;14.2;
04.12.2024 12:11:46;14.2;
04.12.2024 12:11:47;14.21;
04.12.2024 12:11:53;14.21;
04.12.2024 12:11:54;14.2;
04.12.2024 12:11:55;14.21;
04.12.2024 12:12:00;14.21;
04.12.2024 12:12:01;14.22;
04.12.2024 12:12:02;14.21;
04.12.2024 12:12:03;14.22;
04.12.2024 12:12:04;14.22;
04.12.2024 12:12:05;14.21;
04.12.2024 12:12:06;14.21;
04.12.2024 12:12:07;14.2;
04.12.2024 12:12:08;14.2;
04.12.2024 12:12:09;14.21;
04.12.2024 12:12:12;14.21;
04.12.2024 12:12:13;14.2;
04.12.2024 12:12:14;14.19;
04.12.2024 12:12:15;14.21;
04.12.2024 12:12:16;14.2;
04.12.2024 12:12:19;14.2;
04.12.2024 12:12:20;14.21;
04.12.2024 12:12:21;14.21;
04.12.2024 12:12:22;14.2;
04.12.2024 12:12:23;14.21;
04.12.2024 12:12:24;14.2;
04.12.2024 12:12:25;14.21;
04.12.2024 12:12:26;14.2;
04.12.2024 12:12:28;14.2;
04.12.2024 12:12:29;14.21;
04.12.2024 12:12:30;14.2;
04.12.2024 12:12:31;14.21;
04.12.2024 12:12:34;14.21;
04.12.2024 12:12:35;14.2;
04.12.2024 12:12:36;14.19;
04.12.2024 12:12:37;14.2;
04.12.2024 12:12:38;14.21;
04.12.2024 12:12:39;14.2;
04.12.2024 12:12:42;14.2;
04.12.2024 12:12:43;14.19;
04.12.2024 12:12:44;14.2;
04.12.2024 12:12:46;14.2;
04.12.2024 12:12:47;14.21;
04.12.2024 12:12:48;14.2;
04.12.2024 12:12:52;14.2;
04.12.2024 12:12:53;14.21;
04.12.2024 12:12:54;14.21;
04.12.2024 12:12:55;14.2;
04.12.2024 12:12:56;14.21;
04.12.2024 12:12:57;14.21;
04.12.2024 12:12:58;14.2;
04.12.2024 12:13:01;14.2;
04.12.2024 12:13:02;14.19;
04.12.2024 12:13:03;14.2;
04.12.2024 12:13:07;14.2;
04.12.2024 12:13:08;14.21;
04.12.2024 12:13:09;14.2;
04.12.2024 12:13:15;14.2;
04.12.2024 12:13:16;14.19;
04.12.2024 12:13:20;14.19;
04.12.2024 12:13:21;14.2;
04.12.2024 12:13:22;14.2;
04.12.2024 12:13:23;14.19;
04.12.2024 12:13:24;14.19;
04.12.2024 12:13:25;14.2;
04.12.2024 12:13:27;14.2;
04.12.2024 12:13:28;14.19;
04.12.2024 12:13:29;14.2;
04.12.2024 12:13:31;14.2;
04.12.2024 12:13:32;14.21;
04.12.2024 12:13:33;14.2;
04.12.2024 12:13:37;14.2;
04.12.2024 12:13:38;14.19;
04.12.2024 12:13:39;14.19;
04.12.2024 12:13:40;14.18;
04.12.2024 12:13:41;14.19;
04.12.2024 12:13:45;14.19;
04.12.2024 12:13:46;14.18;
04.12.2024 12:13:47;14.19;
04.12.2024 12:13:50;14.19;
04.12.2024 12:13:51;14.18;
04.12.2024 12:13:52;14.19;
04.12.2024 12:13:53;14.18;
04.12.2024 12:13:54;14.19;
04.12.2024 12:13:55;14.18;
04.12.2024 12:13:56;14.19;
04.12.2024 12:13:59;14.19;
04.12.2024 12:14:00;14.18;
04.12.2024 12:14:01;14.19;
04.12.2024 12:14:02;14.18;
04.12.2024 12:14:03;14.19;
04.12.2024 12:14:04;14.18;
04.12.2024 12:14:05;14.19;
04.12.2024 12:14:10;14.19;
04.12.2024 12:14:11;14.18;
04.12.2024 12:14:12;14.18;
04.12.2024 12:14:13;14.19;
04.12.2024 12:14:14;14.18;
04.12.2024 12:14:15;14.18;
04.12.2024 12:14:16;14.19;
04.12.2024 12:14:19;14.19;
04.12.2024 12:14:20;14.18;
04.12.2024 12:14:21;14.19;
04.12.2024 12:14:24;14.19;
04.12.2024 12:14:25;14.18;
04.12.2024 12:14:26;14.19;
04.12.2024 12:14:29;14.19;
04.12.2024 12:14:30;14.18;
04.12.2024 12:14:31;14.19;
04.12.2024 12:14:32;14.19;
04.12.2024 12:14:33;14.18;
04.12.2024 12:14:37;14.18;
04.12.2024 12:14:38;14.17;
04.12.2024 12:14:39;14.19;
04.12.2024 12:14:40;14.19;
04.12.2024 12:14:41;14.18;
04.12.2024 12:14:42;14.18;
04.12.2024 12:14:43;14.19;
04.12.2024 12:14:44;14.19;
04.12.2024 12:14:45;14.18;
04.12.2024 12:14:46;14.18;
04.12.2024 12:14:47;14.19;
04.12.2024 12:14:49;14.19;
04.12.2024 12:14:50;14.18;
04.12.2024 12:14:51;14.19;
04.12.2024 12:14:55;14.19;
04.12.2024 12:14:56;14.18;
04.12.2024 12:14:57;14.18;
04.12.2024 12:14:58;14.19;
04.12.2024 12:15:00;14.19;
04.12.2024 12:15:01;14.18;
04.12.2024 12:15:11;14.18;
04.12.2024 12:15:12;14.19;
04.12.2024 12:15:13;14.18;
04.12.2024 12:15:14;14.19;
04.12.2024 12:15:15;14.18;
04.12.2024 12:15:16;14.18;
04.12.2024 12:15:17;14.19;
04.12.2024 12:15:18;14.18;
04.12.2024 12:15:19;14.18;
04.12.2024 12:15:20;14.19;
04.12.2024 12:15:21;14.18;
04.12.2024 12:15:22;14.18;
04.12.2024 12:15:23;14.17;
04.12.2024 12:15:24;14.18;
04.12.2024 12:15:25;14.18;
04.12.2024 12:15:26;14.17;
04.12.2024 12:15:27;14.18;
04.12.2024 12:15:29;14.18;
04.12.2024 12:15:30;14.17;
04.12.2024 12:15:31;14.18;
04.12.2024 12:15:35;14.18;
04.12.2024 12:15:36;14.17;
04.12.2024 12:15:37;14.17;
04.12.2024 12:15:38;14.18;
04.12.2024 12:15:39;14.18;
04.12.2024 12:15:40;14.17;
04.12.2024 12:15:41;14.18;
04.12.2024 12:15:42;14.17;
04.12.2024 12:15:43;14.18;
04.12.2024 12:15:45;14.18;
04.12.2024 12:15:46;14.17;
04.12.2024 12:15:47;14.18;
04.12.2024 12:15:51;14.18;
04.12.2024 12:15:52;14.17;
04.12.2024 12:15:53;14.18;
04.12.2024 12:15:54;14.18;
04.12.2024 12:15:55;14.17;
04.12.2024 12:16:00;14.17;
04.12.2024 12:16:01;14.18;
04.12.2024 12:16:02;14.17;
04.12.2024 12:16:03;14.17;
04.12.2024 12:16:04;14.18;
04.12.2024 12:16:05;14.17;
04.12.2024 12:16:10;14.17;
04.12.2024 12:16:11;14.18;
04.12.2024 12:16:12;14.17;
04.12.2024 12:16:15;14.17;
04.12.2024 12:16:16;14.18;
04.12.2024 12:16:17;14.17;
04.12.2024 12:16:21;14.17;
04.12.2024 12:16:22;14.18;
04.12.2024 12:16:24;14.18;
04.12.2024 12:16:25;14.17;
04.12.2024 12:16:26;14.18;
04.12.2024 12:16:27;14.17;
04.12.2024 12:16:28;14.16;
04.12.2024 12:16:29;14.17;
04.12.2024 12:16:31;14.17;
04.12.2024 12:16:32;14.18;
04.12.2024 12:16:33;14.18;
04.12.2024 12:16:34;14.17;
04.12.2024 12:16:35;14.17;
04.12.2024 12:16:36;14.16;
04.12.2024 12:16:37;14.17;
04.12.2024 12:16:38;14.17;
04.12.2024 12:16:39;14.16;
04.12.2024 12:16:40;14.17;
04.12.2024 12:16:42;14.17;
04.12.2024 12:16:43;14.16;
04.12.2024 12:16:44;14.17;
04.12.2024 12:16:45;14.17;
04.12.2024 12:16:46;14.16;
04.12.2024 12:16:47;14.17;
04.12.2024 12:16:54;14.17;
04.12.2024 12:16:55;14.16;
04.12.2024 12:16:56;14.17;
04.12.2024 12:17:01;14.17;
04.12.2024 12:17:02;14.16;
04.12.2024 12:17:04;14.16;
04.12.2024 12:17:05;14.18;
04.12.2024 12:17:06;14.17;
04.12.2024 12:17:08;14.17;
04.12.2024 12:17:09;14.16;
04.12.2024 12:17:10;14.17;
04.12.2024 12:17:13;14.17;
04.12.2024 12:17:14;14.16;
04.12.2024 12:17:15;14.17;
04.12.2024 12:17:16;14.16;
04.12.2024 12:17:19;14.16;
04.12.2024 12:17:20;14.17;
04.12.2024 12:17:21;14.16;
04.12.2024 12:17:23;14.16;
04.12.2024 12:17:24;14.15;
04.12.2024 12:17:25;14.15;
04.12.2024 12:17:26;14.16;
04.12.2024 12:17:29;14.16;
04.12.2024 12:17:30;14.17;
04.12.2024 12:17:31;14.16;
04.12.2024 12:17:32;14.16;
04.12.2024 12:17:33;14.17;
04.12.2024 12:17:34;14.16;
04.12.2024 12:17:36;14.16;
04.12.2024 12:17:37;14.17;
04.12.2024 12:17:38;14.16;
04.12.2024 12:17:39;14.15;
04.12.2024 12:17:40;14.16;
04.12.2024 12:17:41;14.16;
04.12.2024 12:17:42;14.15;
04.12.2024 12:17:43;14.16;
04.12.2024 12:17:44;14.17;
04.12.2024 12:17:45;14.16;
04.12.2024 12:17:48;14.16;
04.12.2024 12:17:49;14.15;
04.12.2024 12:17:50;14.16;
04.12.2024 12:17:51;14.15;
04.12.2024 12:17:52;14.16;
04.12.2024 12:17:57;14.16;
04.12.2024 12:17:58;14.15;
04.12.2024 12:17:59;14.15;
04.12.2024 12:18:00;14.16;
04.12.2024 12:18:01;14.15;
04.12.2024 12:18:04;14.15;
04.12.2024 12:18:05;14.16;
04.12.2024 12:18:09;14.16;
04.12.2024 12:18:10;14.15;
04.12.2024 12:18:11;14.16;
04.12.2024 12:18:14;14.16;
04.12.2024 12:18:15;14.15;
04.12.2024 12:18:16;14.15;
04.12.2024 12:18:17;14.16;
04.12.2024 12:18:18;14.15;
04.12.2024 12:18:19;14.15;
04.12.2024 12:18:20;14.16;
04.12.2024 12:18:21;14.16;
04.12.2024 12:18:22;14.15;
04.12.2024 12:18:26;14.15;
04.12.2024 12:18:27;14.16;
04.12.2024 12:18:28;14.16;
04.12.2024 12:18:29;14.14;
04.12.2024 12:18:30;14.15;
04.12.2024 12:18:36;14.15;
04.12.2024 12:18:37;14.14;
04.12.2024 12:18:38;14.15;
04.12.2024 12:18:39;14.16;
04.12.2024 12:18:40;14.15;
04.12.2024 12:18:44;14.15;
04.12.2024 12:18:45;14.14;
04.12.2024 12:18:46;14.14;
04.12.2024 12:18:47;14.15;
04.12.2024 12:18:48;14.15;
04.12.2024 12:18:49;14.14;
04.12.2024 12:18:50;14.14;
04.12.2024 12:18:51;14.15;
04.12.2024 12:18:54;14.15;
04.12.2024 12:18:55;14.14;
04.12.2024 12:18:56;14.15;
04.12.2024 12:18:57;14.15;
04.12.2024 12:18:58;14.14;
04.12.2024 12:19:01;14.14;
04.12.2024 12:19:02;14.15;
04.12.2024 12:19:03;14.14;
04.12.2024 12:19:08;14.14;
04.12.2024 12:19:09;14.13;
04.12.2024 12:19:10;14.14;
04.12.2024 12:19:11;14.15;
04.12.2024 12:19:12;14.14;
04.12.2024 12:19:14;14.14;
04.12.2024 12:19:15;14.13;
04.12.2024 12:19:16;14.14;
04.12.2024 12:19:19;14.14;
04.12.2024 12:19:20;14.13;
04.12.2024 12:19:21;14.15;
04.12.2024 12:19:22;14.13;
04.12.2024 12:19:23;14.14;
04.12.2024 12:19:27;14.14;
04.12.2024 12:19:28;14.15;
04.12.2024 12:19:29;14.14;
04.12.2024 12:19:31;14.14;
04.12.2024 12:19:32;14.13;
04.12.2024 12:19:33;14.14;
04.12.2024 12:19:43;14.14;
04.12.2024 12:19:44;14.15;
04.12.2024 12:19:45;14.14;
04.12.2024 12:19:50;14.14;
04.12.2024 12:19:51;14.13;
04.12.2024 12:19:52;14.13;
04.12.2024 12:19:53;14.14;
04.12.2024 12:19:54;14.14;
04.12.2024 12:19:55;14.13;
04.12.2024 12:19:56;14.14;
04.12.2024 12:19:57;14.15;
04.12.2024 12:19:58;14.14;
04.12.2024 12:19:59;14.14;
04.12.2024 12:20:00;14.13;
04.12.2024 12:20:01;14.14;
04.12.2024 12:20:02;14.13;
04.12.2024 12:20:05;14.13;
04.12.2024 12:20:06;14.14;
04.12.2024 12:20:07;14.14;
04.12.2024 12:20:08;14.13;
04.12.2024 12:20:09;14.14;
04.12.2024 12:20:10;14.14;
04.12.2024 12:20:11;14.13;
04.12.2024 12:20:12;14.13;
04.12.2024 12:20:13;14.12;
04.12.2024 12:20:14;14.13;
04.12.2024 12:20:15;14.14;
04.12.2024 12:20:16;14.13;
04.12.2024 12:20:17;14.14;
04.12.2024 12:20:18;14.13;
04.12.2024 12:20:19;14.14;
04.12.2024 12:20:23;14.14;
04.12.2024 12:20:24;14.13;
04.12.2024 12:20:25;14.14;
04.12.2024 12:20:26;14.13;
04.12.2024 12:20:27;14.14;
04.12.2024 12:20:28;14.13;
04.12.2024 12:20:29;14.14;
04.12.2024 12:20:30;14.13;
04.12.2024 12:20:31;14.14;
04.12.2024 12:20:34;14.14;
04.12.2024 12:20:35;14.13;
04.12.2024 12:20:36;14.14;
04.12.2024 12:20:37;14.13;
04.12.2024 12:20:44;14.13;
04.12.2024 12:20:45;14.12;
04.12.2024 12:20:46;14.12;
04.12.2024 12:20:47;14.14;
04.12.2024 12:20:48;14.14;
04.12.2024 12:20:49;14.13;
04.12.2024 12:20:51;14.13;
04.12.2024 12:20:52;14.14;
04.12.2024 12:20:53;14.13;
04.12.2024 12:20:54;14.12;
04.12.2024 12:20:55;14.13;
04.12.2024 12:20:59;14.13;
04.12.2024 12:21:00;14.14;
04.12.2024 12:21:01;14.13;
04.12.2024 12:21:04;14.13;
04.12.2024 12:21:05;14.12;
04.12.2024 12:21:06;14.13;
04.12.2024 12:21:10;14.13;
04.12.2024 12:21:11;14.12;
04.12.2024 12:21:12;14.13;
04.12.2024 12:21:13;14.12;
04.12.2024 12:21:15;14.12;
04.12.2024 12:21:16;14.13;
04.12.2024 12:21:17;14.13;
04.12.2024 12:21:18;14.12;
04.12.2024 12:21:19;14.13;
04.12.2024 12:21:20;14.13;
04.12.2024 12:21:21;14.12;
04.12.2024 12:21:22;14.12;
04.12.2024 12:21:23;14.14;
04.12.2024 12:21:24;14.12;
04.12.2024 12:21:25;14.13;
04.12.2024 12:21:26;14.12;
04.12.2024 12:21:27;14.12;
04.12.2024 12:21:28;14.13;
04.12.2024 12:21:35;14.13;
04.12.2024 12:21:36;14.12;
04.12.2024 12:21:37;14.13;
04.12.2024 12:21:38;14.12;
04.12.2024 12:21:40;14.12;
04.12.2024 12:21:41;14.13;
04.12.2024 12:21:42;14.13;
04.12.2024 12:21:43;14.12;
04.12.2024 12:21:49;14.12;
04.12.2024 12:21:50;14.13;
04.12.2024 12:21:51;14.12;
04.12.2024 12:21:52;14.12;
04.12.2024 12:21:53;14.11;
04.12.2024 12:21:56;14.11;
04.12.2024 12:21:57;14.12;
04.12.2024 12:21:59;14.12;
04.12.2024 12:22:00;14.11;
04.12.2024 12:22:03;14.11;
04.12.2024 12:22:04;14.12;
04.12.2024 12:22:11;14.12;
04.12.2024 12:22:12;14.11;
04.12.2024 12:22:13;14.12;
04.12.2024 12:22:17;14.12;
04.12.2024 12:22:18;14.11;
04.12.2024 12:22:19;14.12;
04.12.2024 12:22:21;14.12;
04.12.2024 12:22:22;14.1;
04.12.2024 12:22:23;14.11;
04.12.2024 12:22:25;14.11;
04.12.2024 12:22:26;14.12;
04.12.2024 12:22:28;14.12;
04.12.2024 12:22:29;14.11;
04.12.2024 12:22:30;14.12;
04.12.2024 12:22:35;14.12;
04.12.2024 12:22:36;14.11;
04.12.2024 12:22:38;14.11;
04.12.2024 12:22:39;14.12;
04.12.2024 12:22:40;14.11;
04.12.2024 12:22:42;14.11;
04.12.2024 12:22:43;14.12;
04.12.2024 12:22:44;14.1;
04.12.2024 12:22:45;14.11;
04.12.2024 12:22:46;14.11;
04.12.2024 12:22:47;14.12;
04.12.2024 12:22:49;14.12;
04.12.2024 12:22:50;14.11;
04.12.2024 12:22:51;14.12;
04.12.2024 12:22:52;14.11;
04.12.2024 12:22:53;14.11;
04.12.2024 12:22:54;14.12;
04.12.2024 12:22:56;14.12;
04.12.2024 12:22:57;14.11;
04.12.2024 12:22:58;14.12;
04.12.2024 12:22:59;14.11;
04.12.2024 12:23:00;14.12;
04.12.2024 12:23:01;14.12;
04.12.2024 12:23:02;14.11;
04.12.2024 12:23:03;14.12;
04.12.2024 12:23:04;14.11;
04.12.2024 12:23:07;14.11;
04.12.2024 12:23:08;14.12;
04.12.2024 12:23:09;14.11;
04.12.2024 12:23:11;14.11;
04.12.2024 12:23:12;14.12;
04.12.2024 12:23:13;14.11;
04.12.2024 12:23:14;14.12;
04.12.2024 12:23:15;14.11;
04.12.2024 12:23:18;14.11;
04.12.2024 12:23:19;14.1;
04.12.2024 12:23:20;14.12;
04.12.2024 12:23:21;14.12;
04.12.2024 12:23:22;14.11;
04.12.2024 12:23:23;14.1;
04.12.2024 12:23:24;14.11;
04.12.2024 12:23:25;14.12;
04.12.2024 12:23:26;14.11;
04.12.2024 12:23:27;14.11;
04.12.2024 12:23:28;14.12;
04.12.2024 12:23:29;14.11;
04.12.2024 12:23:31;14.11;
04.12.2024 12:23:32;14.12;
04.12.2024 12:23:33;14.12;
04.12.2024 12:23:34;14.11;
04.12.2024 12:23:43;14.11;
04.12.2024 12:23:44;14.1;
04.12.2024 12:23:45;14.11;
04.12.2024 12:23:48;14.11;
04.12.2024 12:23:49;14.12;
04.12.2024 12:23:50;14.11;
04.12.2024 12:23:51;14.1;
04.12.2024 12:23:52;14.11;
04.12.2024 12:23:58;14.11;
04.12.2024 12:23:59;14.12;
04.12.2024 12:24:00;14.1;
04.12.2024 12:24:01;14.11;
04.12.2024 12:24:06;14.11;
04.12.2024 12:24:07;14.12;
04.12.2024 12:24:08;14.1;
04.12.2024 12:24:12;14.1;
04.12.2024 12:24:13;14.11;
04.12.2024 12:24:14;14.1;
04.12.2024 12:24:15;14.11;
04.12.2024 12:24:16;14.11;
04.12.2024 12:24:17;14.1;
04.12.2024 12:24:18;14.1;
04.12.2024 12:24:19;14.11;
04.12.2024 12:24:22;14.11;
04.12.2024 12:24:23;14.1;
04.12.2024 12:24:24;14.11;
04.12.2024 12:24:25;14.11;
04.12.2024 12:24:26;14.1;
04.12.2024 12:24:34;14.1;
04.12.2024 12:24:35;14.11;
04.12.2024 12:24:37;14.11;
04.12.2024 12:24:38;14.1;
04.12.2024 12:24:43;14.1;
04.12.2024 12:24:44;14.11;
04.12.2024 12:24:45;14.1;
04.12.2024 12:24:46;14.1;
04.12.2024 12:24:47;14.11;
04.12.2024 12:24:48;14.1;
04.12.2024 12:24:55;14.1;
04.12.2024 12:24:56;14.09;
04.12.2024 12:24:57;14.1;
04.12.2024 12:24:58;14.09;
04.12.2024 12:24:59;14.1;
04.12.2024 12:25:00;14.1;
04.12.2024 12:25:01;14.09;
04.12.2024 12:25:02;14.09;
04.12.2024 12:25:03;14.11;
04.12.2024 12:25:04;14.09;
04.12.2024 12:25:05;14.09;
04.12.2024 12:25:06;14.1;
04.12.2024 12:25:09;14.1;
04.12.2024 12:25:10;14.09;
04.12.2024 12:25:11;14.09;
04.12.2024 12:25:12;14.1;
04.12.2024 12:25:14;14.1;
04.12.2024 12:25:15;14.09;
04.12.2024 12:25:16;14.1;
04.12.2024 12:25:17;14.09;
04.12.2024 12:25:19;14.09;
04.12.2024 12:25:20;14.1;
04.12.2024 12:25:21;14.09;
04.12.2024 12:25:26;14.09;
04.12.2024 12:25:27;14.1;
04.12.2024 12:25:28;14.09;
04.12.2024 12:25:29;14.1;
04.12.2024 12:25:30;14.08;
04.12.2024 12:25:31;14.09;
04.12.2024 12:25:32;14.1;
04.12.2024 12:25:33;14.09;
04.12.2024 12:25:35;14.09;
04.12.2024 12:25:36;14.1;
04.12.2024 12:25:37;14.09;
04.12.2024 12:25:38;14.1;
04.12.2024 12:25:39;14.09;
04.12.2024 12:25:40;14.1;
04.12.2024 12:25:41;14.1;
04.12.2024 12:25:42;14.09;
04.12.2024 12:25:50;14.09;
04.12.2024 12:25:51;14.08;
04.12.2024 12:25:52;14.09;
04.12.2024 12:25:53;14.09;
04.12.2024 12:25:54;14.08;
04.12.2024 12:25:55;14.09;
04.12.2024 12:25:57;14.09;
04.12.2024 12:25:58;14.08;
04.12.2024 12:25:59;14.08;
04.12.2024 12:26:00;14.09;
04.12.2024 12:26:02;14.09;
04.12.2024 12:26:03;14.08;
04.12.2024 12:26:04;14.09;
04.12.2024 12:26:05;14.1;
04.12.2024 12:26:06;14.08;
04.12.2024 12:26:07;14.09;
04.12.2024 12:26:11;14.09;
04.12.2024 12:26:12;14.08;
04.12.2024 12:26:13;14.09;
04.12.2024 12:26:14;14.09;
04.12.2024 12:26:15;14.08;
04.12.2024 12:26:16;14.09;
04.12.2024 12:26:17;14.09;
04.12.2024 12:26:18;14.08;
04.12.2024 12:26:19;14.08;
04.12.2024 12:26:20;14.09;
04.12.2024 12:26:21;14.09;
04.12.2024 12:26:22;14.08;
04.12.2024 12:26:24;14.08;
04.12.2024 12:26:25;14.09;
04.12.2024 12:26:26;14.08;
04.12.2024 12:26:28;14.08;
04.12.2024 12:26:29;14.09;
04.12.2024 12:26:30;14.08;
04.12.2024 12:26:34;14.08;
04.12.2024 12:26:35;14.09;
04.12.2024 12:26:36;14.08;
04.12.2024 12:26:37;14.09;
04.12.2024 12:26:43;14.09;
04.12.2024 12:26:44;14.08;
04.12.2024 12:26:45;14.1;
04.12.2024 12:26:46;14.08;
04.12.2024 12:27:00;14.08;
04.12.2024 12:27:01;14.09;
04.12.2024 12:27:02;14.07;
04.12.2024 12:27:03;14.08;
04.12.2024 12:27:04;14.09;
04.12.2024 12:27:05;14.08;
04.12.2024 12:27:06;14.07;
04.12.2024 12:27:07;14.08;
04.12.2024 12:27:08;14.07;
04.12.2024 12:27:09;14.08;
04.12.2024 12:27:21;14.08;
04.12.2024 12:27:22;14.07;
04.12.2024 12:27:23;14.08;
04.12.2024 12:27:24;14.07;
04.12.2024 12:27:25;14.08;
04.12.2024 12:27:26;14.07;
04.12.2024 12:27:27;14.07;
04.12.2024 12:27:28;14.08;
04.12.2024 12:27:30;14.08;
04.12.2024 12:27:31;14.07;
04.12.2024 12:27:41;14.07;
04.12.2024 12:27:42;14.08;
04.12.2024 12:27:43;14.08;
04.12.2024 12:27:44;14.07;
04.12.2024 12:27:45;14.07;
04.12.2024 12:27:46;14.08;
04.12.2024 12:27:47;14.07;
04.12.2024 12:27:48;14.08;
04.12.2024 12:27:49;14.07;
04.12.2024 12:27:50;14.06;
04.12.2024 12:27:51;14.07;
04.12.2024 12:27:59;14.07;
04.12.2024 12:28:00;14.06;
04.12.2024 12:28:01;14.06;
04.12.2024 12:28:02;14.07;
04.12.2024 12:28:04;14.07;
04.12.2024 12:28:05;14.06;
04.12.2024 12:28:06;14.08;
04.12.2024 12:28:07;14.07;
04.12.2024 12:28:08;14.07;
04.12.2024 12:28:09;14.08;
04.12.2024 12:28:10;14.07;
04.12.2024 12:28:11;14.07;
04.12.2024 12:28:12;14.08;
04.12.2024 12:28:13;14.07;
04.12.2024 12:28:16;14.07;
04.12.2024 12:28:17;14.06;
04.12.2024 12:28:18;14.07;
04.12.2024 12:28:19;14.08;
04.12.2024 12:28:20;14.06;
04.12.2024 12:28:21;14.06;
04.12.2024 12:28:22;14.07;
04.12.2024 12:28:23;14.07;
04.12.2024 12:28:24;14.08;
04.12.2024 12:28:25;14.07;
04.12.2024 12:28:27;14.07;
04.12.2024 12:28:28;14.08;
04.12.2024 12:28:29;14.07;
04.12.2024 12:28:31;14.07;
04.12.2024 12:28:32;14.06;
04.12.2024 12:28:33;14.06;
04.12.2024 12:28:34;14.07;
04.12.2024 12:28:36;14.07;
04.12.2024 12:28:37;14.06;
04.12.2024 12:28:38;14.06;
04.12.2024 12:28:39;14.07;
04.12.2024 12:28:44;14.07;
04.12.2024 12:28:45;14.06;
04.12.2024 12:28:46;14.07;
04.12.2024 12:28:47;14.07;
04.12.2024 12:28:48;14.06;
04.12.2024 12:28:49;14.05;
04.12.2024 12:28:50;14.07;
04.12.2024 12:28:51;14.08;
04.12.2024 12:28:52;14.07;
04.12.2024 12:28:53;14.06;
04.12.2024 12:28:54;14.07;
04.12.2024 12:28:55;14.07;
04.12.2024 12:28:56;14.06;
04.12.2024 12:29:00;14.06;
04.12.2024 12:29:01;14.07;
04.12.2024 12:29:02;14.05;
04.12.2024 12:29:03;14.06;
04.12.2024 12:29:04;14.06;
04.12.2024 12:29:05;14.07;
04.12.2024 12:29:06;14.06;
04.12.2024 12:29:07;14.06;
04.12.2024 12:29:08;14.05;
04.12.2024 12:29:09;14.05;
04.12.2024 12:29:10;14.06;
04.12.2024 12:29:19;14.06;
04.12.2024 12:29:20;14.05;
04.12.2024 12:29:22;14.05;
04.12.2024 12:29:23;14.06;
04.12.2024 12:29:24;14.06;
04.12.2024 12:29:25;14.07;
04.12.2024 12:29:26;14.06;
04.12.2024 12:29:27;14.06;
04.12.2024 12:29:28;14.05;
04.12.2024 12:29:29;14.05;
04.12.2024 12:29:30;14.06;
04.12.2024 12:29:32;14.06;
04.12.2024 12:29:33;14.05;
04.12.2024 12:29:34;14.06;
04.12.2024 12:29:35;14.06;
04.12.2024 12:29:36;14.05;
04.12.2024 12:29:37;14.06;
04.12.2024 12:29:39;14.06;
04.12.2024 12:29:40;14.05;
04.12.2024 12:29:41;14.04;
04.12.2024 12:29:42;14.05;
04.12.2024 12:29:43;14.06;
04.12.2024 12:29:44;14.05;
04.12.2024 12:29:47;14.05;
04.12.2024 12:29:48;14.06;
04.12.2024 12:29:49;14.05;
04.12.2024 12:29:51;14.05;
04.12.2024 12:29:52;14.06;
04.12.2024 12:29:54;14.06;
04.12.2024 12:29:55;14.05;
04.12.2024 12:29:56;14.06;
04.12.2024 12:29:57;14.05;
04.12.2024 12:30:00;14.05;
04.12.2024 12:30:01;14.06;
04.12.2024 12:30:02;14.05;
04.12.2024 12:30:03;14.06;
04.12.2024 12:30:04;14.05;
04.12.2024 12:30:07;14.05;
04.12.2024 12:30:08;14.06;
04.12.2024 12:30:09;14.05;
04.12.2024 12:30:14;14.05;
04.12.2024 12:30:15;14.06;
04.12.2024 12:30:16;14.06;
04.12.2024 12:30:17;14.05;
04.12.2024 12:30:21;14.05;
04.12.2024 12:30:22;14.04;
04.12.2024 12:30:23;14.05;
04.12.2024 12:30:30;14.05;
04.12.2024 12:30:31;14.06;
04.12.2024 12:30:32;14.05;
04.12.2024 12:30:34;14.05;
04.12.2024 12:30:35;14.04;
04.12.2024 12:30:36;14.05;
04.12.2024 12:30:39;14.05;
04.12.2024 12:30:40;14.04;
04.12.2024 12:30:41;14.05;
04.12.2024 12:30:51;14.05;
04.12.2024 12:30:52;14.04;
04.12.2024 12:30:58;14.04;
04.12.2024 12:30:59;14.05;
04.12.2024 12:31:00;14.04;
04.12.2024 12:31:01;14.05;
04.12.2024 12:31:02;14.04;
04.12.2024 12:31:03;14.05;
04.12.2024 12:31:04;14.04;
04.12.2024 12:31:05;14.04;
04.12.2024 12:31:06;14.05;
04.12.2024 12:31:11;14.05;
04.12.2024 12:31:12;14.04;
04.12.2024 12:31:15;14.04;
04.12.2024 12:31:16;14.05;
04.12.2024 12:31:19;14.05;
04.12.2024 12:31:20;14.04;
04.12.2024 12:31:21;14.05;
04.12.2024 12:31:22;14.04;
04.12.2024 12:31:23;14.05;
04.12.2024 12:31:25;14.05;
04.12.2024 12:31:26;14.04;
04.12.2024 12:31:27;14.05;
04.12.2024 12:31:28;14.05;
04.12.2024 12:31:29;14.03;
04.12.2024 12:31:30;14.05;
04.12.2024 12:31:31;14.04;
04.12.2024 12:31:34;14.04;
04.12.2024 12:31:35;14.05;
04.12.2024 12:31:36;14.04;
04.12.2024 12:31:44;14.04;
04.12.2024 12:31:45;14.03;
04.12.2024 12:31:46;14.03;
04.12.2024 12:31:47;14.04;
04.12.2024 12:31:51;14.04;
04.12.2024 12:31:52;14.03;
04.12.2024 12:31:53;14.04;
04.12.2024 12:31:54;14.03;
04.12.2024 12:32:00;14.03;
04.12.2024 12:32:01;14.04;
04.12.2024 12:32:02;14.03;
04.12.2024 12:32:03;14.03;
04.12.2024 12:32:04;14.04;
04.12.2024 12:32:05;14.04;
04.12.2024 12:32:06;14.03;
04.12.2024 12:32:07;14.03;
04.12.2024 12:32:08;14.04;
04.12.2024 12:32:09;14.03;
04.12.2024 12:32:10;14.03;
04.12.2024 12:32:11;14.04;
04.12.2024 12:32:12;14.04;
04.12.2024 12:32:13;14.03;
04.12.2024 12:32:14;14.03;
04.12.2024 12:32:15;14.04;
04.12.2024 12:32:16;14.04;
04.12.2024 12:32:17;14.03;
04.12.2024 12:32:20;14.03;
04.12.2024 12:32:21;14.04;
04.12.2024 12:32:22;14.03;
04.12.2024 12:32:23;14.04;
04.12.2024 12:32:24;14.03;
04.12.2024 12:32:25;14.03;
04.12.2024 12:32:26;14.04;
04.12.2024 12:32:27;14.03;
04.12.2024 12:32:32;14.03;
04.12.2024 12:32:33;14.04;
04.12.2024 12:32:34;14.03;
04.12.2024 12:32:38;14.03;
04.12.2024 12:32:39;14.04;
04.12.2024 12:32:40;14.04;
04.12.2024 12:32:41;14.03;
04.12.2024 12:32:42;14.04;
04.12.2024 12:32:43;14.04;
04.12.2024 12:32:44;14.03;
04.12.2024 12:32:45;14.04;
04.12.2024 12:32:47;14.04;
04.12.2024 12:32:48;14.03;
04.12.2024 12:32:53;14.03;
04.12.2024 12:32:54;14.02;
04.12.2024 12:32:55;14.03;
04.12.2024 12:32:57;14.03;
04.12.2024 12:32:58;14.04;
04.12.2024 12:32:59;14.03;
04.12.2024 12:33:12;14.03;
04.12.2024 12:33:13;14.04;
04.12.2024 12:33:14;14.03;
04.12.2024 12:33:15;14.02;
04.12.2024 12:33:16;14.04;
04.12.2024 12:33:17;14.03;
04.12.2024 12:33:24;14.03;
04.12.2024 12:33:25;14.04;
04.12.2024 12:33:26;14.04;
04.12.2024 12:33:27;14.03;
04.12.2024 12:33:28;14.04;
04.12.2024 12:33:29;14.03;
04.12.2024 12:33:43;14.03;
04.12.2024 12:33:44;14.04;
04.12.2024 12:33:45;14.03;
04.12.2024 12:33:49;14.03;
04.12.2024 12:33:50;14.04;
04.12.2024 12:33:51;14.03;
04.12.2024 12:33:54;14.03;
04.12.2024 12:33:55;14.02;
04.12.2024 12:33:56;14.03;
04.12.2024 12:33:57;14.04;
04.12.2024 12:33:58;14.02;
04.12.2024 12:33:59;14.03;
04.12.2024 12:34:00;14.02;
04.12.2024 12:34:01;14.02;
04.12.2024 12:34:02;14.03;
04.12.2024 12:34:03;14.02;
04.12.2024 12:34:08;14.02;
04.12.2024 12:34:09;14.03;
04.12.2024 12:34:10;14.02;
04.12.2024 12:34:13;14.02;
04.12.2024 12:34:14;14.03;
04.12.2024 12:34:15;14.02;
04.12.2024 12:34:16;14.03;
04.12.2024 12:34:23;14.03;
04.12.2024 12:34:24;14.02;
04.12.2024 12:34:25;14.03;
04.12.2024 12:34:27;14.03;
04.12.2024 12:34:28;14.02;
04.12.2024 12:34:29;14.02;
04.12.2024 12:34:30;14.03;
04.12.2024 12:34:31;14.02;
04.12.2024 12:34:35;14.02;
04.12.2024 12:34:36;14.03;
04.12.2024 12:34:37;14.02;
04.12.2024 12:34:38;14.03;
04.12.2024 12:34:39;14.02;
04.12.2024 12:34:42;14.02;
04.12.2024 12:34:43;14.01;
04.12.2024 12:34:44;14.03;
04.12.2024 12:34:45;14.02;
04.12.2024 12:34:50;14.02;
04.12.2024 12:34:51;14.03;
04.12.2024 12:34:52;14.02;
04.12.2024 12:35:02;14.02;
04.12.2024 12:35:03;14.03;
04.12.2024 12:35:04;14.02;
04.12.2024 12:35:11;14.02;
04.12.2024 12:35:12;14.01;
04.12.2024 12:35:13;14.02;
04.12.2024 12:35:18;14.02;
04.12.2024 12:35:19;14.01;
04.12.2024 12:35:20;14.02;
04.12.2024 12:35:21;14.01;
04.12.2024 12:35:22;14.02;
04.12.2024 12:35:24;14.02;
04.12.2024 12:35:25;14.01;
04.12.2024 12:35:26;14.02;
04.12.2024 12:35:27;14.02;
04.12.2024 12:35:28;14.01;
04.12.2024 12:35:29;14.02;
04.12.2024 12:35:30;14.01;
04.12.2024 12:35:32;14.01;
04.12.2024 12:35:33;14;
04.12.2024 12:35:34;14.02;
04.12.2024 12:35:36;14.02;
04.12.2024 12:35:37;14.01;
04.12.2024 12:35:38;14.02;
04.12.2024 12:35:47;14.02;
04.12.2024 12:35:48;14.01;
04.12.2024 12:35:53;14.01;
04.12.2024 12:35:54;14.02;
04.12.2024 12:35:55;14.01;
04.12.2024 12:35:57;14.01;
04.12.2024 12:35:58;14;
04.12.2024 12:35:59;14.01;
04.12.2024 12:36:00;14.01;
04.12.2024 12:36:01;14;
04.12.2024 12:36:02;14;
04.12.2024 12:36:03;14.01;
04.12.2024 12:36:04;14;
04.12.2024 12:36:05;14.01;
04.12.2024 12:36:08;14.01;
04.12.2024 12:36:09;14;
04.12.2024 12:36:10;14;
04.12.2024 12:36:11;14.01;
04.12.2024 12:36:12;14;
04.12.2024 12:36:13;14.01;
04.12.2024 12:36:15;14.01;
04.12.2024 12:36:16;14;
04.12.2024 12:36:17;14;
04.12.2024 12:36:18;14.01;
04.12.2024 12:36:19;14.01;
04.12.2024 12:36:20;14;
04.12.2024 12:36:26;14;
04.12.2024 12:36:27;14.01;
04.12.2024 12:36:28;14;
04.12.2024 12:36:29;14;
04.12.2024 12:36:30;14.01;
04.12.2024 12:36:31;14;
04.12.2024 12:36:32;14.01;
04.12.2024 12:36:33;14;
04.12.2024 12:36:34;14;
04.12.2024 12:36:35;14.01;
04.12.2024 12:36:36;14.01;
04.12.2024 12:36:37;14;
04.12.2024 12:36:38;14.01;
04.12.2024 12:36:39;14;
04.12.2024 12:36:40;14;
04.12.2024 12:36:41;13.99;
04.12.2024 12:36:42;14.01;
04.12.2024 12:36:43;14.01;
04.12.2024 12:36:44;14;
04.12.2024 12:36:45;14.01;
04.12.2024 12:36:46;14;
04.12.2024 12:36:48;14;
04.12.2024 12:36:49;14.01;
04.12.2024 12:36:50;13.99;
04.12.2024 12:36:51;14;
04.12.2024 12:36:52;14;
04.12.2024 12:36:53;13.99;
04.12.2024 12:36:54;13.99;
04.12.2024 12:36:55;14;
04.12.2024 12:37:00;14;
04.12.2024 12:37:01;13.99;
04.12.2024 12:37:02;14;
04.12.2024 12:37:04;14;
04.12.2024 12:37:05;13.99;
04.12.2024 12:37:06;13.99;
04.12.2024 12:37:07;14;
04.12.2024 12:37:09;14;
04.12.2024 12:37:10;13.99;
04.12.2024 12:37:11;13.99;
04.12.2024 12:37:12;14;
04.12.2024 12:37:17;14;
04.12.2024 12:37:18;13.99;
04.12.2024 12:37:19;13.99;
04.12.2024 12:37:20;13.98;
04.12.2024 12:37:21;13.99;
04.12.2024 12:37:22;13.99;
04.12.2024 12:37:23;14;
04.12.2024 12:37:24;13.99;
04.12.2024 12:37:25;13.99;
04.12.2024 12:37:26;14;
04.12.2024 12:37:27;13.99;
04.12.2024 12:37:29;13.99;
04.12.2024 12:37:30;13.98;
04.12.2024 12:37:31;14;
04.12.2024 12:37:32;13.99;
04.12.2024 12:37:33;13.99;
04.12.2024 12:37:34;14;
04.12.2024 12:37:35;13.99;
04.12.2024 12:37:38;13.99;
04.12.2024 12:37:39;14;
04.12.2024 12:37:40;13.99;
04.12.2024 12:37:41;13.99;
04.12.2024 12:37:42;14;
04.12.2024 12:37:44;14;
04.12.2024 12:37:45;13.99;
04.12.2024 12:37:46;14;
04.12.2024 12:37:47;13.99;
04.12.2024 12:37:48;14;
04.12.2024 12:37:49;13.99;
04.12.2024 12:37:53;13.99;
04.12.2024 12:37:54;13.98;
04.12.2024 12:37:55;13.99;
04.12.2024 12:37:57;13.99;
04.12.2024 12:37:58;13.98;
04.12.2024 12:37:59;13.99;
04.12.2024 12:38:01;13.99;
04.12.2024 12:38:02;13.98;
04.12.2024 12:38:03;13.99;
04.12.2024 12:38:06;13.99;
04.12.2024 12:38:07;13.98;
04.12.2024 12:38:08;13.99;
04.12.2024 12:38:09;13.98;
04.12.2024 12:38:12;13.98;
04.12.2024 12:38:13;13.99;
04.12.2024 12:38:15;13.99;
04.12.2024 12:38:16;13.98;
04.12.2024 12:38:17;13.99;
04.12.2024 12:38:18;13.98;
04.12.2024 12:38:19;13.99;
04.12.2024 12:38:20;13.98;
04.12.2024 12:38:21;13.99;
04.12.2024 12:38:22;13.99;
04.12.2024 12:38:23;13.98;
04.12.2024 12:38:25;13.98;
04.12.2024 12:38:26;13.99;
04.12.2024 12:38:27;14;
04.12.2024 12:38:28;13.98;
04.12.2024 12:38:29;14;
04.12.2024 12:38:30;13.99;
04.12.2024 12:38:31;13.98;
04.12.2024 12:38:32;13.99;
04.12.2024 12:38:38;13.99;
04.12.2024 12:38:39;13.98;
04.12.2024 12:38:40;13.99;
04.12.2024 12:38:41;13.98;
04.12.2024 12:38:44;13.98;
04.12.2024 12:38:45;13.99;
04.12.2024 12:38:48;13.99;
04.12.2024 12:38:49;13.98;
04.12.2024 12:38:50;13.99;
04.12.2024 12:38:51;13.99;
04.12.2024 12:38:52;13.97;
04.12.2024 12:38:53;13.97;
04.12.2024 12:38:54;13.98;
04.12.2024 12:38:55;13.99;
04.12.2024 12:38:56;13.98;
04.12.2024 12:38:59;13.98;
04.12.2024 12:39:00;13.97;
04.12.2024 12:39:01;13.98;
04.12.2024 12:39:02;13.98;
04.12.2024 12:39:03;13.99;
04.12.2024 12:39:04;13.98;
04.12.2024 12:39:13;13.98;
04.12.2024 12:39:14;13.97;
04.12.2024 12:39:15;13.98;
04.12.2024 12:39:17;13.98;
04.12.2024 12:39:18;13.97;
04.12.2024 12:39:19;13.98;
04.12.2024 12:39:20;13.97;
04.12.2024 12:39:21;13.98;
04.12.2024 12:39:27;13.98;
04.12.2024 12:39:28;13.97;
04.12.2024 12:39:29;13.98;
04.12.2024 12:39:31;13.98;
04.12.2024 12:39:32;13.99;
04.12.2024 12:39:33;13.98;
04.12.2024 12:39:40;13.98;
04.12.2024 12:39:41;13.97;
04.12.2024 12:39:42;13.98;
04.12.2024 12:39:43;13.97;
04.12.2024 12:39:44;13.98;
04.12.2024 12:39:45;13.97;
04.12.2024 12:39:48;13.97;
04.12.2024 12:39:49;13.98;
04.12.2024 12:39:50;13.99;
04.12.2024 12:39:51;13.97;
04.12.2024 12:39:53;13.97;
04.12.2024 12:39:54;13.98;
04.12.2024 12:39:55;13.97;
04.12.2024 12:39:56;13.98;
04.12.2024 12:39:57;13.98;
04.12.2024 12:39:58;13.97;
04.12.2024 12:39:59;13.96;
04.12.2024 12:40:00;13.97;
04.12.2024 12:40:05;13.97;
04.12.2024 12:40:06;13.98;
04.12.2024 12:40:07;13.97;
04.12.2024 12:40:09;13.97;
04.12.2024 12:40:10;13.98;
04.12.2024 12:40:11;13.96;
04.12.2024 12:40:12;13.97;
04.12.2024 12:40:19;13.97;
04.12.2024 12:40:20;13.96;
04.12.2024 12:40:21;13.98;
04.12.2024 12:40:22;13.96;
04.12.2024 12:40:23;13.96;
04.12.2024 12:40:24;13.97;
04.12.2024 12:40:25;13.98;
04.12.2024 12:40:26;13.97;
04.12.2024 12:40:29;13.97;
04.12.2024 12:40:30;13.98;
04.12.2024 12:40:31;13.97;
04.12.2024 12:40:39;13.97;
04.12.2024 12:40:40;13.96;
04.12.2024 12:40:41;13.97;
04.12.2024 12:40:42;13.96;
04.12.2024 12:40:43;13.97;
04.12.2024 12:40:45;13.97;
04.12.2024 12:40:46;13.96;
04.12.2024 12:40:47;13.97;
04.12.2024 12:40:48;13.96;
04.12.2024 12:40:49;13.96;
04.12.2024 12:40:50;13.97;
04.12.2024 12:40:51;13.97;
04.12.2024 12:40:52;13.96;
04.12.2024 12:40:53;13.96;
04.12.2024 12:40:54;13.97;
04.12.2024 12:41:02;13.97;
04.12.2024 12:41:03;13.96;
04.12.2024 12:41:04;13.97;
04.12.2024 12:41:05;13.97;
04.12.2024 12:41:06;13.96;
04.12.2024 12:41:07;13.96;
04.12.2024 12:41:08;13.97;
04.12.2024 12:41:09;13.96;
04.12.2024 12:41:10;13.97;
04.12.2024 12:41:12;13.97;
04.12.2024 12:41:13;13.96;
04.12.2024 12:41:18;13.96;
04.12.2024 12:41:19;13.97;
04.12.2024 12:41:21;13.97;
04.12.2024 12:41:22;13.96;
04.12.2024 12:41:25;13.96;
04.12.2024 12:41:26;13.97;
04.12.2024 12:41:27;13.96;
04.12.2024 12:41:30;13.96;
04.12.2024 12:41:31;13.95;
04.12.2024 12:41:32;13.97;
04.12.2024 12:41:33;13.97;
04.12.2024 12:41:34;13.96;
04.12.2024 12:41:35;13.97;
04.12.2024 12:41:36;13.96;
04.12.2024 12:41:43;13.96;
04.12.2024 12:41:44;13.97;
04.12.2024 12:41:45;13.96;
04.12.2024 12:41:47;13.96;
04.12.2024 12:41:48;13.95;
04.12.2024 12:41:49;13.96;
04.12.2024 12:41:50;13.95;
04.12.2024 12:41:51;13.96;
04.12.2024 12:41:58;13.96;
04.12.2024 12:41:59;13.95;
04.12.2024 12:42:00;13.96;
04.12.2024 12:42:01;13.95;
04.12.2024 12:42:02;13.96;
04.12.2024 12:42:03;13.95;
04.12.2024 12:42:04;13.95;
04.12.2024 12:42:05;13.97;
04.12.2024 12:42:06;13.96;
04.12.2024 12:42:09;13.96;
04.12.2024 12:42:10;13.95;
04.12.2024 12:42:11;13.96;
04.12.2024 12:42:15;13.96;
04.12.2024 12:42:16;13.95;
04.12.2024 12:42:17;13.96;
04.12.2024 12:42:18;13.96;
04.12.2024 12:42:19;13.95;
04.12.2024 12:42:20;13.96;
04.12.2024 12:42:21;13.95;
04.12.2024 12:42:22;13.96;
04.12.2024 12:42:23;13.95;
04.12.2024 12:42:26;13.95;
04.12.2024 12:42:27;13.96;
04.12.2024 12:42:28;13.95;
04.12.2024 12:42:33;13.95;
04.12.2024 12:42:34;13.96;
04.12.2024 12:42:35;13.94;
04.12.2024 12:42:36;13.95;
04.12.2024 12:42:39;13.95;
04.12.2024 12:42:40;13.96;
04.12.2024 12:42:41;13.95;
04.12.2024 12:42:43;13.95;
04.12.2024 12:42:44;13.96;
04.12.2024 12:42:45;13.95;
04.12.2024 12:42:46;13.96;
04.12.2024 12:42:47;13.95;
04.12.2024 12:42:49;13.95;
04.12.2024 12:42:50;13.96;
04.12.2024 12:42:51;13.95;
04.12.2024 12:42:57;13.95;
04.12.2024 12:42:58;13.96;
04.12.2024 12:42:59;13.96;
04.12.2024 12:43:00;13.95;
04.12.2024 12:43:05;13.95;
04.12.2024 12:43:06;13.94;
04.12.2024 12:43:07;13.96;
04.12.2024 12:43:08;13.94;
04.12.2024 12:43:09;13.95;
04.12.2024 12:43:14;13.95;
04.12.2024 12:43:15;13.96;
04.12.2024 12:43:16;13.95;
04.12.2024 12:43:17;13.95;
04.12.2024 12:43:18;13.96;
04.12.2024 12:43:19;13.95;
04.12.2024 12:43:26;13.95;
04.12.2024 12:43:27;13.94;
04.12.2024 12:43:28;13.95;
04.12.2024 12:43:29;13.94;
04.12.2024 12:43:30;13.94;
04.12.2024 12:43:31;13.95;
04.12.2024 12:43:32;13.94;
04.12.2024 12:43:35;13.94;
04.12.2024 12:43:36;13.95;
04.12.2024 12:43:37;13.94;
04.12.2024 12:43:38;13.94;
04.12.2024 12:43:39;13.95;
04.12.2024 12:43:40;13.95;
04.12.2024 12:43:41;13.94;
04.12.2024 12:43:42;13.95;
04.12.2024 12:43:43;13.94;
04.12.2024 12:43:46;13.94;
04.12.2024 12:43:47;13.95;
04.12.2024 12:43:48;13.94;
04.12.2024 12:43:50;13.94;
04.12.2024 12:43:51;13.93;
04.12.2024 12:43:52;13.94;
04.12.2024 12:43:53;13.93;
04.12.2024 12:43:54;13.94;
04.12.2024 12:44:01;13.94;
04.12.2024 12:44:02;13.95;
04.12.2024 12:44:03;13.94;
04.12.2024 12:44:04;13.93;
04.12.2024 12:44:05;13.94;
04.12.2024 12:44:10;13.94;
04.12.2024 12:44:11;13.93;
04.12.2024 12:44:13;13.93;
04.12.2024 12:44:14;13.94;
04.12.2024 12:44:15;13.93;
04.12.2024 12:44:16;13.93;
04.12.2024 12:44:17;13.94;
04.12.2024 12:44:18;13.93;
04.12.2024 12:44:19;13.93;
04.12.2024 12:44:20;13.94;
04.12.2024 12:44:23;13.94;
04.12.2024 12:44:24;13.93;
04.12.2024 12:44:25;13.93;
04.12.2024 12:44:26;13.94;
04.12.2024 12:44:27;13.94;
04.12.2024 12:44:28;13.93;
04.12.2024 12:44:29;13.94;
04.12.2024 12:44:30;13.93;
04.12.2024 12:44:35;13.93;
04.12.2024 12:44:36;13.94;
04.12.2024 12:44:37;13.93;
04.12.2024 12:44:38;13.94;
04.12.2024 12:44:41;13.94;
04.12.2024 12:44:42;13.93;
04.12.2024 12:44:43;13.93;
04.12.2024 12:44:44;13.94;
04.12.2024 12:44:45;13.94;
04.12.2024 12:44:46;13.93;
04.12.2024 12:44:47;13.94;
04.12.2024 12:44:48;13.93;
04.12.2024 12:44:49;13.93;
04.12.2024 12:44:50;13.94;
04.12.2024 12:44:51;13.93;
04.12.2024 12:44:55;13.93;
04.12.2024 12:44:56;13.94;
04.12.2024 12:44:57;13.93;
04.12.2024 12:44:59;13.93;
04.12.2024 12:45:00;13.94;
04.12.2024 12:45:03;13.94;
04.12.2024 12:45:04;13.93;
04.12.2024 12:45:05;13.93;
04.12.2024 12:45:06;13.94;
04.12.2024 12:45:07;13.93;
04.12.2024 12:45:13;13.93;
04.12.2024 12:45:14;13.94;
04.12.2024 12:45:15;13.93;
04.12.2024 12:45:16;13.93;
04.12.2024 12:45:17;13.94;
04.12.2024 12:45:18;13.93;
04.12.2024 12:45:19;13.92;
04.12.2024 12:45:20;13.93;
04.12.2024 12:45:22;13.93;
04.12.2024 12:45:23;13.92;
04.12.2024 12:45:24;13.93;
04.12.2024 12:45:25;13.92;
04.12.2024 12:45:26;13.92;
04.12.2024 12:45:27;13.93;
04.12.2024 12:45:30;13.93;
04.12.2024 12:45:31;13.94;
04.12.2024 12:45:32;13.93;
04.12.2024 12:45:33;13.92;
04.12.2024 12:45:34;13.93;
04.12.2024 12:45:36;13.93;
04.12.2024 12:45:37;13.92;
04.12.2024 12:45:38;13.92;
04.12.2024 12:45:39;13.93;
04.12.2024 12:45:40;13.92;
04.12.2024 12:45:41;13.93;
04.12.2024 12:45:42;13.93;
04.12.2024 12:45:43;13.94;
04.12.2024 12:45:44;13.93;
04.12.2024 12:45:45;13.92;
04.12.2024 12:45:46;13.93;
04.12.2024 12:45:47;13.93;
04.12.2024 12:45:48;13.94;
04.12.2024 12:45:49;13.92;
04.12.2024 12:45:50;13.92;
04.12.2024 12:45:51;13.93;
04.12.2024 12:45:52;13.92;
04.12.2024 12:45:55;13.92;
04.12.2024 12:45:56;13.93;
04.12.2024 12:45:57;13.92;
04.12.2024 12:45:58;13.93;
04.12.2024 12:45:59;13.93;
04.12.2024 12:46:00;13.92;
04.12.2024 12:46:03;13.92;
04.12.2024 12:46:04;13.93;
04.12.2024 12:46:05;13.93;
04.12.2024 12:46:06;13.92;
04.12.2024 12:46:07;13.92;
04.12.2024 12:46:08;13.93;
04.12.2024 12:46:09;13.93;
04.12.2024 12:46:10;13.92;
04.12.2024 12:46:11;13.91;
04.12.2024 12:46:12;13.92;
04.12.2024 12:46:13;13.92;
04.12.2024 12:46:14;13.93;
04.12.2024 12:46:15;13.92;
04.12.2024 12:46:17;13.92;
04.12.2024 12:46:18;13.93;
04.12.2024 12:46:19;13.92;
04.12.2024 12:46:28;13.92;
04.12.2024 12:46:29;13.91;
04.12.2024 12:46:30;13.92;
04.12.2024 12:46:31;13.92;
04.12.2024 12:46:32;13.93;
04.12.2024 12:46:33;13.92;
04.12.2024 12:46:43;13.92;
04.12.2024 12:46:44;13.93;
04.12.2024 12:46:45;13.92;
04.12.2024 12:46:47;13.92;
04.12.2024 12:46:48;13.91;
04.12.2024 12:46:49;13.92;
04.12.2024 12:46:50;13.91;
04.12.2024 12:46:51;13.92;
04.12.2024 12:46:52;13.91;
04.12.2024 12:46:54;13.91;
04.12.2024 12:46:55;13.92;
04.12.2024 12:46:56;13.92;
04.12.2024 12:46:57;13.93;
04.12.2024 12:46:58;13.92;
04.12.2024 12:46:59;13.91;
04.12.2024 12:47:00;13.91;
04.12.2024 12:47:01;13.92;
04.12.2024 12:47:03;13.92;
04.12.2024 12:47:04;13.91;
04.12.2024 12:47:05;13.91;
04.12.2024 12:47:06;13.92;
04.12.2024 12:47:07;13.91;
04.12.2024 12:47:08;13.91;
04.12.2024 12:47:09;13.92;
04.12.2024 12:47:12;13.92;
04.12.2024 12:47:13;13.91;
04.12.2024 12:47:14;13.92;
04.12.2024 12:47:19;13.92;
04.12.2024 12:47:20;13.91;
04.12.2024 12:47:21;13.9;
04.12.2024 12:47:22;13.91;
04.12.2024 12:47:24;13.91;
04.12.2024 12:47:25;13.9;
04.12.2024 12:47:26;13.92;
04.12.2024 12:47:27;13.91;
04.12.2024 12:47:28;13.92;
04.12.2024 12:47:29;13.9;
04.12.2024 12:47:30;13.91;
04.12.2024 12:47:38;13.91;
04.12.2024 12:47:39;13.92;
04.12.2024 12:47:40;13.91;
04.12.2024 12:47:41;13.9;
04.12.2024 12:47:42;13.9;
04.12.2024 12:47:43;13.92;
04.12.2024 12:47:44;13.91;
04.12.2024 12:47:45;13.91;
04.12.2024 12:47:46;13.9;
04.12.2024 12:47:47;13.92;
04.12.2024 12:47:48;13.91;
04.12.2024 12:47:49;13.9;
04.12.2024 12:47:50;13.9;
04.12.2024 12:47:51;13.91;
04.12.2024 12:47:52;13.9;
04.12.2024 12:47:53;13.9;
04.12.2024 12:47:54;13.91;
04.12.2024 12:47:55;13.91;
04.12.2024 12:47:56;13.9;
04.12.2024 12:47:57;13.91;
04.12.2024 12:48:03;13.91;
04.12.2024 12:48:04;13.92;
04.12.2024 12:48:05;13.91;
04.12.2024 12:48:06;13.91;
04.12.2024 12:48:07;13.9;
04.12.2024 12:48:08;13.92;
04.12.2024 12:48:09;13.91;
04.12.2024 12:48:10;13.9;
04.12.2024 12:48:11;13.91;
04.12.2024 12:48:13;13.91;
04.12.2024 12:48:14;13.9;
04.12.2024 12:48:15;13.91;
04.12.2024 12:48:17;13.91;
04.12.2024 12:48:18;13.9;
04.12.2024 12:48:20;13.9;
04.12.2024 12:48:21;13.91;
04.12.2024 12:48:23;13.91;
04.12.2024 12:48:24;13.9;
04.12.2024 12:48:35;13.9;
04.12.2024 12:48:36;13.91;
04.12.2024 12:48:37;13.9;
04.12.2024 12:48:41;13.9;
04.12.2024 12:48:42;13.91;
04.12.2024 12:48:47;13.91;
04.12.2024 12:48:48;13.9;
04.12.2024 12:48:49;13.9;
04.12.2024 12:48:50;13.91;
04.12.2024 12:48:51;13.9;
04.12.2024 12:48:53;13.9;
04.12.2024 12:48:54;13.91;
04.12.2024 12:48:55;13.91;
04.12.2024 12:48:56;13.9;
04.12.2024 12:48:59;13.9;
04.12.2024 12:49:00;13.89;
04.12.2024 12:49:01;13.9;
04.12.2024 12:49:03;13.9;
04.12.2024 12:49:04;13.89;
04.12.2024 12:49:05;13.9;
04.12.2024 12:49:07;13.9;
04.12.2024 12:49:08;13.89;
04.12.2024 12:49:09;13.9;
04.12.2024 12:49:10;13.89;
04.12.2024 12:49:11;13.9;
04.12.2024 12:49:12;13.9;
04.12.2024 12:49:13;13.89;
04.12.2024 12:49:14;13.89;
04.12.2024 12:49:15;13.9;
04.12.2024 12:49:16;13.9;
04.12.2024 12:49:17;13.89;
04.12.2024 12:49:18;13.9;
04.12.2024 12:49:20;13.9;
04.12.2024 12:49:21;13.89;
04.12.2024 12:49:22;13.9;
04.12.2024 12:49:24;13.9;
04.12.2024 12:49:25;13.89;
04.12.2024 12:49:26;13.9;
04.12.2024 12:49:28;13.9;
04.12.2024 12:49:29;13.89;
04.12.2024 12:49:30;13.9;
04.12.2024 12:49:33;13.9;
04.12.2024 12:49:34;13.89;
04.12.2024 12:49:35;13.9;
04.12.2024 12:49:36;13.89;
04.12.2024 12:49:37;13.89;
04.12.2024 12:49:38;13.9;
04.12.2024 12:49:44;13.9;
04.12.2024 12:49:45;13.89;
04.12.2024 12:49:46;13.89;
04.12.2024 12:49:47;13.88;
04.12.2024 12:49:48;13.89;
04.12.2024 12:49:49;13.9;
04.12.2024 12:49:50;13.89;
04.12.2024 12:49:52;13.89;
04.12.2024 12:49:53;13.9;
04.12.2024 12:49:55;13.9;
04.12.2024 12:49:56;13.89;
04.12.2024 12:49:57;13.89;
04.12.2024 12:49:58;13.88;
04.12.2024 12:49:59;13.88;
04.12.2024 12:50:00;13.89;
04.12.2024 12:50:01;13.88;
04.12.2024 12:50:02;13.89;
04.12.2024 12:50:07;13.89;
04.12.2024 12:50:08;13.9;
04.12.2024 12:50:09;13.89;
04.12.2024 12:50:10;13.88;
04.12.2024 12:50:11;13.9;
04.12.2024 12:50:12;13.9;
04.12.2024 12:50:13;13.89;
04.12.2024 12:50:16;13.89;
04.12.2024 12:50:17;13.9;
04.12.2024 12:50:18;13.89;
04.12.2024 12:50:28;13.89;
04.12.2024 12:50:29;13.88;
04.12.2024 12:50:30;13.89;
04.12.2024 12:50:39;13.89;
04.12.2024 12:50:40;13.88;
04.12.2024 12:50:41;13.89;
04.12.2024 12:50:42;13.88;
04.12.2024 12:50:43;13.89;
04.12.2024 12:50:47;13.89;
04.12.2024 12:50:48;13.88;
04.12.2024 12:50:49;13.89;
04.12.2024 12:50:52;13.89;
04.12.2024 12:50:53;13.88;
04.12.2024 12:50:56;13.88;
04.12.2024 12:50:57;13.89;
04.12.2024 12:51:01;13.89;
04.12.2024 12:51:02;13.88;
04.12.2024 12:51:03;13.89;
04.12.2024 12:51:04;13.89;
04.12.2024 12:51:05;13.88;
04.12.2024 12:51:07;13.88;
04.12.2024 12:51:08;13.89;
04.12.2024 12:51:09;13.88;
04.12.2024 12:51:10;13.89;
04.12.2024 12:51:11;13.88;
04.12.2024 12:51:12;13.88;
04.12.2024 12:51:13;13.89;
04.12.2024 12:51:14;13.88;
04.12.2024 12:51:17;13.88;
04.12.2024 12:51:18;13.89;
04.12.2024 12:51:19;13.88;
04.12.2024 12:51:20;13.88;
04.12.2024 12:51:21;13.89;
04.12.2024 12:51:22;13.89;
04.12.2024 12:51:23;13.87;
04.12.2024 12:51:24;13.88;
04.12.2024 12:51:27;13.88;
04.12.2024 12:51:28;13.89;
04.12.2024 12:51:29;13.88;
04.12.2024 12:51:30;13.89;
04.12.2024 12:51:31;13.88;
04.12.2024 12:51:32;13.88;
04.12.2024 12:51:33;13.87;
04.12.2024 12:51:34;13.88;
04.12.2024 12:51:35;13.88;
04.12.2024 12:51:36;13.87;
04.12.2024 12:51:37;13.87;
04.12.2024 12:51:38;13.89;
04.12.2024 12:51:39;13.89;
04.12.2024 12:51:40;13.87;
04.12.2024 12:51:41;13.88;
04.12.2024 12:51:42;13.88;
04.12.2024 12:51:43;13.89;
04.12.2024 12:51:44;13.88;
04.12.2024 12:51:45;13.88;
04.12.2024 12:51:46;13.87;
04.12.2024 12:51:47;13.88;
04.12.2024 12:51:51;13.88;
04.12.2024 12:51:52;13.87;
04.12.2024 12:51:53;13.87;
04.12.2024 12:51:54;13.88;
04.12.2024 12:51:57;13.88;
04.12.2024 12:51:58;13.87;
04.12.2024 12:51:59;13.89;
04.12.2024 12:52:00;13.88;
04.12.2024 12:52:01;13.87;
04.12.2024 12:52:03;13.87;
04.12.2024 12:52:04;13.88;
04.12.2024 12:52:10;13.88;
04.12.2024 12:52:11;13.87;
04.12.2024 12:52:12;13.88;
04.12.2024 12:52:22;13.88;
04.12.2024 12:52:23;13.87;
04.12.2024 12:52:25;13.87;
04.12.2024 12:52:26;13.88;
04.12.2024 12:52:27;13.88;
04.12.2024 12:52:28;13.87;
04.12.2024 12:52:29;13.88;
04.12.2024 12:52:31;13.88;
04.12.2024 12:52:32;13.87;
04.12.2024 12:52:33;13.88;
04.12.2024 12:52:34;13.88;
04.12.2024 12:52:35;13.87;
04.12.2024 12:52:37;13.87;
04.12.2024 12:52:38;13.88;
04.12.2024 12:52:39;13.87;
04.12.2024 12:52:41;13.87;
04.12.2024 12:52:42;13.88;
04.12.2024 12:52:43;13.87;
04.12.2024 12:52:44;13.88;
04.12.2024 12:52:45;13.87;
04.12.2024 12:52:46;13.88;
04.12.2024 12:52:47;13.88;
04.12.2024 12:52:48;13.87;
04.12.2024 12:52:50;13.87;
04.12.2024 12:52:51;13.88;
04.12.2024 12:52:52;13.87;
04.12.2024 12:52:53;13.88;
04.12.2024 12:52:54;13.87;
04.12.2024 12:52:55;13.88;
04.12.2024 12:52:56;13.88;
04.12.2024 12:52:57;13.87;
04.12.2024 12:52:58;13.88;
04.12.2024 12:52:59;13.87;
04.12.2024 12:53:00;13.86;
04.12.2024 12:53:01;13.87;
04.12.2024 12:53:04;13.87;
04.12.2024 12:53:05;13.86;
04.12.2024 12:53:06;13.87;
04.12.2024 12:53:10;13.87;
04.12.2024 12:53:11;13.86;
04.12.2024 12:53:12;13.88;
04.12.2024 12:53:13;13.86;
04.12.2024 12:53:14;13.87;
04.12.2024 12:53:15;13.87;
04.12.2024 12:53:16;13.86;
04.12.2024 12:53:17;13.87;
04.12.2024 12:53:23;13.87;
04.12.2024 12:53:24;13.86;
04.12.2024 12:53:26;13.86;
04.12.2024 12:53:27;13.87;
04.12.2024 12:53:28;13.86;
04.12.2024 12:53:29;13.87;
04.12.2024 12:53:37;13.87;
04.12.2024 12:53:38;13.86;
04.12.2024 12:53:39;13.87;
04.12.2024 12:53:41;13.87;
04.12.2024 12:53:42;13.86;
04.12.2024 12:53:43;13.87;
04.12.2024 12:53:44;13.86;
04.12.2024 12:53:46;13.86;
04.12.2024 12:53:47;13.87;
04.12.2024 12:53:48;13.86;
04.12.2024 12:53:49;13.87;
04.12.2024 12:53:51;13.87;
04.12.2024 12:53:52;13.86;
04.12.2024 12:53:53;13.87;
04.12.2024 12:53:54;13.87;
04.12.2024 12:53:55;13.86;
04.12.2024 12:54:01;13.86;
04.12.2024 12:54:02;13.87;
04.12.2024 12:54:03;13.86;
04.12.2024 12:54:06;13.86;
04.12.2024 12:54:07;13.85;
04.12.2024 12:54:08;13.86;
04.12.2024 12:54:10;13.86;
04.12.2024 12:54:11;13.85;
04.12.2024 12:54:12;13.86;
04.12.2024 12:54:15;13.86;
04.12.2024 12:54:16;13.85;
04.12.2024 12:54:17;13.85;
04.12.2024 12:54:18;13.86;
04.12.2024 12:54:19;13.85;
04.12.2024 12:54:20;13.86;
04.12.2024 12:54:21;13.85;
04.12.2024 12:54:22;13.85;
04.12.2024 12:54:23;13.86;
04.12.2024 12:54:24;13.86;
04.12.2024 12:54:25;13.85;
04.12.2024 12:54:26;13.86;
04.12.2024 12:54:27;13.86;
04.12.2024 12:54:28;13.87;
04.12.2024 12:54:29;13.86;
04.12.2024 12:54:31;13.86;
04.12.2024 12:54:32;13.87;
04.12.2024 12:54:33;13.86;
04.12.2024 12:54:39;13.86;
04.12.2024 12:54:40;13.85;
04.12.2024 12:54:41;13.87;
04.12.2024 12:54:42;13.85;
04.12.2024 12:54:43;13.84;
04.12.2024 12:54:44;13.85;
04.12.2024 12:54:47;13.85;
04.12.2024 12:54:48;13.84;
04.12.2024 12:54:49;13.85;
04.12.2024 12:54:50;13.86;
04.12.2024 12:54:51;13.84;
04.12.2024 12:54:52;13.85;
04.12.2024 12:54:53;13.85;
04.12.2024 12:54:54;13.86;
04.12.2024 12:54:55;13.86;
04.12.2024 12:54:56;13.85;
04.12.2024 12:54:59;13.85;
04.12.2024 12:55:00;13.84;
04.12.2024 12:55:01;13.86;
04.12.2024 12:55:02;13.85;
04.12.2024 12:55:14;13.85;
04.12.2024 12:55:15;13.84;
04.12.2024 12:55:16;13.85;
04.12.2024 12:55:17;13.86;
04.12.2024 12:55:18;13.85;
04.12.2024 12:55:19;13.84;
04.12.2024 12:55:20;13.85;
04.12.2024 12:55:22;13.85;
04.12.2024 12:55:23;13.84;
04.12.2024 12:55:24;13.84;
04.12.2024 12:55:25;13.85;
04.12.2024 12:55:26;13.84;
04.12.2024 12:55:27;13.85;
04.12.2024 12:55:28;13.85;
04.12.2024 12:55:29;13.86;
04.12.2024 12:55:30;13.85;
04.12.2024 12:55:32;13.85;
04.12.2024 12:55:33;13.86;
04.12.2024 12:55:34;13.85;
04.12.2024 12:55:38;13.85;
04.12.2024 12:55:39;13.84;
04.12.2024 12:55:40;13.85;
04.12.2024 12:55:41;13.84;
04.12.2024 12:55:43;13.84;
04.12.2024 12:55:44;13.85;
04.12.2024 12:55:45;13.84;
04.12.2024 12:55:47;13.84;
04.12.2024 12:55:48;13.85;
04.12.2024 12:55:49;13.84;
04.12.2024 12:56:01;13.84;
04.12.2024 12:56:02;13.85;
04.12.2024 12:56:03;13.84;
04.12.2024 12:56:04;13.85;
04.12.2024 12:56:05;13.85;
04.12.2024 12:56:06;13.84;
04.12.2024 12:56:07;13.84;
04.12.2024 12:56:08;13.85;
04.12.2024 12:56:09;13.85;
04.12.2024 12:56:10;13.84;
04.12.2024 12:56:21;13.84;
04.12.2024 12:56:22;13.83;
04.12.2024 12:56:23;13.83;
04.12.2024 12:56:24;13.84;
04.12.2024 12:56:31;13.84;
04.12.2024 12:56:32;13.83;
04.12.2024 12:56:33;13.84;
04.12.2024 12:56:39;13.84;
04.12.2024 12:56:40;13.83;
04.12.2024 12:56:41;13.84;
04.12.2024 12:56:42;13.84;
04.12.2024 12:56:43;13.83;
04.12.2024 12:56:44;13.84;
04.12.2024 12:56:46;13.84;
04.12.2024 12:56:47;13.83;
04.12.2024 12:56:48;13.83;
04.12.2024 12:56:49;13.84;
04.12.2024 12:56:50;13.84;
04.12.2024 12:56:51;13.83;
04.12.2024 12:56:52;13.83;
04.12.2024 12:56:53;13.84;
04.12.2024 12:56:55;13.84;
04.12.2024 12:56:56;13.83;
04.12.2024 12:56:57;13.83;
04.12.2024 12:56:58;13.84;
04.12.2024 12:56:59;13.83;
04.12.2024 12:57:05;13.83;
04.12.2024 12:57:06;13.84;
04.12.2024 12:57:07;13.83;
04.12.2024 12:57:11;13.83;
04.12.2024 12:57:12;13.84;
04.12.2024 12:57:13;13.83;
04.12.2024 12:57:14;13.83;
04.12.2024 12:57:15;13.84;
04.12.2024 12:57:16;13.84;
04.12.2024 12:57:17;13.83;
04.12.2024 12:57:18;13.83;
04.12.2024 12:57:19;13.84;
04.12.2024 12:57:20;13.84;
04.12.2024 12:57:21;13.83;
04.12.2024 12:57:22;13.83;
04.12.2024 12:57:23;13.84;
04.12.2024 12:57:24;13.83;
04.12.2024 12:57:28;13.83;
04.12.2024 12:57:29;13.82;
04.12.2024 12:57:30;13.83;
04.12.2024 12:57:33;13.83;
04.12.2024 12:57:34;13.84;
04.12.2024 12:57:35;13.83;
04.12.2024 12:57:36;13.82;
04.12.2024 12:57:37;13.83;
04.12.2024 12:57:38;13.83;
04.12.2024 12:57:39;13.82;
04.12.2024 12:57:40;13.83;
04.12.2024 12:57:41;13.83;
04.12.2024 12:57:42;13.84;
04.12.2024 12:57:43;13.83;
04.12.2024 12:57:49;13.83;
04.12.2024 12:57:50;13.82;
04.12.2024 12:57:51;13.83;
04.12.2024 12:57:53;13.83;
04.12.2024 12:57:54;13.84;
04.12.2024 12:57:55;13.83;
04.12.2024 12:57:56;13.83;
04.12.2024 12:57:57;13.82;
04.12.2024 12:57:58;13.82;
04.12.2024 12:57:59;13.83;
04.12.2024 12:58:00;13.82;
04.12.2024 12:58:01;13.83;
04.12.2024 12:58:02;13.82;
04.12.2024 12:58:03;13.83;
04.12.2024 12:58:04;13.82;
04.12.2024 12:58:07;13.82;
04.12.2024 12:58:08;13.83;
04.12.2024 12:58:09;13.82;
04.12.2024 12:58:10;13.83;
04.12.2024 12:58:11;13.82;
04.12.2024 12:58:12;13.82;
04.12.2024 12:58:13;13.83;
04.12.2024 12:58:14;13.82;
04.12.2024 12:58:15;13.84;
04.12.2024 12:58:16;13.82;
04.12.2024 12:58:17;13.83;
04.12.2024 12:58:19;13.83;
04.12.2024 12:58:20;13.82;
04.12.2024 12:58:21;13.83;
04.12.2024 12:58:22;13.82;
04.12.2024 12:58:23;13.83;
04.12.2024 12:58:24;13.83;
04.12.2024 12:58:25;13.82;
04.12.2024 12:58:26;13.83;
04.12.2024 12:58:27;13.82;
04.12.2024 12:58:30;13.82;
04.12.2024 12:58:31;13.83;
04.12.2024 12:58:32;13.83;
04.12.2024 12:58:33;13.82;
04.12.2024 12:58:35;13.82;
04.12.2024 12:58:36;13.83;
04.12.2024 12:58:37;13.82;
04.12.2024 12:58:38;13.83;
04.12.2024 12:58:39;13.83;
04.12.2024 12:58:40;13.82;
04.12.2024 12:58:43;13.82;
04.12.2024 12:58:44;13.83;
04.12.2024 12:58:45;13.82;
04.12.2024 12:58:46;13.83;
04.12.2024 12:58:47;13.82;
04.12.2024 12:58:48;13.81;
04.12.2024 12:58:49;13.82;
04.12.2024 12:58:53;13.82;
04.12.2024 12:58:54;13.83;
04.12.2024 12:58:55;13.82;
04.12.2024 12:58:58;13.82;
04.12.2024 12:58:59;13.83;
04.12.2024 12:59:00;13.82;
04.12.2024 12:59:02;13.82;
04.12.2024 12:59:03;13.83;
04.12.2024 12:59:04;13.82;
04.12.2024 12:59:12;13.82;
04.12.2024 12:59:13;13.81;
04.12.2024 12:59:14;13.82;
04.12.2024 12:59:16;13.82;
04.12.2024 12:59:17;13.81;
04.12.2024 12:59:18;13.82;
04.12.2024 12:59:19;13.82;
04.12.2024 12:59:20;13.81;
04.12.2024 12:59:21;13.82;
04.12.2024 12:59:22;13.81;
04.12.2024 12:59:23;13.81;
04.12.2024 12:59:24;13.82;
04.12.2024 12:59:30;13.82;
04.12.2024 12:59:31;13.81;
04.12.2024 12:59:32;13.82;
04.12.2024 12:59:33;13.81;
04.12.2024 12:59:34;13.82;
04.12.2024 12:59:35;13.81;
04.12.2024 12:59:36;13.81;
04.12.2024 12:59:37;13.82;
04.12.2024 12:59:38;13.81;
04.12.2024 12:59:39;13.82;
04.12.2024 12:59:40;13.81;
04.12.2024 12:59:43;13.81;
04.12.2024 12:59:44;13.8;
04.12.2024 12:59:45;13.81;
04.12.2024 12:59:46;13.82;
04.12.2024 12:59:48;13.82;
04.12.2024 12:59:49;13.81;
04.12.2024 12:59:51;13.81;
04.12.2024 12:59:52;13.82;
04.12.2024 12:59:53;13.81;
04.12.2024 12:59:54;13.81;
04.12.2024 12:59:55;13.82;
04.12.2024 12:59:56;13.82;
04.12.2024 12:59:57;13.81;
04.12.2024 12:59:58;13.82;
04.12.2024 12:59:59;13.81;
04.12.2024 13:00:00;13.82;
04.12.2024 13:00:01;13.81;
04.12.2024 13:00:03;13.81;
04.12.2024 13:00:04;13.8;
04.12.2024 13:00:05;13.81;
04.12.2024 13:00:07;13.81;
04.12.2024 13:00:08;13.8;
04.12.2024 13:00:09;13.81;
04.12.2024 13:00:10;13.8;
04.12.2024 13:00:11;13.81;
04.12.2024 13:00:12;13.8;
04.12.2024 13:00:13;13.81;
04.12.2024 13:00:14;13.8;
04.12.2024 13:00:15;13.81;
04.12.2024 13:00:16;13.8;
04.12.2024 13:00:17;13.81;
04.12.2024 13:00:18;13.8;
04.12.2024 13:00:19;13.81;
04.12.2024 13:00:20;13.81;
04.12.2024 13:00:21;13.8;
04.12.2024 13:00:22;13.81;
04.12.2024 13:00:23;13.8;
04.12.2024 13:00:26;13.8;
04.12.2024 13:00:27;13.81;
04.12.2024 13:00:28;13.81;
04.12.2024 13:00:29;13.8;
04.12.2024 13:00:31;13.8;
04.12.2024 13:00:32;13.81;
04.12.2024 13:00:33;13.8;
04.12.2024 13:00:34;13.8;
04.12.2024 13:00:35;13.79;
04.12.2024 13:00:36;13.81;
04.12.2024 13:00:37;13.81;
04.12.2024 13:00:38;13.8;
04.12.2024 13:00:39;13.81;
04.12.2024 13:00:40;13.81;
04.12.2024 13:00:41;13.8;
04.12.2024 13:00:42;13.81;
04.12.2024 13:00:43;13.81;
04.12.2024 13:00:44;13.8;
04.12.2024 13:00:45;13.8;
04.12.2024 13:00:46;13.81;
04.12.2024 13:00:47;13.81;
04.12.2024 13:00:48;13.8;
04.12.2024 13:00:49;13.79;
04.12.2024 13:00:50;13.8;
04.12.2024 13:00:51;13.81;
04.12.2024 13:00:52;13.81;
04.12.2024 13:00:53;13.8;
04.12.2024 13:00:56;13.8;
04.12.2024 13:00:57;13.81;
04.12.2024 13:00:58;13.8;
04.12.2024 13:00:59;13.8;
04.12.2024 13:01:00;13.79;
04.12.2024 13:01:01;13.8;
04.12.2024 13:01:02;13.81;
04.12.2024 13:01:03;13.8;
04.12.2024 13:01:04;13.8;
04.12.2024 13:01:05;13.81;
04.12.2024 13:01:06;13.8;
04.12.2024 13:01:11;13.8;
04.12.2024 13:01:12;13.81;
04.12.2024 13:01:13;13.8;
04.12.2024 13:01:17;13.8;
04.12.2024 13:01:18;13.81;
04.12.2024 13:01:19;13.8;
04.12.2024 13:01:21;13.8;
04.12.2024 13:01:22;13.79;
04.12.2024 13:01:23;13.8;
04.12.2024 13:01:31;13.8;
04.12.2024 13:01:32;13.79;
04.12.2024 13:01:33;13.8;
04.12.2024 13:01:34;13.79;
04.12.2024 13:01:35;13.8;
04.12.2024 13:01:36;13.79;
04.12.2024 13:01:37;13.8;
04.12.2024 13:01:38;13.79;
04.12.2024 13:01:39;13.79;
04.12.2024 13:01:40;13.8;
04.12.2024 13:01:52;13.8;
04.12.2024 13:01:53;13.78;
04.12.2024 13:01:54;13.79;
04.12.2024 13:01:55;13.8;
04.12.2024 13:01:56;13.8;
04.12.2024 13:01:57;13.79;
04.12.2024 13:01:58;13.8;
04.12.2024 13:01:59;13.79;
04.12.2024 13:02:07;13.79;
04.12.2024 13:02:08;13.8;
04.12.2024 13:02:09;13.79;
04.12.2024 13:02:10;13.79;
04.12.2024 13:02:11;13.8;
04.12.2024 13:02:13;13.8;
04.12.2024 13:02:14;13.79;
04.12.2024 13:02:15;13.8;
04.12.2024 13:02:16;13.79;
04.12.2024 13:02:17;13.8;
04.12.2024 13:02:18;13.79;
04.12.2024 13:02:19;13.8;
04.12.2024 13:02:21;13.8;
04.12.2024 13:02:22;13.79;
04.12.2024 13:02:23;13.8;
04.12.2024 13:02:25;13.8;
04.12.2024 13:02:26;13.79;
04.12.2024 13:02:28;13.79;
04.12.2024 13:02:29;13.8;
04.12.2024 13:02:30;13.79;
04.12.2024 13:02:31;13.79;
04.12.2024 13:02:32;13.8;
04.12.2024 13:02:33;13.79;
04.12.2024 13:02:38;13.79;
04.12.2024 13:02:39;13.78;
04.12.2024 13:02:40;13.79;
04.12.2024 13:02:42;13.79;
04.12.2024 13:02:43;13.78;
04.12.2024 13:02:44;13.79;
04.12.2024 13:02:47;13.79;
04.12.2024 13:02:48;13.78;
04.12.2024 13:02:49;13.79;
04.12.2024 13:02:50;13.8;
04.12.2024 13:02:51;13.79;
04.12.2024 13:02:55;13.79;
04.12.2024 13:02:56;13.78;
04.12.2024 13:02:57;13.78;
04.12.2024 13:02:58;13.79;
04.12.2024 13:02:59;13.79;
04.12.2024 13:03:00;13.78;
04.12.2024 13:03:01;13.78;
04.12.2024 13:03:02;13.79;
04.12.2024 13:03:04;13.79;
04.12.2024 13:03:05;13.78;
04.12.2024 13:03:06;13.78;
04.12.2024 13:03:07;13.79;
04.12.2024 13:03:08;13.78;
04.12.2024 13:03:10;13.78;
04.12.2024 13:03:11;13.79;
04.12.2024 13:03:12;13.78;
04.12.2024 13:03:13;13.78;
04.12.2024 13:03:14;13.79;
04.12.2024 13:03:16;13.79;
04.12.2024 13:03:17;13.78;
04.12.2024 13:03:19;13.78;
04.12.2024 13:03:20;13.79;
04.12.2024 13:03:21;13.78;
04.12.2024 13:03:22;13.79;
04.12.2024 13:03:24;13.79;
04.12.2024 13:03:25;13.78;
04.12.2024 13:03:30;13.78;
04.12.2024 13:03:31;13.79;
04.12.2024 13:03:32;13.78;
04.12.2024 13:03:35;13.78;
04.12.2024 13:03:36;13.77;
04.12.2024 13:03:37;13.76;
04.12.2024 13:03:38;13.78;
04.12.2024 13:03:41;13.78;
04.12.2024 13:03:42;13.77;
04.12.2024 13:03:43;13.77;
04.12.2024 13:03:44;13.78;
04.12.2024 13:03:50;13.78;
04.12.2024 13:03:51;13.77;
04.12.2024 13:03:52;13.79;
04.12.2024 13:03:53;13.78;
04.12.2024 13:03:54;13.78;
04.12.2024 13:03:55;13.77;
04.12.2024 13:03:56;13.78;
04.12.2024 13:03:57;13.77;
04.12.2024 13:03:58;13.78;
04.12.2024 13:04:02;13.78;
04.12.2024 13:04:03;13.77;
04.12.2024 13:04:04;13.78;
04.12.2024 13:04:09;13.78;
04.12.2024 13:04:10;13.77;
04.12.2024 13:04:11;13.78;
04.12.2024 13:04:12;13.77;
04.12.2024 13:04:13;13.79;
04.12.2024 13:04:14;13.78;
04.12.2024 13:04:15;13.77;
04.12.2024 13:04:18;13.77;
04.12.2024 13:04:19;13.78;
04.12.2024 13:04:20;13.76;
04.12.2024 13:04:21;13.77;
04.12.2024 13:04:22;13.77;
04.12.2024 13:04:23;13.76;
04.12.2024 13:04:24;13.77;
04.12.2024 13:04:25;13.78;
04.12.2024 13:04:26;13.78;
04.12.2024 13:04:27;13.77;
04.12.2024 13:04:28;13.78;
04.12.2024 13:04:29;13.79;
04.12.2024 13:04:30;13.78;
04.12.2024 13:04:31;13.77;
04.12.2024 13:04:34;13.77;
04.12.2024 13:04:35;13.78;
04.12.2024 13:04:36;13.77;
04.12.2024 13:04:38;13.77;
04.12.2024 13:04:39;13.78;
04.12.2024 13:04:40;13.77;
04.12.2024 13:04:41;13.78;
04.12.2024 13:04:42;13.78;
04.12.2024 13:04:43;13.77;
04.12.2024 13:04:44;13.78;
04.12.2024 13:04:45;13.78;
04.12.2024 13:04:46;13.77;
04.12.2024 13:05:01;13.77;
04.12.2024 13:05:02;13.76;
04.12.2024 13:05:03;13.77;
04.12.2024 13:05:04;13.76;
04.12.2024 13:05:05;13.77;
04.12.2024 13:05:09;13.77;
04.12.2024 13:05:10;13.76;
04.12.2024 13:05:11;13.77;
04.12.2024 13:05:12;13.76;
04.12.2024 13:05:15;13.76;
04.12.2024 13:05:16;13.77;
04.12.2024 13:05:17;13.76;
04.12.2024 13:05:22;13.76;
04.12.2024 13:05:23;13.77;
04.12.2024 13:05:24;13.77;
04.12.2024 13:05:25;13.76;
04.12.2024 13:05:26;13.77;
04.12.2024 13:05:27;13.77;
04.12.2024 13:05:28;13.76;
04.12.2024 13:05:29;13.77;
04.12.2024 13:05:30;13.76;
04.12.2024 13:05:36;13.76;
04.12.2024 13:05:37;13.77;
04.12.2024 13:05:38;13.76;
04.12.2024 13:05:39;13.76;
04.12.2024 13:05:40;13.77;
04.12.2024 13:05:42;13.77;
04.12.2024 13:05:43;13.76;
04.12.2024 13:05:45;13.76;
04.12.2024 13:05:46;13.75;
04.12.2024 13:05:47;13.76;
04.12.2024 13:05:48;13.76;
04.12.2024 13:05:49;13.77;
04.12.2024 13:05:50;13.76;
04.12.2024 13:05:53;13.76;
04.12.2024 13:05:54;13.75;
04.12.2024 13:05:55;13.76;
04.12.2024 13:05:56;13.76;
04.12.2024 13:05:57;13.77;
04.12.2024 13:05:58;13.76;
04.12.2024 13:06:02;13.76;
04.12.2024 13:06:03;13.75;
04.12.2024 13:06:04;13.76;
04.12.2024 13:06:05;13.76;
04.12.2024 13:06:06;13.75;
04.12.2024 13:06:07;13.76;
04.12.2024 13:06:08;13.75;
04.12.2024 13:06:09;13.76;
04.12.2024 13:06:10;13.75;
04.12.2024 13:06:11;13.76;
04.12.2024 13:06:14;13.76;
04.12.2024 13:06:15;13.75;
04.12.2024 13:06:16;13.76;
04.12.2024 13:06:19;13.76;
04.12.2024 13:06:20;13.75;
04.12.2024 13:06:21;13.76;
04.12.2024 13:06:22;13.75;
04.12.2024 13:06:23;13.75;
04.12.2024 13:06:24;13.76;
04.12.2024 13:06:25;13.75;
04.12.2024 13:06:28;13.75;
04.12.2024 13:06:29;13.77;
04.12.2024 13:06:30;13.76;
04.12.2024 13:06:31;13.75;
04.12.2024 13:06:32;13.75;
04.12.2024 13:06:33;13.76;
04.12.2024 13:06:35;13.76;
04.12.2024 13:06:36;13.75;
04.12.2024 13:06:37;13.75;
04.12.2024 13:06:38;13.76;
04.12.2024 13:06:40;13.76;
04.12.2024 13:06:41;13.75;
04.12.2024 13:06:46;13.75;
04.12.2024 13:06:47;13.76;
04.12.2024 13:06:48;13.75;
04.12.2024 13:06:50;13.75;
04.12.2024 13:06:51;13.76;
04.12.2024 13:06:52;13.75;
04.12.2024 13:06:55;13.75;
04.12.2024 13:06:56;13.76;
04.12.2024 13:06:57;13.75;
04.12.2024 13:07:06;13.75;
04.12.2024 13:07:07;13.76;
04.12.2024 13:07:08;13.75;
04.12.2024 13:07:09;13.75;
04.12.2024 13:07:10;13.76;
04.12.2024 13:07:11;13.75;
04.12.2024 13:07:13;13.75;
04.12.2024 13:07:14;13.76;
04.12.2024 13:07:15;13.76;
04.12.2024 13:07:16;13.75;
04.12.2024 13:07:18;13.75;
04.12.2024 13:07:19;13.76;
04.12.2024 13:07:20;13.75;
04.12.2024 13:07:28;13.75;
04.12.2024 13:07:29;13.76;
04.12.2024 13:07:30;13.75;
04.12.2024 13:07:31;13.74;
04.12.2024 13:07:32;13.75;
04.12.2024 13:07:37;13.75;
04.12.2024 13:07:38;13.74;
04.12.2024 13:07:39;13.75;
04.12.2024 13:07:42;13.75;
04.12.2024 13:07:43;13.74;
04.12.2024 13:07:45;13.74;
04.12.2024 13:07:46;13.75;
04.12.2024 13:07:47;13.75;
04.12.2024 13:07:48;13.74;
04.12.2024 13:07:49;13.75;
04.12.2024 13:07:50;13.74;
04.12.2024 13:07:52;13.74;
04.12.2024 13:07:53;13.75;
04.12.2024 13:07:54;13.74;
04.12.2024 13:07:55;13.75;
04.12.2024 13:07:56;13.75;
04.12.2024 13:07:57;13.74;
04.12.2024 13:07:58;13.75;
04.12.2024 13:07:59;13.74;
04.12.2024 13:08:02;13.74;
04.12.2024 13:08:03;13.75;
04.12.2024 13:08:04;13.74;
04.12.2024 13:08:05;13.75;
04.12.2024 13:08:06;13.75;
04.12.2024 13:08:07;13.74;
04.12.2024 13:08:10;13.74;
04.12.2024 13:08:11;13.75;
04.12.2024 13:08:12;13.74;
04.12.2024 13:08:13;13.75;
04.12.2024 13:08:14;13.74;
04.12.2024 13:08:17;13.74;
04.12.2024 13:08:18;13.75;
04.12.2024 13:08:19;13.74;
04.12.2024 13:08:20;13.75;
04.12.2024 13:08:21;13.74;
04.12.2024 13:08:22;13.75;
04.12.2024 13:08:23;13.74;
04.12.2024 13:08:32;13.74;
04.12.2024 13:08:33;13.75;
04.12.2024 13:08:34;13.74;
04.12.2024 13:08:35;13.73;
04.12.2024 13:08:36;13.74;
04.12.2024 13:08:38;13.74;
04.12.2024 13:08:39;13.73;
04.12.2024 13:08:41;13.73;
04.12.2024 13:08:42;13.74;
04.12.2024 13:08:43;13.73;
04.12.2024 13:08:44;13.74;
04.12.2024 13:08:45;13.74;
04.12.2024 13:08:46;13.73;
04.12.2024 13:08:47;13.74;
04.12.2024 13:08:48;13.73;
04.12.2024 13:08:49;13.74;
04.12.2024 13:08:50;13.74;
04.12.2024 13:08:51;13.73;
04.12.2024 13:08:52;13.73;
04.12.2024 13:08:53;13.74;
04.12.2024 13:08:59;13.74;
04.12.2024 13:09:00;13.73;
04.12.2024 13:09:01;13.73;
04.12.2024 13:09:02;13.74;
04.12.2024 13:09:03;13.73;
04.12.2024 13:09:04;13.74;
04.12.2024 13:09:05;13.73;
04.12.2024 13:09:06;13.74;
04.12.2024 13:09:09;13.74;
04.12.2024 13:09:10;13.73;
04.12.2024 13:09:20;13.73;
04.12.2024 13:09:21;13.72;
04.12.2024 13:09:23;13.72;
04.12.2024 13:09:24;13.74;
04.12.2024 13:09:25;13.74;
04.12.2024 13:09:26;13.73;
04.12.2024 13:09:27;13.74;
04.12.2024 13:09:28;13.73;
04.12.2024 13:09:29;13.73;
04.12.2024 13:09:30;13.74;
04.12.2024 13:09:31;13.73;
04.12.2024 13:09:35;13.73;
04.12.2024 13:09:36;13.74;
04.12.2024 13:09:37;13.73;
04.12.2024 13:09:38;13.74;
04.12.2024 13:09:39;13.73;
04.12.2024 13:09:40;13.74;
04.12.2024 13:09:41;13.73;
04.12.2024 13:09:44;13.73;
04.12.2024 13:09:45;13.72;
04.12.2024 13:09:46;13.73;
04.12.2024 13:09:48;13.73;
04.12.2024 13:09:49;13.72;
04.12.2024 13:09:50;13.72;
04.12.2024 13:09:51;13.73;
04.12.2024 13:09:53;13.73;
04.12.2024 13:09:54;13.72;
04.12.2024 13:09:55;13.73;
04.12.2024 13:09:56;13.72;
04.12.2024 13:09:57;13.73;
04.12.2024 13:09:58;13.72;
04.12.2024 13:09:59;13.73;
04.12.2024 13:10:07;13.73;
04.12.2024 13:10:08;13.72;
04.12.2024 13:10:09;13.72;
04.12.2024 13:10:10;13.73;
04.12.2024 13:10:12;13.73;
04.12.2024 13:10:13;13.72;
04.12.2024 13:10:14;13.73;
04.12.2024 13:10:19;13.73;
04.12.2024 13:10:20;13.72;
04.12.2024 13:10:21;13.73;
04.12.2024 13:10:22;13.72;
04.12.2024 13:10:23;13.73;
04.12.2024 13:10:26;13.73;
04.12.2024 13:10:27;13.74;
04.12.2024 13:10:28;13.73;
04.12.2024 13:10:34;13.73;
04.12.2024 13:10:35;13.72;
04.12.2024 13:10:36;13.73;
04.12.2024 13:10:37;13.72;
04.12.2024 13:10:40;13.72;
04.12.2024 13:10:41;13.73;
04.12.2024 13:10:43;13.73;
04.12.2024 13:10:44;13.72;
04.12.2024 13:10:45;13.72;
04.12.2024 13:10:46;13.73;
04.12.2024 13:10:47;13.72;
04.12.2024 13:10:48;13.72;
04.12.2024 13:10:49;13.73;
04.12.2024 13:10:50;13.73;
04.12.2024 13:10:51;13.72;
04.12.2024 13:10:52;13.72;
04.12.2024 13:10:53;13.73;
04.12.2024 13:10:54;13.71;
04.12.2024 13:10:55;13.72;
04.12.2024 13:10:56;13.71;
04.12.2024 13:10:57;13.72;
04.12.2024 13:10:58;13.72;
04.12.2024 13:10:59;13.71;
04.12.2024 13:11:00;13.72;
04.12.2024 13:11:04;13.72;
04.12.2024 13:11:05;13.73;
04.12.2024 13:11:06;13.72;
04.12.2024 13:11:10;13.72;
04.12.2024 13:11:11;13.71;
04.12.2024 13:11:12;13.73;
04.12.2024 13:11:13;13.72;
04.12.2024 13:11:15;13.72;
04.12.2024 13:11:16;13.73;
04.12.2024 13:11:17;13.72;
04.12.2024 13:11:22;13.72;
04.12.2024 13:11:23;13.71;
04.12.2024 13:11:24;13.71;
04.12.2024 13:11:25;13.72;
04.12.2024 13:11:26;13.72;
04.12.2024 13:11:27;13.71;
04.12.2024 13:11:28;13.72;
04.12.2024 13:11:29;13.72;
04.12.2024 13:11:30;13.71;
04.12.2024 13:11:31;13.72;
04.12.2024 13:11:32;13.71;
04.12.2024 13:11:35;13.71;
04.12.2024 13:11:36;13.72;
04.12.2024 13:11:37;13.71;
04.12.2024 13:11:39;13.71;
04.12.2024 13:11:40;13.72;
04.12.2024 13:11:41;13.72;
04.12.2024 13:11:42;13.71;
04.12.2024 13:11:43;13.72;
04.12.2024 13:11:44;13.71;
04.12.2024 13:11:45;13.72;
04.12.2024 13:11:47;13.72;
04.12.2024 13:11:48;13.71;
04.12.2024 13:11:54;13.71;
04.12.2024 13:11:55;13.72;
04.12.2024 13:11:56;13.71;
04.12.2024 13:11:57;13.71;
04.12.2024 13:11:58;13.72;
04.12.2024 13:11:59;13.71;
04.12.2024 13:12:05;13.71;
04.12.2024 13:12:06;13.72;
04.12.2024 13:12:07;13.71;
04.12.2024 13:12:09;13.71;
04.12.2024 13:12:10;13.72;
04.12.2024 13:12:11;13.71;
04.12.2024 13:12:13;13.71;
04.12.2024 13:12:14;13.72;
04.12.2024 13:12:15;13.72;
04.12.2024 13:12:16;13.7;
04.12.2024 13:12:17;13.71;
04.12.2024 13:12:18;13.71;
04.12.2024 13:12:19;13.7;
04.12.2024 13:12:20;13.71;
04.12.2024 13:12:31;13.71;
04.12.2024 13:12:32;13.7;
04.12.2024 13:12:33;13.7;
04.12.2024 13:12:34;13.71;
04.12.2024 13:12:35;13.72;
04.12.2024 13:12:36;13.7;
04.12.2024 13:12:37;13.71;
04.12.2024 13:12:38;13.7;
04.12.2024 13:12:39;13.71;
04.12.2024 13:12:40;13.72;
04.12.2024 13:12:41;13.7;
04.12.2024 13:12:42;13.7;
04.12.2024 13:12:43;13.71;
04.12.2024 13:12:45;13.71;
04.12.2024 13:12:46;13.7;
04.12.2024 13:12:47;13.71;
04.12.2024 13:12:49;13.71;
04.12.2024 13:12:50;13.7;
04.12.2024 13:12:52;13.7;
04.12.2024 13:12:53;13.71;
04.12.2024 13:12:54;13.7;
04.12.2024 13:12:58;13.7;
04.12.2024 13:12:59;13.71;
04.12.2024 13:13:00;13.7;
04.12.2024 13:13:01;13.71;
04.12.2024 13:13:03;13.71;
04.12.2024 13:13:04;13.7;
04.12.2024 13:13:06;13.7;
04.12.2024 13:13:07;13.71;
04.12.2024 13:13:08;13.7;
04.12.2024 13:13:10;13.7;
04.12.2024 13:13:11;13.71;
04.12.2024 13:13:12;13.71;
04.12.2024 13:13:13;13.7;
04.12.2024 13:13:14;13.71;
04.12.2024 13:13:15;13.7;
04.12.2024 13:13:16;13.71;
04.12.2024 13:13:17;13.7;
04.12.2024 13:13:18;13.71;
04.12.2024 13:13:19;13.7;
04.12.2024 13:13:21;13.7;
04.12.2024 13:13:22;13.71;
04.12.2024 13:13:23;13.7;
04.12.2024 13:13:24;13.7;
04.12.2024 13:13:25;13.69;
04.12.2024 13:13:26;13.69;
04.12.2024 13:13:27;13.7;
04.12.2024 13:13:38;13.7;
04.12.2024 13:13:39;13.69;
04.12.2024 13:13:40;13.7;
04.12.2024 13:13:42;13.7;
04.12.2024 13:13:43;13.69;
04.12.2024 13:13:44;13.69;
04.12.2024 13:13:45;13.7;
04.12.2024 13:13:46;13.69;
04.12.2024 13:13:47;13.7;
04.12.2024 13:13:50;13.7;
04.12.2024 13:13:51;13.69;
04.12.2024 13:13:52;13.71;
04.12.2024 13:13:53;13.69;
04.12.2024 13:13:54;13.7;
04.12.2024 13:13:55;13.7;
04.12.2024 13:13:56;13.69;
04.12.2024 13:13:57;13.7;
04.12.2024 13:13:59;13.7;
04.12.2024 13:14:00;13.69;
04.12.2024 13:14:01;13.69;
04.12.2024 13:14:02;13.7;
04.12.2024 13:14:08;13.7;
04.12.2024 13:14:09;13.69;
04.12.2024 13:14:10;13.7;
04.12.2024 13:14:11;13.69;
04.12.2024 13:14:12;13.7;
04.12.2024 13:14:14;13.7;
04.12.2024 13:14:15;13.69;
04.12.2024 13:14:17;13.69;
04.12.2024 13:14:18;13.7;
04.12.2024 13:14:19;13.69;
04.12.2024 13:14:20;13.69;
04.12.2024 13:14:21;13.7;
04.12.2024 13:14:22;13.69;
04.12.2024 13:14:24;13.69;
04.12.2024 13:14:25;13.7;
04.12.2024 13:14:27;13.7;
04.12.2024 13:14:28;13.69;
04.12.2024 13:14:29;13.69;
04.12.2024 13:14:30;13.7;
04.12.2024 13:14:31;13.69;
04.12.2024 13:14:32;13.7;
04.12.2024 13:14:35;13.7;
04.12.2024 13:14:36;13.69;
04.12.2024 13:14:37;13.69;
04.12.2024 13:14:38;13.7;
04.12.2024 13:14:39;13.7;
04.12.2024 13:14:40;13.69;
04.12.2024 13:14:41;13.69;
04.12.2024 13:14:42;13.7;
04.12.2024 13:14:43;13.7;
04.12.2024 13:14:44;13.69;
04.12.2024 13:14:46;13.69;
04.12.2024 13:14:47;13.68;
04.12.2024 13:14:48;13.69;
04.12.2024 13:14:50;13.69;
04.12.2024 13:14:51;13.68;
04.12.2024 13:14:52;13.68;
04.12.2024 13:14:53;13.69;
04.12.2024 13:14:55;13.69;
04.12.2024 13:14:56;13.68;
04.12.2024 13:14:57;13.69;
04.12.2024 13:14:59;13.69;
04.12.2024 13:15:00;13.68;
04.12.2024 13:15:01;13.69;
04.12.2024 13:15:04;13.69;
04.12.2024 13:15:05;13.68;
04.12.2024 13:15:06;13.69;
04.12.2024 13:15:07;13.69;
04.12.2024 13:15:08;13.68;
04.12.2024 13:15:10;13.68;
04.12.2024 13:15:11;13.69;
04.12.2024 13:15:12;13.68;
04.12.2024 13:15:17;13.68;
04.12.2024 13:15:18;13.69;
04.12.2024 13:15:19;13.68;
04.12.2024 13:15:23;13.68;
04.12.2024 13:15:24;13.69;
04.12.2024 13:15:25;13.68;
04.12.2024 13:15:26;13.68;
04.12.2024 13:15:27;13.69;
04.12.2024 13:15:28;13.69;
04.12.2024 13:15:29;13.68;
04.12.2024 13:15:30;13.69;
04.12.2024 13:15:31;13.68;
04.12.2024 13:15:32;13.69;
04.12.2024 13:15:34;13.69;
04.12.2024 13:15:35;13.68;
04.12.2024 13:15:36;13.69;
04.12.2024 13:15:37;13.68;
04.12.2024 13:15:38;13.69;
04.12.2024 13:15:39;13.68;
04.12.2024 13:15:43;13.68;
04.12.2024 13:15:44;13.69;
04.12.2024 13:15:45;13.69;
04.12.2024 13:15:46;13.68;
04.12.2024 13:15:47;13.68;
04.12.2024 13:15:48;13.69;
04.12.2024 13:15:49;13.68;
04.12.2024 13:15:50;13.69;
04.12.2024 13:15:51;13.68;
04.12.2024 13:15:54;13.68;
04.12.2024 13:15:55;13.67;
04.12.2024 13:15:56;13.69;
04.12.2024 13:15:57;13.68;
04.12.2024 13:16:00;13.68;
04.12.2024 13:16:01;13.69;
04.12.2024 13:16:02;13.69;
04.12.2024 13:16:03;13.68;
04.12.2024 13:16:07;13.68;
04.12.2024 13:16:08;13.69;
04.12.2024 13:16:09;13.68;
04.12.2024 13:16:10;13.68;
04.12.2024 13:16:11;13.67;
04.12.2024 13:16:12;13.68;
04.12.2024 13:16:13;13.68;
04.12.2024 13:16:14;13.67;
04.12.2024 13:16:15;13.68;
04.12.2024 13:16:21;13.68;
04.12.2024 13:16:22;13.67;
04.12.2024 13:16:23;13.67;
04.12.2024 13:16:24;13.68;
04.12.2024 13:16:27;13.68;
04.12.2024 13:16:28;13.69;
04.12.2024 13:16:29;13.68;
04.12.2024 13:16:32;13.68;
04.12.2024 13:16:33;13.69;
04.12.2024 13:16:34;13.68;
04.12.2024 13:16:35;13.69;
04.12.2024 13:16:36;13.69;
04.12.2024 13:16:37;13.68;
04.12.2024 13:16:42;13.68;
04.12.2024 13:16:43;13.69;
04.12.2024 13:16:44;13.68;
04.12.2024 13:16:48;13.68;
04.12.2024 13:16:49;13.67;
04.12.2024 13:16:50;13.67;
04.12.2024 13:16:51;13.68;
04.12.2024 13:16:52;13.67;
04.12.2024 13:16:55;13.67;
04.12.2024 13:16:56;13.68;
04.12.2024 13:16:57;13.67;
04.12.2024 13:16:58;13.68;
04.12.2024 13:16:59;13.67;
04.12.2024 13:17:02;13.67;
04.12.2024 13:17:03;13.68;
04.12.2024 13:17:04;13.68;
04.12.2024 13:17:05;13.67;
04.12.2024 13:17:06;13.68;
04.12.2024 13:17:08;13.68;
04.12.2024 13:17:09;13.67;
04.12.2024 13:17:10;13.68;
04.12.2024 13:17:11;13.68;
04.12.2024 13:17:12;13.67;
04.12.2024 13:17:13;13.67;
04.12.2024 13:17:14;13.68;
04.12.2024 13:17:15;13.68;
04.12.2024 13:17:16;13.67;
04.12.2024 13:17:18;13.67;
04.12.2024 13:17:19;13.68;
04.12.2024 13:17:20;13.67;
04.12.2024 13:17:24;13.67;
04.12.2024 13:17:25;13.68;
04.12.2024 13:17:26;13.66;
04.12.2024 13:17:27;13.66;
04.12.2024 13:17:28;13.67;
04.12.2024 13:17:32;13.67;
04.12.2024 13:17:33;13.68;
04.12.2024 13:17:34;13.67;
04.12.2024 13:17:36;13.67;
04.12.2024 13:17:37;13.68;
04.12.2024 13:17:38;13.67;
04.12.2024 13:17:42;13.67;
04.12.2024 13:17:43;13.66;
04.12.2024 13:17:44;13.67;
04.12.2024 13:17:45;13.67;
04.12.2024 13:17:46;13.66;
04.12.2024 13:17:47;13.67;
04.12.2024 13:17:48;13.67;
04.12.2024 13:17:49;13.66;
04.12.2024 13:17:50;13.67;
04.12.2024 13:17:51;13.67;
04.12.2024 13:17:52;13.66;
04.12.2024 13:17:53;13.67;
04.12.2024 13:18:04;13.67;
04.12.2024 13:18:05;13.66;
04.12.2024 13:18:10;13.66;
04.12.2024 13:18:11;13.67;
04.12.2024 13:18:12;13.68;
04.12.2024 13:18:13;13.67;
04.12.2024 13:18:14;13.67;
04.12.2024 13:18:15;13.66;
04.12.2024 13:18:16;13.67;
04.12.2024 13:18:17;13.67;
04.12.2024 13:18:18;13.66;
04.12.2024 13:18:19;13.67;
04.12.2024 13:18:21;13.67;
04.12.2024 13:18:22;13.66;
04.12.2024 13:18:23;13.66;
04.12.2024 13:18:24;13.67;
04.12.2024 13:18:28;13.67;
04.12.2024 13:18:29;13.66;
04.12.2024 13:18:30;13.66;
04.12.2024 13:18:31;13.67;
04.12.2024 13:18:32;13.67;
04.12.2024 13:18:33;13.66;
04.12.2024 13:18:34;13.67;
04.12.2024 13:18:35;13.66;
04.12.2024 13:18:36;13.66;
04.12.2024 13:18:37;13.67;
04.12.2024 13:18:38;13.66;
04.12.2024 13:18:39;13.65;
04.12.2024 13:18:40;13.66;
04.12.2024 13:18:44;13.66;
04.12.2024 13:18:45;13.67;
04.12.2024 13:18:46;13.66;
04.12.2024 13:18:47;13.66;
04.12.2024 13:18:48;13.67;
04.12.2024 13:18:49;13.66;
04.12.2024 13:18:53;13.66;
04.12.2024 13:18:54;13.67;
04.12.2024 13:18:55;13.66;
04.12.2024 13:18:56;13.67;
04.12.2024 13:18:57;13.66;
04.12.2024 13:19:01;13.66;
04.12.2024 13:19:02;13.65;
04.12.2024 13:19:03;13.67;
04.12.2024 13:19:04;13.66;
04.12.2024 13:19:05;13.65;
04.12.2024 13:19:06;13.66;
04.12.2024 13:19:08;13.66;
04.12.2024 13:19:09;13.65;
04.12.2024 13:19:10;13.65;
04.12.2024 13:19:11;13.67;
04.12.2024 13:19:12;13.66;
04.12.2024 13:19:16;13.66;
04.12.2024 13:19:17;13.65;
04.12.2024 13:19:18;13.66;
04.12.2024 13:19:19;13.65;
04.12.2024 13:19:20;13.66;
04.12.2024 13:19:21;13.65;
04.12.2024 13:19:22;13.65;
04.12.2024 13:19:23;13.66;
04.12.2024 13:19:24;13.66;
04.12.2024 13:19:25;13.65;
04.12.2024 13:19:26;13.65;
04.12.2024 13:19:27;13.66;
04.12.2024 13:19:29;13.66;
04.12.2024 13:19:30;13.65;
04.12.2024 13:19:31;13.66;
04.12.2024 13:19:34;13.66;
04.12.2024 13:19:35;13.65;
04.12.2024 13:19:37;13.65;
04.12.2024 13:19:38;13.66;
04.12.2024 13:19:39;13.65;
04.12.2024 13:19:40;13.65;
04.12.2024 13:19:41;13.66;
04.12.2024 13:19:42;13.65;
04.12.2024 13:19:46;13.65;
04.12.2024 13:19:47;13.66;
04.12.2024 13:19:48;13.65;
04.12.2024 13:19:53;13.65;
04.12.2024 13:19:54;13.66;
04.12.2024 13:19:55;13.65;
04.12.2024 13:19:57;13.65;
04.12.2024 13:19:58;13.66;
04.12.2024 13:19:59;13.65;
04.12.2024 13:20:00;13.66;
04.12.2024 13:20:01;13.66;
04.12.2024 13:20:02;13.65;
04.12.2024 13:20:06;13.65;
04.12.2024 13:20:07;13.66;
04.12.2024 13:20:08;13.65;
04.12.2024 13:20:09;13.64;
04.12.2024 13:20:10;13.65;
04.12.2024 13:20:11;13.65;
04.12.2024 13:20:12;13.66;
04.12.2024 13:20:13;13.65;
04.12.2024 13:20:16;13.65;
04.12.2024 13:20:17;13.64;
04.12.2024 13:20:18;13.65;
04.12.2024 13:20:19;13.64;
04.12.2024 13:20:20;13.65;
04.12.2024 13:20:21;13.64;
04.12.2024 13:20:22;13.65;
04.12.2024 13:20:23;13.65;
04.12.2024 13:20:24;13.66;
04.12.2024 13:20:25;13.65;
04.12.2024 13:20:27;13.65;
04.12.2024 13:20:28;13.66;
04.12.2024 13:20:29;13.65;
04.12.2024 13:20:31;13.65;
04.12.2024 13:20:32;13.64;
04.12.2024 13:20:33;13.64;
04.12.2024 13:20:34;13.65;
04.12.2024 13:20:35;13.65;
04.12.2024 13:20:36;13.64;
04.12.2024 13:20:37;13.65;
04.12.2024 13:20:38;13.64;
04.12.2024 13:20:39;13.64;
04.12.2024 13:20:40;13.65;
04.12.2024 13:20:41;13.64;
04.12.2024 13:20:43;13.64;
04.12.2024 13:20:44;13.65;
04.12.2024 13:20:45;13.64;
04.12.2024 13:20:49;13.64;
04.12.2024 13:20:50;13.65;
04.12.2024 13:20:51;13.64;
04.12.2024 13:20:52;13.65;
04.12.2024 13:20:53;13.65;
04.12.2024 13:20:54;13.64;
04.12.2024 13:20:55;13.63;
04.12.2024 13:20:56;13.64;
04.12.2024 13:20:57;13.65;
04.12.2024 13:20:58;13.64;
04.12.2024 13:21:00;13.64;
04.12.2024 13:21:01;13.65;
04.12.2024 13:21:02;13.64;
04.12.2024 13:21:03;13.65;
04.12.2024 13:21:04;13.63;
04.12.2024 13:21:05;13.65;
04.12.2024 13:21:06;13.64;
04.12.2024 13:21:07;13.64;
04.12.2024 13:21:08;13.65;
04.12.2024 13:21:09;13.65;
04.12.2024 13:21:10;13.64;
04.12.2024 13:21:18;13.64;
04.12.2024 13:21:19;13.63;
04.12.2024 13:21:20;13.64;
04.12.2024 13:21:21;13.63;
04.12.2024 13:21:22;13.65;
04.12.2024 13:21:23;13.63;
04.12.2024 13:21:24;13.64;
04.12.2024 13:21:30;13.64;
04.12.2024 13:21:31;13.62;
04.12.2024 13:21:32;13.63;
04.12.2024 13:21:33;13.63;
04.12.2024 13:21:34;13.64;
04.12.2024 13:21:35;13.64;
04.12.2024 13:21:36;13.63;
04.12.2024 13:21:41;13.63;
04.12.2024 13:21:42;13.64;
04.12.2024 13:21:43;13.63;
04.12.2024 13:21:45;13.63;
04.12.2024 13:21:46;13.64;
04.12.2024 13:21:47;13.63;
04.12.2024 13:21:49;13.63;
04.12.2024 13:21:50;13.64;
04.12.2024 13:21:51;13.63;
04.12.2024 13:21:53;13.63;
04.12.2024 13:21:54;13.64;
04.12.2024 13:21:55;13.64;
04.12.2024 13:21:56;13.63;
04.12.2024 13:21:57;13.62;
04.12.2024 13:21:58;13.63;
04.12.2024 13:21:59;13.62;
04.12.2024 13:22:00;13.63;
04.12.2024 13:22:01;13.63;
04.12.2024 13:22:02;13.64;
04.12.2024 13:22:03;13.63;
04.12.2024 13:22:09;13.63;
04.12.2024 13:22:10;13.62;
04.12.2024 13:22:11;13.63;
04.12.2024 13:22:13;13.63;
04.12.2024 13:22:14;13.62;
04.12.2024 13:22:15;13.62;
04.12.2024 13:22:16;13.63;
04.12.2024 13:22:31;13.63;
04.12.2024 13:22:32;13.62;
04.12.2024 13:22:33;13.62;
04.12.2024 13:22:34;13.63;
04.12.2024 13:22:36;13.63;
04.12.2024 13:22:37;13.62;
04.12.2024 13:22:38;13.63;
04.12.2024 13:22:39;13.63;
04.12.2024 13:22:40;13.64;
04.12.2024 13:22:41;13.62;
04.12.2024 13:22:42;13.62;
04.12.2024 13:22:43;13.63;
04.12.2024 13:22:47;13.63;
04.12.2024 13:22:48;13.62;
04.12.2024 13:22:49;13.62;
04.12.2024 13:22:50;13.63;
04.12.2024 13:22:51;13.63;
04.12.2024 13:22:52;13.62;
04.12.2024 13:22:53;13.63;
04.12.2024 13:22:54;13.63;
04.12.2024 13:22:55;13.62;
04.12.2024 13:22:57;13.62;
04.12.2024 13:22:58;13.63;
04.12.2024 13:22:59;13.62;
04.12.2024 13:23:00;13.63;
04.12.2024 13:23:01;13.62;
04.12.2024 13:23:13;13.62;
04.12.2024 13:23:14;13.63;
04.12.2024 13:23:15;13.62;
04.12.2024 13:23:16;13.63;
04.12.2024 13:23:17;13.62;
04.12.2024 13:23:35;13.62;
04.12.2024 13:23:36;13.61;
04.12.2024 13:23:40;13.61;
04.12.2024 13:23:41;13.62;
04.12.2024 13:23:42;13.62;
04.12.2024 13:23:43;13.61;
04.12.2024 13:23:44;13.62;
04.12.2024 13:23:45;13.61;
04.12.2024 13:23:46;13.61;
04.12.2024 13:23:47;13.62;
04.12.2024 13:23:49;13.62;
04.12.2024 13:23:50;13.61;
04.12.2024 13:23:51;13.62;
04.12.2024 13:23:55;13.62;
04.12.2024 13:23:56;13.61;
04.12.2024 13:23:59;13.61;
04.12.2024 13:24:00;13.62;
04.12.2024 13:24:01;13.61;
04.12.2024 13:24:07;13.61;
04.12.2024 13:24:08;13.62;
04.12.2024 13:24:09;13.61;
04.12.2024 13:24:13;13.61;
04.12.2024 13:24:14;13.62;
04.12.2024 13:24:15;13.61;
04.12.2024 13:24:19;13.61;
04.12.2024 13:24:20;13.62;
04.12.2024 13:24:21;13.61;
04.12.2024 13:24:22;13.62;
04.12.2024 13:24:23;13.61;
04.12.2024 13:24:27;13.61;
04.12.2024 13:24:28;13.6;
04.12.2024 13:24:29;13.61;
04.12.2024 13:24:33;13.61;
04.12.2024 13:24:34;13.6;
04.12.2024 13:24:35;13.61;
04.12.2024 13:24:37;13.61;
04.12.2024 13:24:38;13.6;
04.12.2024 13:24:39;13.61;
04.12.2024 13:24:41;13.61;
04.12.2024 13:24:42;13.6;
04.12.2024 13:24:43;13.61;
04.12.2024 13:24:44;13.6;
04.12.2024 13:24:45;13.6;
04.12.2024 13:24:46;13.61;
04.12.2024 13:24:47;13.61;
04.12.2024 13:24:48;13.6;
04.12.2024 13:24:50;13.6;
04.12.2024 13:24:51;13.61;
04.12.2024 13:24:52;13.6;
04.12.2024 13:24:53;13.61;
04.12.2024 13:24:55;13.61;
04.12.2024 13:24:56;13.6;
04.12.2024 13:24:57;13.6;
04.12.2024 13:24:58;13.61;
04.12.2024 13:24:59;13.6;
04.12.2024 13:25:01;13.6;
04.12.2024 13:25:02;13.61;
04.12.2024 13:25:05;13.61;
04.12.2024 13:25:06;13.6;
04.12.2024 13:25:08;13.6;
04.12.2024 13:25:09;13.59;
04.12.2024 13:25:10;13.6;
04.12.2024 13:25:11;13.61;
04.12.2024 13:25:12;13.61;
04.12.2024 13:25:13;13.6;
04.12.2024 13:25:16;13.6;
04.12.2024 13:25:17;13.59;
04.12.2024 13:25:18;13.6;
04.12.2024 13:25:19;13.61;
04.12.2024 13:25:20;13.6;
04.12.2024 13:25:23;13.6;
04.12.2024 13:25:24;13.59;
04.12.2024 13:25:25;13.6;
04.12.2024 13:25:26;13.59;
04.12.2024 13:25:27;13.59;
04.12.2024 13:25:28;13.6;
04.12.2024 13:25:29;13.59;
04.12.2024 13:25:30;13.6;
04.12.2024 13:25:31;13.61;
04.12.2024 13:25:32;13.61;
04.12.2024 13:25:33;13.6;
04.12.2024 13:25:34;13.61;
04.12.2024 13:25:35;13.59;
04.12.2024 13:25:36;13.61;
04.12.2024 13:25:37;13.61;
04.12.2024 13:25:38;13.6;
04.12.2024 13:25:39;13.59;
04.12.2024 13:25:40;13.6;
04.12.2024 13:25:41;13.6;
04.12.2024 13:25:42;13.59;
04.12.2024 13:25:43;13.6;
04.12.2024 13:25:44;13.59;
04.12.2024 13:25:45;13.59;
04.12.2024 13:25:46;13.6;
04.12.2024 13:25:47;13.61;
04.12.2024 13:25:48;13.61;
04.12.2024 13:25:49;13.6;
04.12.2024 13:25:54;13.6;
04.12.2024 13:25:55;13.61;
04.12.2024 13:25:56;13.6;
04.12.2024 13:25:57;13.59;
04.12.2024 13:25:58;13.6;
04.12.2024 13:26:00;13.6;
04.12.2024 13:26:01;13.59;
04.12.2024 13:26:02;13.59;
04.12.2024 13:26:03;13.6;
04.12.2024 13:26:04;13.59;
04.12.2024 13:26:05;13.6;
04.12.2024 13:26:06;13.6;
04.12.2024 13:26:07;13.59;
04.12.2024 13:26:08;13.6;
04.12.2024 13:26:09;13.59;
04.12.2024 13:26:10;13.59;
04.12.2024 13:26:11;13.6;
04.12.2024 13:26:12;13.6;
04.12.2024 13:26:13;13.59;
04.12.2024 13:26:14;13.6;
04.12.2024 13:26:15;13.59;
04.12.2024 13:26:18;13.59;
04.12.2024 13:26:19;13.6;
04.12.2024 13:26:20;13.59;
04.12.2024 13:26:22;13.59;
04.12.2024 13:26:23;13.6;
04.12.2024 13:26:24;13.59;
04.12.2024 13:26:25;13.59;
04.12.2024 13:26:26;13.6;
04.12.2024 13:26:27;13.59;
04.12.2024 13:26:34;13.59;
04.12.2024 13:26:35;13.6;
04.12.2024 13:26:36;13.58;
04.12.2024 13:26:37;13.6;
04.12.2024 13:26:38;13.59;
04.12.2024 13:26:40;13.59;
04.12.2024 13:26:41;13.58;
04.12.2024 13:26:42;13.59;
04.12.2024 13:26:44;13.59;
04.12.2024 13:26:45;13.58;
04.12.2024 13:26:46;13.59;
04.12.2024 13:26:47;13.59;
04.12.2024 13:26:48;13.58;
04.12.2024 13:26:49;13.59;
04.12.2024 13:26:51;13.59;
04.12.2024 13:26:52;13.58;
04.12.2024 13:26:53;13.59;
04.12.2024 13:26:54;13.59;
04.12.2024 13:26:55;13.6;
04.12.2024 13:26:56;13.59;
04.12.2024 13:26:57;13.59;
04.12.2024 13:26:58;13.58;
04.12.2024 13:26:59;13.59;
04.12.2024 13:27:00;13.59;
04.12.2024 13:27:01;13.6;
04.12.2024 13:27:02;13.59;
04.12.2024 13:27:04;13.59;
04.12.2024 13:27:05;13.58;
04.12.2024 13:27:08;13.58;
04.12.2024 13:27:09;13.59;
04.12.2024 13:27:12;13.59;
04.12.2024 13:27:13;13.58;
04.12.2024 13:27:14;13.58;
04.12.2024 13:27:15;13.59;
04.12.2024 13:27:17;13.59;
04.12.2024 13:27:18;13.58;
04.12.2024 13:27:19;13.59;
04.12.2024 13:27:20;13.59;
04.12.2024 13:27:21;13.58;
04.12.2024 13:27:22;13.59;
04.12.2024 13:27:23;13.58;
04.12.2024 13:27:24;13.58;
04.12.2024 13:27:25;13.59;
04.12.2024 13:27:26;13.58;
04.12.2024 13:27:30;13.58;
04.12.2024 13:27:31;13.59;
04.12.2024 13:27:32;13.58;
04.12.2024 13:27:35;13.58;
04.12.2024 13:27:36;13.59;
04.12.2024 13:27:37;13.58;
04.12.2024 13:27:43;13.58;
04.12.2024 13:27:44;13.59;
04.12.2024 13:27:45;13.58;
04.12.2024 13:27:46;13.57;
04.12.2024 13:27:47;13.58;
04.12.2024 13:27:48;13.58;
04.12.2024 13:27:49;13.59;
04.12.2024 13:27:50;13.58;
04.12.2024 13:27:51;13.59;
04.12.2024 13:27:52;13.59;
04.12.2024 13:27:53;13.58;
04.12.2024 13:27:54;13.57;
04.12.2024 13:27:55;13.58;
04.12.2024 13:27:59;13.58;
04.12.2024 13:28:00;13.57;
04.12.2024 13:28:01;13.58;
04.12.2024 13:28:02;13.58;
04.12.2024 13:28:03;13.57;
04.12.2024 13:28:04;13.58;
04.12.2024 13:28:06;13.58;
04.12.2024 13:28:07;13.57;
04.12.2024 13:28:08;13.58;
04.12.2024 13:28:09;13.57;
04.12.2024 13:28:10;13.58;
04.12.2024 13:28:12;13.58;
04.12.2024 13:28:13;13.57;
04.12.2024 13:28:15;13.57;
04.12.2024 13:28:16;13.58;
04.12.2024 13:28:17;13.57;
04.12.2024 13:28:18;13.57;
04.12.2024 13:28:19;13.58;
04.12.2024 13:28:22;13.58;
04.12.2024 13:28:23;13.57;
04.12.2024 13:28:24;13.58;
04.12.2024 13:28:27;13.58;
04.12.2024 13:28:28;13.57;
04.12.2024 13:28:29;13.57;
04.12.2024 13:28:30;13.58;
04.12.2024 13:28:31;13.57;
04.12.2024 13:28:32;13.58;
04.12.2024 13:28:33;13.57;
04.12.2024 13:28:38;13.57;
04.12.2024 13:28:39;13.58;
04.12.2024 13:28:40;13.58;
04.12.2024 13:28:41;13.57;
04.12.2024 13:28:42;13.57;
04.12.2024 13:28:43;13.58;
04.12.2024 13:28:44;13.57;
04.12.2024 13:28:49;13.57;
04.12.2024 13:28:50;13.56;
04.12.2024 13:28:51;13.57;
04.12.2024 13:28:52;13.57;
04.12.2024 13:28:53;13.56;
04.12.2024 13:28:54;13.57;
04.12.2024 13:28:55;13.57;
04.12.2024 13:28:56;13.56;
04.12.2024 13:28:57;13.57;
04.12.2024 13:28:58;13.56;
04.12.2024 13:28:59;13.57;
04.12.2024 13:29:00;13.57;
04.12.2024 13:29:01;13.56;
04.12.2024 13:29:02;13.57;
04.12.2024 13:29:03;13.56;
04.12.2024 13:29:04;13.57;
04.12.2024 13:29:05;13.56;
04.12.2024 13:29:06;13.56;
04.12.2024 13:29:07;13.57;
04.12.2024 13:29:08;13.57;
04.12.2024 13:29:09;13.56;
04.12.2024 13:29:10;13.57;
04.12.2024 13:29:13;13.57;
04.12.2024 13:29:14;13.56;
04.12.2024 13:29:15;13.57;
04.12.2024 13:29:16;13.56;
04.12.2024 13:29:17;13.57;
04.12.2024 13:29:18;13.57;
04.12.2024 13:29:19;13.56;
04.12.2024 13:29:20;13.57;
04.12.2024 13:29:21;13.57;
04.12.2024 13:29:22;13.56;
04.12.2024 13:29:23;13.57;
04.12.2024 13:29:27;13.57;
04.12.2024 13:29:28;13.56;
04.12.2024 13:29:33;13.56;
04.12.2024 13:29:34;13.57;
04.12.2024 13:29:35;13.56;
04.12.2024 13:29:36;13.56;
04.12.2024 13:29:37;13.57;
04.12.2024 13:29:38;13.56;
04.12.2024 13:29:40;13.56;
04.12.2024 13:29:41;13.57;
04.12.2024 13:29:42;13.57;
04.12.2024 13:29:43;13.56;
04.12.2024 13:29:52;13.56;
04.12.2024 13:29:53;13.55;
04.12.2024 13:29:54;13.55;
04.12.2024 13:29:55;13.56;
04.12.2024 13:29:56;13.55;
04.12.2024 13:29:57;13.56;
04.12.2024 13:29:58;13.57;
04.12.2024 13:29:59;13.56;
04.12.2024 13:30:07;13.56;
04.12.2024 13:30:08;13.55;
04.12.2024 13:30:09;13.56;
04.12.2024 13:30:11;13.56;
04.12.2024 13:30:12;13.55;
04.12.2024 13:30:13;13.56;
04.12.2024 13:30:14;13.55;
04.12.2024 13:30:15;13.56;
04.12.2024 13:30:22;13.56;
04.12.2024 13:30:23;13.55;
04.12.2024 13:30:24;13.56;
04.12.2024 13:30:26;13.56;
04.12.2024 13:30:27;13.55;
04.12.2024 13:30:28;13.56;
04.12.2024 13:30:29;13.55;
04.12.2024 13:30:30;13.56;
04.12.2024 13:30:31;13.55;
04.12.2024 13:30:33;13.55;
04.12.2024 13:30:34;13.56;
04.12.2024 13:30:37;13.56;
04.12.2024 13:30:38;13.55;
04.12.2024 13:30:40;13.55;
04.12.2024 13:30:41;13.56;
04.12.2024 13:30:42;13.56;
04.12.2024 13:30:43;13.55;
04.12.2024 13:30:45;13.55;
04.12.2024 13:30:46;13.56;
04.12.2024 13:30:47;13.55;
04.12.2024 13:30:49;13.55;
04.12.2024 13:30:50;13.54;
04.12.2024 13:30:51;13.55;
04.12.2024 13:30:55;13.55;
04.12.2024 13:30:56;13.56;
04.12.2024 13:30:57;13.55;
04.12.2024 13:31:03;13.55;
04.12.2024 13:31:04;13.56;
04.12.2024 13:31:05;13.55;
04.12.2024 13:31:09;13.55;
04.12.2024 13:31:10;13.56;
04.12.2024 13:31:11;13.55;
04.12.2024 13:31:21;13.55;
04.12.2024 13:31:22;13.54;
04.12.2024 13:31:23;13.55;
04.12.2024 13:31:24;13.54;
04.12.2024 13:31:26;13.54;
04.12.2024 13:31:27;13.55;
04.12.2024 13:31:32;13.55;
04.12.2024 13:31:33;13.54;
04.12.2024 13:31:34;13.55;
04.12.2024 13:31:35;13.54;
04.12.2024 13:31:36;13.55;
04.12.2024 13:31:37;13.55;
04.12.2024 13:31:38;13.54;
04.12.2024 13:31:39;13.54;
04.12.2024 13:31:40;13.55;
04.12.2024 13:31:41;13.54;
04.12.2024 13:31:42;13.54;
04.12.2024 13:31:43;13.55;
04.12.2024 13:31:44;13.55;
04.12.2024 13:31:45;13.54;
04.12.2024 13:31:47;13.54;
04.12.2024 13:31:48;13.55;
04.12.2024 13:31:49;13.54;
04.12.2024 13:31:50;13.54;
04.12.2024 13:31:51;13.55;
04.12.2024 13:31:52;13.55;
04.12.2024 13:31:53;13.54;
04.12.2024 13:31:56;13.54;
04.12.2024 13:31:57;13.55;
04.12.2024 13:31:58;13.55;
04.12.2024 13:31:59;13.54;
04.12.2024 13:32:00;13.54;
04.12.2024 13:32:01;13.55;
04.12.2024 13:32:02;13.54;
04.12.2024 13:32:03;13.55;
04.12.2024 13:32:04;13.55;
04.12.2024 13:32:05;13.54;
04.12.2024 13:32:06;13.55;
04.12.2024 13:32:07;13.54;
04.12.2024 13:32:08;13.54;
04.12.2024 13:32:09;13.55;
04.12.2024 13:32:10;13.54;
04.12.2024 13:32:13;13.54;
04.12.2024 13:32:14;13.55;
04.12.2024 13:32:15;13.54;
04.12.2024 13:32:18;13.54;
04.12.2024 13:32:19;13.53;
04.12.2024 13:32:20;13.54;
04.12.2024 13:32:21;13.54;
04.12.2024 13:32:22;13.55;
04.12.2024 13:32:23;13.53;
04.12.2024 13:32:24;13.54;
04.12.2024 13:32:30;13.54;
04.12.2024 13:32:31;13.53;
04.12.2024 13:32:32;13.54;
04.12.2024 13:32:34;13.54;
04.12.2024 13:32:35;13.53;
04.12.2024 13:32:36;13.53;
04.12.2024 13:32:37;13.54;
04.12.2024 13:32:40;13.54;
04.12.2024 13:32:41;13.53;
04.12.2024 13:32:42;13.54;
04.12.2024 13:32:43;13.54;
04.12.2024 13:32:44;13.53;
04.12.2024 13:32:45;13.54;
04.12.2024 13:32:46;13.53;
04.12.2024 13:32:47;13.54;
04.12.2024 13:32:48;13.53;
04.12.2024 13:32:50;13.53;
04.12.2024 13:32:51;13.54;
04.12.2024 13:32:56;13.54;
04.12.2024 13:32:57;13.53;
04.12.2024 13:32:58;13.54;
04.12.2024 13:33:00;13.54;
04.12.2024 13:33:01;13.53;
04.12.2024 13:33:03;13.53;
04.12.2024 13:33:04;13.54;
04.12.2024 13:33:05;13.53;
04.12.2024 13:33:07;13.53;
04.12.2024 13:33:08;13.54;
04.12.2024 13:33:11;13.54;
04.12.2024 13:33:12;13.53;
04.12.2024 13:33:13;13.54;
04.12.2024 13:33:15;13.54;
04.12.2024 13:33:16;13.53;
04.12.2024 13:33:17;13.54;
04.12.2024 13:33:18;13.53;
04.12.2024 13:33:20;13.53;
04.12.2024 13:33:21;13.54;
04.12.2024 13:33:22;13.54;
04.12.2024 13:33:23;13.53;
04.12.2024 13:33:26;13.53;
04.12.2024 13:33:27;13.54;
04.12.2024 13:33:28;13.53;
04.12.2024 13:33:29;13.54;
04.12.2024 13:33:30;13.53;
04.12.2024 13:33:39;13.53;
04.12.2024 13:33:40;13.52;
04.12.2024 13:33:42;13.52;
04.12.2024 13:33:43;13.54;
04.12.2024 13:33:44;13.52;
04.12.2024 13:33:45;13.53;
04.12.2024 13:33:50;13.53;
04.12.2024 13:33:51;13.54;
04.12.2024 13:33:52;13.53;
04.12.2024 13:33:56;13.53;
04.12.2024 13:33:57;13.54;
04.12.2024 13:33:58;13.53;
04.12.2024 13:34:02;13.53;
04.12.2024 13:34:03;13.52;
04.12.2024 13:34:04;13.52;
04.12.2024 13:34:05;13.53;
04.12.2024 13:34:06;13.54;
04.12.2024 13:34:07;13.53;
04.12.2024 13:34:08;13.52;
04.12.2024 13:34:09;13.53;
04.12.2024 13:34:14;13.53;
04.12.2024 13:34:15;13.52;
04.12.2024 13:34:16;13.52;
04.12.2024 13:34:17;13.53;
04.12.2024 13:34:18;13.52;
04.12.2024 13:34:19;13.53;
04.12.2024 13:34:20;13.52;
04.12.2024 13:34:21;13.52;
04.12.2024 13:34:22;13.53;
04.12.2024 13:34:23;13.53;
04.12.2024 13:34:24;13.52;
04.12.2024 13:34:26;13.52;
04.12.2024 13:34:27;13.53;
04.12.2024 13:34:28;13.53;
04.12.2024 13:34:29;13.51;
04.12.2024 13:34:30;13.52;
04.12.2024 13:34:31;13.53;
04.12.2024 13:34:32;13.52;
04.12.2024 13:34:33;13.52;
04.12.2024 13:34:34;13.51;
04.12.2024 13:34:35;13.52;
04.12.2024 13:34:36;13.53;
04.12.2024 13:34:37;13.52;
04.12.2024 13:34:38;13.52;
04.12.2024 13:34:39;13.53;
04.12.2024 13:34:40;13.53;
04.12.2024 13:34:41;13.52;
04.12.2024 13:34:42;13.53;
04.12.2024 13:34:43;13.53;
04.12.2024 13:34:44;13.52;
04.12.2024 13:34:47;13.52;
04.12.2024 13:34:48;13.51;
04.12.2024 13:34:49;13.52;
04.12.2024 13:34:50;13.53;
04.12.2024 13:34:51;13.52;
04.12.2024 13:34:52;13.53;
04.12.2024 13:34:53;13.52;
04.12.2024 13:34:59;13.52;
04.12.2024 13:35:00;13.53;
04.12.2024 13:35:01;13.52;
04.12.2024 13:35:02;13.53;
04.12.2024 13:35:03;13.52;
04.12.2024 13:35:04;13.53;
04.12.2024 13:35:05;13.52;
04.12.2024 13:35:06;13.53;
04.12.2024 13:35:07;13.51;
04.12.2024 13:35:08;13.51;
04.12.2024 13:35:09;13.52;
04.12.2024 13:35:11;13.52;
04.12.2024 13:35:12;13.51;
04.12.2024 13:35:13;13.52;
04.12.2024 13:35:14;13.51;
04.12.2024 13:35:15;13.51;
04.12.2024 13:35:16;13.52;
04.12.2024 13:35:17;13.52;
04.12.2024 13:35:18;13.51;
04.12.2024 13:35:20;13.51;
04.12.2024 13:35:21;13.52;
04.12.2024 13:35:23;13.52;
04.12.2024 13:35:24;13.51;
04.12.2024 13:35:25;13.52;
04.12.2024 13:35:26;13.51;
04.12.2024 13:35:27;13.52;
04.12.2024 13:35:29;13.52;
04.12.2024 13:35:30;13.51;
04.12.2024 13:35:31;13.52;
04.12.2024 13:35:32;13.51;
04.12.2024 13:35:33;13.52;
04.12.2024 13:35:34;13.51;
04.12.2024 13:35:37;13.51;
04.12.2024 13:35:38;13.52;
04.12.2024 13:35:39;13.51;
04.12.2024 13:35:43;13.51;
04.12.2024 13:35:44;13.52;
04.12.2024 13:35:45;13.51;
04.12.2024 13:35:54;13.51;
04.12.2024 13:35:55;13.5;
04.12.2024 13:35:56;13.51;
04.12.2024 13:35:57;13.52;
04.12.2024 13:35:58;13.51;
04.12.2024 13:36:03;13.51;
04.12.2024 13:36:04;13.52;
04.12.2024 13:36:05;13.51;
04.12.2024 13:36:07;13.51;
04.12.2024 13:36:08;13.52;
04.12.2024 13:36:09;13.51;
04.12.2024 13:36:10;13.51;
04.12.2024 13:36:11;13.5;
04.12.2024 13:36:12;13.51;
04.12.2024 13:36:17;13.51;
04.12.2024 13:36:18;13.5;
04.12.2024 13:36:19;13.51;
04.12.2024 13:36:20;13.51;
04.12.2024 13:36:21;13.5;
04.12.2024 13:36:22;13.5;
04.12.2024 13:36:23;13.51;
04.12.2024 13:36:32;13.51;
04.12.2024 13:36:33;13.5;
04.12.2024 13:36:34;13.5;
04.12.2024 13:36:35;13.52;
04.12.2024 13:36:36;13.51;
04.12.2024 13:36:37;13.51;
04.12.2024 13:36:38;13.5;
04.12.2024 13:36:39;13.5;
04.12.2024 13:36:40;13.51;
04.12.2024 13:36:42;13.51;
04.12.2024 13:36:43;13.5;
04.12.2024 13:36:44;13.51;
04.12.2024 13:36:45;13.51;
04.12.2024 13:36:46;13.5;
04.12.2024 13:36:54;13.5;
04.12.2024 13:36:55;13.51;
04.12.2024 13:36:56;13.5;
04.12.2024 13:37:01;13.5;
04.12.2024 13:37:02;13.51;
04.12.2024 13:37:03;13.5;
04.12.2024 13:37:06;13.5;
04.12.2024 13:37:07;13.51;
04.12.2024 13:37:08;13.5;
04.12.2024 13:37:09;13.5;
04.12.2024 13:37:10;13.49;
04.12.2024 13:37:11;13.5;
04.12.2024 13:37:12;13.5;
04.12.2024 13:37:13;13.51;
04.12.2024 13:37:14;13.5;
04.12.2024 13:37:19;13.5;
04.12.2024 13:37:20;13.49;
04.12.2024 13:37:21;13.5;
04.12.2024 13:37:22;13.49;
04.12.2024 13:37:23;13.5;
04.12.2024 13:37:24;13.49;
04.12.2024 13:37:25;13.5;
04.12.2024 13:37:26;13.49;
04.12.2024 13:37:28;13.49;
04.12.2024 13:37:29;13.5;
04.12.2024 13:37:30;13.5;
04.12.2024 13:37:31;13.49;
04.12.2024 13:37:32;13.5;
04.12.2024 13:37:33;13.49;
04.12.2024 13:37:34;13.49;
04.12.2024 13:37:35;13.5;
04.12.2024 13:37:38;13.5;
04.12.2024 13:37:39;13.49;
04.12.2024 13:37:43;13.49;
04.12.2024 13:37:44;13.5;
04.12.2024 13:37:45;13.49;
04.12.2024 13:37:47;13.49;
04.12.2024 13:37:48;13.5;
04.12.2024 13:37:49;13.49;
04.12.2024 13:37:52;13.49;
04.12.2024 13:37:53;13.5;
04.12.2024 13:37:54;13.49;
04.12.2024 13:37:55;13.5;
04.12.2024 13:37:56;13.5;
04.12.2024 13:37:57;13.49;
04.12.2024 13:37:58;13.5;
04.12.2024 13:37:59;13.49;
04.12.2024 13:38:00;13.5;
04.12.2024 13:38:02;13.5;
04.12.2024 13:38:03;13.49;
04.12.2024 13:38:06;13.49;
04.12.2024 13:38:07;13.5;
04.12.2024 13:38:08;13.49;
04.12.2024 13:38:09;13.5;
04.12.2024 13:38:10;13.49;
04.12.2024 13:38:11;13.5;
04.12.2024 13:38:12;13.49;
04.12.2024 13:38:13;13.5;
04.12.2024 13:38:14;13.5;
04.12.2024 13:38:15;13.49;
04.12.2024 13:38:21;13.49;
04.12.2024 13:38:22;13.48;
04.12.2024 13:38:23;13.49;
04.12.2024 13:38:28;13.49;
04.12.2024 13:38:29;13.5;
04.12.2024 13:38:30;13.49;
04.12.2024 13:38:31;13.5;
04.12.2024 13:38:32;13.49;
04.12.2024 13:38:38;13.49;
04.12.2024 13:38:39;13.48;
04.12.2024 13:38:40;13.49;
04.12.2024 13:38:43;13.49;
04.12.2024 13:38:44;13.48;
04.12.2024 13:38:45;13.49;
04.12.2024 13:38:47;13.49;
04.12.2024 13:38:48;13.48;
04.12.2024 13:38:49;13.48;
04.12.2024 13:38:50;13.49;
04.12.2024 13:38:51;13.5;
04.12.2024 13:38:52;13.49;
04.12.2024 13:38:54;13.49;
04.12.2024 13:38:55;13.48;
04.12.2024 13:38:56;13.49;
04.12.2024 13:39:00;13.49;
04.12.2024 13:39:01;13.5;
04.12.2024 13:39:02;13.49;
04.12.2024 13:39:03;13.49;
04.12.2024 13:39:04;13.48;
04.12.2024 13:39:05;13.49;
04.12.2024 13:39:08;13.49;
04.12.2024 13:39:09;13.48;
04.12.2024 13:39:12;13.48;
04.12.2024 13:39:13;13.49;
04.12.2024 13:39:14;13.48;
04.12.2024 13:39:16;13.48;
04.12.2024 13:39:17;13.49;
04.12.2024 13:39:18;13.48;
04.12.2024 13:39:20;13.48;
04.12.2024 13:39:21;13.49;
04.12.2024 13:39:22;13.48;
04.12.2024 13:39:23;13.48;
04.12.2024 13:39:24;13.49;
04.12.2024 13:39:25;13.49;
04.12.2024 13:39:26;13.48;
04.12.2024 13:39:27;13.49;
04.12.2024 13:39:29;13.49;
04.12.2024 13:39:30;13.48;
04.12.2024 13:39:33;13.48;
04.12.2024 13:39:34;13.47;
04.12.2024 13:39:35;13.48;
04.12.2024 13:39:36;13.48;
04.12.2024 13:39:37;13.49;
04.12.2024 13:39:38;13.48;
04.12.2024 13:39:39;13.47;
04.12.2024 13:39:40;13.48;
04.12.2024 13:39:44;13.48;
04.12.2024 13:39:45;13.49;
04.12.2024 13:39:46;13.48;
04.12.2024 13:39:47;13.48;
04.12.2024 13:39:48;13.47;
04.12.2024 13:39:49;13.48;
04.12.2024 13:39:52;13.48;
04.12.2024 13:39:53;13.47;
04.12.2024 13:39:54;13.48;
04.12.2024 13:40:05;13.48;
04.12.2024 13:40:06;13.49;
04.12.2024 13:40:07;13.48;
04.12.2024 13:40:09;13.48;
04.12.2024 13:40:10;13.49;
04.12.2024 13:40:11;13.47;
04.12.2024 13:40:12;13.48;
04.12.2024 13:40:13;13.49;
04.12.2024 13:40:14;13.48;
04.12.2024 13:40:19;13.48;
04.12.2024 13:40:20;13.47;
04.12.2024 13:40:21;13.48;
04.12.2024 13:40:22;13.47;
04.12.2024 13:40:23;13.48;
04.12.2024 13:40:28;13.48;
04.12.2024 13:40:29;13.47;
04.12.2024 13:40:30;13.48;
04.12.2024 13:40:32;13.48;
04.12.2024 13:40:33;13.47;
04.12.2024 13:40:34;13.47;
04.12.2024 13:40:35;13.48;
04.12.2024 13:40:36;13.48;
04.12.2024 13:40:37;13.47;
04.12.2024 13:40:38;13.48;
04.12.2024 13:40:39;13.47;
04.12.2024 13:40:41;13.47;
04.12.2024 13:40:42;13.48;
04.12.2024 13:40:43;13.48;
04.12.2024 13:40:44;13.47;
04.12.2024 13:40:45;13.47;
04.12.2024 13:40:46;13.48;
04.12.2024 13:40:47;13.47;
04.12.2024 13:40:48;13.48;
04.12.2024 13:40:49;13.47;
04.12.2024 13:40:50;13.47;
04.12.2024 13:40:51;13.48;
04.12.2024 13:40:52;13.47;
04.12.2024 13:40:55;13.47;
04.12.2024 13:40:56;13.48;
04.12.2024 13:40:57;13.47;
04.12.2024 13:40:58;13.47;
04.12.2024 13:40:59;13.46;
04.12.2024 13:41:00;13.47;
04.12.2024 13:41:07;13.47;
04.12.2024 13:41:08;13.48;
04.12.2024 13:41:09;13.47;
04.12.2024 13:41:14;13.47;
04.12.2024 13:41:15;13.46;
04.12.2024 13:41:16;13.47;
04.12.2024 13:41:19;13.47;
04.12.2024 13:41:20;13.48;
04.12.2024 13:41:21;13.46;
04.12.2024 13:41:22;13.47;
04.12.2024 13:41:25;13.47;
04.12.2024 13:41:26;13.46;
04.12.2024 13:41:27;13.47;
04.12.2024 13:41:28;13.46;
04.12.2024 13:41:29;13.47;
04.12.2024 13:41:32;13.47;
04.12.2024 13:41:33;13.46;
04.12.2024 13:41:36;13.46;
04.12.2024 13:41:37;13.47;
04.12.2024 13:41:38;13.46;
04.12.2024 13:41:39;13.47;
04.12.2024 13:41:40;13.47;
04.12.2024 13:41:41;13.46;
04.12.2024 13:41:42;13.47;
04.12.2024 13:41:44;13.47;
04.12.2024 13:41:45;13.48;
04.12.2024 13:41:46;13.47;
04.12.2024 13:41:47;13.46;
04.12.2024 13:41:48;13.47;
04.12.2024 13:41:49;13.46;
04.12.2024 13:41:51;13.46;
04.12.2024 13:41:52;13.47;
04.12.2024 13:41:53;13.46;
04.12.2024 13:41:57;13.46;
04.12.2024 13:41:58;13.45;
04.12.2024 13:41:59;13.46;
04.12.2024 13:42:00;13.46;
04.12.2024 13:42:01;13.47;
04.12.2024 13:42:02;13.46;
04.12.2024 13:42:03;13.47;
04.12.2024 13:42:04;13.46;
04.12.2024 13:42:05;13.46;
04.12.2024 13:42:06;13.47;
04.12.2024 13:42:07;13.46;
04.12.2024 13:42:20;13.46;
04.12.2024 13:42:21;13.45;
04.12.2024 13:42:22;13.46;
04.12.2024 13:42:25;13.46;
04.12.2024 13:42:26;13.47;
04.12.2024 13:42:27;13.46;
04.12.2024 13:42:30;13.46;
04.12.2024 13:42:31;13.45;
04.12.2024 13:42:32;13.45;
04.12.2024 13:42:33;13.46;
04.12.2024 13:42:34;13.45;
04.12.2024 13:42:35;13.46;
04.12.2024 13:42:36;13.45;
04.12.2024 13:42:37;13.46;
04.12.2024 13:42:44;13.46;
04.12.2024 13:42:45;13.45;
04.12.2024 13:42:46;13.46;
04.12.2024 13:42:47;13.46;
04.12.2024 13:42:48;13.45;
04.12.2024 13:42:49;13.46;
04.12.2024 13:42:50;13.45;
04.12.2024 13:42:51;13.45;
04.12.2024 13:42:52;13.46;
04.12.2024 13:42:53;13.46;
04.12.2024 13:42:54;13.45;
04.12.2024 13:42:55;13.46;
04.12.2024 13:42:56;13.45;
04.12.2024 13:42:57;13.46;
04.12.2024 13:42:59;13.46;
04.12.2024 13:43:00;13.45;
04.12.2024 13:43:05;13.45;
04.12.2024 13:43:06;13.46;
04.12.2024 13:43:07;13.46;
04.12.2024 13:43:08;13.44;
04.12.2024 13:43:09;13.45;
04.12.2024 13:43:15;13.45;
04.12.2024 13:43:16;13.46;
04.12.2024 13:43:17;13.45;
04.12.2024 13:43:21;13.45;
04.12.2024 13:43:22;13.46;
04.12.2024 13:43:24;13.46;
04.12.2024 13:43:25;13.45;
04.12.2024 13:43:26;13.46;
04.12.2024 13:43:27;13.44;
04.12.2024 13:43:28;13.46;
04.12.2024 13:43:29;13.45;
04.12.2024 13:43:33;13.45;
04.12.2024 13:43:34;13.44;
04.12.2024 13:43:35;13.45;
04.12.2024 13:43:41;13.45;
04.12.2024 13:43:42;13.44;
04.12.2024 13:43:43;13.45;
04.12.2024 13:43:45;13.45;
04.12.2024 13:43:46;13.44;
04.12.2024 13:43:47;13.45;
04.12.2024 13:43:48;13.44;
04.12.2024 13:43:51;13.44;
04.12.2024 13:43:52;13.45;
04.12.2024 13:43:54;13.45;
04.12.2024 13:43:55;13.44;
04.12.2024 13:43:58;13.44;
04.12.2024 13:43:59;13.45;
04.12.2024 13:44:01;13.45;
04.12.2024 13:44:02;13.44;
04.12.2024 13:44:03;13.45;
04.12.2024 13:44:05;13.45;
04.12.2024 13:44:06;13.44;
04.12.2024 13:44:07;13.44;
04.12.2024 13:44:08;13.45;
04.12.2024 13:44:09;13.45;
04.12.2024 13:44:10;13.44;
04.12.2024 13:44:23;13.44;
04.12.2024 13:44:24;13.43;
04.12.2024 13:44:25;13.45;
04.12.2024 13:44:26;13.44;
04.12.2024 13:44:33;13.44;
04.12.2024 13:44:34;13.43;
04.12.2024 13:44:35;13.44;
04.12.2024 13:44:36;13.45;
04.12.2024 13:44:37;13.44;
04.12.2024 13:44:40;13.44;
04.12.2024 13:44:41;13.43;
04.12.2024 13:44:42;13.45;
04.12.2024 13:44:43;13.44;
04.12.2024 13:44:44;13.43;
04.12.2024 13:44:46;13.43;
04.12.2024 13:44:47;13.44;
04.12.2024 13:44:48;13.43;
04.12.2024 13:44:50;13.43;
04.12.2024 13:44:51;13.44;
04.12.2024 13:44:52;13.43;
04.12.2024 13:44:54;13.43;
04.12.2024 13:44:55;13.44;
04.12.2024 13:44:56;13.44;
04.12.2024 13:44:57;13.43;
04.12.2024 13:45:00;13.43;
04.12.2024 13:45:01;13.44;
04.12.2024 13:45:02;13.43;
04.12.2024 13:45:03;13.44;
04.12.2024 13:45:04;13.43;
04.12.2024 13:45:05;13.44;
04.12.2024 13:45:06;13.44;
04.12.2024 13:45:07;13.43;
04.12.2024 13:45:09;13.43;
04.12.2024 13:45:10;13.44;
04.12.2024 13:45:13;13.44;
04.12.2024 13:45:14;13.43;
04.12.2024 13:45:15;13.44;
04.12.2024 13:45:16;13.43;
04.12.2024 13:45:18;13.43;
04.12.2024 13:45:19;13.44;
04.12.2024 13:45:20;13.43;
04.12.2024 13:45:21;13.44;
04.12.2024 13:45:22;13.43;
04.12.2024 13:45:23;13.44;
04.12.2024 13:45:24;13.44;
04.12.2024 13:45:25;13.43;
04.12.2024 13:45:26;13.44;
04.12.2024 13:45:28;13.44;
04.12.2024 13:45:29;13.43;
04.12.2024 13:45:30;13.44;
04.12.2024 13:45:31;13.44;
04.12.2024 13:45:32;13.43;
04.12.2024 13:45:33;13.43;
04.12.2024 13:45:34;13.44;
04.12.2024 13:45:35;13.44;
04.12.2024 13:45:36;13.42;
04.12.2024 13:45:37;13.43;
04.12.2024 13:45:47;13.43;
04.12.2024 13:45:48;13.44;
04.12.2024 13:45:49;13.43;
04.12.2024 13:45:51;13.43;
04.12.2024 13:45:52;13.44;
04.12.2024 13:45:53;13.43;
04.12.2024 13:46:01;13.43;
04.12.2024 13:46:02;13.44;
04.12.2024 13:46:03;13.43;
04.12.2024 13:46:11;13.43;
04.12.2024 13:46:12;13.42;
04.12.2024 13:46:13;13.43;
04.12.2024 13:46:16;13.43;
04.12.2024 13:46:17;13.42;
04.12.2024 13:46:18;13.43;
04.12.2024 13:46:19;13.42;
04.12.2024 13:46:20;13.43;
04.12.2024 13:46:21;13.42;
04.12.2024 13:46:22;13.42;
04.12.2024 13:46:23;13.43;
04.12.2024 13:46:26;13.43;
04.12.2024 13:46:27;13.42;
04.12.2024 13:46:28;13.43;
04.12.2024 13:46:30;13.43;
04.12.2024 13:46:31;13.42;
04.12.2024 13:46:32;13.42;
04.12.2024 13:46:33;13.43;
04.12.2024 13:46:34;13.43;
04.12.2024 13:46:35;13.42;
04.12.2024 13:46:36;13.43;
04.12.2024 13:46:37;13.42;
04.12.2024 13:46:38;13.42;
04.12.2024 13:46:39;13.43;
04.12.2024 13:46:40;13.42;
04.12.2024 13:46:41;13.42;
04.12.2024 13:46:42;13.43;
04.12.2024 13:46:43;13.43;
04.12.2024 13:46:44;13.42;
04.12.2024 13:46:45;13.43;
04.12.2024 13:46:46;13.43;
04.12.2024 13:46:47;13.42;
04.12.2024 13:46:48;13.42;
04.12.2024 13:46:49;13.41;
04.12.2024 13:46:50;13.42;
04.12.2024 13:46:52;13.42;
04.12.2024 13:46:53;13.41;
04.12.2024 13:46:54;13.42;
04.12.2024 13:46:55;13.43;
04.12.2024 13:46:56;13.43;
04.12.2024 13:46:57;13.41;
04.12.2024 13:46:58;13.41;
04.12.2024 13:46:59;13.42;
04.12.2024 13:47:00;13.43;
04.12.2024 13:47:01;13.42;
04.12.2024 13:47:05;13.42;
04.12.2024 13:47:06;13.44;
04.12.2024 13:47:07;13.42;
04.12.2024 13:47:24;13.42;
04.12.2024 13:47:25;13.43;
04.12.2024 13:47:26;13.42;
04.12.2024 13:47:29;13.42;
04.12.2024 13:47:30;13.41;
04.12.2024 13:47:31;13.42;
04.12.2024 13:47:33;13.42;
04.12.2024 13:47:34;13.41;
04.12.2024 13:47:35;13.42;
04.12.2024 13:47:42;13.42;
04.12.2024 13:47:43;13.41;
04.12.2024 13:47:44;13.41;
04.12.2024 13:47:45;13.42;
04.12.2024 13:47:46;13.41;
04.12.2024 13:47:48;13.41;
04.12.2024 13:47:49;13.42;
04.12.2024 13:47:50;13.41;
04.12.2024 13:47:54;13.41;
04.12.2024 13:47:55;13.42;
04.12.2024 13:47:58;13.42;
04.12.2024 13:47:59;13.41;
04.12.2024 13:48:01;13.41;
04.12.2024 13:48:02;13.42;
04.12.2024 13:48:03;13.41;
04.12.2024 13:48:08;13.41;
04.12.2024 13:48:09;13.42;
04.12.2024 13:48:10;13.41;
04.12.2024 13:48:13;13.41;
04.12.2024 13:48:14;13.42;
04.12.2024 13:48:15;13.41;
04.12.2024 13:48:16;13.4;
04.12.2024 13:48:17;13.42;
04.12.2024 13:48:18;13.41;
04.12.2024 13:48:21;13.41;
04.12.2024 13:48:22;13.4;
04.12.2024 13:48:23;13.41;
04.12.2024 13:48:25;13.41;
04.12.2024 13:48:26;13.42;
04.12.2024 13:48:27;13.4;
04.12.2024 13:48:28;13.41;
04.12.2024 13:48:35;13.41;
04.12.2024 13:48:36;13.4;
04.12.2024 13:48:37;13.4;
04.12.2024 13:48:38;13.41;
04.12.2024 13:48:42;13.41;
04.12.2024 13:48:43;13.4;
04.12.2024 13:48:44;13.41;
04.12.2024 13:48:45;13.4;
04.12.2024 13:48:46;13.41;
04.12.2024 13:48:47;13.41;
04.12.2024 13:48:48;13.4;
04.12.2024 13:48:49;13.4;
04.12.2024 13:48:50;13.41;
04.12.2024 13:48:51;13.4;
04.12.2024 13:48:52;13.41;
04.12.2024 13:48:53;13.4;
04.12.2024 13:48:54;13.41;
04.12.2024 13:48:55;13.4;
04.12.2024 13:48:56;13.39;
04.12.2024 13:48:57;13.4;
04.12.2024 13:48:58;13.4;
04.12.2024 13:48:59;13.41;
04.12.2024 13:49:00;13.4;
04.12.2024 13:49:01;13.4;
04.12.2024 13:49:02;13.41;
04.12.2024 13:49:03;13.4;
04.12.2024 13:49:04;13.41;
04.12.2024 13:49:05;13.41;
04.12.2024 13:49:06;13.4;
04.12.2024 13:49:07;13.4;
04.12.2024 13:49:08;13.41;
04.12.2024 13:49:09;13.41;
04.12.2024 13:49:10;13.4;
04.12.2024 13:49:11;13.41;
04.12.2024 13:49:17;13.41;
04.12.2024 13:49:18;13.4;
04.12.2024 13:49:26;13.4;
04.12.2024 13:49:27;13.39;
04.12.2024 13:49:28;13.4;
04.12.2024 13:49:30;13.4;
04.12.2024 13:49:31;13.41;
04.12.2024 13:49:32;13.4;
04.12.2024 13:49:33;13.38;
04.12.2024 13:49:34;13.4;
04.12.2024 13:49:37;13.4;
04.12.2024 13:49:38;13.39;
04.12.2024 13:49:39;13.41;
04.12.2024 13:49:40;13.4;
04.12.2024 13:49:46;13.4;
04.12.2024 13:49:47;13.39;
04.12.2024 13:49:48;13.4;
04.12.2024 13:49:49;13.39;
04.12.2024 13:49:50;13.4;
04.12.2024 13:49:54;13.4;
04.12.2024 13:49:55;13.41;
04.12.2024 13:49:56;13.4;
04.12.2024 13:49:57;13.4;
04.12.2024 13:49:58;13.39;
04.12.2024 13:49:59;13.4;
04.12.2024 13:50:00;13.39;
04.12.2024 13:50:01;13.39;
04.12.2024 13:50:02;13.41;
04.12.2024 13:50:03;13.4;
04.12.2024 13:50:06;13.4;
04.12.2024 13:50:07;13.39;
04.12.2024 13:50:08;13.39;
04.12.2024 13:50:09;13.4;
04.12.2024 13:50:12;13.4;
04.12.2024 13:50:13;13.39;
04.12.2024 13:50:14;13.4;
04.12.2024 13:50:17;13.4;
04.12.2024 13:50:18;13.39;
04.12.2024 13:50:19;13.4;
04.12.2024 13:50:20;13.4;
04.12.2024 13:50:21;13.39;
04.12.2024 13:50:22;13.39;
04.12.2024 13:50:23;13.4;
04.12.2024 13:50:24;13.39;
04.12.2024 13:50:26;13.39;
04.12.2024 13:50:27;13.4;
04.12.2024 13:50:28;13.39;
04.12.2024 13:50:29;13.39;
04.12.2024 13:50:30;13.38;
04.12.2024 13:50:31;13.39;
04.12.2024 13:50:34;13.39;
04.12.2024 13:50:35;13.38;
04.12.2024 13:50:36;13.39;
04.12.2024 13:50:38;13.39;
04.12.2024 13:50:39;13.38;
04.12.2024 13:50:40;13.39;
04.12.2024 13:50:41;13.38;
04.12.2024 13:50:42;13.39;
04.12.2024 13:50:43;13.38;
04.12.2024 13:50:44;13.38;
04.12.2024 13:50:45;13.39;
04.12.2024 13:50:46;13.38;
04.12.2024 13:50:48;13.38;
04.12.2024 13:50:49;13.39;
04.12.2024 13:50:51;13.39;
04.12.2024 13:50:52;13.38;
04.12.2024 13:50:53;13.39;
04.12.2024 13:50:54;13.38;
04.12.2024 13:50:55;13.38;
04.12.2024 13:50:56;13.39;
04.12.2024 13:50:58;13.39;
04.12.2024 13:50:59;13.38;
04.12.2024 13:51:03;13.38;
04.12.2024 13:51:04;13.39;
04.12.2024 13:51:05;13.38;
04.12.2024 13:51:08;13.38;
04.12.2024 13:51:09;13.39;
04.12.2024 13:51:10;13.38;
04.12.2024 13:51:11;13.39;
04.12.2024 13:51:12;13.39;
04.12.2024 13:51:13;13.38;
04.12.2024 13:51:15;13.38;
04.12.2024 13:51:16;13.39;
04.12.2024 13:51:17;13.38;
04.12.2024 13:51:19;13.38;
04.12.2024 13:51:20;13.39;
04.12.2024 13:51:21;13.38;
04.12.2024 13:51:22;13.37;
04.12.2024 13:51:23;13.39;
04.12.2024 13:51:24;13.38;
04.12.2024 13:51:26;13.38;
04.12.2024 13:51:27;13.39;
04.12.2024 13:51:28;13.38;
04.12.2024 13:51:30;13.38;
04.12.2024 13:51:31;13.37;
04.12.2024 13:51:32;13.38;
04.12.2024 13:51:34;13.38;
04.12.2024 13:51:35;13.37;
04.12.2024 13:51:36;13.38;
04.12.2024 13:51:37;13.38;
04.12.2024 13:51:38;13.39;
04.12.2024 13:51:39;13.39;
04.12.2024 13:51:40;13.38;
04.12.2024 13:51:56;13.38;
04.12.2024 13:51:57;13.37;
04.12.2024 13:51:59;13.37;
04.12.2024 13:52:00;13.38;
04.12.2024 13:52:01;13.38;
04.12.2024 13:52:02;13.37;
04.12.2024 13:52:03;13.37;
04.12.2024 13:52:04;13.38;
04.12.2024 13:52:06;13.38;
04.12.2024 13:52:07;13.37;
04.12.2024 13:52:08;13.37;
04.12.2024 13:52:09;13.38;
04.12.2024 13:52:10;13.37;
04.12.2024 13:52:12;13.37;
04.12.2024 13:52:13;13.38;
04.12.2024 13:52:14;13.37;
04.12.2024 13:52:16;13.37;
04.12.2024 13:52:17;13.39;
04.12.2024 13:52:18;13.38;
04.12.2024 13:52:19;13.37;
04.12.2024 13:52:20;13.38;
04.12.2024 13:52:21;13.37;
04.12.2024 13:52:22;13.37;
04.12.2024 13:52:23;13.36;
04.12.2024 13:52:24;13.37;
04.12.2024 13:52:25;13.38;
04.12.2024 13:52:26;13.37;
04.12.2024 13:52:27;13.38;
04.12.2024 13:52:29;13.38;
04.12.2024 13:52:30;13.37;
04.12.2024 13:52:31;13.38;
04.12.2024 13:52:32;13.37;
04.12.2024 13:52:33;13.37;
04.12.2024 13:52:34;13.38;
04.12.2024 13:52:36;13.38;
04.12.2024 13:52:37;13.37;
04.12.2024 13:52:38;13.37;
04.12.2024 13:52:39;13.38;
04.12.2024 13:52:40;13.37;
04.12.2024 13:52:41;13.38;
04.12.2024 13:52:42;13.37;
04.12.2024 13:52:43;13.36;
04.12.2024 13:52:44;13.37;
04.12.2024 13:52:47;13.37;
04.12.2024 13:52:48;13.38;
04.12.2024 13:52:49;13.37;
04.12.2024 13:52:53;13.37;
04.12.2024 13:52:54;13.36;
04.12.2024 13:52:55;13.37;
04.12.2024 13:52:57;13.37;
04.12.2024 13:52:58;13.38;
04.12.2024 13:52:59;13.37;
04.12.2024 13:53:03;13.37;
04.12.2024 13:53:04;13.36;
04.12.2024 13:53:05;13.37;
04.12.2024 13:53:10;13.37;
04.12.2024 13:53:11;13.36;
04.12.2024 13:53:12;13.37;
04.12.2024 13:53:13;13.38;
04.12.2024 13:53:14;13.37;
04.12.2024 13:53:16;13.37;
04.12.2024 13:53:17;13.36;
04.12.2024 13:53:18;13.37;
04.12.2024 13:53:21;13.37;
04.12.2024 13:53:22;13.36;
04.12.2024 13:53:23;13.37;
04.12.2024 13:53:24;13.37;
04.12.2024 13:53:25;13.36;
04.12.2024 13:53:26;13.37;
04.12.2024 13:53:27;13.37;
04.12.2024 13:53:28;13.36;
04.12.2024 13:53:29;13.37;
04.12.2024 13:53:30;13.37;
04.12.2024 13:53:31;13.36;
04.12.2024 13:53:32;13.37;
04.12.2024 13:53:33;13.36;
04.12.2024 13:53:34;13.37;
04.12.2024 13:53:37;13.37;
04.12.2024 13:53:38;13.36;
04.12.2024 13:53:40;13.36;
04.12.2024 13:53:41;13.37;
04.12.2024 13:53:43;13.37;
04.12.2024 13:53:44;13.36;
04.12.2024 13:53:45;13.37;
04.12.2024 13:53:47;13.37;
04.12.2024 13:53:48;13.36;
04.12.2024 13:53:49;13.37;
04.12.2024 13:53:50;13.36;
04.12.2024 13:53:51;13.37;
04.12.2024 13:53:52;13.36;
04.12.2024 13:53:53;13.36;
04.12.2024 13:53:54;13.37;
04.12.2024 13:53:55;13.36;
04.12.2024 13:54:00;13.36;
04.12.2024 13:54:01;13.35;
04.12.2024 13:54:02;13.36;
04.12.2024 13:54:09;13.36;
04.12.2024 13:54:10;13.37;
04.12.2024 13:54:11;13.36;
04.12.2024 13:54:12;13.37;
04.12.2024 13:54:13;13.36;
04.12.2024 13:54:16;13.36;
04.12.2024 13:54:17;13.35;
04.12.2024 13:54:18;13.36;
04.12.2024 13:54:19;13.36;
04.12.2024 13:54:20;13.35;
04.12.2024 13:54:21;13.35;
04.12.2024 13:54:22;13.36;
04.12.2024 13:54:23;13.35;
04.12.2024 13:54:24;13.36;
04.12.2024 13:54:30;13.36;
04.12.2024 13:54:31;13.37;
04.12.2024 13:54:32;13.36;
04.12.2024 13:54:38;13.36;
04.12.2024 13:54:39;13.37;
04.12.2024 13:54:40;13.36;
04.12.2024 13:54:43;13.36;
04.12.2024 13:54:44;13.37;
04.12.2024 13:54:45;13.36;
04.12.2024 13:54:46;13.35;
04.12.2024 13:54:47;13.36;
04.12.2024 13:54:48;13.36;
04.12.2024 13:54:49;13.35;
04.12.2024 13:54:50;13.35;
04.12.2024 13:54:51;13.36;
04.12.2024 13:54:52;13.35;
04.12.2024 13:54:53;13.36;
04.12.2024 13:54:58;13.36;
04.12.2024 13:54:59;13.35;
04.12.2024 13:55:00;13.36;
04.12.2024 13:55:01;13.35;
04.12.2024 13:55:02;13.35;
04.12.2024 13:55:03;13.36;
04.12.2024 13:55:04;13.35;
04.12.2024 13:55:05;13.36;
04.12.2024 13:55:06;13.36;
04.12.2024 13:55:07;13.35;
04.12.2024 13:55:08;13.36;
04.12.2024 13:55:09;13.36;
04.12.2024 13:55:10;13.35;
04.12.2024 13:55:11;13.35;
04.12.2024 13:55:12;13.36;
04.12.2024 13:55:13;13.36;
04.12.2024 13:55:14;13.35;
04.12.2024 13:55:15;13.36;
04.12.2024 13:55:17;13.36;
04.12.2024 13:55:18;13.35;
04.12.2024 13:55:21;13.35;
04.12.2024 13:55:22;13.36;
04.12.2024 13:55:23;13.36;
04.12.2024 13:55:24;13.35;
04.12.2024 13:55:25;13.35;
04.12.2024 13:55:26;13.36;
04.12.2024 13:55:27;13.36;
04.12.2024 13:55:28;13.35;
04.12.2024 13:55:31;13.35;
04.12.2024 13:55:32;13.34;
04.12.2024 13:55:33;13.35;
04.12.2024 13:55:37;13.35;
04.12.2024 13:55:38;13.36;
04.12.2024 13:55:39;13.35;
04.12.2024 13:55:40;13.35;
04.12.2024 13:55:41;13.34;
04.12.2024 13:55:42;13.35;
04.12.2024 13:55:43;13.34;
04.12.2024 13:55:44;13.34;
04.12.2024 13:55:45;13.35;
04.12.2024 13:55:46;13.34;
04.12.2024 13:55:47;13.35;
04.12.2024 13:55:55;13.35;
04.12.2024 13:55:56;13.34;
04.12.2024 13:55:57;13.35;
04.12.2024 13:55:58;13.34;
04.12.2024 13:55:59;13.35;
04.12.2024 13:56:00;13.34;
04.12.2024 13:56:01;13.35;
04.12.2024 13:56:02;13.34;
04.12.2024 13:56:03;13.35;
04.12.2024 13:56:04;13.34;
04.12.2024 13:56:07;13.34;
04.12.2024 13:56:08;13.35;
04.12.2024 13:56:09;13.34;
04.12.2024 13:56:12;13.34;
04.12.2024 13:56:13;13.35;
04.12.2024 13:56:14;13.33;
04.12.2024 13:56:15;13.35;
04.12.2024 13:56:16;13.34;
04.12.2024 13:56:18;13.34;
04.12.2024 13:56:19;13.35;
04.12.2024 13:56:20;13.34;
04.12.2024 13:56:21;13.33;
04.12.2024 13:56:22;13.34;
04.12.2024 13:56:24;13.34;
04.12.2024 13:56:25;13.35;
04.12.2024 13:56:26;13.34;
04.12.2024 13:56:31;13.34;
04.12.2024 13:56:32;13.33;
04.12.2024 13:56:33;13.34;
04.12.2024 13:56:36;13.34;
04.12.2024 13:56:37;13.33;
04.12.2024 13:56:38;13.34;
04.12.2024 13:56:39;13.33;
04.12.2024 13:56:40;13.34;
04.12.2024 13:56:41;13.34;
04.12.2024 13:56:42;13.33;
04.12.2024 13:56:43;13.34;
04.12.2024 13:56:44;13.34;
04.12.2024 13:56:45;13.33;
04.12.2024 13:56:46;13.34;
04.12.2024 13:56:54;13.34;
04.12.2024 13:56:55;13.33;
04.12.2024 13:56:56;13.33;
04.12.2024 13:56:57;13.34;
04.12.2024 13:56:58;13.33;
04.12.2024 13:57:01;13.33;
04.12.2024 13:57:02;13.34;
04.12.2024 13:57:03;13.34;
04.12.2024 13:57:04;13.33;
04.12.2024 13:57:05;13.34;
04.12.2024 13:57:09;13.34;
04.12.2024 13:57:10;13.33;
04.12.2024 13:57:12;13.33;
04.12.2024 13:57:13;13.34;
04.12.2024 13:57:14;13.34;
04.12.2024 13:57:15;13.33;
04.12.2024 13:57:16;13.34;
04.12.2024 13:57:17;13.33;
04.12.2024 13:57:18;13.34;
04.12.2024 13:57:22;13.34;
04.12.2024 13:57:23;13.33;
04.12.2024 13:57:24;13.34;
04.12.2024 13:57:25;13.33;
04.12.2024 13:57:30;13.33;
04.12.2024 13:57:31;13.34;
04.12.2024 13:57:32;13.33;
04.12.2024 13:57:34;13.33;
04.12.2024 13:57:35;13.34;
04.12.2024 13:57:36;13.34;
04.12.2024 13:57:37;13.33;
04.12.2024 13:57:40;13.33;
04.12.2024 13:57:41;13.34;
04.12.2024 13:57:42;13.32;
04.12.2024 13:57:43;13.33;
04.12.2024 13:57:44;13.34;
04.12.2024 13:57:45;13.34;
04.12.2024 13:57:46;13.33;
04.12.2024 13:57:48;13.33;
04.12.2024 13:57:49;13.34;
04.12.2024 13:57:50;13.33;
04.12.2024 13:57:51;13.33;
04.12.2024 13:57:52;13.32;
04.12.2024 13:57:53;13.33;
04.12.2024 13:57:54;13.33;
04.12.2024 13:57:55;13.32;
04.12.2024 13:57:56;13.32;
04.12.2024 13:57:57;13.33;
04.12.2024 13:57:58;13.33;
04.12.2024 13:57:59;13.32;
04.12.2024 13:58:00;13.33;
04.12.2024 13:58:01;13.33;
04.12.2024 13:58:02;13.34;
04.12.2024 13:58:03;13.32;
04.12.2024 13:58:04;13.33;
04.12.2024 13:58:06;13.33;
04.12.2024 13:58:07;13.32;
04.12.2024 13:58:08;13.34;
04.12.2024 13:58:09;13.33;
04.12.2024 13:58:10;13.33;
04.12.2024 13:58:11;13.32;
04.12.2024 13:58:12;13.33;
04.12.2024 13:58:13;13.33;
04.12.2024 13:58:14;13.32;
04.12.2024 13:58:15;13.33;
04.12.2024 13:58:18;13.33;
04.12.2024 13:58:19;13.32;
04.12.2024 13:58:20;13.32;
04.12.2024 13:58:21;13.33;
04.12.2024 13:58:25;13.33;
04.12.2024 13:58:26;13.32;
04.12.2024 13:58:27;13.33;
04.12.2024 13:58:30;13.33;
04.12.2024 13:58:31;13.32;
04.12.2024 13:58:32;13.33;
04.12.2024 13:58:33;13.32;
04.12.2024 13:58:36;13.32;
04.12.2024 13:58:37;13.33;
04.12.2024 13:58:38;13.32;
04.12.2024 13:58:40;13.32;
04.12.2024 13:58:41;13.33;
04.12.2024 13:58:42;13.32;
04.12.2024 13:58:46;13.32;
04.12.2024 13:58:47;13.33;
04.12.2024 13:58:48;13.32;
04.12.2024 13:58:49;13.33;
04.12.2024 13:58:50;13.32;
04.12.2024 13:58:51;13.33;
04.12.2024 13:58:52;13.32;
04.12.2024 13:58:53;13.32;
04.12.2024 13:58:54;13.33;
04.12.2024 13:58:55;13.32;
04.12.2024 13:58:56;13.33;
04.12.2024 13:58:57;13.33;
04.12.2024 13:58:58;13.32;
04.12.2024 13:58:59;13.32;
04.12.2024 13:59:00;13.33;
04.12.2024 13:59:01;13.32;
04.12.2024 13:59:02;13.33;
04.12.2024 13:59:03;13.32;
04.12.2024 13:59:04;13.33;
04.12.2024 13:59:05;13.32;
04.12.2024 13:59:06;13.33;
04.12.2024 13:59:07;13.33;
04.12.2024 13:59:08;13.32;
04.12.2024 13:59:11;13.32;
04.12.2024 13:59:12;13.31;
04.12.2024 13:59:13;13.32;
04.12.2024 13:59:14;13.33;
04.12.2024 13:59:15;13.32;
04.12.2024 13:59:23;13.32;
04.12.2024 13:59:24;13.33;
04.12.2024 13:59:25;13.32;
04.12.2024 13:59:26;13.33;
04.12.2024 13:59:27;13.33;
04.12.2024 13:59:28;13.32;
04.12.2024 13:59:34;13.32;
04.12.2024 13:59:35;13.31;
04.12.2024 13:59:36;13.32;
04.12.2024 13:59:37;13.31;
04.12.2024 13:59:38;13.31;
04.12.2024 13:59:39;13.32;
04.12.2024 13:59:40;13.32;
04.12.2024 13:59:41;13.33;
04.12.2024 13:59:42;13.32;
04.12.2024 13:59:44;13.32;
04.12.2024 13:59:45;13.31;
04.12.2024 13:59:46;13.32;
04.12.2024 13:59:47;13.31;
04.12.2024 13:59:48;13.32;
04.12.2024 13:59:49;13.31;
04.12.2024 13:59:50;13.31;
04.12.2024 13:59:51;13.32;
04.12.2024 13:59:52;13.31;
04.12.2024 13:59:53;13.32;
04.12.2024 13:59:54;13.31;
04.12.2024 13:59:57;13.31;
04.12.2024 13:59:58;13.32;
04.12.2024 13:59:59;13.31;
04.12.2024 14:00:00;13.32;
04.12.2024 14:00:01;13.31;
04.12.2024 14:00:05;13.31;
04.12.2024 14:00:06;13.32;
04.12.2024 14:00:07;13.31;
04.12.2024 14:00:08;13.32;
04.12.2024 14:00:09;13.31;
04.12.2024 14:00:10;13.32;
04.12.2024 14:00:11;13.3;
04.12.2024 14:00:12;13.31;
04.12.2024 14:00:13;13.3;
04.12.2024 14:00:14;13.31;
04.12.2024 14:00:21;13.31;
04.12.2024 14:00:22;13.32;
04.12.2024 14:00:23;13.31;
04.12.2024 14:00:27;13.31;
04.12.2024 14:00:28;13.3;
04.12.2024 14:00:29;13.32;
04.12.2024 14:00:30;13.31;
04.12.2024 14:00:31;13.31;
04.12.2024 14:00:32;13.3;
04.12.2024 14:00:33;13.32;
04.12.2024 14:00:34;13.31;
04.12.2024 14:00:36;13.31;
04.12.2024 14:00:37;13.3;
04.12.2024 14:00:40;13.3;
04.12.2024 14:00:41;13.31;
04.12.2024 14:00:42;13.31;
04.12.2024 14:00:43;13.3;
04.12.2024 14:00:44;13.31;
04.12.2024 14:00:45;13.3;
04.12.2024 14:00:46;13.31;
04.12.2024 14:00:50;13.31;
04.12.2024 14:00:51;13.3;
04.12.2024 14:00:52;13.31;
04.12.2024 14:00:55;13.31;
04.12.2024 14:00:56;13.3;
04.12.2024 14:00:57;13.3;
04.12.2024 14:00:58;13.31;
04.12.2024 14:00:59;13.31;
04.12.2024 14:01:00;13.3;
04.12.2024 14:01:01;13.31;
04.12.2024 14:01:02;13.31;
04.12.2024 14:01:03;13.3;
04.12.2024 14:01:04;13.31;
04.12.2024 14:01:05;13.3;
04.12.2024 14:01:06;13.3;
04.12.2024 14:01:07;13.31;
04.12.2024 14:01:10;13.31;
04.12.2024 14:01:11;13.3;
04.12.2024 14:01:12;13.31;
04.12.2024 14:01:18;13.31;
04.12.2024 14:01:19;13.3;
04.12.2024 14:01:20;13.29;
04.12.2024 14:01:21;13.3;
04.12.2024 14:01:22;13.3;
04.12.2024 14:01:23;13.31;
04.12.2024 14:01:24;13.31;
04.12.2024 14:01:25;13.3;
04.12.2024 14:01:26;13.29;
04.12.2024 14:01:27;13.3;
04.12.2024 14:01:32;13.3;
04.12.2024 14:01:33;13.31;
04.12.2024 14:01:34;13.3;
04.12.2024 14:01:35;13.31;
04.12.2024 14:01:37;13.31;
04.12.2024 14:01:38;13.3;
04.12.2024 14:01:46;13.3;
04.12.2024 14:01:47;13.31;
04.12.2024 14:01:48;13.31;
04.12.2024 14:01:49;13.3;
04.12.2024 14:01:50;13.31;
04.12.2024 14:01:51;13.3;
04.12.2024 14:01:54;13.3;
04.12.2024 14:01:55;13.31;
04.12.2024 14:01:56;13.29;
04.12.2024 14:01:57;13.29;
04.12.2024 14:01:58;13.3;
04.12.2024 14:01:59;13.29;
04.12.2024 14:02:00;13.3;
04.12.2024 14:02:02;13.3;
04.12.2024 14:02:03;13.29;
04.12.2024 14:02:04;13.3;
04.12.2024 14:02:05;13.29;
04.12.2024 14:02:06;13.29;
04.12.2024 14:02:07;13.3;
04.12.2024 14:02:08;13.3;
04.12.2024 14:02:09;13.29;
04.12.2024 14:02:10;13.3;
04.12.2024 14:02:11;13.29;
04.12.2024 14:02:12;13.3;
04.12.2024 14:02:13;13.3;
04.12.2024 14:02:14;13.29;
04.12.2024 14:02:15;13.29;
04.12.2024 14:02:16;13.3;
04.12.2024 14:02:18;13.3;
04.12.2024 14:02:19;13.29;
04.12.2024 14:02:20;13.3;
04.12.2024 14:02:26;13.3;
04.12.2024 14:02:27;13.29;
04.12.2024 14:02:28;13.3;
04.12.2024 14:02:29;13.29;
04.12.2024 14:02:30;13.29;
04.12.2024 14:02:31;13.3;
04.12.2024 14:02:33;13.3;
04.12.2024 14:02:34;13.29;
04.12.2024 14:02:35;13.29;
04.12.2024 14:02:36;13.3;
04.12.2024 14:02:37;13.29;
04.12.2024 14:02:39;13.29;
04.12.2024 14:02:40;13.3;
04.12.2024 14:02:41;13.29;
04.12.2024 14:02:42;13.29;
04.12.2024 14:02:43;13.3;
04.12.2024 14:02:44;13.29;
04.12.2024 14:02:48;13.29;
04.12.2024 14:02:49;13.28;
04.12.2024 14:02:50;13.29;
04.12.2024 14:02:51;13.3;
04.12.2024 14:02:52;13.29;
04.12.2024 14:02:59;13.29;
04.12.2024 14:03:00;13.28;
04.12.2024 14:03:01;13.29;
04.12.2024 14:03:02;13.29;
04.12.2024 14:03:03;13.28;
04.12.2024 14:03:04;13.29;
04.12.2024 14:03:05;13.29;
04.12.2024 14:03:06;13.28;
04.12.2024 14:03:09;13.28;
04.12.2024 14:03:10;13.29;
04.12.2024 14:03:15;13.29;
04.12.2024 14:03:16;13.28;
04.12.2024 14:03:17;13.28;
04.12.2024 14:03:18;13.29;
04.12.2024 14:03:19;13.28;
04.12.2024 14:03:20;13.28;
04.12.2024 14:03:21;13.29;
04.12.2024 14:03:24;13.29;
04.12.2024 14:03:25;13.3;
04.12.2024 14:03:26;13.29;
04.12.2024 14:03:31;13.29;
04.12.2024 14:03:32;13.28;
04.12.2024 14:03:33;13.29;
04.12.2024 14:03:34;13.28;
04.12.2024 14:03:35;13.28;
04.12.2024 14:03:36;13.29;
04.12.2024 14:03:37;13.29;
04.12.2024 14:03:38;13.28;
04.12.2024 14:03:39;13.29;
04.12.2024 14:03:40;13.28;
04.12.2024 14:03:41;13.29;
04.12.2024 14:03:42;13.29;
04.12.2024 14:03:43;13.28;
04.12.2024 14:03:44;13.28;
04.12.2024 14:03:45;13.27;
04.12.2024 14:03:46;13.28;
04.12.2024 14:03:53;13.28;
04.12.2024 14:03:54;13.27;
04.12.2024 14:03:55;13.28;
04.12.2024 14:03:56;13.28;
04.12.2024 14:03:57;13.27;
04.12.2024 14:03:58;13.28;
04.12.2024 14:03:59;13.27;
04.12.2024 14:04:00;13.29;
04.12.2024 14:04:02;13.29;
04.12.2024 14:04:03;13.28;
04.12.2024 14:04:09;13.28;
04.12.2024 14:04:10;13.29;
04.12.2024 14:04:11;13.28;
04.12.2024 14:04:12;13.28;
04.12.2024 14:04:13;13.29;
04.12.2024 14:04:14;13.28;
04.12.2024 14:04:16;13.28;
04.12.2024 14:04:17;13.27;
04.12.2024 14:04:18;13.28;
04.12.2024 14:04:24;13.28;
04.12.2024 14:04:25;13.27;
04.12.2024 14:04:26;13.28;
04.12.2024 14:04:28;13.28;
04.12.2024 14:04:29;13.29;
04.12.2024 14:04:30;13.28;
04.12.2024 14:04:31;13.28;
04.12.2024 14:04:32;13.27;
04.12.2024 14:04:33;13.28;
04.12.2024 14:04:36;13.28;
04.12.2024 14:04:37;13.27;
04.12.2024 14:04:38;13.28;
04.12.2024 14:04:39;13.27;
04.12.2024 14:04:40;13.28;
04.12.2024 14:04:41;13.27;
04.12.2024 14:04:42;13.28;
04.12.2024 14:04:44;13.28;
04.12.2024 14:04:45;13.27;
04.12.2024 14:04:46;13.27;
04.12.2024 14:04:47;13.28;
04.12.2024 14:04:48;13.28;
04.12.2024 14:04:49;13.27;
04.12.2024 14:04:51;13.27;
04.12.2024 14:04:52;13.28;
04.12.2024 14:04:55;13.28;
04.12.2024 14:04:56;13.27;
04.12.2024 14:04:59;13.27;
04.12.2024 14:05:00;13.28;
04.12.2024 14:05:03;13.28;
04.12.2024 14:05:04;13.27;
04.12.2024 14:05:05;13.28;
04.12.2024 14:05:06;13.28;
04.12.2024 14:05:07;13.27;
04.12.2024 14:05:08;13.28;
04.12.2024 14:05:10;13.28;
04.12.2024 14:05:11;13.27;
04.12.2024 14:05:13;13.27;
04.12.2024 14:05:14;13.28;
04.12.2024 14:05:15;13.27;
04.12.2024 14:05:20;13.27;
04.12.2024 14:05:21;13.26;
04.12.2024 14:05:22;13.27;
04.12.2024 14:05:23;13.28;
04.12.2024 14:05:24;13.28;
04.12.2024 14:05:25;13.27;
04.12.2024 14:05:32;13.27;
04.12.2024 14:05:33;13.28;
04.12.2024 14:05:34;13.28;
04.12.2024 14:05:35;13.27;
04.12.2024 14:05:36;13.28;
04.12.2024 14:05:37;13.27;
04.12.2024 14:05:39;13.27;
04.12.2024 14:05:40;13.28;
04.12.2024 14:05:41;13.27;
04.12.2024 14:05:42;13.26;
04.12.2024 14:05:43;13.26;
04.12.2024 14:05:44;13.27;
04.12.2024 14:05:46;13.27;
04.12.2024 14:05:47;13.26;
04.12.2024 14:05:48;13.27;
04.12.2024 14:05:49;13.28;
04.12.2024 14:05:50;13.27;
04.12.2024 14:05:51;13.27;
04.12.2024 14:05:52;13.28;
04.12.2024 14:05:53;13.27;
04.12.2024 14:05:58;13.27;
04.12.2024 14:05:59;13.26;
04.12.2024 14:06:00;13.27;
04.12.2024 14:06:06;13.27;
04.12.2024 14:06:07;13.26;
04.12.2024 14:06:08;13.26;
04.12.2024 14:06:09;13.27;
04.12.2024 14:06:11;13.27;
04.12.2024 14:06:12;13.26;
04.12.2024 14:06:13;13.27;
04.12.2024 14:06:14;13.26;
04.12.2024 14:06:15;13.27;
04.12.2024 14:06:16;13.26;
04.12.2024 14:06:19;13.26;
04.12.2024 14:06:20;13.27;
04.12.2024 14:06:21;13.26;
04.12.2024 14:06:22;13.26;
04.12.2024 14:06:23;13.27;
04.12.2024 14:06:26;13.27;
04.12.2024 14:06:27;13.26;
04.12.2024 14:06:28;13.27;
04.12.2024 14:06:32;13.27;
04.12.2024 14:06:33;13.26;
04.12.2024 14:06:38;13.26;
04.12.2024 14:06:39;13.27;
04.12.2024 14:06:40;13.26;
04.12.2024 14:06:41;13.27;
04.12.2024 14:06:42;13.26;
04.12.2024 14:06:45;13.26;
04.12.2024 14:06:46;13.25;
04.12.2024 14:06:47;13.26;
04.12.2024 14:06:52;13.26;
04.12.2024 14:06:53;13.27;
04.12.2024 14:06:54;13.27;
04.12.2024 14:06:55;13.25;
04.12.2024 14:06:56;13.26;
04.12.2024 14:06:59;13.26;
04.12.2024 14:07:00;13.25;
04.12.2024 14:07:01;13.26;
04.12.2024 14:07:02;13.26;
04.12.2024 14:07:03;13.27;
04.12.2024 14:07:04;13.26;
04.12.2024 14:07:05;13.27;
04.12.2024 14:07:06;13.26;
04.12.2024 14:07:07;13.27;
04.12.2024 14:07:08;13.26;
04.12.2024 14:07:17;13.26;
04.12.2024 14:07:18;13.25;
04.12.2024 14:07:19;13.26;
04.12.2024 14:07:20;13.26;
04.12.2024 14:07:21;13.25;
04.12.2024 14:07:22;13.25;
04.12.2024 14:07:23;13.26;
04.12.2024 14:07:26;13.26;
04.12.2024 14:07:27;13.25;
04.12.2024 14:07:28;13.26;
04.12.2024 14:07:29;13.25;
04.12.2024 14:07:30;13.27;
04.12.2024 14:07:31;13.25;
04.12.2024 14:07:32;13.26;
04.12.2024 14:07:34;13.26;
04.12.2024 14:07:35;13.25;
04.12.2024 14:07:36;13.26;
04.12.2024 14:07:40;13.26;
04.12.2024 14:07:41;13.25;
04.12.2024 14:07:43;13.25;
04.12.2024 14:07:44;13.26;
04.12.2024 14:07:45;13.25;
04.12.2024 14:07:46;13.25;
04.12.2024 14:07:47;13.26;
04.12.2024 14:07:48;13.25;
04.12.2024 14:07:49;13.26;
04.12.2024 14:07:50;13.25;
04.12.2024 14:07:58;13.25;
04.12.2024 14:07:59;13.26;
04.12.2024 14:08:00;13.25;
04.12.2024 14:08:02;13.25;
04.12.2024 14:08:03;13.26;
04.12.2024 14:08:04;13.25;
04.12.2024 14:08:06;13.25;
04.12.2024 14:08:07;13.26;
04.12.2024 14:08:09;13.26;
04.12.2024 14:08:10;13.25;
04.12.2024 14:08:11;13.26;
04.12.2024 14:08:12;13.25;
04.12.2024 14:08:15;13.25;
04.12.2024 14:08:16;13.24;
04.12.2024 14:08:17;13.25;
04.12.2024 14:08:18;13.24;
04.12.2024 14:08:19;13.25;
04.12.2024 14:08:21;13.25;
04.12.2024 14:08:22;13.24;
04.12.2024 14:08:23;13.26;
04.12.2024 14:08:24;13.25;
04.12.2024 14:08:25;13.25;
04.12.2024 14:08:26;13.24;
04.12.2024 14:08:27;13.25;
04.12.2024 14:08:31;13.25;
04.12.2024 14:08:32;13.24;
04.12.2024 14:08:33;13.25;
04.12.2024 14:08:34;13.24;
04.12.2024 14:08:35;13.24;
04.12.2024 14:08:36;13.26;
04.12.2024 14:08:37;13.25;
04.12.2024 14:08:38;13.24;
04.12.2024 14:08:39;13.25;
04.12.2024 14:08:40;13.25;
04.12.2024 14:08:41;13.24;
04.12.2024 14:08:42;13.25;
04.12.2024 14:08:43;13.25;
04.12.2024 14:08:44;13.24;
04.12.2024 14:08:46;13.24;
04.12.2024 14:08:47;13.25;
04.12.2024 14:08:48;13.25;
04.12.2024 14:08:49;13.24;
04.12.2024 14:08:51;13.24;
04.12.2024 14:08:52;13.25;
04.12.2024 14:08:53;13.25;
04.12.2024 14:08:54;13.24;
04.12.2024 14:08:55;13.24;
04.12.2024 14:08:56;13.23;
04.12.2024 14:08:57;13.24;
04.12.2024 14:08:59;13.24;
04.12.2024 14:09:00;13.25;
04.12.2024 14:09:01;13.23;
04.12.2024 14:09:02;13.24;
04.12.2024 14:09:03;13.23;
04.12.2024 14:09:04;13.24;
04.12.2024 14:09:20;13.24;
04.12.2024 14:09:21;13.23;
04.12.2024 14:09:22;13.24;
04.12.2024 14:09:23;13.25;
04.12.2024 14:09:24;13.24;
04.12.2024 14:09:25;13.24;
04.12.2024 14:09:26;13.23;
04.12.2024 14:09:27;13.24;
04.12.2024 14:09:33;13.24;
04.12.2024 14:09:34;13.25;
04.12.2024 14:09:35;13.24;
04.12.2024 14:09:40;13.24;
04.12.2024 14:09:41;13.23;
04.12.2024 14:09:42;13.24;
04.12.2024 14:09:43;13.24;
04.12.2024 14:09:44;13.23;
04.12.2024 14:09:45;13.24;
04.12.2024 14:09:47;13.24;
04.12.2024 14:09:48;13.23;
04.12.2024 14:09:56;13.23;
04.12.2024 14:09:57;13.24;
04.12.2024 14:09:58;13.23;
04.12.2024 14:10:00;13.23;
04.12.2024 14:10:01;13.24;
04.12.2024 14:10:02;13.23;
04.12.2024 14:10:05;13.23;
04.12.2024 14:10:06;13.24;
04.12.2024 14:10:07;13.23;
04.12.2024 14:10:08;13.24;
04.12.2024 14:10:09;13.24;
04.12.2024 14:10:10;13.23;
04.12.2024 14:10:12;13.23;
04.12.2024 14:10:13;13.24;
04.12.2024 14:10:14;13.24;
04.12.2024 14:10:15;13.23;
04.12.2024 14:10:19;13.23;
04.12.2024 14:10:20;13.22;
04.12.2024 14:10:21;13.23;
04.12.2024 14:10:28;13.23;
04.12.2024 14:10:29;13.22;
04.12.2024 14:10:30;13.22;
04.12.2024 14:10:31;13.23;
04.12.2024 14:10:32;13.22;
04.12.2024 14:10:33;13.23;
04.12.2024 14:10:34;13.23;
04.12.2024 14:10:35;13.24;
04.12.2024 14:10:36;13.23;
04.12.2024 14:10:41;13.23;
04.12.2024 14:10:42;13.22;
04.12.2024 14:10:43;13.22;
04.12.2024 14:10:44;13.23;
04.12.2024 14:10:45;13.22;
04.12.2024 14:10:47;13.22;
04.12.2024 14:10:48;13.23;
04.12.2024 14:10:49;13.22;
04.12.2024 14:10:50;13.23;
04.12.2024 14:10:51;13.22;
04.12.2024 14:10:52;13.23;
04.12.2024 14:10:53;13.22;
04.12.2024 14:10:54;13.21;
04.12.2024 14:10:55;13.22;
04.12.2024 14:10:58;13.22;
04.12.2024 14:10:59;13.23;
04.12.2024 14:11:00;13.22;
04.12.2024 14:11:01;13.23;
04.12.2024 14:11:02;13.22;
04.12.2024 14:11:13;13.22;
04.12.2024 14:11:14;13.21;
04.12.2024 14:11:15;13.22;
04.12.2024 14:11:26;13.22;
04.12.2024 14:11:27;13.21;
04.12.2024 14:11:28;13.22;
04.12.2024 14:11:29;13.21;
04.12.2024 14:11:30;13.21;
04.12.2024 14:11:31;13.22;
04.12.2024 14:11:35;13.22;
04.12.2024 14:11:36;13.23;
04.12.2024 14:11:37;13.21;
04.12.2024 14:11:38;13.22;
04.12.2024 14:11:39;13.21;
04.12.2024 14:11:40;13.22;
04.12.2024 14:11:41;13.21;
04.12.2024 14:11:42;13.23;
04.12.2024 14:11:43;13.22;
04.12.2024 14:11:44;13.21;
04.12.2024 14:11:45;13.22;
04.12.2024 14:11:54;13.22;
04.12.2024 14:11:55;13.23;
04.12.2024 14:11:56;13.22;
04.12.2024 14:11:58;13.22;
04.12.2024 14:11:59;13.23;
04.12.2024 14:12:00;13.22;
04.12.2024 14:12:01;13.21;
04.12.2024 14:12:02;13.22;
04.12.2024 14:12:03;13.21;
04.12.2024 14:12:04;13.21;
04.12.2024 14:12:05;13.22;
04.12.2024 14:12:06;13.21;
04.12.2024 14:12:07;13.22;
04.12.2024 14:12:08;13.21;
04.12.2024 14:12:10;13.21;
04.12.2024 14:12:11;13.22;
04.12.2024 14:12:14;13.22;
04.12.2024 14:12:15;13.21;
04.12.2024 14:12:16;13.22;
04.12.2024 14:12:19;13.22;
04.12.2024 14:12:20;13.21;
04.12.2024 14:12:21;13.21;
04.12.2024 14:12:22;13.22;
04.12.2024 14:12:23;13.21;
04.12.2024 14:12:24;13.21;
04.12.2024 14:12:25;13.22;
04.12.2024 14:12:26;13.21;
04.12.2024 14:12:31;13.21;
04.12.2024 14:12:32;13.22;
04.12.2024 14:12:33;13.22;
04.12.2024 14:12:34;13.21;
04.12.2024 14:12:36;13.21;
04.12.2024 14:12:37;13.2;
04.12.2024 14:12:38;13.21;
04.12.2024 14:12:39;13.22;
04.12.2024 14:12:40;13.22;
04.12.2024 14:12:41;13.21;
04.12.2024 14:12:42;13.22;
04.12.2024 14:12:43;13.22;
04.12.2024 14:12:44;13.21;
04.12.2024 14:12:45;13.21;
04.12.2024 14:12:46;13.22;
04.12.2024 14:12:47;13.22;
04.12.2024 14:12:48;13.21;
04.12.2024 14:12:49;13.21;
04.12.2024 14:12:50;13.22;
04.12.2024 14:12:51;13.21;
04.12.2024 14:12:54;13.21;
04.12.2024 14:12:55;13.22;
04.12.2024 14:12:56;13.21;
04.12.2024 14:12:57;13.2;
04.12.2024 14:12:58;13.21;
04.12.2024 14:12:59;13.22;
04.12.2024 14:13:00;13.21;
04.12.2024 14:13:08;13.21;
04.12.2024 14:13:09;13.2;
04.12.2024 14:13:10;13.2;
04.12.2024 14:13:11;13.21;
04.12.2024 14:13:12;13.2;
04.12.2024 14:13:13;13.2;
04.12.2024 14:13:14;13.22;
04.12.2024 14:13:15;13.21;
04.12.2024 14:13:17;13.21;
04.12.2024 14:13:18;13.2;
04.12.2024 14:13:19;13.2;
04.12.2024 14:13:20;13.21;
04.12.2024 14:13:29;13.21;
04.12.2024 14:13:30;13.2;
04.12.2024 14:13:31;13.21;
04.12.2024 14:13:32;13.2;
04.12.2024 14:13:33;13.2;
04.12.2024 14:13:34;13.21;
04.12.2024 14:13:35;13.2;
04.12.2024 14:13:36;13.2;
04.12.2024 14:13:37;13.21;
04.12.2024 14:13:38;13.21;
04.12.2024 14:13:39;13.2;
04.12.2024 14:13:40;13.2;
04.12.2024 14:13:41;13.21;
04.12.2024 14:13:42;13.2;
04.12.2024 14:13:47;13.2;
04.12.2024 14:13:48;13.22;
04.12.2024 14:13:49;13.2;
04.12.2024 14:13:50;13.21;
04.12.2024 14:13:52;13.21;
04.12.2024 14:13:53;13.2;
04.12.2024 14:13:57;13.2;
04.12.2024 14:13:58;13.21;
04.12.2024 14:13:59;13.2;
04.12.2024 14:14:17;13.2;
04.12.2024 14:14:18;13.19;
04.12.2024 14:14:19;13.2;
04.12.2024 14:14:22;13.2;
04.12.2024 14:14:23;13.19;
04.12.2024 14:14:24;13.2;
04.12.2024 14:14:25;13.19;
04.12.2024 14:14:26;13.21;
04.12.2024 14:14:27;13.21;
04.12.2024 14:14:28;13.2;
04.12.2024 14:14:31;13.2;
04.12.2024 14:14:32;13.19;
04.12.2024 14:14:33;13.2;
04.12.2024 14:14:35;13.2;
04.12.2024 14:14:36;13.19;
04.12.2024 14:14:40;13.19;
04.12.2024 14:14:41;13.2;
04.12.2024 14:14:42;13.2;
04.12.2024 14:14:43;13.19;
04.12.2024 14:14:44;13.2;
04.12.2024 14:14:46;13.2;
04.12.2024 14:14:47;13.19;
04.12.2024 14:14:48;13.2;
04.12.2024 14:14:49;13.2;
04.12.2024 14:14:50;13.19;
04.12.2024 14:14:51;13.2;
04.12.2024 14:14:53;13.2;
04.12.2024 14:14:54;13.19;
04.12.2024 14:14:55;13.21;
04.12.2024 14:14:56;13.2;
04.12.2024 14:14:59;13.2;
04.12.2024 14:15:00;13.21;
04.12.2024 14:15:01;13.2;
04.12.2024 14:15:02;13.19;
04.12.2024 14:15:03;13.2;
04.12.2024 14:15:05;13.2;
04.12.2024 14:15:06;13.19;
04.12.2024 14:15:07;13.2;
04.12.2024 14:15:08;13.2;
04.12.2024 14:15:09;13.19;
04.12.2024 14:15:10;13.18;
04.12.2024 14:15:11;13.19;
04.12.2024 14:15:19;13.19;
04.12.2024 14:15:20;13.2;
04.12.2024 14:15:21;13.19;
04.12.2024 14:15:22;13.18;
04.12.2024 14:15:23;13.19;
04.12.2024 14:15:30;13.19;
04.12.2024 14:15:31;13.2;
04.12.2024 14:15:32;13.19;
04.12.2024 14:15:33;13.19;
04.12.2024 14:15:34;13.2;
04.12.2024 14:15:35;13.19;
04.12.2024 14:15:46;13.19;
04.12.2024 14:15:47;13.18;
04.12.2024 14:15:48;13.19;
04.12.2024 14:15:49;13.19;
04.12.2024 14:15:50;13.17;
04.12.2024 14:15:51;13.19;
04.12.2024 14:15:52;13.18;
04.12.2024 14:15:53;13.19;
04.12.2024 14:15:54;13.19;
04.12.2024 14:15:55;13.18;
04.12.2024 14:15:58;13.18;
04.12.2024 14:15:59;13.19;
04.12.2024 14:16:00;13.18;
04.12.2024 14:16:01;13.19;
04.12.2024 14:16:02;13.18;
04.12.2024 14:16:03;13.18;
04.12.2024 14:16:04;13.19;
04.12.2024 14:16:05;13.18;
04.12.2024 14:16:06;13.18;
04.12.2024 14:16:07;13.19;
04.12.2024 14:16:08;13.19;
04.12.2024 14:16:09;13.18;
04.12.2024 14:16:10;13.18;
04.12.2024 14:16:11;13.19;
04.12.2024 14:16:12;13.18;
04.12.2024 14:16:16;13.18;
04.12.2024 14:16:17;13.19;
04.12.2024 14:16:18;13.18;
04.12.2024 14:16:19;13.18;
04.12.2024 14:16:20;13.19;
04.12.2024 14:16:21;13.18;
04.12.2024 14:16:23;13.18;
04.12.2024 14:16:24;13.19;
04.12.2024 14:16:25;13.18;
04.12.2024 14:16:26;13.18;
04.12.2024 14:16:27;13.19;
04.12.2024 14:16:28;13.18;
04.12.2024 14:16:29;13.17;
04.12.2024 14:16:30;13.18;
04.12.2024 14:16:32;13.18;
04.12.2024 14:16:33;13.17;
04.12.2024 14:16:34;13.17;
04.12.2024 14:16:35;13.18;
04.12.2024 14:16:38;13.18;
04.12.2024 14:16:39;13.19;
04.12.2024 14:16:40;13.18;
04.12.2024 14:16:41;13.19;
04.12.2024 14:16:42;13.18;
04.12.2024 14:16:43;13.19;
04.12.2024 14:16:44;13.19;
04.12.2024 14:16:45;13.18;
04.12.2024 14:16:46;13.19;
04.12.2024 14:16:47;13.18;
04.12.2024 14:16:50;13.18;
04.12.2024 14:16:51;13.17;
04.12.2024 14:16:52;13.18;
04.12.2024 14:16:58;13.18;
04.12.2024 14:16:59;13.17;
04.12.2024 14:17:00;13.18;
04.12.2024 14:17:04;13.18;
04.12.2024 14:17:05;13.17;
04.12.2024 14:17:06;13.18;
04.12.2024 14:17:11;13.18;
04.12.2024 14:17:12;13.17;
04.12.2024 14:17:13;13.17;
04.12.2024 14:17:14;13.18;
04.12.2024 14:17:18;13.18;
04.12.2024 14:17:19;13.17;
04.12.2024 14:17:23;13.17;
04.12.2024 14:17:24;13.18;
04.12.2024 14:17:25;13.18;
04.12.2024 14:17:26;13.17;
04.12.2024 14:17:27;13.17;
04.12.2024 14:17:28;13.18;
04.12.2024 14:17:29;13.18;
04.12.2024 14:17:30;13.17;
04.12.2024 14:17:34;13.17;
04.12.2024 14:17:35;13.18;
04.12.2024 14:17:36;13.17;
04.12.2024 14:17:40;13.17;
04.12.2024 14:17:41;13.16;
04.12.2024 14:17:42;13.17;
04.12.2024 14:17:43;13.18;
04.12.2024 14:17:44;13.17;
04.12.2024 14:17:46;13.17;
04.12.2024 14:17:47;13.18;
04.12.2024 14:17:48;13.17;
04.12.2024 14:17:51;13.17;
04.12.2024 14:17:52;13.18;
04.12.2024 14:17:53;13.17;
04.12.2024 14:17:56;13.17;
04.12.2024 14:17:57;13.18;
04.12.2024 14:17:58;13.16;
04.12.2024 14:17:59;13.16;
04.12.2024 14:18:00;13.17;
04.12.2024 14:18:04;13.17;
04.12.2024 14:18:05;13.16;
04.12.2024 14:18:06;13.17;
04.12.2024 14:18:07;13.16;
04.12.2024 14:18:08;13.17;
04.12.2024 14:18:09;13.17;
04.12.2024 14:18:10;13.16;
04.12.2024 14:18:11;13.17;
04.12.2024 14:18:16;13.17;
04.12.2024 14:18:17;13.16;
04.12.2024 14:18:18;13.17;
04.12.2024 14:18:19;13.16;
04.12.2024 14:18:20;13.18;
04.12.2024 14:18:21;13.17;
04.12.2024 14:18:27;13.17;
04.12.2024 14:18:28;13.16;
04.12.2024 14:18:29;13.18;
04.12.2024 14:18:30;13.16;
04.12.2024 14:18:33;13.16;
04.12.2024 14:18:34;13.17;
04.12.2024 14:18:35;13.17;
04.12.2024 14:18:36;13.16;
04.12.2024 14:18:37;13.17;
04.12.2024 14:18:38;13.16;
04.12.2024 14:18:39;13.17;
04.12.2024 14:18:40;13.17;
04.12.2024 14:18:41;13.16;
04.12.2024 14:18:43;13.16;
04.12.2024 14:18:44;13.15;
04.12.2024 14:18:45;13.16;
04.12.2024 14:18:50;13.16;
04.12.2024 14:18:51;13.17;
04.12.2024 14:18:52;13.16;
04.12.2024 14:18:56;13.16;
04.12.2024 14:18:57;13.17;
04.12.2024 14:18:58;13.16;
04.12.2024 14:19:05;13.16;
04.12.2024 14:19:06;13.17;
04.12.2024 14:19:07;13.15;
04.12.2024 14:19:08;13.17;
04.12.2024 14:19:09;13.17;
04.12.2024 14:19:10;13.16;
04.12.2024 14:19:11;13.17;
04.12.2024 14:19:12;13.16;
04.12.2024 14:19:14;13.16;
04.12.2024 14:19:15;13.17;
04.12.2024 14:19:16;13.17;
04.12.2024 14:19:17;13.16;
04.12.2024 14:19:19;13.16;
04.12.2024 14:19:20;13.17;
04.12.2024 14:19:21;13.16;
04.12.2024 14:19:27;13.16;
04.12.2024 14:19:28;13.15;
04.12.2024 14:19:29;13.16;
04.12.2024 14:19:30;13.15;
04.12.2024 14:19:31;13.15;
04.12.2024 14:19:32;13.16;
04.12.2024 14:19:34;13.16;
04.12.2024 14:19:35;13.15;
04.12.2024 14:19:36;13.16;
04.12.2024 14:19:42;13.16;
04.12.2024 14:19:43;13.15;
04.12.2024 14:19:47;13.15;
04.12.2024 14:19:48;13.16;
04.12.2024 14:19:49;13.15;
04.12.2024 14:19:50;13.15;
04.12.2024 14:19:51;13.16;
04.12.2024 14:19:52;13.16;
04.12.2024 14:19:53;13.15;
04.12.2024 14:19:55;13.15;
04.12.2024 14:19:56;13.16;
04.12.2024 14:19:58;13.16;
04.12.2024 14:19:59;13.15;
04.12.2024 14:20:04;13.15;
04.12.2024 14:20:05;13.16;
04.12.2024 14:20:06;13.15;
04.12.2024 14:20:07;13.15;
04.12.2024 14:20:08;13.16;
04.12.2024 14:20:10;13.16;
04.12.2024 14:20:11;13.15;
04.12.2024 14:20:12;13.16;
04.12.2024 14:20:13;13.16;
04.12.2024 14:20:14;13.15;
04.12.2024 14:20:15;13.15;
04.12.2024 14:20:16;13.16;
04.12.2024 14:20:17;13.15;
04.12.2024 14:20:20;13.15;
04.12.2024 14:20:21;13.14;
04.12.2024 14:20:22;13.14;
04.12.2024 14:20:23;13.16;
04.12.2024 14:20:24;13.15;
04.12.2024 14:20:37;13.15;
04.12.2024 14:20:38;13.16;
04.12.2024 14:20:39;13.15;
04.12.2024 14:20:40;13.16;
04.12.2024 14:20:41;13.15;
04.12.2024 14:20:42;13.15;
04.12.2024 14:20:43;13.16;
04.12.2024 14:20:44;13.16;
04.12.2024 14:20:45;13.15;
04.12.2024 14:20:46;13.16;
04.12.2024 14:20:47;13.15;
04.12.2024 14:20:48;13.16;
04.12.2024 14:20:49;13.15;
04.12.2024 14:20:50;13.15;
04.12.2024 14:20:51;13.16;
04.12.2024 14:20:52;13.16;
04.12.2024 14:20:53;13.15;
04.12.2024 14:20:57;13.15;
04.12.2024 14:20:58;13.16;
04.12.2024 14:20:59;13.15;
04.12.2024 14:21:06;13.15;
04.12.2024 14:21:07;13.16;
04.12.2024 14:21:08;13.16;
04.12.2024 14:21:09;13.15;
04.12.2024 14:21:10;13.16;
04.12.2024 14:21:11;13.15;
04.12.2024 14:21:12;13.16;
04.12.2024 14:21:13;13.15;
04.12.2024 14:21:19;13.15;
04.12.2024 14:21:20;13.14;
04.12.2024 14:21:21;13.16;
04.12.2024 14:21:22;13.15;
04.12.2024 14:21:23;13.15;
04.12.2024 14:21:24;13.14;
04.12.2024 14:21:25;13.15;
04.12.2024 14:21:26;13.14;
04.12.2024 14:21:27;13.15;
04.12.2024 14:21:28;13.14;
04.12.2024 14:21:29;13.14;
04.12.2024 14:21:30;13.15;
04.12.2024 14:21:31;13.14;
04.12.2024 14:21:32;13.14;
04.12.2024 14:21:33;13.15;
04.12.2024 14:21:34;13.15;
04.12.2024 14:21:35;13.14;
04.12.2024 14:21:36;13.15;
04.12.2024 14:21:40;13.15;
04.12.2024 14:21:41;13.14;
04.12.2024 14:21:42;13.15;
04.12.2024 14:21:43;13.14;
04.12.2024 14:21:44;13.14;
04.12.2024 14:21:45;13.15;
04.12.2024 14:21:46;13.14;
04.12.2024 14:21:49;13.14;
04.12.2024 14:21:50;13.15;
04.12.2024 14:21:54;13.15;
04.12.2024 14:21:55;13.14;
04.12.2024 14:21:57;13.14;
04.12.2024 14:21:58;13.15;
04.12.2024 14:21:59;13.14;
04.12.2024 14:22:00;13.15;
04.12.2024 14:22:01;13.13;
04.12.2024 14:22:02;13.14;
04.12.2024 14:22:03;13.14;
04.12.2024 14:22:04;13.15;
04.12.2024 14:22:05;13.14;
04.12.2024 14:22:06;13.15;
04.12.2024 14:22:07;13.14;
04.12.2024 14:22:09;13.14;
04.12.2024 14:22:10;13.15;
04.12.2024 14:22:12;13.15;
04.12.2024 14:22:13;13.14;
04.12.2024 14:22:14;13.14;
04.12.2024 14:22:15;13.15;
04.12.2024 14:22:16;13.15;
04.12.2024 14:22:17;13.14;
04.12.2024 14:22:18;13.14;
04.12.2024 14:22:19;13.15;
04.12.2024 14:22:21;13.15;
04.12.2024 14:22:22;13.14;
04.12.2024 14:22:26;13.14;
04.12.2024 14:22:27;13.15;
04.12.2024 14:22:28;13.14;
04.12.2024 14:22:29;13.14;
04.12.2024 14:22:30;13.15;
04.12.2024 14:22:31;13.14;
04.12.2024 14:22:33;13.14;
04.12.2024 14:22:34;13.13;
04.12.2024 14:22:35;13.14;
04.12.2024 14:22:36;13.15;
04.12.2024 14:22:37;13.14;
04.12.2024 14:22:41;13.14;
04.12.2024 14:22:42;13.13;
04.12.2024 14:22:43;13.14;
04.12.2024 14:22:48;13.14;
04.12.2024 14:22:49;13.13;
04.12.2024 14:22:50;13.14;
04.12.2024 14:22:51;13.15;
04.12.2024 14:22:52;13.14;
04.12.2024 14:22:58;13.14;
04.12.2024 14:22:59;13.13;
04.12.2024 14:23:00;13.14;
04.12.2024 14:23:01;13.13;
04.12.2024 14:23:03;13.13;
04.12.2024 14:23:04;13.14;
04.12.2024 14:23:05;13.14;
04.12.2024 14:23:06;13.13;
04.12.2024 14:23:07;13.14;
04.12.2024 14:23:08;13.14;
04.12.2024 14:23:09;13.13;
04.12.2024 14:23:10;13.14;
04.12.2024 14:23:11;13.14;
04.12.2024 14:23:12;13.13;
04.12.2024 14:23:13;13.14;
04.12.2024 14:23:14;13.13;
04.12.2024 14:23:22;13.13;
04.12.2024 14:23:23;13.14;
04.12.2024 14:23:24;13.13;
04.12.2024 14:23:32;13.13;
04.12.2024 14:23:33;13.14;
04.12.2024 14:23:34;13.13;
04.12.2024 14:23:35;13.12;
04.12.2024 14:23:36;13.13;
04.12.2024 14:23:37;13.14;
04.12.2024 14:23:38;13.14;
04.12.2024 14:23:39;13.13;
04.12.2024 14:23:42;13.13;
04.12.2024 14:23:43;13.12;
04.12.2024 14:23:44;13.13;
04.12.2024 14:23:48;13.13;
04.12.2024 14:23:49;13.12;
04.12.2024 14:23:50;13.12;
04.12.2024 14:23:51;13.13;
04.12.2024 14:23:52;13.12;
04.12.2024 14:23:53;13.12;
04.12.2024 14:23:54;13.13;
04.12.2024 14:23:57;13.13;
04.12.2024 14:23:58;13.12;
04.12.2024 14:23:59;13.13;
04.12.2024 14:24:00;13.12;
04.12.2024 14:24:02;13.12;
04.12.2024 14:24:03;13.14;
04.12.2024 14:24:04;13.13;
04.12.2024 14:24:06;13.13;
04.12.2024 14:24:07;13.12;
04.12.2024 14:24:08;13.13;
04.12.2024 14:24:09;13.12;
04.12.2024 14:24:10;13.12;
04.12.2024 14:24:11;13.13;
04.12.2024 14:24:12;13.13;
04.12.2024 14:24:13;13.14;
04.12.2024 14:24:14;13.12;
04.12.2024 14:24:15;13.13;
04.12.2024 14:24:16;13.13;
04.12.2024 14:24:17;13.12;
04.12.2024 14:24:18;13.12;
04.12.2024 14:24:19;13.13;
04.12.2024 14:24:21;13.13;
04.12.2024 14:24:22;13.12;
04.12.2024 14:24:24;13.12;
04.12.2024 14:24:25;13.13;
04.12.2024 14:24:26;13.12;
04.12.2024 14:24:27;13.12;
04.12.2024 14:24:28;13.13;
04.12.2024 14:24:29;13.12;
04.12.2024 14:24:31;13.12;
04.12.2024 14:24:32;13.11;
04.12.2024 14:24:33;13.12;
04.12.2024 14:24:37;13.12;
04.12.2024 14:24:38;13.13;
04.12.2024 14:24:39;13.12;
04.12.2024 14:24:44;13.12;
04.12.2024 14:24:45;13.13;
04.12.2024 14:24:46;13.12;
04.12.2024 14:24:50;13.12;
04.12.2024 14:24:51;13.11;
04.12.2024 14:24:52;13.12;
04.12.2024 14:24:53;13.11;
04.12.2024 14:24:55;13.11;
04.12.2024 14:24:56;13.12;
04.12.2024 14:24:57;13.11;
04.12.2024 14:24:58;13.12;
04.12.2024 14:25:06;13.12;
04.12.2024 14:25:07;13.11;
04.12.2024 14:25:09;13.11;
04.12.2024 14:25:10;13.12;
04.12.2024 14:25:11;13.13;
04.12.2024 14:25:12;13.12;
04.12.2024 14:25:15;13.12;
04.12.2024 14:25:16;13.11;
04.12.2024 14:25:17;13.13;
04.12.2024 14:25:18;13.13;
04.12.2024 14:25:19;13.12;
04.12.2024 14:25:23;13.12;
04.12.2024 14:25:24;13.11;
04.12.2024 14:25:25;13.12;
04.12.2024 14:25:26;13.11;
04.12.2024 14:25:27;13.12;
04.12.2024 14:25:28;13.11;
04.12.2024 14:25:34;13.11;
04.12.2024 14:25:35;13.12;
04.12.2024 14:25:36;13.11;
04.12.2024 14:25:37;13.12;
04.12.2024 14:25:38;13.11;
04.12.2024 14:25:39;13.12;
04.12.2024 14:25:40;13.11;
04.12.2024 14:25:41;13.11;
04.12.2024 14:25:42;13.12;
04.12.2024 14:25:43;13.11;
04.12.2024 14:25:47;13.11;
04.12.2024 14:25:48;13.12;
04.12.2024 14:25:49;13.11;
04.12.2024 14:25:59;13.11;
04.12.2024 14:26:00;13.12;
04.12.2024 14:26:01;13.12;
04.12.2024 14:26:02;13.11;
04.12.2024 14:26:03;13.1;
04.12.2024 14:26:04;13.11;
04.12.2024 14:26:13;13.11;
04.12.2024 14:26:14;13.1;
04.12.2024 14:26:15;13.1;
04.12.2024 14:26:16;13.11;
04.12.2024 14:26:21;13.11;
04.12.2024 14:26:22;13.1;
04.12.2024 14:26:23;13.11;
04.12.2024 14:26:25;13.11;
04.12.2024 14:26:26;13.12;
04.12.2024 14:26:27;13.1;
04.12.2024 14:26:28;13.1;
04.12.2024 14:26:29;13.11;
04.12.2024 14:26:30;13.1;
04.12.2024 14:26:31;13.11;
04.12.2024 14:26:32;13.11;
04.12.2024 14:26:33;13.1;
04.12.2024 14:26:37;13.1;
04.12.2024 14:26:38;13.11;
04.12.2024 14:26:39;13.1;
04.12.2024 14:26:42;13.1;
04.12.2024 14:26:43;13.11;
04.12.2024 14:26:44;13.11;
04.12.2024 14:26:45;13.1;
04.12.2024 14:26:47;13.1;
04.12.2024 14:26:48;13.11;
04.12.2024 14:26:51;13.11;
04.12.2024 14:26:52;13.1;
04.12.2024 14:26:53;13.11;
04.12.2024 14:26:57;13.11;
04.12.2024 14:26:58;13.1;
04.12.2024 14:26:59;13.11;
04.12.2024 14:27:00;13.1;
04.12.2024 14:27:01;13.1;
04.12.2024 14:27:02;13.11;
04.12.2024 14:27:03;13.1;
04.12.2024 14:27:04;13.1;
04.12.2024 14:27:05;13.11;
04.12.2024 14:27:06;13.1;
04.12.2024 14:27:09;13.1;
04.12.2024 14:27:10;13.11;
04.12.2024 14:27:11;13.11;
04.12.2024 14:27:12;13.09;
04.12.2024 14:27:13;13.1;
04.12.2024 14:27:15;13.1;
04.12.2024 14:27:16;13.09;
04.12.2024 14:27:17;13.1;
04.12.2024 14:27:18;13.1;
04.12.2024 14:27:19;13.11;
04.12.2024 14:27:20;13.1;
04.12.2024 14:27:27;13.1;
04.12.2024 14:27:28;13.09;
04.12.2024 14:27:29;13.11;
04.12.2024 14:27:30;13.09;
04.12.2024 14:27:31;13.1;
04.12.2024 14:27:33;13.1;
04.12.2024 14:27:34;13.11;
04.12.2024 14:27:35;13.1;
04.12.2024 14:27:38;13.1;
04.12.2024 14:27:39;13.08;
04.12.2024 14:27:40;13.1;
04.12.2024 14:27:41;13.11;
04.12.2024 14:27:42;13.1;
04.12.2024 14:27:51;13.1;
04.12.2024 14:27:52;13.09;
04.12.2024 14:27:53;13.09;
04.12.2024 14:27:54;13.1;
04.12.2024 14:27:58;13.1;
04.12.2024 14:27:59;13.09;
04.12.2024 14:28:00;13.1;
04.12.2024 14:28:01;13.09;
04.12.2024 14:28:04;13.09;
04.12.2024 14:28:05;13.1;
04.12.2024 14:28:06;13.09;
04.12.2024 14:28:07;13.1;
04.12.2024 14:28:08;13.1;
04.12.2024 14:28:09;13.09;
04.12.2024 14:28:12;13.09;
04.12.2024 14:28:13;13.1;
04.12.2024 14:28:14;13.09;
04.12.2024 14:28:16;13.09;
04.12.2024 14:28:17;13.1;
04.12.2024 14:28:18;13.09;
04.12.2024 14:28:20;13.09;
04.12.2024 14:28:21;13.1;
04.12.2024 14:28:22;13.09;
04.12.2024 14:28:35;13.09;
04.12.2024 14:28:36;13.08;
04.12.2024 14:28:37;13.09;
04.12.2024 14:28:43;13.09;
04.12.2024 14:28:44;13.08;
04.12.2024 14:28:46;13.08;
04.12.2024 14:28:47;13.09;
04.12.2024 14:28:48;13.09;
04.12.2024 14:28:49;13.08;
04.12.2024 14:28:50;13.09;
04.12.2024 14:28:51;13.09;
04.12.2024 14:28:52;13.08;
04.12.2024 14:28:53;13.09;
04.12.2024 14:28:54;13.08;
04.12.2024 14:29:03;13.08;
04.12.2024 14:29:04;13.09;
04.12.2024 14:29:05;13.08;
04.12.2024 14:29:06;13.08;
04.12.2024 14:29:07;13.09;
04.12.2024 14:29:10;13.09;
04.12.2024 14:29:11;13.08;
04.12.2024 14:29:12;13.08;
04.12.2024 14:29:13;13.09;
04.12.2024 14:29:14;13.08;
04.12.2024 14:29:15;13.09;
04.12.2024 14:29:16;13.09;
04.12.2024 14:29:17;13.08;
04.12.2024 14:29:26;13.08;
04.12.2024 14:29:27;13.09;
04.12.2024 14:29:28;13.09;
04.12.2024 14:29:29;13.08;
04.12.2024 14:29:31;13.08;
04.12.2024 14:29:32;13.09;
04.12.2024 14:29:33;13.07;
04.12.2024 14:29:34;13.08;
04.12.2024 14:29:36;13.08;
04.12.2024 14:29:37;13.09;
04.12.2024 14:29:38;13.09;
04.12.2024 14:29:39;13.08;
04.12.2024 14:29:40;13.09;
04.12.2024 14:29:41;13.09;
04.12.2024 14:29:42;13.08;
04.12.2024 14:29:43;13.08;
04.12.2024 14:29:44;13.09;
04.12.2024 14:29:45;13.09;
04.12.2024 14:29:46;13.08;
04.12.2024 14:29:48;13.08;
04.12.2024 14:29:49;13.09;
04.12.2024 14:29:50;13.08;
04.12.2024 14:29:55;13.08;
04.12.2024 14:29:56;13.07;
04.12.2024 14:29:57;13.09;
04.12.2024 14:29:58;13.08;
04.12.2024 14:30:02;13.08;
04.12.2024 14:30:03;13.07;
04.12.2024 14:30:04;13.08;
04.12.2024 14:30:07;13.08;
04.12.2024 14:30:08;13.06;
04.12.2024 14:30:09;13.07;
04.12.2024 14:30:10;13.08;
04.12.2024 14:30:11;13.07;
04.12.2024 14:30:12;13.07;
04.12.2024 14:30:13;13.08;
04.12.2024 14:30:16;13.08;
04.12.2024 14:30:17;13.07;
04.12.2024 14:30:18;13.08;
04.12.2024 14:30:19;13.08;
04.12.2024 14:30:20;13.07;
04.12.2024 14:30:21;13.07;
04.12.2024 14:30:22;13.08;
04.12.2024 14:30:23;13.07;
04.12.2024 14:30:26;13.07;
04.12.2024 14:30:27;13.08;
04.12.2024 14:30:31;13.08;
04.12.2024 14:30:32;13.07;
04.12.2024 14:30:33;13.08;
04.12.2024 14:30:34;13.08;
04.12.2024 14:30:35;13.07;
04.12.2024 14:30:36;13.08;
04.12.2024 14:30:37;13.07;
04.12.2024 14:30:39;13.07;
04.12.2024 14:30:40;13.08;
04.12.2024 14:30:41;13.07;
04.12.2024 14:30:43;13.07;
04.12.2024 14:30:44;13.08;
04.12.2024 14:30:45;13.07;
04.12.2024 14:30:56;13.07;
04.12.2024 14:30:57;13.08;
04.12.2024 14:30:58;13.08;
04.12.2024 14:30:59;13.07;
04.12.2024 14:31:00;13.08;
04.12.2024 14:31:01;13.07;
04.12.2024 14:31:03;13.07;
04.12.2024 14:31:04;13.06;
04.12.2024 14:31:05;13.07;
04.12.2024 14:31:06;13.07;
04.12.2024 14:31:07;13.06;
04.12.2024 14:31:13;13.06;
04.12.2024 14:31:14;13.07;
04.12.2024 14:31:20;13.07;
04.12.2024 14:31:21;13.06;
04.12.2024 14:31:22;13.07;
04.12.2024 14:31:23;13.06;
04.12.2024 14:31:24;13.06;
04.12.2024 14:31:25;13.07;
04.12.2024 14:31:26;13.06;
04.12.2024 14:31:27;13.06;
04.12.2024 14:31:28;13.07;
04.12.2024 14:31:29;13.07;
04.12.2024 14:31:30;13.06;
04.12.2024 14:31:33;13.06;
04.12.2024 14:31:34;13.07;
04.12.2024 14:31:35;13.06;
04.12.2024 14:31:41;13.06;
04.12.2024 14:31:42;13.07;
04.12.2024 14:31:43;13.06;
04.12.2024 14:31:44;13.05;
04.12.2024 14:31:45;13.06;
04.12.2024 14:31:46;13.06;
04.12.2024 14:31:47;13.07;
04.12.2024 14:31:48;13.06;
04.12.2024 14:31:52;13.06;
04.12.2024 14:31:53;13.05;
04.12.2024 14:31:54;13.06;
04.12.2024 14:31:55;13.05;
04.12.2024 14:31:56;13.07;
04.12.2024 14:31:57;13.06;
04.12.2024 14:32:00;13.06;
04.12.2024 14:32:01;13.07;
04.12.2024 14:32:02;13.06;
04.12.2024 14:32:07;13.06;
04.12.2024 14:32:08;13.07;
04.12.2024 14:32:09;13.06;
04.12.2024 14:32:10;13.05;
04.12.2024 14:32:11;13.06;
04.12.2024 14:32:12;13.06;
04.12.2024 14:32:13;13.05;
04.12.2024 14:32:14;13.06;
04.12.2024 14:32:15;13.06;
04.12.2024 14:32:16;13.05;
04.12.2024 14:32:17;13.06;
04.12.2024 14:32:19;13.06;
04.12.2024 14:32:20;13.04;
04.12.2024 14:32:21;13.05;
04.12.2024 14:32:22;13.06;
04.12.2024 14:32:23;13.06;
04.12.2024 14:32:24;13.05;
04.12.2024 14:32:25;13.06;
04.12.2024 14:32:26;13.05;
04.12.2024 14:32:27;13.06;
04.12.2024 14:32:28;13.05;
04.12.2024 14:32:30;13.05;
04.12.2024 14:32:31;13.06;
04.12.2024 14:32:32;13.05;
04.12.2024 14:32:33;13.06;
04.12.2024 14:32:34;13.06;
04.12.2024 14:32:35;13.05;
04.12.2024 14:32:37;13.05;
04.12.2024 14:32:38;13.06;
04.12.2024 14:32:39;13.06;
04.12.2024 14:32:40;13.05;
04.12.2024 14:32:41;13.05;
04.12.2024 14:32:42;13.06;
04.12.2024 14:32:43;13.05;
04.12.2024 14:33:04;13.05;
04.12.2024 14:33:05;13.06;
04.12.2024 14:33:06;13.05;
04.12.2024 14:33:09;13.05;
04.12.2024 14:33:10;13.06;
04.12.2024 14:33:11;13.05;
04.12.2024 14:33:15;13.05;
04.12.2024 14:33:16;13.06;
04.12.2024 14:33:17;13.05;
04.12.2024 14:33:21;13.05;
04.12.2024 14:33:22;13.04;
04.12.2024 14:33:23;13.05;
04.12.2024 14:33:29;13.05;
04.12.2024 14:33:30;13.04;
04.12.2024 14:33:31;13.04;
04.12.2024 14:33:32;13.05;
04.12.2024 14:33:37;13.05;
04.12.2024 14:33:38;13.04;
04.12.2024 14:33:39;13.03;
04.12.2024 14:33:40;13.05;
04.12.2024 14:33:41;13.04;
04.12.2024 14:33:42;13.05;
04.12.2024 14:33:43;13.05;
04.12.2024 14:33:44;13.04;
04.12.2024 14:33:45;13.05;
04.12.2024 14:33:46;13.04;
04.12.2024 14:33:47;13.05;
04.12.2024 14:33:49;13.05;
04.12.2024 14:33:50;13.04;
04.12.2024 14:33:51;13.04;
04.12.2024 14:33:52;13.05;
04.12.2024 14:33:53;13.04;
04.12.2024 14:33:54;13.04;
04.12.2024 14:33:55;13.05;
04.12.2024 14:33:56;13.05;
04.12.2024 14:33:57;13.04;
04.12.2024 14:34:01;13.04;
04.12.2024 14:34:02;13.03;
04.12.2024 14:34:03;13.03;
04.12.2024 14:34:04;13.04;
04.12.2024 14:34:05;13.03;
04.12.2024 14:34:06;13.04;
04.12.2024 14:34:07;13.04;
04.12.2024 14:34:08;13.03;
04.12.2024 14:34:09;13.04;
04.12.2024 14:34:11;13.04;
04.12.2024 14:34:12;13.03;
04.12.2024 14:34:14;13.03;
04.12.2024 14:34:15;13.04;
04.12.2024 14:34:26;13.04;
04.12.2024 14:34:27;13.03;
04.12.2024 14:34:28;13.04;
04.12.2024 14:34:29;13.03;
04.12.2024 14:34:30;13.04;
04.12.2024 14:34:31;13.03;
04.12.2024 14:34:32;13.04;
04.12.2024 14:34:37;13.04;
04.12.2024 14:34:38;13.03;
04.12.2024 14:34:39;13.04;
04.12.2024 14:34:40;13.03;
04.12.2024 14:34:41;13.04;
04.12.2024 14:34:46;13.04;
04.12.2024 14:34:47;13.03;
04.12.2024 14:34:49;13.03;
04.12.2024 14:34:50;13.04;
04.12.2024 14:34:51;13.03;
04.12.2024 14:34:52;13.03;
04.12.2024 14:34:53;13.02;
04.12.2024 14:34:54;13.04;
04.12.2024 14:34:55;13.03;
04.12.2024 14:34:56;13.03;
04.12.2024 14:34:57;13.04;
04.12.2024 14:34:58;13.04;
04.12.2024 14:34:59;13.03;
04.12.2024 14:35:02;13.03;
04.12.2024 14:35:03;13.04;
04.12.2024 14:35:04;13.03;
04.12.2024 14:35:07;13.03;
04.12.2024 14:35:08;13.02;
04.12.2024 14:35:09;13.02;
04.12.2024 14:35:10;13.03;
04.12.2024 14:35:11;13.02;
04.12.2024 14:35:12;13.03;
04.12.2024 14:35:14;13.03;
04.12.2024 14:35:15;13.02;
04.12.2024 14:35:16;13.03;
04.12.2024 14:35:17;13.02;
04.12.2024 14:35:18;13.03;
04.12.2024 14:35:19;13.02;
04.12.2024 14:35:20;13.03;
04.12.2024 14:35:21;13.02;
04.12.2024 14:35:25;13.02;
04.12.2024 14:35:26;13.03;
04.12.2024 14:35:27;13.04;
04.12.2024 14:35:28;13.03;
04.12.2024 14:35:29;13.02;
04.12.2024 14:35:30;13.03;
04.12.2024 14:35:32;13.03;
04.12.2024 14:35:33;13.02;
04.12.2024 14:35:34;13.03;
04.12.2024 14:35:35;13.03;
04.12.2024 14:35:36;13.02;
04.12.2024 14:35:39;13.02;
04.12.2024 14:35:40;13.03;
04.12.2024 14:35:41;13.02;
04.12.2024 14:35:42;13.03;
04.12.2024 14:35:43;13.02;
04.12.2024 14:35:48;13.02;
04.12.2024 14:35:49;13.03;
04.12.2024 14:35:50;13.02;
04.12.2024 14:35:55;13.02;
04.12.2024 14:35:56;13.03;
04.12.2024 14:35:57;13.03;
04.12.2024 14:35:58;13.02;
04.12.2024 14:35:59;13.03;
04.12.2024 14:36:00;13.02;
04.12.2024 14:36:01;13.03;
04.12.2024 14:36:03;13.03;
04.12.2024 14:36:04;13.02;
04.12.2024 14:36:07;13.02;
04.12.2024 14:36:08;13.03;
04.12.2024 14:36:09;13.02;
04.12.2024 14:36:11;13.02;
04.12.2024 14:36:12;13.03;
04.12.2024 14:36:13;13.02;
04.12.2024 14:36:14;13.04;
04.12.2024 14:36:15;13.01;
04.12.2024 14:36:16;13.02;
04.12.2024 14:36:17;13.01;
04.12.2024 14:36:18;13.02;
04.12.2024 14:36:25;13.02;
04.12.2024 14:36:26;13.03;
04.12.2024 14:36:27;13.02;
04.12.2024 14:36:32;13.02;
04.12.2024 14:36:33;13.01;
04.12.2024 14:36:34;13.02;
04.12.2024 14:36:35;13.01;
04.12.2024 14:36:36;13.02;
04.12.2024 14:36:37;13.02;
04.12.2024 14:36:38;13.01;
04.12.2024 14:36:39;13.03;
04.12.2024 14:36:40;13.02;
04.12.2024 14:36:44;13.02;
04.12.2024 14:36:45;13.01;
04.12.2024 14:36:46;13.02;
04.12.2024 14:36:47;13.01;
04.12.2024 14:36:48;13.02;
04.12.2024 14:36:49;13.02;
04.12.2024 14:36:50;13.01;
04.12.2024 14:36:51;13.02;
04.12.2024 14:36:52;13.01;
04.12.2024 14:36:57;13.01;
04.12.2024 14:36:58;13.02;
04.12.2024 14:36:59;13.01;
04.12.2024 14:37:00;13.02;
04.12.2024 14:37:01;13.01;
04.12.2024 14:37:02;13.02;
04.12.2024 14:37:03;13;
04.12.2024 14:37:04;13.01;
04.12.2024 14:37:07;13.01;
04.12.2024 14:37:08;13.02;
04.12.2024 14:37:09;13.01;
04.12.2024 14:37:10;13.02;
04.12.2024 14:37:14;13.02;
04.12.2024 14:37:15;13.01;
04.12.2024 14:37:16;13;
04.12.2024 14:37:17;13.01;
04.12.2024 14:37:26;13.01;
04.12.2024 14:37:27;13.02;
04.12.2024 14:37:28;13.01;
04.12.2024 14:37:29;13;
04.12.2024 14:37:30;13.01;
04.12.2024 14:37:31;13;
04.12.2024 14:37:32;13.01;
04.12.2024 14:37:33;13;
04.12.2024 14:37:34;13.01;
04.12.2024 14:37:35;13;
04.12.2024 14:37:36;13.01;
04.12.2024 14:37:37;13;
04.12.2024 14:37:38;13.01;
04.12.2024 14:37:49;13.01;
04.12.2024 14:37:50;13.02;
04.12.2024 14:37:51;13;
04.12.2024 14:37:52;13.01;
04.12.2024 14:37:53;13.01;
04.12.2024 14:37:54;13;
04.12.2024 14:37:55;13.01;
04.12.2024 14:37:59;13.01;
04.12.2024 14:38:00;13;
04.12.2024 14:38:01;13.01;
04.12.2024 14:38:02;13;
04.12.2024 14:38:03;12.99;
04.12.2024 14:38:04;13;
04.12.2024 14:38:05;13.01;
04.12.2024 14:38:06;13;
04.12.2024 14:38:09;13;
04.12.2024 14:38:10;13.01;
04.12.2024 14:38:11;13;
04.12.2024 14:38:12;13.01;
04.12.2024 14:38:13;13;
04.12.2024 14:38:14;13.01;
04.12.2024 14:38:15;13;
04.12.2024 14:38:16;13;
04.12.2024 14:38:17;13.01;
04.12.2024 14:38:18;13;
04.12.2024 14:38:19;13.01;
04.12.2024 14:38:25;13.01;
04.12.2024 14:38:26;13;
04.12.2024 14:38:27;13.01;
04.12.2024 14:38:31;13.01;
04.12.2024 14:38:32;13;
04.12.2024 14:38:33;13.01;
04.12.2024 14:38:34;13;
04.12.2024 14:38:35;13.01;
04.12.2024 14:38:36;13.01;
04.12.2024 14:38:37;13;
04.12.2024 14:38:38;13.01;
04.12.2024 14:38:39;13.01;
04.12.2024 14:38:40;13;
04.12.2024 14:38:41;13;
04.12.2024 14:38:42;13.01;
04.12.2024 14:38:43;13.01;
04.12.2024 14:38:44;13;
04.12.2024 14:38:47;13;
04.12.2024 14:38:48;13.01;
04.12.2024 14:38:49;13;
04.12.2024 14:38:50;13;
04.12.2024 14:38:51;13.01;
04.12.2024 14:38:57;13.01;
04.12.2024 14:38:58;13;
04.12.2024 14:38:59;13.01;
04.12.2024 14:39:00;13;
04.12.2024 14:39:02;13;
04.12.2024 14:39:03;13.01;
04.12.2024 14:39:04;13;
04.12.2024 14:39:05;13.01;
04.12.2024 14:39:06;13;
04.12.2024 14:39:09;13;
04.12.2024 14:39:10;13.01;
04.12.2024 14:39:11;13;
04.12.2024 14:39:12;13;
04.12.2024 14:39:13;13.01;
04.12.2024 14:39:15;13.01;
04.12.2024 14:39:16;13;
04.12.2024 14:39:17;13.01;
04.12.2024 14:39:18;13.01;
04.12.2024 14:39:19;13;
04.12.2024 14:39:22;13;
04.12.2024 14:39:23;12.99;
04.12.2024 14:39:24;12.99;
04.12.2024 14:39:25;13;
04.12.2024 14:39:27;13;
04.12.2024 14:39:28;13.01;
04.12.2024 14:39:29;13;
04.12.2024 14:39:31;13;
04.12.2024 14:39:32;12.99;
04.12.2024 14:39:33;13;
04.12.2024 14:39:40;13;
04.12.2024 14:39:41;12.99;
04.12.2024 14:39:42;12.99;
04.12.2024 14:39:43;13;
04.12.2024 14:39:47;13;
04.12.2024 14:39:48;12.99;
04.12.2024 14:39:49;12.99;
04.12.2024 14:39:50;13;
04.12.2024 14:39:51;12.99;
04.12.2024 14:39:55;12.99;
04.12.2024 14:39:56;13;
04.12.2024 14:39:57;12.99;
04.12.2024 14:39:58;12.99;
04.12.2024 14:39:59;13;
04.12.2024 14:40:00;12.98;
04.12.2024 14:40:01;13;
04.12.2024 14:40:02;12.99;
04.12.2024 14:40:03;13;
04.12.2024 14:40:04;12.99;
04.12.2024 14:40:05;12.99;
04.12.2024 14:40:06;13;
04.12.2024 14:40:07;13.01;
04.12.2024 14:40:08;12.99;
04.12.2024 14:40:12;12.99;
04.12.2024 14:40:13;12.98;
04.12.2024 14:40:14;12.99;
04.12.2024 14:40:15;12.99;
04.12.2024 14:40:16;13;
04.12.2024 14:40:17;12.99;
04.12.2024 14:40:19;12.99;
04.12.2024 14:40:20;13;
04.12.2024 14:40:21;13;
04.12.2024 14:40:22;12.99;
04.12.2024 14:40:23;13;
04.12.2024 14:40:24;13;
04.12.2024 14:40:25;12.99;
04.12.2024 14:40:31;12.99;
04.12.2024 14:40:32;13;
04.12.2024 14:40:33;12.99;
04.12.2024 14:40:34;13;
04.12.2024 14:40:35;12.99;
04.12.2024 14:40:36;13;
04.12.2024 14:40:37;13;
04.12.2024 14:40:38;12.99;
04.12.2024 14:40:39;13;
04.12.2024 14:40:40;13;
04.12.2024 14:40:41;12.99;
04.12.2024 14:40:42;12.99;
04.12.2024 14:40:43;13;
04.12.2024 14:40:44;12.99;
04.12.2024 14:40:50;12.99;
04.12.2024 14:40:51;13;
04.12.2024 14:40:52;12.99;
04.12.2024 14:40:53;12.98;
04.12.2024 14:40:54;12.99;
04.12.2024 14:40:55;12.99;
04.12.2024 14:40:56;12.98;
04.12.2024 14:40:57;12.98;
04.12.2024 14:40:58;12.99;
04.12.2024 14:40:59;12.98;
04.12.2024 14:41:00;12.98;
04.12.2024 14:41:01;12.99;
04.12.2024 14:41:02;12.98;
04.12.2024 14:41:03;12.98;
04.12.2024 14:41:04;12.99;
04.12.2024 14:41:05;12.98;
04.12.2024 14:41:07;12.98;
04.12.2024 14:41:08;12.99;
04.12.2024 14:41:09;12.98;
04.12.2024 14:41:10;12.98;
04.12.2024 14:41:11;12.99;
04.12.2024 14:41:12;12.99;
04.12.2024 14:41:13;12.98;
04.12.2024 14:41:14;12.99;
04.12.2024 14:41:15;12.98;
04.12.2024 14:41:16;12.98;
04.12.2024 14:41:17;12.99;
04.12.2024 14:41:18;12.99;
04.12.2024 14:41:19;12.98;
04.12.2024 14:41:20;12.98;
04.12.2024 14:41:21;12.99;
04.12.2024 14:41:22;12.98;
04.12.2024 14:41:23;12.99;
04.12.2024 14:41:24;12.98;
04.12.2024 14:41:25;12.99;
04.12.2024 14:41:26;12.98;
04.12.2024 14:41:27;12.99;
04.12.2024 14:41:28;12.98;
04.12.2024 14:41:29;12.98;
04.12.2024 14:41:30;12.99;
04.12.2024 14:41:31;12.98;
04.12.2024 14:41:32;12.98;
04.12.2024 14:41:33;12.99;
04.12.2024 14:41:34;12.98;
04.12.2024 14:41:42;12.98;
04.12.2024 14:41:43;12.99;
04.12.2024 14:41:44;12.98;
04.12.2024 14:41:48;12.98;
04.12.2024 14:41:49;12.99;
04.12.2024 14:41:50;12.98;
04.12.2024 14:41:51;12.99;
04.12.2024 14:41:52;12.98;
04.12.2024 14:41:55;12.98;
04.12.2024 14:41:56;12.99;
04.12.2024 14:41:57;12.98;
04.12.2024 14:41:58;12.97;
04.12.2024 14:41:59;12.98;
04.12.2024 14:42:01;12.98;
04.12.2024 14:42:02;12.97;
04.12.2024 14:42:03;12.98;
04.12.2024 14:42:05;12.98;
04.12.2024 14:42:06;12.97;
04.12.2024 14:42:07;12.98;
04.12.2024 14:42:09;12.98;
04.12.2024 14:42:10;12.97;
04.12.2024 14:42:11;12.98;
04.12.2024 14:42:13;12.98;
04.12.2024 14:42:14;12.97;
04.12.2024 14:42:15;12.98;
04.12.2024 14:42:17;12.98;
04.12.2024 14:42:18;12.97;
04.12.2024 14:42:19;12.98;
04.12.2024 14:42:20;12.98;
04.12.2024 14:42:21;12.97;
04.12.2024 14:42:22;12.98;
04.12.2024 14:42:26;12.98;
04.12.2024 14:42:27;12.97;
04.12.2024 14:42:28;12.97;
04.12.2024 14:42:29;12.98;
04.12.2024 14:42:30;12.98;
04.12.2024 14:42:31;12.97;
04.12.2024 14:42:44;12.97;
04.12.2024 14:42:45;12.98;
04.12.2024 14:42:46;12.97;
04.12.2024 14:42:47;12.97;
04.12.2024 14:42:48;12.96;
04.12.2024 14:42:49;12.97;
04.12.2024 14:42:54;12.97;
04.12.2024 14:42:55;12.96;
04.12.2024 14:42:56;12.97;
04.12.2024 14:43:06;12.97;
04.12.2024 14:43:07;12.96;
04.12.2024 14:43:09;12.96;
04.12.2024 14:43:10;12.97;
04.12.2024 14:43:11;12.97;
04.12.2024 14:43:12;12.96;
04.12.2024 14:43:13;12.97;
04.12.2024 14:43:15;12.97;
04.12.2024 14:43:16;12.96;
04.12.2024 14:43:18;12.96;
04.12.2024 14:43:19;12.97;
04.12.2024 14:43:20;12.97;
04.12.2024 14:43:21;12.96;
04.12.2024 14:43:22;12.97;
04.12.2024 14:43:23;12.97;
04.12.2024 14:43:24;12.96;
04.12.2024 14:43:25;12.96;
04.12.2024 14:43:26;12.97;
04.12.2024 14:43:27;12.96;
04.12.2024 14:43:30;12.96;
04.12.2024 14:43:31;12.97;
04.12.2024 14:43:32;12.96;
04.12.2024 14:43:34;12.96;
04.12.2024 14:43:35;12.97;
04.12.2024 14:43:36;12.96;
04.12.2024 14:43:40;12.96;
04.12.2024 14:43:41;12.95;
04.12.2024 14:43:42;12.96;
04.12.2024 14:43:43;12.96;
04.12.2024 14:43:44;12.95;
04.12.2024 14:43:45;12.96;
04.12.2024 14:43:46;12.95;
04.12.2024 14:43:47;12.95;
04.12.2024 14:43:48;12.96;
04.12.2024 14:43:52;12.96;
04.12.2024 14:43:53;12.95;
04.12.2024 14:43:54;12.96;
04.12.2024 14:43:57;12.96;
04.12.2024 14:43:58;12.97;
04.12.2024 14:43:59;12.96;
04.12.2024 14:44:03;12.96;
04.12.2024 14:44:04;12.97;
04.12.2024 14:44:05;12.97;
04.12.2024 14:44:06;12.96;
04.12.2024 14:44:07;12.96;
04.12.2024 14:44:08;12.97;
04.12.2024 14:44:09;12.96;
04.12.2024 14:44:10;12.96;
04.12.2024 14:44:11;12.97;
04.12.2024 14:44:12;12.97;
04.12.2024 14:44:13;12.96;
04.12.2024 14:44:19;12.96;
04.12.2024 14:44:20;12.97;
04.12.2024 14:44:21;12.95;
04.12.2024 14:44:22;12.96;
04.12.2024 14:44:23;12.95;
04.12.2024 14:44:24;12.96;
04.12.2024 14:44:26;12.96;
04.12.2024 14:44:27;12.95;
04.12.2024 14:44:28;12.96;
04.12.2024 14:44:29;12.96;
04.12.2024 14:44:30;12.95;
04.12.2024 14:44:31;12.96;
04.12.2024 14:44:32;12.96;
04.12.2024 14:44:33;12.95;
04.12.2024 14:44:34;12.95;
04.12.2024 14:44:35;12.96;
04.12.2024 14:44:38;12.96;
04.12.2024 14:44:39;12.95;
04.12.2024 14:44:40;12.96;
04.12.2024 14:44:42;12.96;
04.12.2024 14:44:43;12.95;
04.12.2024 14:44:44;12.96;
04.12.2024 14:44:45;12.95;
04.12.2024 14:44:46;12.95;
04.12.2024 14:44:47;12.96;
04.12.2024 14:44:48;12.95;
04.12.2024 14:44:49;12.96;
04.12.2024 14:44:51;12.96;
04.12.2024 14:44:52;12.95;
04.12.2024 14:44:55;12.95;
04.12.2024 14:44:56;12.96;
04.12.2024 14:44:57;12.95;
04.12.2024 14:44:58;12.95;
04.12.2024 14:44:59;12.96;
04.12.2024 14:45:00;12.95;
04.12.2024 14:45:01;12.96;
04.12.2024 14:45:02;12.95;
04.12.2024 14:45:05;12.95;
04.12.2024 14:45:06;12.94;
04.12.2024 14:45:07;12.94;
04.12.2024 14:45:08;12.95;
04.12.2024 14:45:09;12.96;
04.12.2024 14:45:10;12.95;
04.12.2024 14:45:11;12.95;
04.12.2024 14:45:12;12.96;
04.12.2024 14:45:13;12.95;
04.12.2024 14:45:14;12.96;
04.12.2024 14:45:15;12.95;
04.12.2024 14:45:16;12.94;
04.12.2024 14:45:17;12.95;
04.12.2024 14:45:18;12.96;
04.12.2024 14:45:19;12.95;
04.12.2024 14:45:22;12.95;
04.12.2024 14:45:23;12.96;
04.12.2024 14:45:24;12.94;
04.12.2024 14:45:25;12.95;
04.12.2024 14:45:27;12.95;
04.12.2024 14:45:28;12.94;
04.12.2024 14:45:29;12.95;
04.12.2024 14:45:30;12.96;
04.12.2024 14:45:31;12.96;
04.12.2024 14:45:32;12.95;
04.12.2024 14:45:33;12.94;
04.12.2024 14:45:34;12.95;
04.12.2024 14:45:35;12.94;
04.12.2024 14:45:36;12.95;
04.12.2024 14:45:38;12.95;
04.12.2024 14:45:39;12.94;
04.12.2024 14:45:40;12.95;
04.12.2024 14:45:43;12.95;
04.12.2024 14:45:44;12.94;
04.12.2024 14:45:45;12.95;
04.12.2024 14:45:46;12.95;
04.12.2024 14:45:47;12.96;
04.12.2024 14:45:48;12.95;
04.12.2024 14:45:49;12.95;
04.12.2024 14:45:50;12.96;
04.12.2024 14:45:51;12.96;
04.12.2024 14:45:52;12.95;
04.12.2024 14:45:54;12.95;
04.12.2024 14:45:55;12.94;
04.12.2024 14:45:56;12.95;
04.12.2024 14:45:57;12.96;
04.12.2024 14:45:58;12.95;
04.12.2024 14:45:59;12.95;
04.12.2024 14:46:00;12.96;
04.12.2024 14:46:01;12.95;
04.12.2024 14:46:02;12.94;
04.12.2024 14:46:03;12.94;
04.12.2024 14:46:04;12.95;
04.12.2024 14:46:05;12.94;
04.12.2024 14:46:08;12.94;
04.12.2024 14:46:09;12.95;
04.12.2024 14:46:10;12.94;
04.12.2024 14:46:11;12.95;
04.12.2024 14:46:12;12.94;
04.12.2024 14:46:16;12.94;
04.12.2024 14:46:17;12.95;
04.12.2024 14:46:18;12.94;
04.12.2024 14:46:19;12.95;
04.12.2024 14:46:20;12.95;
04.12.2024 14:46:21;12.94;
04.12.2024 14:46:25;12.94;
04.12.2024 14:46:26;12.93;
04.12.2024 14:46:27;12.94;
04.12.2024 14:46:30;12.94;
04.12.2024 14:46:31;12.95;
04.12.2024 14:46:32;12.94;
04.12.2024 14:46:46;12.94;
04.12.2024 14:46:47;12.93;
04.12.2024 14:46:51;12.93;
04.12.2024 14:46:52;12.94;
04.12.2024 14:46:53;12.93;
04.12.2024 14:46:54;12.93;
04.12.2024 14:46:55;12.94;
04.12.2024 14:46:57;12.94;
04.12.2024 14:46:58;12.93;
04.12.2024 14:46:59;12.94;
04.12.2024 14:47:00;12.94;
04.12.2024 14:47:01;12.93;
04.12.2024 14:47:02;12.94;
04.12.2024 14:47:03;12.94;
04.12.2024 14:47:04;12.93;
04.12.2024 14:47:05;12.93;
04.12.2024 14:47:06;12.94;
04.12.2024 14:47:07;12.93;
04.12.2024 14:47:08;12.94;
04.12.2024 14:47:09;12.93;
04.12.2024 14:47:13;12.93;
04.12.2024 14:47:14;12.94;
04.12.2024 14:47:15;12.93;
04.12.2024 14:47:16;12.94;
04.12.2024 14:47:17;12.94;
04.12.2024 14:47:18;12.93;
04.12.2024 14:47:19;12.93;
04.12.2024 14:47:20;12.94;
04.12.2024 14:47:21;12.93;
04.12.2024 14:47:22;12.94;
04.12.2024 14:47:23;12.93;
04.12.2024 14:47:24;12.93;
04.12.2024 14:47:25;12.94;
04.12.2024 14:47:26;12.93;
04.12.2024 14:47:27;12.94;
04.12.2024 14:47:30;12.94;
04.12.2024 14:47:31;12.93;
04.12.2024 14:47:36;12.93;
04.12.2024 14:47:37;12.94;
04.12.2024 14:47:38;12.92;
04.12.2024 14:47:39;12.94;
04.12.2024 14:47:40;12.93;
04.12.2024 14:47:51;12.93;
04.12.2024 14:47:52;12.94;
04.12.2024 14:47:53;12.92;
04.12.2024 14:47:54;12.93;
04.12.2024 14:47:59;12.93;
04.12.2024 14:48:00;12.94;
04.12.2024 14:48:01;12.93;
04.12.2024 14:48:02;12.94;
04.12.2024 14:48:03;12.94;
04.12.2024 14:48:04;12.93;
04.12.2024 14:48:13;12.93;
04.12.2024 14:48:14;12.92;
04.12.2024 14:48:15;12.94;
04.12.2024 14:48:16;12.94;
04.12.2024 14:48:17;12.92;
04.12.2024 14:48:18;12.93;
04.12.2024 14:48:26;12.93;
04.12.2024 14:48:27;12.92;
04.12.2024 14:48:28;12.93;
04.12.2024 14:48:29;12.93;
04.12.2024 14:48:30;12.92;
04.12.2024 14:48:31;12.93;
04.12.2024 14:48:32;12.93;
04.12.2024 14:48:33;12.95;
04.12.2024 14:48:34;12.92;
04.12.2024 14:48:35;12.93;
04.12.2024 14:48:43;12.93;
04.12.2024 14:48:44;12.92;
04.12.2024 14:48:45;12.93;
04.12.2024 14:48:46;12.92;
04.12.2024 14:48:49;12.92;
04.12.2024 14:48:50;12.93;
04.12.2024 14:48:53;12.93;
04.12.2024 14:48:54;12.92;
04.12.2024 14:48:55;12.93;
04.12.2024 14:49:03;12.93;
04.12.2024 14:49:04;12.92;
04.12.2024 14:49:05;12.92;
04.12.2024 14:49:06;12.93;
04.12.2024 14:49:11;12.93;
04.12.2024 14:49:12;12.92;
04.12.2024 14:49:13;12.93;
04.12.2024 14:49:14;12.91;
04.12.2024 14:49:15;12.92;
04.12.2024 14:49:16;12.93;
04.12.2024 14:49:17;12.92;
04.12.2024 14:49:18;12.93;
04.12.2024 14:49:19;12.92;
04.12.2024 14:49:20;12.91;
04.12.2024 14:49:21;12.92;
04.12.2024 14:49:22;12.93;
04.12.2024 14:49:23;12.92;
04.12.2024 14:49:30;12.92;
04.12.2024 14:49:31;12.93;
04.12.2024 14:49:32;12.92;
04.12.2024 14:49:39;12.92;
04.12.2024 14:49:40;12.91;
04.12.2024 14:49:41;12.91;
04.12.2024 14:49:42;12.92;
04.12.2024 14:49:46;12.92;
04.12.2024 14:49:47;12.93;
04.12.2024 14:49:48;12.92;
04.12.2024 14:49:49;12.91;
04.12.2024 14:49:50;12.91;
04.12.2024 14:49:51;12.92;
04.12.2024 14:49:53;12.92;
04.12.2024 14:49:54;12.91;
04.12.2024 14:49:55;12.92;
04.12.2024 14:49:57;12.92;
04.12.2024 14:49:58;12.91;
04.12.2024 14:50:00;12.91;
04.12.2024 14:50:01;12.92;
04.12.2024 14:50:02;12.91;
04.12.2024 14:50:03;12.92;
04.12.2024 14:50:04;12.91;
04.12.2024 14:50:05;12.91;
04.12.2024 14:50:06;12.92;
04.12.2024 14:50:07;12.91;
04.12.2024 14:50:08;12.92;
04.12.2024 14:50:09;12.91;
04.12.2024 14:50:11;12.91;
04.12.2024 14:50:12;12.92;
04.12.2024 14:50:14;12.92;
04.12.2024 14:50:15;12.91;
04.12.2024 14:50:16;12.9;
04.12.2024 14:50:17;12.91;
04.12.2024 14:50:18;12.91;
04.12.2024 14:50:19;12.92;
04.12.2024 14:50:20;12.91;
04.12.2024 14:50:21;12.92;
04.12.2024 14:50:22;12.91;
04.12.2024 14:50:23;12.93;
04.12.2024 14:50:24;12.91;
04.12.2024 14:50:26;12.91;
04.12.2024 14:50:27;12.92;
04.12.2024 14:50:28;12.91;
04.12.2024 14:50:32;12.91;
04.12.2024 14:50:33;12.92;
04.12.2024 14:50:34;12.9;
04.12.2024 14:50:35;12.91;
04.12.2024 14:50:42;12.91;
04.12.2024 14:50:43;12.92;
04.12.2024 14:50:44;12.91;
04.12.2024 14:50:45;12.91;
04.12.2024 14:50:46;12.9;
04.12.2024 14:50:47;12.91;
04.12.2024 14:50:48;12.91;
04.12.2024 14:50:49;12.9;
04.12.2024 14:50:50;12.91;
04.12.2024 14:50:55;12.91;
04.12.2024 14:50:56;12.9;
04.12.2024 14:50:57;12.9;
04.12.2024 14:50:58;12.91;
04.12.2024 14:50:59;12.92;
04.12.2024 14:51:00;12.91;
04.12.2024 14:51:02;12.91;
04.12.2024 14:51:03;12.9;
04.12.2024 14:51:04;12.9;
04.12.2024 14:51:05;12.91;
04.12.2024 14:51:16;12.91;
04.12.2024 14:51:17;12.9;
04.12.2024 14:51:18;12.91;
04.12.2024 14:51:21;12.91;
04.12.2024 14:51:22;12.9;
04.12.2024 14:51:23;12.91;
04.12.2024 14:51:25;12.91;
04.12.2024 14:51:26;12.9;
04.12.2024 14:51:27;12.91;
04.12.2024 14:51:28;12.91;
04.12.2024 14:51:29;12.9;
04.12.2024 14:51:33;12.9;
04.12.2024 14:51:34;12.91;
04.12.2024 14:51:35;12.91;
04.12.2024 14:51:36;12.9;
04.12.2024 14:51:37;12.9;
04.12.2024 14:51:38;12.91;
04.12.2024 14:51:39;12.91;
04.12.2024 14:51:40;12.9;
04.12.2024 14:51:41;12.91;
04.12.2024 14:51:42;12.92;
04.12.2024 14:51:43;12.9;
04.12.2024 14:51:47;12.9;
04.12.2024 14:51:48;12.91;
04.12.2024 14:51:49;12.9;
04.12.2024 14:51:53;12.9;
04.12.2024 14:51:54;12.91;
04.12.2024 14:51:55;12.9;
04.12.2024 14:51:56;12.91;
04.12.2024 14:51:57;12.9;
04.12.2024 14:51:59;12.9;
04.12.2024 14:52:00;12.91;
04.12.2024 14:52:02;12.91;
04.12.2024 14:52:03;12.9;
04.12.2024 14:52:05;12.9;
04.12.2024 14:52:06;12.91;
04.12.2024 14:52:07;12.9;
04.12.2024 14:52:09;12.9;
04.12.2024 14:52:10;12.91;
04.12.2024 14:52:12;12.91;
04.12.2024 14:52:13;12.9;
04.12.2024 14:52:16;12.9;
04.12.2024 14:52:17;12.91;
04.12.2024 14:52:18;12.89;
04.12.2024 14:52:19;12.9;
04.12.2024 14:52:22;12.9;
04.12.2024 14:52:23;12.89;
04.12.2024 14:52:24;12.9;
04.12.2024 14:52:25;12.89;
04.12.2024 14:52:26;12.91;
04.12.2024 14:52:27;12.9;
04.12.2024 14:52:28;12.9;
04.12.2024 14:52:29;12.89;
04.12.2024 14:52:30;12.89;
04.12.2024 14:52:31;12.9;
04.12.2024 14:52:35;12.9;
04.12.2024 14:52:36;12.89;
04.12.2024 14:52:38;12.89;
04.12.2024 14:52:39;12.9;
04.12.2024 14:52:40;12.9;
04.12.2024 14:52:41;12.89;
04.12.2024 14:52:42;12.9;
04.12.2024 14:52:56;12.9;
04.12.2024 14:52:57;12.89;
04.12.2024 14:52:59;12.89;
04.12.2024 14:53:00;12.9;
04.12.2024 14:53:01;12.89;
04.12.2024 14:53:05;12.89;
04.12.2024 14:53:06;12.9;
04.12.2024 14:53:07;12.9;
04.12.2024 14:53:08;12.89;
04.12.2024 14:53:09;12.9;
04.12.2024 14:53:11;12.9;
04.12.2024 14:53:12;12.89;
04.12.2024 14:53:13;12.89;
04.12.2024 14:53:14;12.9;
04.12.2024 14:53:15;12.9;
04.12.2024 14:53:16;12.89;
04.12.2024 14:53:17;12.89;
04.12.2024 14:53:18;12.9;
04.12.2024 14:53:24;12.9;
04.12.2024 14:53:25;12.89;
04.12.2024 14:53:26;12.9;
04.12.2024 14:53:27;12.89;
04.12.2024 14:53:28;12.9;
04.12.2024 14:53:29;12.88;
04.12.2024 14:53:30;12.88;
04.12.2024 14:53:31;12.9;
04.12.2024 14:53:32;12.88;
04.12.2024 14:53:33;12.89;
04.12.2024 14:53:42;12.89;
04.12.2024 14:53:43;12.9;
04.12.2024 14:53:44;12.89;
04.12.2024 14:53:45;12.9;
04.12.2024 14:53:46;12.9;
04.12.2024 14:53:47;12.89;
04.12.2024 14:53:50;12.89;
04.12.2024 14:53:51;12.9;
04.12.2024 14:53:52;12.89;
04.12.2024 14:53:53;12.89;
04.12.2024 14:53:54;12.9;
04.12.2024 14:53:55;12.89;
04.12.2024 14:53:57;12.89;
04.12.2024 14:53:58;12.9;
04.12.2024 14:53:59;12.89;
04.12.2024 14:54:02;12.89;
04.12.2024 14:54:03;12.88;
04.12.2024 14:54:04;12.89;
04.12.2024 14:54:07;12.89;
04.12.2024 14:54:08;12.88;
04.12.2024 14:54:10;12.88;
04.12.2024 14:54:11;12.89;
04.12.2024 14:54:12;12.88;
04.12.2024 14:54:13;12.88;
04.12.2024 14:54:14;12.89;
04.12.2024 14:54:15;12.89;
04.12.2024 14:54:16;12.88;
04.12.2024 14:54:17;12.88;
04.12.2024 14:54:18;12.89;
04.12.2024 14:54:19;12.9;
04.12.2024 14:54:20;12.89;
04.12.2024 14:54:24;12.89;
04.12.2024 14:54:25;12.88;
04.12.2024 14:54:26;12.88;
04.12.2024 14:54:27;12.89;
04.12.2024 14:54:29;12.89;
04.12.2024 14:54:30;12.88;
04.12.2024 14:54:31;12.89;
04.12.2024 14:54:36;12.89;
04.12.2024 14:54:37;12.88;
04.12.2024 14:54:38;12.89;
04.12.2024 14:54:39;12.88;
04.12.2024 14:54:41;12.88;
04.12.2024 14:54:42;12.89;
04.12.2024 14:54:43;12.88;
04.12.2024 14:54:44;12.89;
04.12.2024 14:54:45;12.88;
04.12.2024 14:54:46;12.88;
04.12.2024 14:54:47;12.89;
04.12.2024 14:54:48;12.88;
04.12.2024 14:54:49;12.89;
04.12.2024 14:54:50;12.88;
04.12.2024 14:54:59;12.88;
04.12.2024 14:55:00;12.89;
04.12.2024 14:55:01;12.88;
04.12.2024 14:55:02;12.89;
04.12.2024 14:55:03;12.89;
04.12.2024 14:55:04;12.88;
04.12.2024 14:55:09;12.88;
04.12.2024 14:55:10;12.89;
04.12.2024 14:55:11;12.88;
04.12.2024 14:55:12;12.89;
04.12.2024 14:55:13;12.88;
04.12.2024 14:55:14;12.88;
04.12.2024 14:55:15;12.87;
04.12.2024 14:55:16;12.88;
04.12.2024 14:55:17;12.88;
04.12.2024 14:55:18;12.87;
04.12.2024 14:55:19;12.88;
04.12.2024 14:55:21;12.88;
04.12.2024 14:55:22;12.87;
04.12.2024 14:55:23;12.88;
04.12.2024 14:55:24;12.88;
04.12.2024 14:55:25;12.89;
04.12.2024 14:55:26;12.88;
04.12.2024 14:55:27;12.87;
04.12.2024 14:55:28;12.88;
04.12.2024 14:55:31;12.88;
04.12.2024 14:55:32;12.89;
04.12.2024 14:55:33;12.88;
04.12.2024 14:55:38;12.88;
04.12.2024 14:55:39;12.87;
04.12.2024 14:55:40;12.88;
04.12.2024 14:55:41;12.87;
04.12.2024 14:55:43;12.87;
04.12.2024 14:55:44;12.88;
04.12.2024 14:55:45;12.87;
04.12.2024 14:55:46;12.87;
04.12.2024 14:55:47;12.88;
04.12.2024 14:55:48;12.87;
04.12.2024 14:55:49;12.87;
04.12.2024 14:55:50;12.88;
04.12.2024 14:55:51;12.86;
04.12.2024 14:55:52;12.87;
04.12.2024 14:55:53;12.88;
04.12.2024 14:55:54;12.87;
04.12.2024 14:55:56;12.87;
04.12.2024 14:55:57;12.88;
04.12.2024 14:55:58;12.88;
04.12.2024 14:55:59;12.87;
04.12.2024 14:56:00;12.87;
04.12.2024 14:56:01;12.88;
04.12.2024 14:56:02;12.88;
04.12.2024 14:56:03;12.87;
04.12.2024 14:56:04;12.89;
04.12.2024 14:56:05;12.88;
04.12.2024 14:56:08;12.88;
04.12.2024 14:56:09;12.87;
04.12.2024 14:56:10;12.88;
04.12.2024 14:56:11;12.87;
04.12.2024 14:56:12;12.88;
04.12.2024 14:56:15;12.88;
04.12.2024 14:56:16;12.87;
04.12.2024 14:56:17;12.87;
04.12.2024 14:56:18;12.88;
04.12.2024 14:56:19;12.86;
04.12.2024 14:56:20;12.88;
04.12.2024 14:56:21;12.87;
04.12.2024 14:56:24;12.87;
04.12.2024 14:56:25;12.88;
04.12.2024 14:56:26;12.87;
04.12.2024 14:56:30;12.87;
04.12.2024 14:56:31;12.86;
04.12.2024 14:56:32;12.87;
04.12.2024 14:56:35;12.87;
04.12.2024 14:56:36;12.86;
04.12.2024 14:56:37;12.87;
04.12.2024 14:56:38;12.86;
04.12.2024 14:56:39;12.87;
04.12.2024 14:56:48;12.87;
04.12.2024 14:56:49;12.88;
04.12.2024 14:56:50;12.87;
04.12.2024 14:56:51;12.87;
04.12.2024 14:56:52;12.86;
04.12.2024 14:56:53;12.87;
04.12.2024 14:56:54;12.86;
04.12.2024 14:56:55;12.87;
04.12.2024 14:56:56;12.86;
04.12.2024 14:56:57;12.86;
04.12.2024 14:56:58;12.87;
04.12.2024 14:56:59;12.86;
04.12.2024 14:57:00;12.86;
04.12.2024 14:57:01;12.87;
04.12.2024 14:57:02;12.86;
04.12.2024 14:57:05;12.86;
04.12.2024 14:57:06;12.87;
04.12.2024 14:57:07;12.86;
04.12.2024 14:57:10;12.86;
04.12.2024 14:57:11;12.87;
04.12.2024 14:57:12;12.87;
04.12.2024 14:57:13;12.86;
04.12.2024 14:57:15;12.86;
04.12.2024 14:57:16;12.87;
04.12.2024 14:57:17;12.86;
04.12.2024 14:57:18;12.87;
04.12.2024 14:57:19;12.87;
04.12.2024 14:57:20;12.86;
04.12.2024 14:57:25;12.86;
04.12.2024 14:57:26;12.87;
04.12.2024 14:57:27;12.87;
04.12.2024 14:57:28;12.86;
04.12.2024 14:57:32;12.86;
04.12.2024 14:57:33;12.85;
04.12.2024 14:57:34;12.86;
04.12.2024 14:57:40;12.86;
04.12.2024 14:57:41;12.85;
04.12.2024 14:57:42;12.86;
04.12.2024 14:57:43;12.85;
04.12.2024 14:57:47;12.85;
04.12.2024 14:57:48;12.86;
04.12.2024 14:57:49;12.85;
04.12.2024 14:57:50;12.86;
04.12.2024 14:57:54;12.86;
04.12.2024 14:57:55;12.85;
04.12.2024 14:57:56;12.86;
04.12.2024 14:57:57;12.86;
04.12.2024 14:57:58;12.85;
04.12.2024 14:57:59;12.86;
04.12.2024 14:58:02;12.86;
04.12.2024 14:58:03;12.85;
04.12.2024 14:58:04;12.86;
04.12.2024 14:58:05;12.86;
04.12.2024 14:58:06;12.85;
04.12.2024 14:58:14;12.85;
04.12.2024 14:58:15;12.86;
04.12.2024 14:58:16;12.85;
04.12.2024 14:58:17;12.85;
04.12.2024 14:58:18;12.86;
04.12.2024 14:58:19;12.85;
04.12.2024 14:58:24;12.85;
04.12.2024 14:58:25;12.86;
04.12.2024 14:58:26;12.86;
04.12.2024 14:58:27;12.85;
04.12.2024 14:58:29;12.85;
04.12.2024 14:58:30;12.86;
04.12.2024 14:58:31;12.85;
04.12.2024 14:58:33;12.85;
04.12.2024 14:58:34;12.86;
04.12.2024 14:58:35;12.85;
04.12.2024 14:58:41;12.85;
04.12.2024 14:58:42;12.84;
04.12.2024 14:58:43;12.86;
04.12.2024 14:58:44;12.85;
04.12.2024 14:58:45;12.84;
04.12.2024 14:58:46;12.85;
04.12.2024 14:58:47;12.84;
04.12.2024 14:58:48;12.85;
04.12.2024 14:58:49;12.85;
04.12.2024 14:58:50;12.84;
04.12.2024 14:58:51;12.85;
04.12.2024 14:58:52;12.84;
04.12.2024 14:58:53;12.85;
04.12.2024 14:58:56;12.85;
04.12.2024 14:58:57;12.84;
04.12.2024 14:58:58;12.85;
04.12.2024 14:59:00;12.85;
04.12.2024 14:59:01;12.84;
04.12.2024 14:59:02;12.85;
04.12.2024 14:59:03;12.84;
04.12.2024 14:59:04;12.85;
04.12.2024 14:59:05;12.84;
04.12.2024 14:59:06;12.85;
04.12.2024 14:59:07;12.86;
04.12.2024 14:59:08;12.85;
04.12.2024 14:59:09;12.85;
04.12.2024 14:59:10;12.84;
04.12.2024 14:59:12;12.84;
04.12.2024 14:59:13;12.85;
04.12.2024 14:59:15;12.85;
04.12.2024 14:59:16;12.84;
04.12.2024 14:59:17;12.85;
04.12.2024 14:59:18;12.85;
04.12.2024 14:59:19;12.84;
04.12.2024 14:59:20;12.85;
04.12.2024 14:59:21;12.86;
04.12.2024 14:59:22;12.85;
04.12.2024 14:59:23;12.84;
04.12.2024 14:59:24;12.84;
04.12.2024 14:59:25;12.85;
04.12.2024 14:59:26;12.85;
04.12.2024 14:59:27;12.84;
04.12.2024 14:59:28;12.84;
04.12.2024 14:59:29;12.85;
04.12.2024 14:59:31;12.85;
04.12.2024 14:59:32;12.84;
04.12.2024 14:59:33;12.85;
04.12.2024 14:59:34;12.85;
04.12.2024 14:59:35;12.84;
04.12.2024 14:59:36;12.85;
04.12.2024 14:59:37;12.85;
04.12.2024 14:59:38;12.84;
04.12.2024 14:59:40;12.84;
04.12.2024 14:59:41;12.85;
04.12.2024 14:59:42;12.85;
04.12.2024 14:59:43;12.84;
04.12.2024 14:59:44;12.84;
04.12.2024 14:59:45;12.85;
04.12.2024 14:59:46;12.84;
04.12.2024 14:59:48;12.84;
04.12.2024 14:59:49;12.85;
04.12.2024 14:59:50;12.84;
04.12.2024 14:59:51;12.84;
04.12.2024 14:59:52;12.85;
04.12.2024 14:59:54;12.85;
04.12.2024 14:59:55;12.84;
04.12.2024 14:59:57;12.84;
04.12.2024 14:59:58;12.85;
04.12.2024 14:59:59;12.84;
04.12.2024 15:00:00;12.83;
04.12.2024 15:00:01;12.84;
04.12.2024 15:00:08;12.84;
04.12.2024 15:00:09;12.83;
04.12.2024 15:00:11;12.83;
04.12.2024 15:00:12;12.84;
04.12.2024 15:00:13;12.84;
04.12.2024 15:00:14;12.83;
04.12.2024 15:00:15;12.84;
04.12.2024 15:00:17;12.84;
04.12.2024 15:00:18;12.85;
04.12.2024 15:00:19;12.84;
04.12.2024 15:00:25;12.84;
04.12.2024 15:00:26;12.83;
04.12.2024 15:00:30;12.83;
04.12.2024 15:00:31;12.85;
04.12.2024 15:00:32;12.84;
04.12.2024 15:00:33;12.84;
04.12.2024 15:00:34;12.83;
04.12.2024 15:00:35;12.83;
04.12.2024 15:00:36;12.84;
04.12.2024 15:00:37;12.84;
04.12.2024 15:00:38;12.83;
04.12.2024 15:00:40;12.83;
04.12.2024 15:00:41;12.84;
04.12.2024 15:00:42;12.83;
04.12.2024 15:00:44;12.83;
04.12.2024 15:00:45;12.84;
04.12.2024 15:00:48;12.84;
04.12.2024 15:00:49;12.83;
04.12.2024 15:00:50;12.84;
04.12.2024 15:00:52;12.84;
04.12.2024 15:00:53;12.83;
04.12.2024 15:00:54;12.84;
04.12.2024 15:00:55;12.84;
04.12.2024 15:00:56;12.83;
04.12.2024 15:00:57;12.84;
04.12.2024 15:00:58;12.83;
04.12.2024 15:00:59;12.84;
04.12.2024 15:01:00;12.83;
04.12.2024 15:01:01;12.84;
04.12.2024 15:01:02;12.84;
04.12.2024 15:01:03;12.83;
04.12.2024 15:01:04;12.82;
04.12.2024 15:01:05;12.83;
04.12.2024 15:01:06;12.82;
04.12.2024 15:01:07;12.83;
04.12.2024 15:01:08;12.82;
04.12.2024 15:01:09;12.83;
04.12.2024 15:01:10;12.84;
04.12.2024 15:01:11;12.83;
04.12.2024 15:01:13;12.83;
04.12.2024 15:01:14;12.84;
04.12.2024 15:01:15;12.82;
04.12.2024 15:01:16;12.83;
04.12.2024 15:01:21;12.83;
04.12.2024 15:01:22;12.84;
04.12.2024 15:01:23;12.83;
04.12.2024 15:01:25;12.83;
04.12.2024 15:01:26;12.84;
04.12.2024 15:01:27;12.83;
04.12.2024 15:01:28;12.83;
04.12.2024 15:01:29;12.82;
04.12.2024 15:01:30;12.84;
04.12.2024 15:01:31;12.83;
04.12.2024 15:01:33;12.83;
04.12.2024 15:01:34;12.84;
04.12.2024 15:01:35;12.83;
04.12.2024 15:01:40;12.83;
04.12.2024 15:01:41;12.82;
04.12.2024 15:01:42;12.83;
04.12.2024 15:01:51;12.83;
04.12.2024 15:01:52;12.82;
04.12.2024 15:01:53;12.83;
04.12.2024 15:01:55;12.83;
04.12.2024 15:01:56;12.82;
04.12.2024 15:01:57;12.82;
04.12.2024 15:01:58;12.83;
04.12.2024 15:01:59;12.82;
04.12.2024 15:02:00;12.82;
04.12.2024 15:02:01;12.83;
04.12.2024 15:02:02;12.83;
04.12.2024 15:02:03;12.82;
04.12.2024 15:02:04;12.82;
04.12.2024 15:02:05;12.83;
04.12.2024 15:02:07;12.83;
04.12.2024 15:02:08;12.82;
04.12.2024 15:02:09;12.82;
04.12.2024 15:02:10;12.83;
04.12.2024 15:02:12;12.83;
04.12.2024 15:02:13;12.82;
04.12.2024 15:02:14;12.82;
04.12.2024 15:02:15;12.83;
04.12.2024 15:02:16;12.82;
04.12.2024 15:02:18;12.82;
04.12.2024 15:02:19;12.83;
04.12.2024 15:02:20;12.82;
04.12.2024 15:02:23;12.82;
04.12.2024 15:02:24;12.83;
04.12.2024 15:02:25;12.82;
04.12.2024 15:02:30;12.82;
04.12.2024 15:02:31;12.83;
04.12.2024 15:02:32;12.83;
04.12.2024 15:02:33;12.82;
04.12.2024 15:02:34;12.83;
04.12.2024 15:02:35;12.82;
04.12.2024 15:02:36;12.83;
04.12.2024 15:02:37;12.82;
04.12.2024 15:02:40;12.82;
04.12.2024 15:02:41;12.81;
04.12.2024 15:02:42;12.82;
04.12.2024 15:02:45;12.82;
04.12.2024 15:02:46;12.81;
04.12.2024 15:02:47;12.82;
04.12.2024 15:02:48;12.81;
04.12.2024 15:02:49;12.82;
04.12.2024 15:02:50;12.82;
04.12.2024 15:02:51;12.83;
04.12.2024 15:02:52;12.82;
04.12.2024 15:02:53;12.82;
04.12.2024 15:02:54;12.83;
04.12.2024 15:02:55;12.82;
04.12.2024 15:03:01;12.82;
04.12.2024 15:03:02;12.81;
04.12.2024 15:03:03;12.81;
04.12.2024 15:03:04;12.82;
04.12.2024 15:03:05;12.82;
04.12.2024 15:03:06;12.81;
04.12.2024 15:03:07;12.82;
04.12.2024 15:03:10;12.82;
04.12.2024 15:03:11;12.81;
04.12.2024 15:03:12;12.82;
04.12.2024 15:03:13;12.82;
04.12.2024 15:03:14;12.81;
04.12.2024 15:03:15;12.82;
04.12.2024 15:03:16;12.82;
04.12.2024 15:03:17;12.81;
04.12.2024 15:03:18;12.82;
04.12.2024 15:03:19;12.81;
04.12.2024 15:03:20;12.81;
04.12.2024 15:03:21;12.82;
04.12.2024 15:03:24;12.82;
04.12.2024 15:03:25;12.81;
04.12.2024 15:03:26;12.81;
04.12.2024 15:03:27;12.82;
04.12.2024 15:03:28;12.81;
04.12.2024 15:03:29;12.82;
04.12.2024 15:03:30;12.81;
04.12.2024 15:03:31;12.81;
04.12.2024 15:03:32;12.82;
04.12.2024 15:03:34;12.82;
04.12.2024 15:03:35;12.81;
04.12.2024 15:03:36;12.81;
04.12.2024 15:03:37;12.82;
04.12.2024 15:03:38;12.82;
04.12.2024 15:03:39;12.81;
04.12.2024 15:03:40;12.82;
04.12.2024 15:03:42;12.82;
04.12.2024 15:03:43;12.81;
04.12.2024 15:03:48;12.81;
04.12.2024 15:03:49;12.82;
04.12.2024 15:03:50;12.81;
04.12.2024 15:03:55;12.81;
04.12.2024 15:03:56;12.82;
04.12.2024 15:03:57;12.81;
04.12.2024 15:04:04;12.81;
04.12.2024 15:04:05;12.8;
04.12.2024 15:04:06;12.81;
04.12.2024 15:04:08;12.81;
04.12.2024 15:04:09;12.8;
04.12.2024 15:04:10;12.81;
04.12.2024 15:04:11;12.81;
04.12.2024 15:04:12;12.82;
04.12.2024 15:04:13;12.81;
04.12.2024 15:04:15;12.81;
04.12.2024 15:04:16;12.8;
04.12.2024 15:04:17;12.8;
04.12.2024 15:04:18;12.81;
04.12.2024 15:04:22;12.81;
04.12.2024 15:04:23;12.8;
04.12.2024 15:04:25;12.8;
04.12.2024 15:04:26;12.79;
04.12.2024 15:04:27;12.8;
04.12.2024 15:04:28;12.81;
04.12.2024 15:04:29;12.8;
04.12.2024 15:04:30;12.81;
04.12.2024 15:04:31;12.8;
04.12.2024 15:04:32;12.81;
04.12.2024 15:04:33;12.8;
04.12.2024 15:04:34;12.8;
04.12.2024 15:04:35;12.81;
04.12.2024 15:04:36;12.81;
04.12.2024 15:04:37;12.8;
04.12.2024 15:04:38;12.81;
04.12.2024 15:04:39;12.8;
04.12.2024 15:04:40;12.81;
04.12.2024 15:04:41;12.8;
04.12.2024 15:04:47;12.8;
04.12.2024 15:04:48;12.81;
04.12.2024 15:04:49;12.8;
04.12.2024 15:04:50;12.8;
04.12.2024 15:04:51;12.81;
04.12.2024 15:04:52;12.8;
04.12.2024 15:04:54;12.8;
04.12.2024 15:04:55;12.81;
04.12.2024 15:04:58;12.81;
04.12.2024 15:04:59;12.82;
04.12.2024 15:05:00;12.81;
04.12.2024 15:05:01;12.8;
04.12.2024 15:05:02;12.81;
04.12.2024 15:05:04;12.81;
04.12.2024 15:05:05;12.8;
04.12.2024 15:05:06;12.8;
04.12.2024 15:05:07;12.81;
04.12.2024 15:05:08;12.8;
04.12.2024 15:05:09;12.79;
04.12.2024 15:05:10;12.8;
04.12.2024 15:05:11;12.81;
04.12.2024 15:05:12;12.8;
04.12.2024 15:05:14;12.8;
04.12.2024 15:05:15;12.81;
04.12.2024 15:05:16;12.8;
04.12.2024 15:05:17;12.81;
04.12.2024 15:05:18;12.8;
04.12.2024 15:05:20;12.8;
04.12.2024 15:05:21;12.79;
04.12.2024 15:05:22;12.81;
04.12.2024 15:05:24;12.81;
04.12.2024 15:05:25;12.8;
04.12.2024 15:05:27;12.8;
04.12.2024 15:05:28;12.81;
04.12.2024 15:05:29;12.8;
04.12.2024 15:05:30;12.8;
04.12.2024 15:05:31;12.79;
04.12.2024 15:05:32;12.79;
04.12.2024 15:05:33;12.8;
04.12.2024 15:05:35;12.8;
04.12.2024 15:05:36;12.81;
04.12.2024 15:05:37;12.8;
04.12.2024 15:05:38;12.81;
04.12.2024 15:05:39;12.81;
04.12.2024 15:05:40;12.8;
04.12.2024 15:05:46;12.8;
04.12.2024 15:05:47;12.81;
04.12.2024 15:05:48;12.8;
04.12.2024 15:05:50;12.8;
04.12.2024 15:05:51;12.79;
04.12.2024 15:05:52;12.8;
04.12.2024 15:05:53;12.79;
04.12.2024 15:05:54;12.8;
04.12.2024 15:05:55;12.8;
04.12.2024 15:05:56;12.79;
04.12.2024 15:05:57;12.79;
04.12.2024 15:05:58;12.8;
04.12.2024 15:06:05;12.8;
04.12.2024 15:06:06;12.79;
04.12.2024 15:06:07;12.8;
04.12.2024 15:06:08;12.8;
04.12.2024 15:06:09;12.79;
04.12.2024 15:06:10;12.8;
04.12.2024 15:06:18;12.8;
04.12.2024 15:06:19;12.79;
04.12.2024 15:06:20;12.8;
04.12.2024 15:06:21;12.81;
04.12.2024 15:06:22;12.8;
04.12.2024 15:06:28;12.8;
04.12.2024 15:06:29;12.79;
04.12.2024 15:06:30;12.79;
04.12.2024 15:06:31;12.8;
04.12.2024 15:06:32;12.8;
04.12.2024 15:06:33;12.78;
04.12.2024 15:06:34;12.79;
04.12.2024 15:06:37;12.79;
04.12.2024 15:06:38;12.8;
04.12.2024 15:06:39;12.79;
04.12.2024 15:06:40;12.8;
04.12.2024 15:06:41;12.79;
04.12.2024 15:06:49;12.79;
04.12.2024 15:06:50;12.8;
04.12.2024 15:06:51;12.79;
04.12.2024 15:06:55;12.79;
04.12.2024 15:06:56;12.8;
04.12.2024 15:06:57;12.78;
04.12.2024 15:06:58;12.78;
04.12.2024 15:06:59;12.79;
04.12.2024 15:07:00;12.78;
04.12.2024 15:07:01;12.8;
04.12.2024 15:07:02;12.79;
04.12.2024 15:07:04;12.79;
04.12.2024 15:07:05;12.78;
04.12.2024 15:07:06;12.8;
04.12.2024 15:07:07;12.79;
04.12.2024 15:07:11;12.79;
04.12.2024 15:07:12;12.8;
04.12.2024 15:07:13;12.79;
04.12.2024 15:07:14;12.78;
04.12.2024 15:07:15;12.79;
04.12.2024 15:07:20;12.79;
04.12.2024 15:07:21;12.8;
04.12.2024 15:07:22;12.79;
04.12.2024 15:07:23;12.78;
04.12.2024 15:07:24;12.79;
04.12.2024 15:07:29;12.79;
04.12.2024 15:07:30;12.8;
04.12.2024 15:07:31;12.78;
04.12.2024 15:07:32;12.79;
04.12.2024 15:07:33;12.79;
04.12.2024 15:07:34;12.78;
04.12.2024 15:07:36;12.78;
04.12.2024 15:07:37;12.79;
04.12.2024 15:07:38;12.79;
04.12.2024 15:07:39;12.78;
04.12.2024 15:07:40;12.78;
04.12.2024 15:07:41;12.79;
04.12.2024 15:07:42;12.78;
04.12.2024 15:07:44;12.78;
04.12.2024 15:07:45;12.79;
04.12.2024 15:07:46;12.79;
04.12.2024 15:07:47;12.78;
04.12.2024 15:07:53;12.78;
04.12.2024 15:07:54;12.79;
04.12.2024 15:07:55;12.79;
04.12.2024 15:07:56;12.78;
04.12.2024 15:08:00;12.78;
04.12.2024 15:08:01;12.79;
04.12.2024 15:08:02;12.79;
04.12.2024 15:08:03;12.78;
04.12.2024 15:08:04;12.79;
04.12.2024 15:08:05;12.78;
04.12.2024 15:08:06;12.78;
04.12.2024 15:08:07;12.79;
04.12.2024 15:08:08;12.79;
04.12.2024 15:08:09;12.78;
04.12.2024 15:08:10;12.79;
04.12.2024 15:08:11;12.78;
04.12.2024 15:08:12;12.78;
04.12.2024 15:08:13;12.79;
04.12.2024 15:08:14;12.78;
04.12.2024 15:08:17;12.78;
04.12.2024 15:08:18;12.77;
04.12.2024 15:08:19;12.78;
04.12.2024 15:08:20;12.79;
04.12.2024 15:08:21;12.78;
04.12.2024 15:08:22;12.77;
04.12.2024 15:08:23;12.78;
04.12.2024 15:08:25;12.78;
04.12.2024 15:08:26;12.77;
04.12.2024 15:08:27;12.78;
04.12.2024 15:08:28;12.77;
04.12.2024 15:08:29;12.78;
04.12.2024 15:08:38;12.78;
04.12.2024 15:08:39;12.77;
04.12.2024 15:08:40;12.77;
04.12.2024 15:08:41;12.78;
04.12.2024 15:08:43;12.78;
04.12.2024 15:08:44;12.77;
04.12.2024 15:08:45;12.77;
04.12.2024 15:08:46;12.78;
04.12.2024 15:08:47;12.77;
04.12.2024 15:08:48;12.78;
04.12.2024 15:08:49;12.77;
04.12.2024 15:08:54;12.77;
04.12.2024 15:08:55;12.78;
04.12.2024 15:08:56;12.78;
04.12.2024 15:08:57;12.76;
04.12.2024 15:08:58;12.77;
04.12.2024 15:09:01;12.77;
04.12.2024 15:09:02;12.76;
04.12.2024 15:09:03;12.77;
04.12.2024 15:09:05;12.77;
04.12.2024 15:09:06;12.76;
04.12.2024 15:09:07;12.77;
04.12.2024 15:09:10;12.77;
04.12.2024 15:09:11;12.78;
04.12.2024 15:09:12;12.77;
04.12.2024 15:09:13;12.77;
04.12.2024 15:09:14;12.76;
04.12.2024 15:09:15;12.77;
04.12.2024 15:09:27;12.77;
04.12.2024 15:09:28;12.78;
04.12.2024 15:09:29;12.77;
04.12.2024 15:09:30;12.76;
04.12.2024 15:09:31;12.77;
04.12.2024 15:09:37;12.77;
04.12.2024 15:09:38;12.78;
04.12.2024 15:09:39;12.77;
04.12.2024 15:09:40;12.77;
04.12.2024 15:09:41;12.78;
04.12.2024 15:09:42;12.77;
04.12.2024 15:09:48;12.77;
04.12.2024 15:09:49;12.76;
04.12.2024 15:09:50;12.77;
04.12.2024 15:09:51;12.76;
04.12.2024 15:09:53;12.76;
04.12.2024 15:09:54;12.77;
04.12.2024 15:09:55;12.76;
04.12.2024 15:09:57;12.76;
04.12.2024 15:09:58;12.77;
04.12.2024 15:09:59;12.76;
04.12.2024 15:10:01;12.76;
04.12.2024 15:10:02;12.77;
04.12.2024 15:10:03;12.77;
04.12.2024 15:10:04;12.76;
04.12.2024 15:10:13;12.76;
04.12.2024 15:10:14;12.77;
04.12.2024 15:10:15;12.77;
04.12.2024 15:10:16;12.76;
04.12.2024 15:10:27;12.76;
04.12.2024 15:10:28;12.75;
04.12.2024 15:10:29;12.75;
04.12.2024 15:10:30;12.76;
04.12.2024 15:10:33;12.76;
04.12.2024 15:10:34;12.75;
04.12.2024 15:10:35;12.76;
04.12.2024 15:10:36;12.75;
04.12.2024 15:10:37;12.76;
04.12.2024 15:10:43;12.76;
04.12.2024 15:10:44;12.75;
04.12.2024 15:10:45;12.76;
04.12.2024 15:10:46;12.75;
04.12.2024 15:10:47;12.75;
04.12.2024 15:10:48;12.76;
04.12.2024 15:10:49;12.75;
04.12.2024 15:10:52;12.75;
04.12.2024 15:10:53;12.76;
04.12.2024 15:10:54;12.75;
04.12.2024 15:10:55;12.76;
04.12.2024 15:10:56;12.75;
04.12.2024 15:10:57;12.75;
04.12.2024 15:10:58;12.76;
04.12.2024 15:10:59;12.75;
04.12.2024 15:11:00;12.76;
04.12.2024 15:11:04;12.76;
04.12.2024 15:11:05;12.75;
04.12.2024 15:11:06;12.76;
04.12.2024 15:11:07;12.76;
04.12.2024 15:11:08;12.75;
04.12.2024 15:11:09;12.76;
04.12.2024 15:11:11;12.76;
04.12.2024 15:11:12;12.75;
04.12.2024 15:11:13;12.76;
04.12.2024 15:11:14;12.76;
04.12.2024 15:11:15;12.75;
04.12.2024 15:11:16;12.75;
04.12.2024 15:11:17;12.76;
04.12.2024 15:11:18;12.76;
04.12.2024 15:11:19;12.75;
04.12.2024 15:11:20;12.75;
04.12.2024 15:11:21;12.76;
04.12.2024 15:11:22;12.75;
04.12.2024 15:11:23;12.76;
04.12.2024 15:11:24;12.75;
04.12.2024 15:11:25;12.75;
04.12.2024 15:11:26;12.76;
04.12.2024 15:11:27;12.75;
04.12.2024 15:11:30;12.75;
04.12.2024 15:11:31;12.76;
04.12.2024 15:11:32;12.75;
04.12.2024 15:11:35;12.75;
04.12.2024 15:11:36;12.76;
04.12.2024 15:11:37;12.75;
04.12.2024 15:11:41;12.75;
04.12.2024 15:11:42;12.74;
04.12.2024 15:11:43;12.74;
04.12.2024 15:11:44;12.75;
04.12.2024 15:11:45;12.75;
04.12.2024 15:11:46;12.76;
04.12.2024 15:11:47;12.75;
04.12.2024 15:11:48;12.74;
04.12.2024 15:11:49;12.74;
04.12.2024 15:11:50;12.76;
04.12.2024 15:11:51;12.76;
04.12.2024 15:11:52;12.75;
04.12.2024 15:11:53;12.74;
04.12.2024 15:11:54;12.75;
04.12.2024 15:11:55;12.75;
04.12.2024 15:11:56;12.74;
04.12.2024 15:11:57;12.75;
04.12.2024 15:11:58;12.74;
04.12.2024 15:11:59;12.75;
04.12.2024 15:12:00;12.74;
04.12.2024 15:12:01;12.75;
04.12.2024 15:12:02;12.75;
04.12.2024 15:12:03;12.74;
04.12.2024 15:12:05;12.74;
04.12.2024 15:12:06;12.75;
04.12.2024 15:12:07;12.75;
04.12.2024 15:12:08;12.74;
04.12.2024 15:12:09;12.75;
04.12.2024 15:12:10;12.75;
04.12.2024 15:12:11;12.74;
04.12.2024 15:12:19;12.74;
04.12.2024 15:12:20;12.75;
04.12.2024 15:12:21;12.75;
04.12.2024 15:12:22;12.74;
04.12.2024 15:12:23;12.74;
04.12.2024 15:12:24;12.75;
04.12.2024 15:12:25;12.75;
04.12.2024 15:12:26;12.74;
04.12.2024 15:12:27;12.73;
04.12.2024 15:12:28;12.75;
04.12.2024 15:12:29;12.74;
04.12.2024 15:12:30;12.74;
04.12.2024 15:12:31;12.75;
04.12.2024 15:12:32;12.74;
04.12.2024 15:12:33;12.74;
04.12.2024 15:12:34;12.75;
04.12.2024 15:12:35;12.74;
04.12.2024 15:12:37;12.74;
04.12.2024 15:12:38;12.75;
04.12.2024 15:12:39;12.74;
04.12.2024 15:12:40;12.74;
04.12.2024 15:12:41;12.75;
04.12.2024 15:12:42;12.74;
04.12.2024 15:12:52;12.74;
04.12.2024 15:12:53;12.73;
04.12.2024 15:12:54;12.74;
04.12.2024 15:12:55;12.73;
04.12.2024 15:12:56;12.74;
04.12.2024 15:12:57;12.73;
04.12.2024 15:12:58;12.74;
04.12.2024 15:12:59;12.74;
04.12.2024 15:13:00;12.73;
04.12.2024 15:13:01;12.74;
04.12.2024 15:13:02;12.73;
04.12.2024 15:13:03;12.73;
04.12.2024 15:13:04;12.74;
04.12.2024 15:13:05;12.73;
04.12.2024 15:13:06;12.73;
04.12.2024 15:13:07;12.74;
04.12.2024 15:13:11;12.74;
04.12.2024 15:13:12;12.75;
04.12.2024 15:13:13;12.74;
04.12.2024 15:13:14;12.75;
04.12.2024 15:13:15;12.75;
04.12.2024 15:13:16;12.74;
04.12.2024 15:13:19;12.74;
04.12.2024 15:13:20;12.75;
04.12.2024 15:13:21;12.74;
04.12.2024 15:13:22;12.74;
04.12.2024 15:13:23;12.75;
04.12.2024 15:13:24;12.74;
04.12.2024 15:13:25;12.73;
04.12.2024 15:13:26;12.74;
04.12.2024 15:13:27;12.74;
04.12.2024 15:13:28;12.75;
04.12.2024 15:13:29;12.74;
04.12.2024 15:13:30;12.74;
04.12.2024 15:13:31;12.73;
04.12.2024 15:13:32;12.74;
04.12.2024 15:13:33;12.74;
04.12.2024 15:13:34;12.73;
04.12.2024 15:13:35;12.74;
04.12.2024 15:13:36;12.74;
04.12.2024 15:13:37;12.73;
04.12.2024 15:13:39;12.73;
04.12.2024 15:13:40;12.74;
04.12.2024 15:13:41;12.73;
04.12.2024 15:13:42;12.74;
04.12.2024 15:13:43;12.73;
04.12.2024 15:13:44;12.74;
04.12.2024 15:13:45;12.73;
04.12.2024 15:13:46;12.74;
04.12.2024 15:13:47;12.73;
04.12.2024 15:13:48;12.74;
04.12.2024 15:13:49;12.73;
04.12.2024 15:13:50;12.73;
04.12.2024 15:13:51;12.74;
04.12.2024 15:13:52;12.74;
04.12.2024 15:13:53;12.73;
04.12.2024 15:13:54;12.73;
04.12.2024 15:13:55;12.74;
04.12.2024 15:13:56;12.74;
04.12.2024 15:13:57;12.73;
04.12.2024 15:14:01;12.73;
04.12.2024 15:14:02;12.74;
04.12.2024 15:14:03;12.73;
04.12.2024 15:14:05;12.73;
04.12.2024 15:14:06;12.74;
04.12.2024 15:14:07;12.72;
04.12.2024 15:14:08;12.74;
04.12.2024 15:14:09;12.73;
04.12.2024 15:14:20;12.73;
04.12.2024 15:14:21;12.72;
04.12.2024 15:14:22;12.72;
04.12.2024 15:14:23;12.73;
04.12.2024 15:14:32;12.73;
04.12.2024 15:14:33;12.72;
04.12.2024 15:14:36;12.72;
04.12.2024 15:14:37;12.73;
04.12.2024 15:14:39;12.73;
04.12.2024 15:14:40;12.72;
04.12.2024 15:14:43;12.72;
04.12.2024 15:14:44;12.73;
04.12.2024 15:14:45;12.73;
04.12.2024 15:14:46;12.72;
04.12.2024 15:14:49;12.72;
04.12.2024 15:14:50;12.73;
04.12.2024 15:14:51;12.72;
04.12.2024 15:14:57;12.72;
04.12.2024 15:14:58;12.73;
04.12.2024 15:14:59;12.72;
04.12.2024 15:15:01;12.72;
04.12.2024 15:15:02;12.73;
04.12.2024 15:15:03;12.73;
04.12.2024 15:15:04;12.72;
04.12.2024 15:15:14;12.72;
04.12.2024 15:15:15;12.73;
04.12.2024 15:15:16;12.72;
04.12.2024 15:15:21;12.72;
04.12.2024 15:15:22;12.73;
04.12.2024 15:15:23;12.72;
04.12.2024 15:15:26;12.72;
04.12.2024 15:15:27;12.71;
04.12.2024 15:15:28;12.72;
04.12.2024 15:15:31;12.72;
04.12.2024 15:15:32;12.73;
04.12.2024 15:15:33;12.72;
04.12.2024 15:15:39;12.72;
04.12.2024 15:15:40;12.73;
04.12.2024 15:15:41;12.72;
04.12.2024 15:15:52;12.72;
04.12.2024 15:15:53;12.71;
04.12.2024 15:15:54;12.71;
04.12.2024 15:15:55;12.72;
04.12.2024 15:15:58;12.72;
04.12.2024 15:15:59;12.73;
04.12.2024 15:16:00;12.73;
04.12.2024 15:16:01;12.72;
04.12.2024 15:16:02;12.71;
04.12.2024 15:16:03;12.72;
04.12.2024 15:16:05;12.72;
04.12.2024 15:16:06;12.71;
04.12.2024 15:16:07;12.71;
04.12.2024 15:16:08;12.72;
04.12.2024 15:16:12;12.72;
04.12.2024 15:16:13;12.71;
04.12.2024 15:16:14;12.72;
04.12.2024 15:16:21;12.72;
04.12.2024 15:16:22;12.71;
04.12.2024 15:16:23;12.71;
04.12.2024 15:16:24;12.72;
04.12.2024 15:16:25;12.72;
04.12.2024 15:16:26;12.71;
04.12.2024 15:16:27;12.72;
04.12.2024 15:16:28;12.71;
04.12.2024 15:16:29;12.71;
04.12.2024 15:16:30;12.72;
04.12.2024 15:16:31;12.71;
04.12.2024 15:16:33;12.71;
04.12.2024 15:16:34;12.72;
04.12.2024 15:16:35;12.71;
04.12.2024 15:16:36;12.71;
04.12.2024 15:16:37;12.72;
04.12.2024 15:16:38;12.71;
04.12.2024 15:16:39;12.72;
04.12.2024 15:16:40;12.71;
04.12.2024 15:16:41;12.72;
04.12.2024 15:16:43;12.72;
04.12.2024 15:16:44;12.73;
04.12.2024 15:16:45;12.71;
04.12.2024 15:16:46;12.71;
04.12.2024 15:16:47;12.72;
04.12.2024 15:16:48;12.72;
04.12.2024 15:16:49;12.71;
04.12.2024 15:16:50;12.71;
04.12.2024 15:16:51;12.72;
04.12.2024 15:16:52;12.71;
04.12.2024 15:16:55;12.71;
04.12.2024 15:16:56;12.72;
04.12.2024 15:16:57;12.72;
04.12.2024 15:16:58;12.71;
04.12.2024 15:16:59;12.72;
04.12.2024 15:17:00;12.72;
04.12.2024 15:17:01;12.71;
04.12.2024 15:17:10;12.71;
04.12.2024 15:17:11;12.7;
04.12.2024 15:17:12;12.71;
04.12.2024 15:17:13;12.7;
04.12.2024 15:17:14;12.71;
04.12.2024 15:17:16;12.71;
04.12.2024 15:17:17;12.72;
04.12.2024 15:17:18;12.71;
04.12.2024 15:17:21;12.71;
04.12.2024 15:17:22;12.7;
04.12.2024 15:17:23;12.71;
04.12.2024 15:17:28;12.71;
04.12.2024 15:17:29;12.7;
04.12.2024 15:17:30;12.71;
04.12.2024 15:17:32;12.71;
04.12.2024 15:17:33;12.7;
04.12.2024 15:17:34;12.7;
04.12.2024 15:17:35;12.71;
04.12.2024 15:17:36;12.7;
04.12.2024 15:17:38;12.7;
04.12.2024 15:17:39;12.71;
04.12.2024 15:17:41;12.71;
04.12.2024 15:17:42;12.7;
04.12.2024 15:17:48;12.7;
04.12.2024 15:17:49;12.71;
04.12.2024 15:17:50;12.7;
04.12.2024 15:17:51;12.71;
04.12.2024 15:17:58;12.71;
04.12.2024 15:17:59;12.7;
04.12.2024 15:18:00;12.71;
04.12.2024 15:18:01;12.7;
04.12.2024 15:18:02;12.71;
04.12.2024 15:18:06;12.71;
04.12.2024 15:18:07;12.7;
04.12.2024 15:18:08;12.7;
04.12.2024 15:18:09;12.69;
04.12.2024 15:18:10;12.71;
04.12.2024 15:18:11;12.71;
04.12.2024 15:18:12;12.7;
04.12.2024 15:18:13;12.71;
04.12.2024 15:18:14;12.7;
04.12.2024 15:18:18;12.7;
04.12.2024 15:18:19;12.69;
04.12.2024 15:18:20;12.7;
04.12.2024 15:18:29;12.7;
04.12.2024 15:18:30;12.71;
04.12.2024 15:18:31;12.7;
04.12.2024 15:18:32;12.71;
04.12.2024 15:18:33;12.7;
04.12.2024 15:18:41;12.7;
04.12.2024 15:18:42;12.69;
04.12.2024 15:18:43;12.7;
04.12.2024 15:18:51;12.7;
04.12.2024 15:18:52;12.69;
04.12.2024 15:18:53;12.7;
04.12.2024 15:18:58;12.7;
04.12.2024 15:18:59;12.69;
04.12.2024 15:19:00;12.7;
04.12.2024 15:19:03;12.7;
04.12.2024 15:19:04;12.69;
04.12.2024 15:19:05;12.7;
04.12.2024 15:19:06;12.69;
04.12.2024 15:19:07;12.69;
04.12.2024 15:19:08;12.7;
04.12.2024 15:19:12;12.7;
04.12.2024 15:19:13;12.69;
04.12.2024 15:19:17;12.69;
04.12.2024 15:19:18;12.7;
04.12.2024 15:19:19;12.7;
04.12.2024 15:19:20;12.69;
04.12.2024 15:19:21;12.7;
04.12.2024 15:19:25;12.7;
04.12.2024 15:19:26;12.69;
04.12.2024 15:19:27;12.69;
04.12.2024 15:19:28;12.7;
04.12.2024 15:19:30;12.7;
04.12.2024 15:19:31;12.69;
04.12.2024 15:19:38;12.69;
04.12.2024 15:19:39;12.7;
04.12.2024 15:19:40;12.69;
04.12.2024 15:19:41;12.69;
04.12.2024 15:19:42;12.7;
04.12.2024 15:19:43;12.7;
04.12.2024 15:19:44;12.69;
04.12.2024 15:19:45;12.69;
04.12.2024 15:19:46;12.7;
04.12.2024 15:19:47;12.69;
04.12.2024 15:19:54;12.69;
04.12.2024 15:19:55;12.68;
04.12.2024 15:19:56;12.68;
04.12.2024 15:19:57;12.69;
04.12.2024 15:19:58;12.69;
04.12.2024 15:19:59;12.68;
04.12.2024 15:20:00;12.68;
04.12.2024 15:20:01;12.69;
04.12.2024 15:20:02;12.68;
04.12.2024 15:20:03;12.69;
04.12.2024 15:20:05;12.69;
04.12.2024 15:20:06;12.68;
04.12.2024 15:20:07;12.69;
04.12.2024 15:20:08;12.68;
04.12.2024 15:20:09;12.68;
04.12.2024 15:20:10;12.69;
04.12.2024 15:20:13;12.69;
04.12.2024 15:20:14;12.68;
04.12.2024 15:20:15;12.69;
04.12.2024 15:20:16;12.69;
04.12.2024 15:20:17;12.68;
04.12.2024 15:20:18;12.69;
04.12.2024 15:20:19;12.68;
04.12.2024 15:20:20;12.69;
04.12.2024 15:20:22;12.69;
04.12.2024 15:20:23;12.7;
04.12.2024 15:20:24;12.68;
04.12.2024 15:20:25;12.69;
04.12.2024 15:20:28;12.69;
04.12.2024 15:20:29;12.68;
04.12.2024 15:20:30;12.69;
04.12.2024 15:20:35;12.69;
04.12.2024 15:20:36;12.68;
04.12.2024 15:20:41;12.68;
04.12.2024 15:20:42;12.69;
04.12.2024 15:20:43;12.68;
04.12.2024 15:20:45;12.68;
04.12.2024 15:20:46;12.69;
04.12.2024 15:20:47;12.68;
04.12.2024 15:21:01;12.68;
04.12.2024 15:21:02;12.69;
04.12.2024 15:21:03;12.68;
04.12.2024 15:21:09;12.68;
04.12.2024 15:21:10;12.67;
04.12.2024 15:21:11;12.67;
04.12.2024 15:21:12;12.68;
04.12.2024 15:21:18;12.68;
04.12.2024 15:21:19;12.69;
04.12.2024 15:21:20;12.68;
04.12.2024 15:21:24;12.68;
04.12.2024 15:21:25;12.67;
04.12.2024 15:21:26;12.67;
04.12.2024 15:21:27;12.68;
04.12.2024 15:21:31;12.68;
04.12.2024 15:21:32;12.67;
04.12.2024 15:21:35;12.67;
04.12.2024 15:21:36;12.68;
04.12.2024 15:21:39;12.68;
04.12.2024 15:21:40;12.67;
04.12.2024 15:21:42;12.67;
04.12.2024 15:21:43;12.66;
04.12.2024 15:21:44;12.66;
04.12.2024 15:21:45;12.67;
04.12.2024 15:21:50;12.67;
04.12.2024 15:21:51;12.66;
04.12.2024 15:21:52;12.67;
04.12.2024 15:21:53;12.68;
04.12.2024 15:21:54;12.67;
04.12.2024 15:21:55;12.68;
04.12.2024 15:21:57;12.68;
04.12.2024 15:21:58;12.67;
04.12.2024 15:21:59;12.68;
04.12.2024 15:22:01;12.68;
04.12.2024 15:22:02;12.67;
04.12.2024 15:22:06;12.67;
04.12.2024 15:22:07;12.68;
04.12.2024 15:22:08;12.67;
04.12.2024 15:22:24;12.67;
04.12.2024 15:22:25;12.66;
04.12.2024 15:22:26;12.67;
04.12.2024 15:22:35;12.67;
04.12.2024 15:22:36;12.66;
04.12.2024 15:22:37;12.67;
04.12.2024 15:22:39;12.67;
04.12.2024 15:22:40;12.66;
04.12.2024 15:22:41;12.67;
04.12.2024 15:22:42;12.66;
04.12.2024 15:22:43;12.67;
04.12.2024 15:22:44;12.66;
04.12.2024 15:22:47;12.66;
04.12.2024 15:22:48;12.67;
04.12.2024 15:22:49;12.66;
04.12.2024 15:22:50;12.66;
04.12.2024 15:22:51;12.67;
04.12.2024 15:22:52;12.67;
04.12.2024 15:22:53;12.66;
04.12.2024 15:22:54;12.67;
04.12.2024 15:22:56;12.67;
04.12.2024 15:22:57;12.66;
04.12.2024 15:22:58;12.66;
04.12.2024 15:22:59;12.67;
04.12.2024 15:23:00;12.67;
04.12.2024 15:23:01;12.66;
04.12.2024 15:23:02;12.67;
04.12.2024 15:23:03;12.67;
04.12.2024 15:23:04;12.66;
04.12.2024 15:23:05;12.66;
04.12.2024 15:23:06;12.67;
04.12.2024 15:23:07;12.66;
04.12.2024 15:23:08;12.67;
04.12.2024 15:23:09;12.66;
04.12.2024 15:23:10;12.67;
04.12.2024 15:23:11;12.67;
04.12.2024 15:23:12;12.66;
04.12.2024 15:23:15;12.66;
04.12.2024 15:23:16;12.65;
04.12.2024 15:23:17;12.66;
04.12.2024 15:23:18;12.66;
04.12.2024 15:23:19;12.65;
04.12.2024 15:23:20;12.66;
04.12.2024 15:23:21;12.65;
04.12.2024 15:23:22;12.66;
04.12.2024 15:23:34;12.66;
04.12.2024 15:23:35;12.67;
04.12.2024 15:23:36;12.66;
04.12.2024 15:23:40;12.66;
04.12.2024 15:23:41;12.65;
04.12.2024 15:23:42;12.66;
04.12.2024 15:23:47;12.66;
04.12.2024 15:23:48;12.65;
04.12.2024 15:23:49;12.66;
04.12.2024 15:23:50;12.65;
04.12.2024 15:23:51;12.66;
04.12.2024 15:23:57;12.66;
04.12.2024 15:23:58;12.65;
04.12.2024 15:23:59;12.67;
04.12.2024 15:24:00;12.66;
04.12.2024 15:24:01;12.65;
04.12.2024 15:24:02;12.66;
04.12.2024 15:24:03;12.65;
04.12.2024 15:24:04;12.66;
04.12.2024 15:24:05;12.65;
04.12.2024 15:24:06;12.65;
04.12.2024 15:24:07;12.66;
04.12.2024 15:24:08;12.66;
04.12.2024 15:24:09;12.65;
04.12.2024 15:24:10;12.66;
04.12.2024 15:24:12;12.66;
04.12.2024 15:24:13;12.65;
04.12.2024 15:24:14;12.66;
04.12.2024 15:24:15;12.65;
04.12.2024 15:24:18;12.65;
04.12.2024 15:24:19;12.66;
04.12.2024 15:24:20;12.65;
04.12.2024 15:24:21;12.65;
04.12.2024 15:24:22;12.66;
04.12.2024 15:24:23;12.65;
04.12.2024 15:24:26;12.65;
04.12.2024 15:24:27;12.66;
04.12.2024 15:24:28;12.65;
04.12.2024 15:24:31;12.65;
04.12.2024 15:24:32;12.66;
04.12.2024 15:24:33;12.64;
04.12.2024 15:24:34;12.65;
04.12.2024 15:24:35;12.65;
04.12.2024 15:24:36;12.64;
04.12.2024 15:24:38;12.64;
04.12.2024 15:24:39;12.65;
04.12.2024 15:24:40;12.64;
04.12.2024 15:24:41;12.65;
04.12.2024 15:24:42;12.64;
04.12.2024 15:24:43;12.65;
04.12.2024 15:24:44;12.65;
04.12.2024 15:24:45;12.64;
04.12.2024 15:24:46;12.65;
04.12.2024 15:24:49;12.65;
04.12.2024 15:24:50;12.66;
04.12.2024 15:24:51;12.65;
04.12.2024 15:24:54;12.65;
04.12.2024 15:24:55;12.66;
04.12.2024 15:24:56;12.65;
04.12.2024 15:24:57;12.66;
04.12.2024 15:24:58;12.66;
04.12.2024 15:24:59;12.65;
04.12.2024 15:25:05;12.65;
04.12.2024 15:25:06;12.66;
04.12.2024 15:25:07;12.65;
04.12.2024 15:25:10;12.65;
04.12.2024 15:25:11;12.64;
04.12.2024 15:25:12;12.65;
04.12.2024 15:25:13;12.65;
04.12.2024 15:25:14;12.64;
04.12.2024 15:25:15;12.64;
04.12.2024 15:25:16;12.65;
04.12.2024 15:25:17;12.65;
04.12.2024 15:25:18;12.64;
04.12.2024 15:25:19;12.64;
04.12.2024 15:25:20;12.65;
04.12.2024 15:25:21;12.64;
04.12.2024 15:25:22;12.65;
04.12.2024 15:25:24;12.65;
04.12.2024 15:25:25;12.64;
04.12.2024 15:25:26;12.64;
04.12.2024 15:25:27;12.65;
04.12.2024 15:25:28;12.65;
04.12.2024 15:25:29;12.64;
04.12.2024 15:25:30;12.65;
04.12.2024 15:25:31;12.64;
04.12.2024 15:25:32;12.65;
04.12.2024 15:25:34;12.65;
04.12.2024 15:25:35;12.64;
04.12.2024 15:25:36;12.64;
04.12.2024 15:25:37;12.65;
04.12.2024 15:25:38;12.65;
04.12.2024 15:25:39;12.64;
04.12.2024 15:25:40;12.65;
04.12.2024 15:25:41;12.65;
04.12.2024 15:25:42;12.64;
04.12.2024 15:25:43;12.65;
04.12.2024 15:25:44;12.64;
04.12.2024 15:25:47;12.64;
04.12.2024 15:25:48;12.65;
04.12.2024 15:25:49;12.64;
04.12.2024 15:25:52;12.64;
04.12.2024 15:25:53;12.65;
04.12.2024 15:25:54;12.64;
04.12.2024 15:25:55;12.64;
04.12.2024 15:25:56;12.65;
04.12.2024 15:25:57;12.65;
04.12.2024 15:25:58;12.64;
04.12.2024 15:26:03;12.64;
04.12.2024 15:26:04;12.65;
04.12.2024 15:26:05;12.64;
04.12.2024 15:26:06;12.64;
04.12.2024 15:26:07;12.63;
04.12.2024 15:26:08;12.64;
04.12.2024 15:26:14;12.64;
04.12.2024 15:26:15;12.63;
04.12.2024 15:26:16;12.64;
04.12.2024 15:26:18;12.64;
04.12.2024 15:26:19;12.63;
04.12.2024 15:26:20;12.63;
04.12.2024 15:26:21;12.64;
04.12.2024 15:26:22;12.63;
04.12.2024 15:26:23;12.64;
04.12.2024 15:26:24;12.63;
04.12.2024 15:26:25;12.63;
04.12.2024 15:26:26;12.64;
04.12.2024 15:26:27;12.64;
04.12.2024 15:26:28;12.63;
04.12.2024 15:26:30;12.63;
04.12.2024 15:26:31;12.64;
04.12.2024 15:26:32;12.63;
04.12.2024 15:26:33;12.64;
04.12.2024 15:26:34;12.64;
04.12.2024 15:26:35;12.63;
04.12.2024 15:26:36;12.64;
04.12.2024 15:26:37;12.63;
04.12.2024 15:26:38;12.64;
04.12.2024 15:26:42;12.64;
04.12.2024 15:26:43;12.63;
04.12.2024 15:26:44;12.64;
04.12.2024 15:26:47;12.64;
04.12.2024 15:26:48;12.63;
04.12.2024 15:26:52;12.63;
04.12.2024 15:26:53;12.64;
04.12.2024 15:26:55;12.64;
04.12.2024 15:26:56;12.63;
04.12.2024 15:26:57;12.63;
04.12.2024 15:26:58;12.64;
04.12.2024 15:27:00;12.64;
04.12.2024 15:27:01;12.63;
04.12.2024 15:27:02;12.65;
04.12.2024 15:27:03;12.64;
04.12.2024 15:27:04;12.64;
04.12.2024 15:27:05;12.63;
04.12.2024 15:27:06;12.63;
04.12.2024 15:27:07;12.64;
04.12.2024 15:27:08;12.64;
04.12.2024 15:27:09;12.63;
04.12.2024 15:27:10;12.64;
04.12.2024 15:27:11;12.63;
04.12.2024 15:27:12;12.63;
04.12.2024 15:27:13;12.64;
04.12.2024 15:27:14;12.63;
04.12.2024 15:27:18;12.63;
04.12.2024 15:27:19;12.64;
04.12.2024 15:27:20;12.63;
04.12.2024 15:27:21;12.63;
04.12.2024 15:27:22;12.64;
04.12.2024 15:27:23;12.63;
04.12.2024 15:27:24;12.64;
04.12.2024 15:27:25;12.63;
04.12.2024 15:27:27;12.63;
04.12.2024 15:27:28;12.64;
04.12.2024 15:27:29;12.63;
04.12.2024 15:27:47;12.63;
04.12.2024 15:27:48;12.64;
04.12.2024 15:27:49;12.63;
04.12.2024 15:27:50;12.62;
04.12.2024 15:27:51;12.63;
04.12.2024 15:27:52;12.62;
04.12.2024 15:27:54;12.62;
04.12.2024 15:27:55;12.63;
04.12.2024 15:27:56;12.63;
04.12.2024 15:27:57;12.62;
04.12.2024 15:27:59;12.62;
04.12.2024 15:28:00;12.63;
04.12.2024 15:28:01;12.62;
04.12.2024 15:28:02;12.63;
04.12.2024 15:28:03;12.62;
04.12.2024 15:28:04;12.63;
04.12.2024 15:28:05;12.63;
04.12.2024 15:28:06;12.62;
04.12.2024 15:28:09;12.62;
04.12.2024 15:28:10;12.63;
04.12.2024 15:28:15;12.63;
04.12.2024 15:28:16;12.62;
04.12.2024 15:28:17;12.63;
04.12.2024 15:28:22;12.63;
04.12.2024 15:28:23;12.62;
04.12.2024 15:28:24;12.62;
04.12.2024 15:28:25;12.63;
04.12.2024 15:28:26;12.63;
04.12.2024 15:28:27;12.62;
04.12.2024 15:28:29;12.62;
04.12.2024 15:28:30;12.63;
04.12.2024 15:28:31;12.62;
04.12.2024 15:28:33;12.62;
04.12.2024 15:28:34;12.63;
04.12.2024 15:28:35;12.62;
04.12.2024 15:28:36;12.62;
04.12.2024 15:28:37;12.63;
04.12.2024 15:28:38;12.63;
04.12.2024 15:28:39;12.62;
04.12.2024 15:28:43;12.62;
04.12.2024 15:28:44;12.63;
04.12.2024 15:28:45;12.62;
04.12.2024 15:28:46;12.63;
04.12.2024 15:28:47;12.63;
04.12.2024 15:28:48;12.61;
04.12.2024 15:28:49;12.62;
04.12.2024 15:28:50;12.61;
04.12.2024 15:28:51;12.62;
04.12.2024 15:29:01;12.62;
04.12.2024 15:29:02;12.61;
04.12.2024 15:29:03;12.61;
04.12.2024 15:29:04;12.62;
04.12.2024 15:29:05;12.61;
04.12.2024 15:29:06;12.61;
04.12.2024 15:29:07;12.62;
04.12.2024 15:29:08;12.61;
04.12.2024 15:29:09;12.61;
04.12.2024 15:29:10;12.62;
04.12.2024 15:29:11;12.61;
04.12.2024 15:29:12;12.62;
04.12.2024 15:29:13;12.61;
04.12.2024 15:29:16;12.61;
04.12.2024 15:29:17;12.62;
04.12.2024 15:29:18;12.62;
04.12.2024 15:29:19;12.61;
04.12.2024 15:29:20;12.62;
04.12.2024 15:29:21;12.61;
04.12.2024 15:29:22;12.62;
04.12.2024 15:29:23;12.61;
04.12.2024 15:29:24;12.61;
04.12.2024 15:29:25;12.62;
04.12.2024 15:29:26;12.62;
04.12.2024 15:29:27;12.61;
04.12.2024 15:29:28;12.62;
04.12.2024 15:29:29;12.62;
04.12.2024 15:29:30;12.61;
04.12.2024 15:29:31;12.61;
04.12.2024 15:29:32;12.62;
04.12.2024 15:29:34;12.62;
04.12.2024 15:29:35;12.61;
04.12.2024 15:29:36;12.61;
04.12.2024 15:29:37;12.62;
04.12.2024 15:29:38;12.62;
04.12.2024 15:29:39;12.61;
04.12.2024 15:29:40;12.61;
04.12.2024 15:29:41;12.62;
04.12.2024 15:29:42;12.61;
04.12.2024 15:29:43;12.62;
04.12.2024 15:29:44;12.61;
04.12.2024 15:29:45;12.62;
04.12.2024 15:29:46;12.61;
04.12.2024 15:29:47;12.6;
04.12.2024 15:29:48;12.61;
04.12.2024 15:29:49;12.61;
04.12.2024 15:29:50;12.62;
04.12.2024 15:29:51;12.61;
04.12.2024 15:29:53;12.61;
04.12.2024 15:29:54;12.6;
04.12.2024 15:29:55;12.61;
04.12.2024 15:30:01;12.61;
04.12.2024 15:30:02;12.6;
04.12.2024 15:30:03;12.61;
04.12.2024 15:30:06;12.61;
04.12.2024 15:30:07;12.62;
04.12.2024 15:30:08;12.62;
04.12.2024 15:30:09;12.61;
04.12.2024 15:30:10;12.61;
04.12.2024 15:30:11;12.62;
04.12.2024 15:30:12;12.61;
04.12.2024 15:30:18;12.61;
04.12.2024 15:30:19;12.6;
04.12.2024 15:30:20;12.61;
04.12.2024 15:30:25;12.61;
04.12.2024 15:30:26;12.6;
04.12.2024 15:30:27;12.6;
04.12.2024 15:30:28;12.61;
04.12.2024 15:30:29;12.6;
04.12.2024 15:30:30;12.61;
04.12.2024 15:30:36;12.61;
04.12.2024 15:30:37;12.62;
04.12.2024 15:30:38;12.61;
04.12.2024 15:30:41;12.61;
04.12.2024 15:30:42;12.6;
04.12.2024 15:30:43;12.61;
04.12.2024 15:30:48;12.61;
04.12.2024 15:30:49;12.62;
04.12.2024 15:30:50;12.61;
04.12.2024 15:30:51;12.61;
04.12.2024 15:30:52;12.6;
04.12.2024 15:30:53;12.61;
04.12.2024 15:30:54;12.61;
04.12.2024 15:30:55;12.6;
04.12.2024 15:30:56;12.61;
04.12.2024 15:30:59;12.61;
04.12.2024 15:31:00;12.6;
04.12.2024 15:31:01;12.61;
04.12.2024 15:31:02;12.6;
04.12.2024 15:31:03;12.6;
04.12.2024 15:31:04;12.61;
04.12.2024 15:31:05;12.6;
04.12.2024 15:31:06;12.6;
04.12.2024 15:31:07;12.61;
04.12.2024 15:31:08;12.6;
04.12.2024 15:31:09;12.61;
04.12.2024 15:31:10;12.61;
04.12.2024 15:31:11;12.6;
04.12.2024 15:31:13;12.6;
04.12.2024 15:31:14;12.61;
04.12.2024 15:31:15;12.6;
04.12.2024 15:31:16;12.59;
04.12.2024 15:31:17;12.6;
04.12.2024 15:31:24;12.6;
04.12.2024 15:31:25;12.59;
04.12.2024 15:31:26;12.6;
04.12.2024 15:31:28;12.6;
04.12.2024 15:31:29;12.59;
04.12.2024 15:31:30;12.6;
04.12.2024 15:31:31;12.59;
04.12.2024 15:31:32;12.6;
04.12.2024 15:31:34;12.6;
04.12.2024 15:31:35;12.61;
04.12.2024 15:31:36;12.6;
04.12.2024 15:31:39;12.6;
04.12.2024 15:31:40;12.59;
04.12.2024 15:31:41;12.6;
04.12.2024 15:31:44;12.6;
04.12.2024 15:31:45;12.61;
04.12.2024 15:31:46;12.6;
04.12.2024 15:31:47;12.59;
04.12.2024 15:31:48;12.59;
04.12.2024 15:31:49;12.6;
04.12.2024 15:31:50;12.6;
04.12.2024 15:31:51;12.61;
04.12.2024 15:31:52;12.6;
04.12.2024 15:31:56;12.6;
04.12.2024 15:31:57;12.59;
04.12.2024 15:31:58;12.6;
04.12.2024 15:32:00;12.6;
04.12.2024 15:32:01;12.59;
04.12.2024 15:32:03;12.59;
04.12.2024 15:32:04;12.6;
04.12.2024 15:32:05;12.59;
04.12.2024 15:32:06;12.6;
04.12.2024 15:32:09;12.6;
04.12.2024 15:32:10;12.59;
04.12.2024 15:32:11;12.6;
04.12.2024 15:32:12;12.61;
04.12.2024 15:32:13;12.6;
04.12.2024 15:32:14;12.6;
04.12.2024 15:32:15;12.59;
04.12.2024 15:32:16;12.6;
04.12.2024 15:32:21;12.6;
04.12.2024 15:32:22;12.59;
04.12.2024 15:32:23;12.59;
04.12.2024 15:32:24;12.6;
04.12.2024 15:32:26;12.6;
04.12.2024 15:32:27;12.59;
04.12.2024 15:32:28;12.6;
04.12.2024 15:32:29;12.59;
04.12.2024 15:32:31;12.59;
04.12.2024 15:32:32;12.58;
04.12.2024 15:32:33;12.59;
04.12.2024 15:32:40;12.59;
04.12.2024 15:32:41;12.6;
04.12.2024 15:32:42;12.59;
04.12.2024 15:32:43;12.59;
04.12.2024 15:32:44;12.6;
04.12.2024 15:32:45;12.6;
04.12.2024 15:32:46;12.59;
04.12.2024 15:32:51;12.59;
04.12.2024 15:32:52;12.58;
04.12.2024 15:32:53;12.59;
04.12.2024 15:33:00;12.59;
04.12.2024 15:33:01;12.58;
04.12.2024 15:33:02;12.59;
04.12.2024 15:33:07;12.59;
04.12.2024 15:33:08;12.58;
04.12.2024 15:33:09;12.59;
04.12.2024 15:33:14;12.59;
04.12.2024 15:33:15;12.58;
04.12.2024 15:33:16;12.59;
04.12.2024 15:33:18;12.59;
04.12.2024 15:33:19;12.58;
04.12.2024 15:33:20;12.59;
04.12.2024 15:33:21;12.58;
04.12.2024 15:33:22;12.59;
04.12.2024 15:33:23;12.59;
04.12.2024 15:33:24;12.58;
04.12.2024 15:33:27;12.58;
04.12.2024 15:33:28;12.59;
04.12.2024 15:33:29;12.58;
04.12.2024 15:33:30;12.58;
04.12.2024 15:33:31;12.59;
04.12.2024 15:33:32;12.58;
04.12.2024 15:33:33;12.58;
04.12.2024 15:33:34;12.59;
04.12.2024 15:33:35;12.59;
04.12.2024 15:33:36;12.58;
04.12.2024 15:33:37;12.59;
04.12.2024 15:33:38;12.59;
04.12.2024 15:33:39;12.58;
04.12.2024 15:33:47;12.58;
04.12.2024 15:33:48;12.57;
04.12.2024 15:33:49;12.58;
04.12.2024 15:33:55;12.58;
04.12.2024 15:33:56;12.59;
04.12.2024 15:33:57;12.58;
04.12.2024 15:34:02;12.58;
04.12.2024 15:34:03;12.59;
04.12.2024 15:34:04;12.58;
04.12.2024 15:34:05;12.57;
04.12.2024 15:34:08;12.57;
04.12.2024 15:34:09;12.58;
04.12.2024 15:34:15;12.58;
04.12.2024 15:34:16;12.57;
04.12.2024 15:34:17;12.57;
04.12.2024 15:34:18;12.58;
04.12.2024 15:34:20;12.58;
04.12.2024 15:34:21;12.57;
04.12.2024 15:34:23;12.57;
04.12.2024 15:34:24;12.58;
04.12.2024 15:34:25;12.57;
04.12.2024 15:34:26;12.58;
04.12.2024 15:34:28;12.58;
04.12.2024 15:34:29;12.57;
04.12.2024 15:34:30;12.58;
04.12.2024 15:34:32;12.58;
04.12.2024 15:34:33;12.57;
04.12.2024 15:34:34;12.58;
04.12.2024 15:34:35;12.57;
04.12.2024 15:34:36;12.58;
04.12.2024 15:34:39;12.58;
04.12.2024 15:34:40;12.57;
04.12.2024 15:34:41;12.58;
04.12.2024 15:34:42;12.57;
04.12.2024 15:34:43;12.57;
04.12.2024 15:34:44;12.58;
04.12.2024 15:34:45;12.58;
04.12.2024 15:34:46;12.57;
04.12.2024 15:34:47;12.57;
04.12.2024 15:34:48;12.58;
04.12.2024 15:34:49;12.59;
04.12.2024 15:34:50;12.57;
04.12.2024 15:34:52;12.57;
04.12.2024 15:34:53;12.58;
04.12.2024 15:34:55;12.58;
04.12.2024 15:34:56;12.57;
04.12.2024 15:34:57;12.58;
04.12.2024 15:34:58;12.57;
04.12.2024 15:35:01;12.57;
04.12.2024 15:35:02;12.58;
04.12.2024 15:35:03;12.58;
04.12.2024 15:35:04;12.57;
04.12.2024 15:35:05;12.58;
04.12.2024 15:35:07;12.58;
04.12.2024 15:35:08;12.57;
04.12.2024 15:35:09;12.57;
04.12.2024 15:35:10;12.58;
04.12.2024 15:35:11;12.58;
04.12.2024 15:35:12;12.57;
04.12.2024 15:35:13;12.57;
04.12.2024 15:35:14;12.58;
04.12.2024 15:35:15;12.57;
04.12.2024 15:35:16;12.56;
04.12.2024 15:35:17;12.58;
04.12.2024 15:35:23;12.58;
04.12.2024 15:35:24;12.57;
04.12.2024 15:35:25;12.57;
04.12.2024 15:35:26;12.56;
04.12.2024 15:35:27;12.58;
04.12.2024 15:35:28;12.57;
04.12.2024 15:35:32;12.57;
04.12.2024 15:35:33;12.56;
04.12.2024 15:35:35;12.56;
04.12.2024 15:35:36;12.57;
04.12.2024 15:35:37;12.57;
04.12.2024 15:35:38;12.58;
04.12.2024 15:35:39;12.57;
04.12.2024 15:35:42;12.57;
04.12.2024 15:35:43;12.58;
04.12.2024 15:35:44;12.58;
04.12.2024 15:35:45;12.57;
04.12.2024 15:35:53;12.57;
04.12.2024 15:35:54;12.58;
04.12.2024 15:35:55;12.56;
04.12.2024 15:35:56;12.57;
04.12.2024 15:35:57;12.56;
04.12.2024 15:35:58;12.57;
04.12.2024 15:35:59;12.57;
04.12.2024 15:36:00;12.56;
04.12.2024 15:36:01;12.57;
04.12.2024 15:36:02;12.56;
04.12.2024 15:36:03;12.57;
04.12.2024 15:36:04;12.56;
04.12.2024 15:36:05;12.57;
04.12.2024 15:36:06;12.56;
04.12.2024 15:36:09;12.56;
04.12.2024 15:36:10;12.57;
04.12.2024 15:36:11;12.56;
04.12.2024 15:36:12;12.56;
04.12.2024 15:36:13;12.57;
04.12.2024 15:36:14;12.56;
04.12.2024 15:36:15;12.57;
04.12.2024 15:36:16;12.56;
04.12.2024 15:36:18;12.56;
04.12.2024 15:36:19;12.57;
04.12.2024 15:36:20;12.56;
04.12.2024 15:36:21;12.57;
04.12.2024 15:36:22;12.56;
04.12.2024 15:36:23;12.57;
04.12.2024 15:36:24;12.57;
04.12.2024 15:36:25;12.55;
04.12.2024 15:36:26;12.56;
04.12.2024 15:36:29;12.56;
04.12.2024 15:36:30;12.55;
04.12.2024 15:36:31;12.56;
04.12.2024 15:36:32;12.57;
04.12.2024 15:36:33;12.56;
04.12.2024 15:36:50;12.56;
04.12.2024 15:36:51;12.55;
04.12.2024 15:36:52;12.56;
04.12.2024 15:36:54;12.56;
04.12.2024 15:36:55;12.55;
04.12.2024 15:36:56;12.56;
04.12.2024 15:36:57;12.56;
04.12.2024 15:36:58;12.55;
04.12.2024 15:36:59;12.56;
04.12.2024 15:37:00;12.57;
04.12.2024 15:37:01;12.56;
04.12.2024 15:37:02;12.57;
04.12.2024 15:37:03;12.56;
04.12.2024 15:37:04;12.55;
04.12.2024 15:37:05;12.55;
04.12.2024 15:37:06;12.56;
04.12.2024 15:37:07;12.56;
04.12.2024 15:37:08;12.55;
04.12.2024 15:37:11;12.55;
04.12.2024 15:37:12;12.56;
04.12.2024 15:37:13;12.55;
04.12.2024 15:37:21;12.55;
04.12.2024 15:37:22;12.56;
04.12.2024 15:37:23;12.55;
04.12.2024 15:37:25;12.55;
04.12.2024 15:37:26;12.56;
04.12.2024 15:37:27;12.55;
04.12.2024 15:37:31;12.55;
04.12.2024 15:37:32;12.56;
04.12.2024 15:37:33;12.55;
04.12.2024 15:37:34;12.55;
04.12.2024 15:37:35;12.56;
04.12.2024 15:37:36;12.54;
04.12.2024 15:37:37;12.56;
04.12.2024 15:37:38;12.57;
04.12.2024 15:37:39;12.55;
04.12.2024 15:37:40;12.56;
04.12.2024 15:37:41;12.55;
04.12.2024 15:37:42;12.55;
04.12.2024 15:37:43;12.56;
04.12.2024 15:37:45;12.56;
04.12.2024 15:37:46;12.55;
04.12.2024 15:37:54;12.55;
04.12.2024 15:37:55;12.56;
04.12.2024 15:37:56;12.56;
04.12.2024 15:37:57;12.55;
04.12.2024 15:37:58;12.54;
04.12.2024 15:37:59;12.55;
04.12.2024 15:38:04;12.55;
04.12.2024 15:38:05;12.56;
04.12.2024 15:38:06;12.54;
04.12.2024 15:38:07;12.55;
04.12.2024 15:38:10;12.55;
04.12.2024 15:38:11;12.54;
04.12.2024 15:38:12;12.55;
04.12.2024 15:38:13;12.55;
04.12.2024 15:38:14;12.54;
04.12.2024 15:38:16;12.54;
04.12.2024 15:38:17;12.55;
04.12.2024 15:38:18;12.54;
04.12.2024 15:38:19;12.55;
04.12.2024 15:38:20;12.55;
04.12.2024 15:38:21;12.54;
04.12.2024 15:38:23;12.54;
04.12.2024 15:38:24;12.55;
04.12.2024 15:38:25;12.54;
04.12.2024 15:38:26;12.55;
04.12.2024 15:38:27;12.55;
04.12.2024 15:38:28;12.54;
04.12.2024 15:38:29;12.55;
04.12.2024 15:38:30;12.54;
04.12.2024 15:38:31;12.55;
04.12.2024 15:38:32;12.54;
04.12.2024 15:38:35;12.54;
04.12.2024 15:38:36;12.55;
04.12.2024 15:38:37;12.55;
04.12.2024 15:38:38;12.54;
04.12.2024 15:38:43;12.54;
04.12.2024 15:38:44;12.55;
04.12.2024 15:38:45;12.54;
04.12.2024 15:38:46;12.55;
04.12.2024 15:38:47;12.54;
04.12.2024 15:38:48;12.55;
04.12.2024 15:38:49;12.54;
04.12.2024 15:38:50;12.54;
04.12.2024 15:38:51;12.55;
04.12.2024 15:38:52;12.54;
04.12.2024 15:38:53;12.55;
04.12.2024 15:38:54;12.54;
04.12.2024 15:38:55;12.54;
04.12.2024 15:38:56;12.55;
04.12.2024 15:38:59;12.55;
04.12.2024 15:39:00;12.53;
04.12.2024 15:39:01;12.54;
04.12.2024 15:39:02;12.53;
04.12.2024 15:39:03;12.54;
04.12.2024 15:39:04;12.55;
04.12.2024 15:39:05;12.54;
04.12.2024 15:39:11;12.54;
04.12.2024 15:39:12;12.56;
04.12.2024 15:39:13;12.54;
04.12.2024 15:39:14;12.55;
04.12.2024 15:39:15;12.54;
04.12.2024 15:39:26;12.54;
04.12.2024 15:39:27;12.53;
04.12.2024 15:39:28;12.53;
04.12.2024 15:39:29;12.54;
04.12.2024 15:39:34;12.54;
04.12.2024 15:39:35;12.53;
04.12.2024 15:39:36;12.53;
04.12.2024 15:39:37;12.54;
04.12.2024 15:39:40;12.54;
04.12.2024 15:39:41;12.55;
04.12.2024 15:39:42;12.53;
04.12.2024 15:39:43;12.54;
04.12.2024 15:39:44;12.55;
04.12.2024 15:39:45;12.55;
04.12.2024 15:39:46;12.54;
04.12.2024 15:39:53;12.54;
04.12.2024 15:39:54;12.53;
04.12.2024 15:39:55;12.54;
04.12.2024 15:39:58;12.54;
04.12.2024 15:39:59;12.53;
04.12.2024 15:40:00;12.54;
04.12.2024 15:40:01;12.54;
04.12.2024 15:40:02;12.53;
04.12.2024 15:40:03;12.54;
04.12.2024 15:40:06;12.54;
04.12.2024 15:40:07;12.53;
04.12.2024 15:40:11;12.53;
04.12.2024 15:40:12;12.54;
04.12.2024 15:40:13;12.53;
04.12.2024 15:40:14;12.54;
04.12.2024 15:40:15;12.53;
04.12.2024 15:40:16;12.52;
04.12.2024 15:40:17;12.53;
04.12.2024 15:40:18;12.53;
04.12.2024 15:40:19;12.54;
04.12.2024 15:40:20;12.54;
04.12.2024 15:40:21;12.52;
04.12.2024 15:40:22;12.53;
04.12.2024 15:40:24;12.53;
04.12.2024 15:40:25;12.54;
04.12.2024 15:40:26;12.53;
04.12.2024 15:40:27;12.53;
04.12.2024 15:40:28;12.54;
04.12.2024 15:40:29;12.53;
04.12.2024 15:40:30;12.53;
04.12.2024 15:40:31;12.54;
04.12.2024 15:40:32;12.54;
04.12.2024 15:40:33;12.53;
04.12.2024 15:40:34;12.52;
04.12.2024 15:40:35;12.53;
04.12.2024 15:40:36;12.53;
04.12.2024 15:40:37;12.54;
04.12.2024 15:40:38;12.53;
04.12.2024 15:40:41;12.53;
04.12.2024 15:40:42;12.54;
04.12.2024 15:40:43;12.53;
04.12.2024 15:40:46;12.53;
04.12.2024 15:40:47;12.54;
04.12.2024 15:40:48;12.53;
04.12.2024 15:40:49;12.52;
04.12.2024 15:40:50;12.54;
04.12.2024 15:40:51;12.52;
04.12.2024 15:40:52;12.53;
04.12.2024 15:40:54;12.53;
04.12.2024 15:40:55;12.54;
04.12.2024 15:40:56;12.53;
04.12.2024 15:40:57;12.53;
04.12.2024 15:40:58;12.52;
04.12.2024 15:40:59;12.53;
04.12.2024 15:41:00;12.52;
04.12.2024 15:41:01;12.53;
04.12.2024 15:41:05;12.53;
04.12.2024 15:41:06;12.52;
04.12.2024 15:41:07;12.53;
04.12.2024 15:41:08;12.52;
04.12.2024 15:41:09;12.53;
04.12.2024 15:41:16;12.53;
04.12.2024 15:41:17;12.52;
04.12.2024 15:41:20;12.52;
04.12.2024 15:41:21;12.53;
04.12.2024 15:41:22;12.52;
04.12.2024 15:41:23;12.53;
04.12.2024 15:41:34;12.53;
04.12.2024 15:41:35;12.52;
04.12.2024 15:41:36;12.53;
04.12.2024 15:41:38;12.53;
04.12.2024 15:41:39;12.52;
04.12.2024 15:41:40;12.52;
04.12.2024 15:41:41;12.53;
04.12.2024 15:41:43;12.53;
04.12.2024 15:41:44;12.51;
04.12.2024 15:41:45;12.52;
04.12.2024 15:41:48;12.52;
04.12.2024 15:41:49;12.53;
04.12.2024 15:41:50;12.52;
04.12.2024 15:41:56;12.52;
04.12.2024 15:41:57;12.51;
04.12.2024 15:41:58;12.52;
04.12.2024 15:42:02;12.52;
04.12.2024 15:42:03;12.51;
04.12.2024 15:42:04;12.52;
04.12.2024 15:42:05;12.51;
04.12.2024 15:42:06;12.52;
04.12.2024 15:42:07;12.52;
04.12.2024 15:42:08;12.51;
04.12.2024 15:42:10;12.51;
04.12.2024 15:42:11;12.52;
04.12.2024 15:42:12;12.51;
04.12.2024 15:42:13;12.52;
04.12.2024 15:42:14;12.52;
04.12.2024 15:42:15;12.51;
04.12.2024 15:42:17;12.51;
04.12.2024 15:42:18;12.52;
04.12.2024 15:42:19;12.51;
04.12.2024 15:42:20;12.52;
04.12.2024 15:42:21;12.51;
04.12.2024 15:42:23;12.51;
04.12.2024 15:42:24;12.52;
04.12.2024 15:42:26;12.52;
04.12.2024 15:42:27;12.51;
04.12.2024 15:42:28;12.52;
04.12.2024 15:42:36;12.52;
04.12.2024 15:42:37;12.51;
04.12.2024 15:42:38;12.52;
04.12.2024 15:42:39;12.51;
04.12.2024 15:42:40;12.52;
04.12.2024 15:42:42;12.52;
04.12.2024 15:42:43;12.51;
04.12.2024 15:42:44;12.52;
04.12.2024 15:42:48;12.52;
04.12.2024 15:42:49;12.51;
04.12.2024 15:42:50;12.52;
04.12.2024 15:42:51;12.52;
04.12.2024 15:42:52;12.51;
04.12.2024 15:42:56;12.51;
04.12.2024 15:42:57;12.52;
04.12.2024 15:42:58;12.51;
04.12.2024 15:43:01;12.51;
04.12.2024 15:43:02;12.5;
04.12.2024 15:43:03;12.51;
04.12.2024 15:43:04;12.5;
04.12.2024 15:43:05;12.5;
04.12.2024 15:43:06;12.51;
04.12.2024 15:43:14;12.51;
04.12.2024 15:43:15;12.5;
04.12.2024 15:43:16;12.51;
04.12.2024 15:43:17;12.5;
04.12.2024 15:43:18;12.5;
04.12.2024 15:43:19;12.51;
04.12.2024 15:43:20;12.51;
04.12.2024 15:43:21;12.5;
04.12.2024 15:43:22;12.51;
04.12.2024 15:43:23;12.5;
04.12.2024 15:43:26;12.5;
04.12.2024 15:43:27;12.51;
04.12.2024 15:43:31;12.51;
04.12.2024 15:43:32;12.5;
04.12.2024 15:43:33;12.51;
04.12.2024 15:43:37;12.51;
04.12.2024 15:43:38;12.5;
04.12.2024 15:43:39;12.51;
04.12.2024 15:43:40;12.5;
04.12.2024 15:43:41;12.5;
04.12.2024 15:43:42;12.51;
04.12.2024 15:43:43;12.5;
04.12.2024 15:43:44;12.51;
04.12.2024 15:43:45;12.5;
04.12.2024 15:43:46;12.51;
04.12.2024 15:43:48;12.51;
04.12.2024 15:43:49;12.5;
04.12.2024 15:43:50;12.5;
04.12.2024 15:43:51;12.51;
04.12.2024 15:43:52;12.51;
04.12.2024 15:43:53;12.5;
04.12.2024 15:43:54;12.51;
04.12.2024 15:43:55;12.5;
04.12.2024 15:43:56;12.5;
04.12.2024 15:43:57;12.51;
04.12.2024 15:43:58;12.5;
04.12.2024 15:43:59;12.49;
04.12.2024 15:44:00;12.51;
04.12.2024 15:44:01;12.5;
04.12.2024 15:44:06;12.5;
04.12.2024 15:44:07;12.51;
04.12.2024 15:44:08;12.5;
04.12.2024 15:44:10;12.5;
04.12.2024 15:44:11;12.51;
04.12.2024 15:44:12;12.5;
04.12.2024 15:44:17;12.5;
04.12.2024 15:44:18;12.51;
04.12.2024 15:44:19;12.51;
04.12.2024 15:44:20;12.5;
04.12.2024 15:44:25;12.5;
04.12.2024 15:44:26;12.51;
04.12.2024 15:44:27;12.5;
04.12.2024 15:44:30;12.5;
04.12.2024 15:44:31;12.51;
04.12.2024 15:44:32;12.5;
04.12.2024 15:44:33;12.51;
04.12.2024 15:44:34;12.51;
04.12.2024 15:44:35;12.5;
04.12.2024 15:44:42;12.5;
04.12.2024 15:44:43;12.49;
04.12.2024 15:44:44;12.49;
04.12.2024 15:44:45;12.5;
04.12.2024 15:44:47;12.5;
04.12.2024 15:44:48;12.49;
04.12.2024 15:44:49;12.5;
04.12.2024 15:44:50;12.49;
04.12.2024 15:44:51;12.49;
04.12.2024 15:44:52;12.5;
04.12.2024 15:44:53;12.49;
04.12.2024 15:44:54;12.5;
04.12.2024 15:44:56;12.5;
04.12.2024 15:44:57;12.51;
04.12.2024 15:44:58;12.5;
04.12.2024 15:44:59;12.5;
04.12.2024 15:45:00;12.51;
04.12.2024 15:45:01;12.49;
04.12.2024 15:45:02;12.5;
04.12.2024 15:45:03;12.49;
04.12.2024 15:45:04;12.5;
04.12.2024 15:45:10;12.5;
04.12.2024 15:45:11;12.49;
04.12.2024 15:45:14;12.49;
04.12.2024 15:45:15;12.5;
04.12.2024 15:45:16;12.49;
04.12.2024 15:45:17;12.49;
04.12.2024 15:45:18;12.5;
04.12.2024 15:45:19;12.49;
04.12.2024 15:45:21;12.49;
04.12.2024 15:45:22;12.5;
04.12.2024 15:45:23;12.49;
04.12.2024 15:45:28;12.49;
04.12.2024 15:45:29;12.5;
04.12.2024 15:45:30;12.49;
04.12.2024 15:45:33;12.49;
04.12.2024 15:45:34;12.5;
04.12.2024 15:45:35;12.49;
04.12.2024 15:45:38;12.49;
04.12.2024 15:45:39;12.5;
04.12.2024 15:45:40;12.49;
04.12.2024 15:45:45;12.49;
04.12.2024 15:45:46;12.5;
04.12.2024 15:45:47;12.49;
04.12.2024 15:45:48;12.49;
04.12.2024 15:45:49;12.48;
04.12.2024 15:45:50;12.49;
04.12.2024 15:45:51;12.49;
04.12.2024 15:45:52;12.48;
04.12.2024 15:45:53;12.49;
04.12.2024 15:45:57;12.49;
04.12.2024 15:45:58;12.48;
04.12.2024 15:45:59;12.49;
04.12.2024 15:46:02;12.49;
04.12.2024 15:46:03;12.5;
04.12.2024 15:46:04;12.5;
04.12.2024 15:46:05;12.49;
04.12.2024 15:46:06;12.49;
04.12.2024 15:46:07;12.5;
04.12.2024 15:46:09;12.5;
04.12.2024 15:46:10;12.49;
04.12.2024 15:46:14;12.49;
04.12.2024 15:46:15;12.48;
04.12.2024 15:46:16;12.49;
04.12.2024 15:46:19;12.49;
04.12.2024 15:46:20;12.48;
04.12.2024 15:46:22;12.48;
04.12.2024 15:46:23;12.49;
04.12.2024 15:46:26;12.49;
04.12.2024 15:46:27;12.48;
04.12.2024 15:46:28;12.49;
04.12.2024 15:46:32;12.49;
04.12.2024 15:46:33;12.48;
04.12.2024 15:46:34;12.48;
04.12.2024 15:46:35;12.49;
04.12.2024 15:46:37;12.49;
04.12.2024 15:46:38;12.48;
04.12.2024 15:46:39;12.49;
04.12.2024 15:46:45;12.49;
04.12.2024 15:46:46;12.48;
04.12.2024 15:46:47;12.48;
04.12.2024 15:46:48;12.49;
04.12.2024 15:46:49;12.49;
04.12.2024 15:46:50;12.48;
04.12.2024 15:46:51;12.48;
04.12.2024 15:46:52;12.49;
04.12.2024 15:46:54;12.49;
04.12.2024 15:46:55;12.48;
04.12.2024 15:47:01;12.48;
04.12.2024 15:47:02;12.47;
04.12.2024 15:47:03;12.48;
04.12.2024 15:47:07;12.48;
04.12.2024 15:47:08;12.49;
04.12.2024 15:47:09;12.48;
04.12.2024 15:47:14;12.48;
04.12.2024 15:47:15;12.47;
04.12.2024 15:47:16;12.48;
04.12.2024 15:47:17;12.49;
04.12.2024 15:47:18;12.48;
04.12.2024 15:47:19;12.48;
04.12.2024 15:47:20;12.47;
04.12.2024 15:47:21;12.48;
04.12.2024 15:47:25;12.48;
04.12.2024 15:47:26;12.47;
04.12.2024 15:47:28;12.47;
04.12.2024 15:47:29;12.48;
04.12.2024 15:47:30;12.47;
04.12.2024 15:47:35;12.47;
04.12.2024 15:47:36;12.48;
04.12.2024 15:47:37;12.48;
04.12.2024 15:47:38;12.47;
04.12.2024 15:47:39;12.47;
04.12.2024 15:47:40;12.46;
04.12.2024 15:47:41;12.47;
04.12.2024 15:47:42;12.47;
04.12.2024 15:47:43;12.48;
04.12.2024 15:47:44;12.48;
04.12.2024 15:47:45;12.47;
04.12.2024 15:47:48;12.47;
04.12.2024 15:47:49;12.48;
04.12.2024 15:47:50;12.47;
04.12.2024 15:47:51;12.47;
04.12.2024 15:47:52;12.48;
04.12.2024 15:47:53;12.48;
04.12.2024 15:47:54;12.47;
04.12.2024 15:47:55;12.48;
04.12.2024 15:47:56;12.48;
04.12.2024 15:47:57;12.47;
04.12.2024 15:48:00;12.47;
04.12.2024 15:48:01;12.48;
04.12.2024 15:48:02;12.47;
04.12.2024 15:48:06;12.47;
04.12.2024 15:48:07;12.46;
04.12.2024 15:48:08;12.46;
04.12.2024 15:48:09;12.47;
04.12.2024 15:48:14;12.47;
04.12.2024 15:48:15;12.46;
04.12.2024 15:48:16;12.48;
04.12.2024 15:48:17;12.46;
04.12.2024 15:48:18;12.47;
04.12.2024 15:48:19;12.46;
04.12.2024 15:48:20;12.46;
04.12.2024 15:48:21;12.47;
04.12.2024 15:48:25;12.47;
04.12.2024 15:48:26;12.46;
04.12.2024 15:48:27;12.47;
04.12.2024 15:48:28;12.48;
04.12.2024 15:48:29;12.47;
04.12.2024 15:48:30;12.46;
04.12.2024 15:48:31;12.47;
04.12.2024 15:48:35;12.47;
04.12.2024 15:48:36;12.46;
04.12.2024 15:48:37;12.46;
04.12.2024 15:48:38;12.47;
04.12.2024 15:48:39;12.47;
04.12.2024 15:48:40;12.46;
04.12.2024 15:48:41;12.47;
04.12.2024 15:48:42;12.46;
04.12.2024 15:48:45;12.46;
04.12.2024 15:48:46;12.47;
04.12.2024 15:48:47;12.46;
04.12.2024 15:48:49;12.46;
04.12.2024 15:48:50;12.47;
04.12.2024 15:48:51;12.46;
04.12.2024 15:48:52;12.46;
04.12.2024 15:48:53;12.47;
04.12.2024 15:48:57;12.47;
04.12.2024 15:48:58;12.46;
04.12.2024 15:48:59;12.47;
04.12.2024 15:49:01;12.47;
04.12.2024 15:49:02;12.46;
04.12.2024 15:49:05;12.46;
04.12.2024 15:49:06;12.47;
04.12.2024 15:49:07;12.47;
04.12.2024 15:49:08;12.46;
04.12.2024 15:49:09;12.46;
04.12.2024 15:49:10;12.47;
04.12.2024 15:49:11;12.46;
04.12.2024 15:49:15;12.46;
04.12.2024 15:49:16;12.47;
04.12.2024 15:49:17;12.46;
04.12.2024 15:49:18;12.46;
04.12.2024 15:49:19;12.47;
04.12.2024 15:49:20;12.46;
04.12.2024 15:49:32;12.46;
04.12.2024 15:49:33;12.45;
04.12.2024 15:49:34;12.46;
04.12.2024 15:49:43;12.46;
04.12.2024 15:49:44;12.47;
04.12.2024 15:49:45;12.46;
04.12.2024 15:49:46;12.45;
04.12.2024 15:49:47;12.45;
04.12.2024 15:49:48;12.46;
04.12.2024 15:49:51;12.46;
04.12.2024 15:49:52;12.45;
04.12.2024 15:49:53;12.45;
04.12.2024 15:49:54;12.46;
04.12.2024 15:49:59;12.46;
04.12.2024 15:50:00;12.45;
04.12.2024 15:50:08;12.45;
04.12.2024 15:50:09;12.46;
04.12.2024 15:50:11;12.46;
04.12.2024 15:50:12;12.45;
04.12.2024 15:50:13;12.46;
04.12.2024 15:50:15;12.46;
04.12.2024 15:50:16;12.45;
04.12.2024 15:50:17;12.46;
04.12.2024 15:50:18;12.46;
04.12.2024 15:50:19;12.45;
04.12.2024 15:50:21;12.45;
04.12.2024 15:50:22;12.46;
04.12.2024 15:50:23;12.45;
04.12.2024 15:50:24;12.46;
04.12.2024 15:50:26;12.46;
04.12.2024 15:50:27;12.45;
04.12.2024 15:50:28;12.46;
04.12.2024 15:50:30;12.46;
04.12.2024 15:50:31;12.45;
04.12.2024 15:50:33;12.45;
04.12.2024 15:50:34;12.46;
04.12.2024 15:50:35;12.45;
04.12.2024 15:50:38;12.45;
04.12.2024 15:50:39;12.46;
04.12.2024 15:50:40;12.44;
04.12.2024 15:50:41;12.46;
04.12.2024 15:50:42;12.45;
04.12.2024 15:50:50;12.45;
04.12.2024 15:50:51;12.44;
04.12.2024 15:50:52;12.45;
04.12.2024 15:50:53;12.45;
04.12.2024 15:50:54;12.46;
04.12.2024 15:50:55;12.45;
04.12.2024 15:50:59;12.45;
04.12.2024 15:51:00;12.44;
04.12.2024 15:51:01;12.44;
04.12.2024 15:51:02;12.45;
04.12.2024 15:51:07;12.45;
04.12.2024 15:51:08;12.44;
04.12.2024 15:51:09;12.45;
04.12.2024 15:51:11;12.45;
04.12.2024 15:51:12;12.44;
04.12.2024 15:51:13;12.44;
04.12.2024 15:51:14;12.45;
04.12.2024 15:51:15;12.44;
04.12.2024 15:51:16;12.45;
04.12.2024 15:51:17;12.44;
04.12.2024 15:51:18;12.45;
04.12.2024 15:51:21;12.45;
04.12.2024 15:51:22;12.44;
04.12.2024 15:51:23;12.46;
04.12.2024 15:51:24;12.45;
04.12.2024 15:51:26;12.45;
04.12.2024 15:51:27;12.44;
04.12.2024 15:51:28;12.44;
04.12.2024 15:51:29;12.45;
04.12.2024 15:51:31;12.45;
04.12.2024 15:51:32;12.44;
04.12.2024 15:51:37;12.44;
04.12.2024 15:51:38;12.43;
04.12.2024 15:51:39;12.44;
04.12.2024 15:51:53;12.44;
04.12.2024 15:51:54;12.43;
04.12.2024 15:51:55;12.44;
04.12.2024 15:51:58;12.44;
04.12.2024 15:51:59;12.43;
04.12.2024 15:52:00;12.45;
04.12.2024 15:52:01;12.44;
04.12.2024 15:52:03;12.44;
04.12.2024 15:52:04;12.45;
04.12.2024 15:52:05;12.45;
04.12.2024 15:52:06;12.44;
04.12.2024 15:52:15;12.44;
04.12.2024 15:52:16;12.43;
04.12.2024 15:52:17;12.44;
04.12.2024 15:52:18;12.44;
04.12.2024 15:52:19;12.43;
04.12.2024 15:52:20;12.44;
04.12.2024 15:52:24;12.44;
04.12.2024 15:52:25;12.43;
04.12.2024 15:52:26;12.44;
04.12.2024 15:52:27;12.43;
04.12.2024 15:52:28;12.44;
04.12.2024 15:52:34;12.44;
04.12.2024 15:52:35;12.43;
04.12.2024 15:52:36;12.43;
04.12.2024 15:52:37;12.44;
04.12.2024 15:52:38;12.43;
04.12.2024 15:52:42;12.43;
04.12.2024 15:52:43;12.44;
04.12.2024 15:52:44;12.44;
04.12.2024 15:52:45;12.43;
04.12.2024 15:52:47;12.43;
04.12.2024 15:52:48;12.44;
04.12.2024 15:52:49;12.43;
04.12.2024 15:52:50;12.44;
04.12.2024 15:52:51;12.43;
04.12.2024 15:52:52;12.44;
04.12.2024 15:52:53;12.44;
04.12.2024 15:52:54;12.43;
04.12.2024 15:52:55;12.43;
04.12.2024 15:52:56;12.44;
04.12.2024 15:52:59;12.44;
04.12.2024 15:53:00;12.43;
04.12.2024 15:53:01;12.43;
04.12.2024 15:53:02;12.44;
04.12.2024 15:53:03;12.42;
04.12.2024 15:53:04;12.43;
04.12.2024 15:53:05;12.44;
04.12.2024 15:53:06;12.44;
04.12.2024 15:53:07;12.43;
04.12.2024 15:53:12;12.43;
04.12.2024 15:53:13;12.44;
04.12.2024 15:53:14;12.43;
04.12.2024 15:53:21;12.43;
04.12.2024 15:53:22;12.44;
04.12.2024 15:53:23;12.42;
04.12.2024 15:53:24;12.42;
04.12.2024 15:53:25;12.43;
04.12.2024 15:53:26;12.43;
04.12.2024 15:53:27;12.42;
04.12.2024 15:53:28;12.43;
04.12.2024 15:53:29;12.43;
04.12.2024 15:53:30;12.44;
04.12.2024 15:53:31;12.42;
04.12.2024 15:53:32;12.43;
04.12.2024 15:53:34;12.43;
04.12.2024 15:53:35;12.42;
04.12.2024 15:53:36;12.43;
04.12.2024 15:53:37;12.42;
04.12.2024 15:53:38;12.43;
04.12.2024 15:53:43;12.43;
04.12.2024 15:53:44;12.44;
04.12.2024 15:53:48;12.44;
04.12.2024 15:53:49;12.42;
04.12.2024 15:53:50;12.43;
04.12.2024 15:53:57;12.43;
04.12.2024 15:53:58;12.42;
04.12.2024 15:53:59;12.43;
04.12.2024 15:54:00;12.42;
04.12.2024 15:54:03;12.42;
04.12.2024 15:54:04;12.43;
04.12.2024 15:54:05;12.43;
04.12.2024 15:54:06;12.42;
04.12.2024 15:54:08;12.42;
04.12.2024 15:54:09;12.43;
04.12.2024 15:54:10;12.43;
04.12.2024 15:54:11;12.42;
04.12.2024 15:54:12;12.43;
04.12.2024 15:54:13;12.42;
04.12.2024 15:54:14;12.43;
04.12.2024 15:54:15;12.43;
04.12.2024 15:54:16;12.42;
04.12.2024 15:54:20;12.42;
04.12.2024 15:54:21;12.43;
04.12.2024 15:54:22;12.42;
04.12.2024 15:54:23;12.43;
04.12.2024 15:54:24;12.42;
04.12.2024 15:54:27;12.42;
04.12.2024 15:54:28;12.43;
04.12.2024 15:54:30;12.43;
04.12.2024 15:54:31;12.42;
04.12.2024 15:54:32;12.41;
04.12.2024 15:54:33;12.43;
04.12.2024 15:54:34;12.42;
04.12.2024 15:54:35;12.43;
04.12.2024 15:54:37;12.43;
04.12.2024 15:54:38;12.42;
04.12.2024 15:54:40;12.42;
04.12.2024 15:54:41;12.43;
04.12.2024 15:54:44;12.43;
04.12.2024 15:54:45;12.42;
04.12.2024 15:54:46;12.43;
04.12.2024 15:54:48;12.43;
04.12.2024 15:54:49;12.42;
04.12.2024 15:54:50;12.42;
04.12.2024 15:54:51;12.43;
04.12.2024 15:54:52;12.42;
04.12.2024 15:54:55;12.42;
04.12.2024 15:54:56;12.43;
04.12.2024 15:54:57;12.42;
04.12.2024 15:54:59;12.42;
04.12.2024 15:55:00;12.43;
04.12.2024 15:55:01;12.43;
04.12.2024 15:55:02;12.42;
04.12.2024 15:55:03;12.42;
04.12.2024 15:55:04;12.43;
04.12.2024 15:55:05;12.42;
04.12.2024 15:55:06;12.43;
04.12.2024 15:55:07;12.41;
04.12.2024 15:55:08;12.43;
04.12.2024 15:55:09;12.42;
04.12.2024 15:55:10;12.41;
04.12.2024 15:55:11;12.42;
04.12.2024 15:55:12;12.43;
04.12.2024 15:55:13;12.42;
04.12.2024 15:55:14;12.42;
04.12.2024 15:55:15;12.43;
04.12.2024 15:55:16;12.42;
04.12.2024 15:55:17;12.43;
04.12.2024 15:55:18;12.43;
04.12.2024 15:55:19;12.42;
04.12.2024 15:55:26;12.42;
04.12.2024 15:55:27;12.43;
04.12.2024 15:55:28;12.42;
04.12.2024 15:55:32;12.42;
04.12.2024 15:55:33;12.41;
04.12.2024 15:55:34;12.42;
04.12.2024 15:55:37;12.42;
04.12.2024 15:55:38;12.43;
04.12.2024 15:55:39;12.41;
04.12.2024 15:55:40;12.42;
04.12.2024 15:55:41;12.41;
04.12.2024 15:55:42;12.42;
04.12.2024 15:55:43;12.42;
04.12.2024 15:55:44;12.41;
04.12.2024 15:55:45;12.42;
04.12.2024 15:55:46;12.42;
04.12.2024 15:55:47;12.41;
04.12.2024 15:55:49;12.41;
04.12.2024 15:55:50;12.43;
04.12.2024 15:55:51;12.41;
04.12.2024 15:55:52;12.42;
04.12.2024 15:55:53;12.41;
04.12.2024 15:55:54;12.42;
04.12.2024 15:55:56;12.42;
04.12.2024 15:55:57;12.41;
04.12.2024 15:56:00;12.41;
04.12.2024 15:56:01;12.42;
04.12.2024 15:56:02;12.42;
04.12.2024 15:56:03;12.41;
04.12.2024 15:56:04;12.42;
04.12.2024 15:56:05;12.41;
04.12.2024 15:56:06;12.42;
04.12.2024 15:56:07;12.41;
04.12.2024 15:56:11;12.41;
04.12.2024 15:56:12;12.42;
04.12.2024 15:56:13;12.41;
04.12.2024 15:56:14;12.41;
04.12.2024 15:56:15;12.42;
04.12.2024 15:56:16;12.41;
04.12.2024 15:56:21;12.41;
04.12.2024 15:56:22;12.4;
04.12.2024 15:56:23;12.42;
04.12.2024 15:56:24;12.41;
04.12.2024 15:56:27;12.41;
04.12.2024 15:56:28;12.4;
04.12.2024 15:56:29;12.41;
04.12.2024 15:56:31;12.41;
04.12.2024 15:56:32;12.4;
04.12.2024 15:56:33;12.41;
04.12.2024 15:56:35;12.41;
04.12.2024 15:56:36;12.4;
04.12.2024 15:56:37;12.41;
04.12.2024 15:56:39;12.41;
04.12.2024 15:56:40;12.4;
04.12.2024 15:56:41;12.41;
04.12.2024 15:56:42;12.4;
04.12.2024 15:56:43;12.4;
04.12.2024 15:56:44;12.41;
04.12.2024 15:56:45;12.41;
04.12.2024 15:56:46;12.4;
04.12.2024 15:56:47;12.41;
04.12.2024 15:56:48;12.4;
04.12.2024 15:56:49;12.41;
04.12.2024 15:56:50;12.4;
04.12.2024 15:56:51;12.41;
04.12.2024 15:56:53;12.41;
04.12.2024 15:56:54;12.4;
04.12.2024 15:56:55;12.41;
04.12.2024 15:56:56;12.4;
04.12.2024 15:57:03;12.4;
04.12.2024 15:57:04;12.41;
04.12.2024 15:57:05;12.4;
04.12.2024 15:57:06;12.41;
04.12.2024 15:57:07;12.4;
04.12.2024 15:57:08;12.4;
04.12.2024 15:57:09;12.41;
04.12.2024 15:57:10;12.4;
04.12.2024 15:57:17;12.4;
04.12.2024 15:57:18;12.41;
04.12.2024 15:57:19;12.4;
04.12.2024 15:57:22;12.4;
04.12.2024 15:57:23;12.41;
04.12.2024 15:57:24;12.4;
04.12.2024 15:57:31;12.4;
04.12.2024 15:57:32;12.41;
04.12.2024 15:57:33;12.4;
04.12.2024 15:57:47;12.4;
04.12.2024 15:57:48;12.41;
04.12.2024 15:57:49;12.4;
04.12.2024 15:57:51;12.4;
04.12.2024 15:57:52;12.39;
04.12.2024 15:57:53;12.4;
04.12.2024 15:58:10;12.4;
04.12.2024 15:58:11;12.39;
04.12.2024 15:58:21;12.39;
04.12.2024 15:58:22;12.4;
04.12.2024 15:58:23;12.39;
04.12.2024 15:58:24;12.38;
04.12.2024 15:58:25;12.4;
04.12.2024 15:58:27;12.4;
04.12.2024 15:58:28;12.39;
04.12.2024 15:58:30;12.39;
04.12.2024 15:58:31;12.4;
04.12.2024 15:58:33;12.4;
04.12.2024 15:58:34;12.39;
04.12.2024 15:58:35;12.4;
04.12.2024 15:58:37;12.4;
04.12.2024 15:58:38;12.39;
04.12.2024 15:58:39;12.4;
04.12.2024 15:58:40;12.4;
04.12.2024 15:58:41;12.39;
04.12.2024 15:58:42;12.38;
04.12.2024 15:58:43;12.39;
04.12.2024 15:58:45;12.39;
04.12.2024 15:58:46;12.4;
04.12.2024 15:58:47;12.39;
04.12.2024 15:58:48;12.4;
04.12.2024 15:58:49;12.39;
04.12.2024 15:58:51;12.39;
04.12.2024 15:58:52;12.4;
04.12.2024 15:58:53;12.39;
04.12.2024 15:58:54;12.39;
04.12.2024 15:58:55;12.4;
04.12.2024 15:58:57;12.4;
04.12.2024 15:58:58;12.39;
04.12.2024 15:58:59;12.4;
04.12.2024 15:59:00;12.4;
04.12.2024 15:59:01;12.38;
04.12.2024 15:59:02;12.39;
04.12.2024 15:59:04;12.39;
04.12.2024 15:59:05;12.38;
04.12.2024 15:59:06;12.39;
04.12.2024 15:59:07;12.4;
04.12.2024 15:59:08;12.39;
04.12.2024 15:59:16;12.39;
04.12.2024 15:59:17;12.4;
04.12.2024 15:59:18;12.4;
04.12.2024 15:59:19;12.39;
04.12.2024 15:59:27;12.39;
04.12.2024 15:59:28;12.38;
04.12.2024 15:59:29;12.39;
04.12.2024 15:59:31;12.39;
04.12.2024 15:59:32;12.4;
04.12.2024 15:59:33;12.39;
04.12.2024 15:59:38;12.39;
04.12.2024 15:59:39;12.38;
04.12.2024 15:59:40;12.38;
04.12.2024 15:59:41;12.39;
04.12.2024 15:59:43;12.39;
04.12.2024 15:59:44;12.38;
04.12.2024 15:59:45;12.38;
04.12.2024 15:59:46;12.39;
04.12.2024 15:59:52;12.39;
04.12.2024 15:59:53;12.38;
04.12.2024 15:59:54;12.39;
04.12.2024 15:59:55;12.38;
04.12.2024 15:59:56;12.38;
04.12.2024 15:59:57;12.39;
04.12.2024 15:59:58;12.38;
04.12.2024 15:59:59;12.39;
04.12.2024 16:00:00;12.38;
04.12.2024 16:00:05;12.38;
04.12.2024 16:00:06;12.39;
04.12.2024 16:00:07;12.39;
04.12.2024 16:00:08;12.38;
04.12.2024 16:00:09;12.39;
04.12.2024 16:00:10;12.38;
04.12.2024 16:00:11;12.38;
04.12.2024 16:00:12;12.39;
04.12.2024 16:00:13;12.38;
04.12.2024 16:00:14;12.39;
04.12.2024 16:00:15;12.39;
04.12.2024 16:00:16;12.38;
04.12.2024 16:00:21;12.38;
04.12.2024 16:00:22;12.39;
04.12.2024 16:00:23;12.38;
04.12.2024 16:00:24;12.37;
04.12.2024 16:00:25;12.38;
04.12.2024 16:00:28;12.38;
04.12.2024 16:00:29;12.39;
04.12.2024 16:00:30;12.38;
04.12.2024 16:00:31;12.37;
04.12.2024 16:00:32;12.38;
04.12.2024 16:00:41;12.38;
04.12.2024 16:00:42;12.39;
04.12.2024 16:00:43;12.39;
04.12.2024 16:00:44;12.38;
04.12.2024 16:00:46;12.38;
04.12.2024 16:00:47;12.39;
04.12.2024 16:00:48;12.37;
04.12.2024 16:00:49;12.38;
04.12.2024 16:00:51;12.38;
04.12.2024 16:00:52;12.37;
04.12.2024 16:00:53;12.38;
04.12.2024 16:00:58;12.38;
04.12.2024 16:00:59;12.37;
04.12.2024 16:01:00;12.38;
04.12.2024 16:01:01;12.38;
04.12.2024 16:01:02;12.37;
04.12.2024 16:01:03;12.37;
04.12.2024 16:01:04;12.38;
04.12.2024 16:01:06;12.38;
04.12.2024 16:01:07;12.37;
04.12.2024 16:01:14;12.37;
04.12.2024 16:01:15;12.38;
04.12.2024 16:01:19;12.38;
04.12.2024 16:01:20;12.37;
04.12.2024 16:01:21;12.38;
04.12.2024 16:01:22;12.37;
04.12.2024 16:01:23;12.38;
04.12.2024 16:01:24;12.37;
04.12.2024 16:01:25;12.37;
04.12.2024 16:01:26;12.38;
04.12.2024 16:01:27;12.37;
04.12.2024 16:01:28;12.37;
04.12.2024 16:01:29;12.38;
04.12.2024 16:01:30;12.37;
04.12.2024 16:01:31;12.38;
04.12.2024 16:01:32;12.37;
04.12.2024 16:01:35;12.37;
04.12.2024 16:01:36;12.38;
04.12.2024 16:01:37;12.37;
04.12.2024 16:01:38;12.38;
04.12.2024 16:01:39;12.37;
04.12.2024 16:01:41;12.37;
04.12.2024 16:01:42;12.36;
04.12.2024 16:01:43;12.37;
04.12.2024 16:01:45;12.37;
04.12.2024 16:01:46;12.36;
04.12.2024 16:01:47;12.37;
04.12.2024 16:01:48;12.37;
04.12.2024 16:01:49;12.36;
04.12.2024 16:01:50;12.37;
04.12.2024 16:01:54;12.37;
04.12.2024 16:01:55;12.38;
04.12.2024 16:01:56;12.37;
04.12.2024 16:02:08;12.37;
04.12.2024 16:02:09;12.38;
04.12.2024 16:02:10;12.36;
04.12.2024 16:02:11;12.37;
04.12.2024 16:02:12;12.37;
04.12.2024 16:02:13;12.36;
04.12.2024 16:02:14;12.37;
04.12.2024 16:02:22;12.37;
04.12.2024 16:02:23;12.36;
04.12.2024 16:02:24;12.37;
04.12.2024 16:02:28;12.37;
04.12.2024 16:02:29;12.36;
04.12.2024 16:02:30;12.36;
04.12.2024 16:02:31;12.37;
04.12.2024 16:02:34;12.37;
04.12.2024 16:02:35;12.36;
04.12.2024 16:02:36;12.37;
04.12.2024 16:02:37;12.36;
04.12.2024 16:02:39;12.36;
04.12.2024 16:02:40;12.37;
04.12.2024 16:02:42;12.37;
04.12.2024 16:02:43;12.36;
04.12.2024 16:02:44;12.37;
04.12.2024 16:02:45;12.36;
04.12.2024 16:02:47;12.36;
04.12.2024 16:02:48;12.37;
04.12.2024 16:02:50;12.37;
04.12.2024 16:02:51;12.36;
04.12.2024 16:02:52;12.36;
04.12.2024 16:02:53;12.35;
04.12.2024 16:02:54;12.37;
04.12.2024 16:02:55;12.37;
04.12.2024 16:02:56;12.36;
04.12.2024 16:02:58;12.36;
04.12.2024 16:02:59;12.37;
04.12.2024 16:03:00;12.37;
04.12.2024 16:03:01;12.36;
04.12.2024 16:03:03;12.36;
04.12.2024 16:03:04;12.37;
04.12.2024 16:03:05;12.36;
04.12.2024 16:03:06;12.37;
04.12.2024 16:03:07;12.36;
04.12.2024 16:03:16;12.36;
04.12.2024 16:03:17;12.35;
04.12.2024 16:03:18;12.36;
04.12.2024 16:03:20;12.36;
04.12.2024 16:03:21;12.35;
04.12.2024 16:03:22;12.36;
04.12.2024 16:03:23;12.37;
04.12.2024 16:03:24;12.36;
04.12.2024 16:03:26;12.36;
04.12.2024 16:03:27;12.35;
04.12.2024 16:03:28;12.37;
04.12.2024 16:03:29;12.35;
04.12.2024 16:03:30;12.36;
04.12.2024 16:03:35;12.36;
04.12.2024 16:03:36;12.35;
04.12.2024 16:03:37;12.36;
04.12.2024 16:03:40;12.36;
04.12.2024 16:03:41;12.37;
04.12.2024 16:03:42;12.36;
04.12.2024 16:03:43;12.35;
04.12.2024 16:03:44;12.36;
04.12.2024 16:03:48;12.36;
04.12.2024 16:03:49;12.35;
04.12.2024 16:03:50;12.36;
04.12.2024 16:03:51;12.35;
04.12.2024 16:03:53;12.35;
04.12.2024 16:03:54;12.36;
04.12.2024 16:03:55;12.36;
04.12.2024 16:03:56;12.35;
04.12.2024 16:03:57;12.36;
04.12.2024 16:03:58;12.35;
04.12.2024 16:03:59;12.35;
04.12.2024 16:04:00;12.36;
04.12.2024 16:04:01;12.35;
04.12.2024 16:04:04;12.35;
04.12.2024 16:04:05;12.34;
04.12.2024 16:04:06;12.35;
04.12.2024 16:04:07;12.35;
04.12.2024 16:04:08;12.36;
04.12.2024 16:04:09;12.35;
04.12.2024 16:04:10;12.35;
04.12.2024 16:04:11;12.36;
04.12.2024 16:04:12;12.36;
04.12.2024 16:04:13;12.35;
04.12.2024 16:04:14;12.36;
04.12.2024 16:04:15;12.35;
04.12.2024 16:04:16;12.35;
04.12.2024 16:04:17;12.36;
04.12.2024 16:04:18;12.35;
04.12.2024 16:04:19;12.36;
04.12.2024 16:04:20;12.35;
04.12.2024 16:04:21;12.36;
04.12.2024 16:04:22;12.35;
04.12.2024 16:04:26;12.35;
04.12.2024 16:04:27;12.36;
04.12.2024 16:04:28;12.35;
04.12.2024 16:04:35;12.35;
04.12.2024 16:04:36;12.34;
04.12.2024 16:04:37;12.34;
04.12.2024 16:04:38;12.35;
04.12.2024 16:04:39;12.34;
04.12.2024 16:04:40;12.35;
04.12.2024 16:04:43;12.35;
04.12.2024 16:04:44;12.34;
04.12.2024 16:04:45;12.35;
04.12.2024 16:04:49;12.35;
04.12.2024 16:04:50;12.34;
04.12.2024 16:04:51;12.34;
04.12.2024 16:04:52;12.35;
04.12.2024 16:05:01;12.35;
04.12.2024 16:05:02;12.34;
04.12.2024 16:05:03;12.35;
04.12.2024 16:05:05;12.35;
04.12.2024 16:05:06;12.34;
04.12.2024 16:05:07;12.35;
04.12.2024 16:05:08;12.35;
04.12.2024 16:05:09;12.34;
04.12.2024 16:05:10;12.35;
04.12.2024 16:05:11;12.34;
04.12.2024 16:05:12;12.34;
04.12.2024 16:05:13;12.35;
04.12.2024 16:05:14;12.34;
04.12.2024 16:05:15;12.34;
04.12.2024 16:05:16;12.35;
04.12.2024 16:05:17;12.35;
04.12.2024 16:05:18;12.34;
04.12.2024 16:05:19;12.35;
04.12.2024 16:05:20;12.34;
04.12.2024 16:05:23;12.34;
04.12.2024 16:05:24;12.35;
04.12.2024 16:05:25;12.34;
04.12.2024 16:05:26;12.35;
04.12.2024 16:05:27;12.34;
04.12.2024 16:05:28;12.34;
04.12.2024 16:05:29;12.35;
04.12.2024 16:05:30;12.34;
04.12.2024 16:05:31;12.34;
04.12.2024 16:05:32;12.35;
04.12.2024 16:05:33;12.34;
04.12.2024 16:05:34;12.33;
04.12.2024 16:05:35;12.34;
04.12.2024 16:05:36;12.33;
04.12.2024 16:05:37;12.34;
04.12.2024 16:05:40;12.34;
04.12.2024 16:05:41;12.35;
04.12.2024 16:05:42;12.34;
04.12.2024 16:05:43;12.33;
04.12.2024 16:05:44;12.34;
04.12.2024 16:05:49;12.34;
04.12.2024 16:05:50;12.33;
04.12.2024 16:05:51;12.35;
04.12.2024 16:05:52;12.34;
04.12.2024 16:05:53;12.35;
04.12.2024 16:05:54;12.34;
04.12.2024 16:06:02;12.34;
04.12.2024 16:06:03;12.33;
04.12.2024 16:06:04;12.34;
04.12.2024 16:06:05;12.33;
04.12.2024 16:06:06;12.33;
04.12.2024 16:06:07;12.34;
04.12.2024 16:06:08;12.34;
04.12.2024 16:06:09;12.33;
04.12.2024 16:06:10;12.34;
04.12.2024 16:06:12;12.34;
04.12.2024 16:06:13;12.33;
04.12.2024 16:06:14;12.35;
04.12.2024 16:06:15;12.34;
04.12.2024 16:06:16;12.34;
04.12.2024 16:06:17;12.33;
04.12.2024 16:06:18;12.34;
04.12.2024 16:06:24;12.34;
04.12.2024 16:06:25;12.33;
04.12.2024 16:06:26;12.34;
04.12.2024 16:06:30;12.34;
04.12.2024 16:06:31;12.33;
04.12.2024 16:06:32;12.34;
04.12.2024 16:06:33;12.33;
04.12.2024 16:06:34;12.34;
04.12.2024 16:06:35;12.33;
04.12.2024 16:06:36;12.34;
04.12.2024 16:06:40;12.34;
04.12.2024 16:06:41;12.33;
04.12.2024 16:06:42;12.34;
04.12.2024 16:06:43;12.33;
04.12.2024 16:06:44;12.34;
04.12.2024 16:06:45;12.34;
04.12.2024 16:06:46;12.33;
04.12.2024 16:06:47;12.34;
04.12.2024 16:06:48;12.33;
04.12.2024 16:06:49;12.34;
04.12.2024 16:06:51;12.34;
04.12.2024 16:06:52;12.33;
04.12.2024 16:06:53;12.33;
04.12.2024 16:06:54;12.34;
04.12.2024 16:06:55;12.34;
04.12.2024 16:06:56;12.33;
04.12.2024 16:07:02;12.33;
04.12.2024 16:07:03;12.34;
04.12.2024 16:07:04;12.33;
04.12.2024 16:07:08;12.33;
04.12.2024 16:07:09;12.34;
04.12.2024 16:07:10;12.33;
04.12.2024 16:07:11;12.32;
04.12.2024 16:07:12;12.33;
04.12.2024 16:07:13;12.33;
04.12.2024 16:07:14;12.32;
04.12.2024 16:07:15;12.33;
04.12.2024 16:07:17;12.33;
04.12.2024 16:07:18;12.32;
04.12.2024 16:07:19;12.33;
04.12.2024 16:07:24;12.33;
04.12.2024 16:07:25;12.32;
04.12.2024 16:07:28;12.32;
04.12.2024 16:07:29;12.33;
04.12.2024 16:07:33;12.33;
04.12.2024 16:07:34;12.32;
04.12.2024 16:07:35;12.33;
04.12.2024 16:07:36;12.32;
04.12.2024 16:07:37;12.33;
04.12.2024 16:07:38;12.34;
04.12.2024 16:07:39;12.33;
04.12.2024 16:07:40;12.33;
04.12.2024 16:07:41;12.32;
04.12.2024 16:07:49;12.32;
04.12.2024 16:07:50;12.33;
04.12.2024 16:07:51;12.33;
04.12.2024 16:07:52;12.32;
04.12.2024 16:07:54;12.32;
04.12.2024 16:07:55;12.33;
04.12.2024 16:07:56;12.32;
04.12.2024 16:07:59;12.32;
04.12.2024 16:08:00;12.33;
04.12.2024 16:08:01;12.32;
04.12.2024 16:08:03;12.32;
04.12.2024 16:08:04;12.33;
04.12.2024 16:08:05;12.32;
04.12.2024 16:08:06;12.32;
04.12.2024 16:08:07;12.31;
04.12.2024 16:08:08;12.32;
04.12.2024 16:08:11;12.32;
04.12.2024 16:08:12;12.31;
04.12.2024 16:08:13;12.33;
04.12.2024 16:08:14;12.32;
04.12.2024 16:08:17;12.32;
04.12.2024 16:08:18;12.33;
04.12.2024 16:08:19;12.32;
04.12.2024 16:08:20;12.31;
04.12.2024 16:08:21;12.32;
04.12.2024 16:08:22;12.32;
04.12.2024 16:08:23;12.31;
04.12.2024 16:08:24;12.32;
04.12.2024 16:08:25;12.31;
04.12.2024 16:08:26;12.32;
04.12.2024 16:08:27;12.32;
04.12.2024 16:08:28;12.31;
04.12.2024 16:08:30;12.31;
04.12.2024 16:08:31;12.3;
