Time Stamp;$pressure_measured_ECC$;
08.01.2025 13:05:50;0;
08.01.2025 13:05:51;0.01;
08.01.2025 13:05:53;0.01;
08.01.2025 13:05:54;0.02;
08.01.2025 13:05:55;0.02;
08.01.2025 13:05:56;0.03;
08.01.2025 13:05:57;0.02;
08.01.2025 13:05:58;0.03;
08.01.2025 13:05:59;0.02;
08.01.2025 13:06:00;0.03;
08.01.2025 13:06:02;0.03;
08.01.2025 13:06:03;0.04;
08.01.2025 13:06:05;0.04;
08.01.2025 13:06:06;0.05;
08.01.2025 13:06:07;0.05;
08.01.2025 13:06:08;0.04;
08.01.2025 13:06:09;0.05;
08.01.2025 13:06:10;0.05;
08.01.2025 13:06:11;0.06;
08.01.2025 13:06:12;0.04;
08.01.2025 13:06:13;0.05;
08.01.2025 13:06:14;0.05;
08.01.2025 13:06:15;0.06;
08.01.2025 13:06:17;0.06;
08.01.2025 13:06:18;0.07;
08.01.2025 13:06:19;0.06;
08.01.2025 13:06:20;0.07;
08.01.2025 13:06:22;0.07;
08.01.2025 13:06:23;0.08;
08.01.2025 13:06:24;0.07;
08.01.2025 13:06:25;0.07;
08.01.2025 13:06:26;0.08;
08.01.2025 13:06:27;0.09;
08.01.2025 13:06:28;0.08;
08.01.2025 13:06:30;0.08;
08.01.2025 13:06:31;0.09;
08.01.2025 13:06:32;0.1;
08.01.2025 13:06:36;0.1;
08.01.2025 13:06:37;0.09;
08.01.2025 13:06:38;0.1;
08.01.2025 13:06:39;0.1;
08.01.2025 13:06:40;0.11;
08.01.2025 13:06:41;0.1;
08.01.2025 13:06:42;0.11;
08.01.2025 13:06:43;0.11;
08.01.2025 13:06:44;0.12;
08.01.2025 13:06:45;0.12;
08.01.2025 13:06:46;0.11;
08.01.2025 13:06:47;0.12;
08.01.2025 13:06:48;0.13;
08.01.2025 13:06:49;0.12;
08.01.2025 13:06:50;0.12;
08.01.2025 13:06:51;0.13;
08.01.2025 13:06:52;0.12;
08.01.2025 13:06:53;0.13;
08.01.2025 13:06:56;0.13;
08.01.2025 13:06:57;0.14;
08.01.2025 13:06:58;0.14;
08.01.2025 13:06:59;0.15;
08.01.2025 13:07:00;0.14;
08.01.2025 13:07:01;0.14;
08.01.2025 13:07:02;0.15;
08.01.2025 13:07:04;0.15;
08.01.2025 13:07:05;0.14;
08.01.2025 13:07:06;0.15;
08.01.2025 13:07:09;0.15;
08.01.2025 13:07:10;0.16;
08.01.2025 13:07:13;0.16;
08.01.2025 13:07:14;0.17;
08.01.2025 13:07:15;0.16;
08.01.2025 13:07:16;0.17;
08.01.2025 13:07:19;0.17;
08.01.2025 13:07:20;0.18;
08.01.2025 13:07:21;0.19;
08.01.2025 13:07:22;0.18;
08.01.2025 13:07:25;0.18;
08.01.2025 13:07:26;0.19;
08.01.2025 13:07:27;0.19;
08.01.2025 13:07:28;0.2;
08.01.2025 13:07:29;0.2;
08.01.2025 13:07:30;0.19;
08.01.2025 13:07:31;0.19;
08.01.2025 13:07:32;0.2;
08.01.2025 13:07:33;0.21;
08.01.2025 13:07:34;0.21;
08.01.2025 13:07:35;0.2;
08.01.2025 13:07:36;0.21;
08.01.2025 13:07:39;0.21;
08.01.2025 13:07:40;0.22;
08.01.2025 13:07:46;0.22;
08.01.2025 13:07:47;0.23;
08.01.2025 13:07:48;0.23;
08.01.2025 13:07:49;0.22;
08.01.2025 13:07:50;0.23;
08.01.2025 13:07:54;0.23;
08.01.2025 13:07:55;0.24;
08.01.2025 13:07:57;0.24;
08.01.2025 13:07:58;0.25;
08.01.2025 13:07:59;0.24;
08.01.2025 13:08:00;0.25;
08.01.2025 13:08:01;0.25;
08.01.2025 13:08:02;0.26;
08.01.2025 13:08:03;0.26;
08.01.2025 13:08:04;0.27;
08.01.2025 13:08:05;0.26;
08.01.2025 13:08:06;0.26;
08.01.2025 13:08:07;0.27;
08.01.2025 13:08:10;0.27;
08.01.2025 13:08:11;0.26;
08.01.2025 13:08:12;0.27;
08.01.2025 13:08:14;0.27;
08.01.2025 13:08:15;0.28;
08.01.2025 13:08:16;0.28;
08.01.2025 13:08:17;0.29;
08.01.2025 13:08:19;0.29;
08.01.2025 13:08:20;0.28;
08.01.2025 13:08:21;0.28;
08.01.2025 13:08:22;0.3;
08.01.2025 13:08:23;0.29;
08.01.2025 13:08:24;0.3;
08.01.2025 13:08:25;0.3;
08.01.2025 13:08:26;0.29;
08.01.2025 13:08:27;0.3;
08.01.2025 13:08:29;0.3;
08.01.2025 13:08:30;0.31;
08.01.2025 13:08:31;0.3;
08.01.2025 13:08:32;0.3;
08.01.2025 13:08:33;0.31;
08.01.2025 13:08:37;0.31;
08.01.2025 13:08:38;0.32;
08.01.2025 13:08:41;0.32;
08.01.2025 13:08:42;0.33;
08.01.2025 13:08:44;0.33;
08.01.2025 13:08:45;0.32;
08.01.2025 13:08:46;0.34;
08.01.2025 13:08:47;0.33;
08.01.2025 13:08:50;0.33;
08.01.2025 13:08:51;0.34;
08.01.2025 13:08:52;0.35;
08.01.2025 13:08:53;0.34;
08.01.2025 13:08:55;0.34;
08.01.2025 13:08:56;0.35;
08.01.2025 13:08:57;0.34;
08.01.2025 13:08:58;0.35;
08.01.2025 13:08:59;0.35;
08.01.2025 13:09:00;0.36;
08.01.2025 13:09:01;0.35;
08.01.2025 13:09:02;0.35;
08.01.2025 13:09:03;0.36;
08.01.2025 13:09:04;0.37;
08.01.2025 13:09:05;0.36;
08.01.2025 13:09:07;0.36;
08.01.2025 13:09:08;0.37;
08.01.2025 13:09:14;0.37;
08.01.2025 13:09:15;0.38;
08.01.2025 13:09:16;0.37;
08.01.2025 13:09:17;0.37;
08.01.2025 13:09:18;0.38;
08.01.2025 13:09:22;0.38;
08.01.2025 13:09:23;0.39;
08.01.2025 13:09:24;0.39;
08.01.2025 13:09:25;0.4;
08.01.2025 13:09:27;0.4;
08.01.2025 13:09:28;0.39;
08.01.2025 13:09:29;0.4;
08.01.2025 13:09:30;0.41;
08.01.2025 13:09:34;0.41;
08.01.2025 13:09:35;0.4;
08.01.2025 13:09:36;0.41;
08.01.2025 13:09:38;0.41;
08.01.2025 13:09:39;0.42;
08.01.2025 13:09:40;0.41;
08.01.2025 13:09:41;0.42;
08.01.2025 13:09:43;0.42;
08.01.2025 13:09:44;0.43;
08.01.2025 13:09:45;0.42;
08.01.2025 13:09:46;0.43;
08.01.2025 13:09:49;0.43;
08.01.2025 13:09:50;0.44;
08.01.2025 13:09:51;0.44;
08.01.2025 13:09:52;0.43;
08.01.2025 13:09:53;0.44;
08.01.2025 13:09:54;0.44;
08.01.2025 13:09:55;0.45;
08.01.2025 13:09:56;0.44;
08.01.2025 13:09:57;0.45;
08.01.2025 13:09:59;0.45;
08.01.2025 13:10:00;0.46;
08.01.2025 13:10:01;0.45;
08.01.2025 13:10:02;0.45;
08.01.2025 13:10:03;0.46;
08.01.2025 13:10:05;0.46;
08.01.2025 13:10:06;0.45;
08.01.2025 13:10:07;0.46;
08.01.2025 13:10:08;0.47;
08.01.2025 13:10:10;0.47;
08.01.2025 13:10:11;0.46;
08.01.2025 13:10:12;0.47;
08.01.2025 13:10:13;0.48;
08.01.2025 13:10:14;0.47;
08.01.2025 13:10:15;0.48;
08.01.2025 13:10:16;0.47;
08.01.2025 13:10:17;0.48;
08.01.2025 13:10:19;0.48;
08.01.2025 13:10:20;0.49;
08.01.2025 13:10:21;0.48;
08.01.2025 13:10:22;0.49;
08.01.2025 13:10:23;0.48;
08.01.2025 13:10:24;0.49;
08.01.2025 13:10:28;0.49;
08.01.2025 13:10:29;0.5;
08.01.2025 13:10:30;0.49;
08.01.2025 13:10:31;0.5;
08.01.2025 13:10:34;0.5;
08.01.2025 13:10:35;0.51;
08.01.2025 13:10:36;0.5;
08.01.2025 13:10:37;0.51;
08.01.2025 13:10:38;0.51;
08.01.2025 13:10:39;0.52;
08.01.2025 13:10:40;0.51;
08.01.2025 13:10:43;0.51;
08.01.2025 13:10:44;0.52;
08.01.2025 13:10:48;0.52;
08.01.2025 13:10:49;0.53;
08.01.2025 13:10:50;0.52;
08.01.2025 13:10:51;0.52;
08.01.2025 13:10:52;0.53;
08.01.2025 13:10:55;0.53;
08.01.2025 13:10:56;0.54;
08.01.2025 13:10:57;0.55;
08.01.2025 13:10:58;0.54;
08.01.2025 13:11:00;0.54;
08.01.2025 13:11:01;0.55;
08.01.2025 13:11:02;0.55;
08.01.2025 13:11:03;0.54;
08.01.2025 13:11:04;0.55;
08.01.2025 13:11:05;0.55;
08.01.2025 13:11:06;0.56;
08.01.2025 13:11:07;0.55;
08.01.2025 13:11:08;0.55;
08.01.2025 13:11:09;0.56;
08.01.2025 13:11:10;0.56;
08.01.2025 13:11:11;0.55;
08.01.2025 13:11:12;0.55;
08.01.2025 13:11:13;0.57;
08.01.2025 13:11:22;0.57;
08.01.2025 13:11:23;0.58;
08.01.2025 13:11:26;0.58;
08.01.2025 13:11:27;0.59;
08.01.2025 13:11:28;0.59;
08.01.2025 13:11:29;0.58;
08.01.2025 13:11:30;0.59;
08.01.2025 13:11:35;0.59;
08.01.2025 13:11:36;0.6;
08.01.2025 13:11:38;0.6;
08.01.2025 13:11:39;0.59;
08.01.2025 13:11:40;0.6;
08.01.2025 13:11:41;0.61;
08.01.2025 13:11:44;0.61;
08.01.2025 13:11:45;0.62;
08.01.2025 13:11:46;0.61;
08.01.2025 13:11:47;0.61;
08.01.2025 13:11:48;0.62;
08.01.2025 13:11:55;0.62;
08.01.2025 13:11:56;0.63;
08.01.2025 13:11:57;0.63;
08.01.2025 13:11:58;0.62;
08.01.2025 13:11:59;0.64;
08.01.2025 13:12:00;0.63;
08.01.2025 13:12:01;0.64;
08.01.2025 13:12:03;0.64;
08.01.2025 13:12:04;0.65;
08.01.2025 13:12:05;0.64;
08.01.2025 13:12:06;0.65;
08.01.2025 13:12:08;0.65;
08.01.2025 13:12:09;0.64;
08.01.2025 13:12:10;0.64;
08.01.2025 13:12:11;0.65;
08.01.2025 13:12:17;0.65;
08.01.2025 13:12:18;0.66;
08.01.2025 13:12:19;0.66;
08.01.2025 13:12:20;0.65;
08.01.2025 13:12:21;0.66;
08.01.2025 13:12:24;0.66;
08.01.2025 13:12:25;0.67;
08.01.2025 13:12:26;0.66;
08.01.2025 13:12:27;0.66;
08.01.2025 13:12:28;0.68;
08.01.2025 13:12:29;0.67;
08.01.2025 13:12:30;0.67;
08.01.2025 13:12:31;0.68;
08.01.2025 13:12:39;0.68;
08.01.2025 13:12:40;0.69;
08.01.2025 13:12:42;0.69;
08.01.2025 13:12:43;0.7;
08.01.2025 13:12:44;0.69;
08.01.2025 13:12:46;0.69;
08.01.2025 13:12:47;0.7;
08.01.2025 13:12:48;0.7;
08.01.2025 13:12:49;0.71;
08.01.2025 13:12:50;0.7;
08.01.2025 13:12:51;0.7;
08.01.2025 13:12:52;0.71;
08.01.2025 13:12:53;0.7;
08.01.2025 13:12:54;0.71;
08.01.2025 13:12:58;0.71;
08.01.2025 13:12:59;0.72;
08.01.2025 13:13:00;0.71;
08.01.2025 13:13:02;0.71;
08.01.2025 13:13:03;0.72;
08.01.2025 13:13:05;0.72;
08.01.2025 13:13:06;0.73;
08.01.2025 13:13:07;0.72;
08.01.2025 13:13:08;0.73;
08.01.2025 13:13:09;0.72;
08.01.2025 13:13:10;0.72;
08.01.2025 13:13:11;0.73;
08.01.2025 13:13:13;0.73;
08.01.2025 13:13:14;0.74;
08.01.2025 13:13:15;0.73;
08.01.2025 13:13:16;0.74;
08.01.2025 13:13:17;0.74;
08.01.2025 13:13:18;0.73;
08.01.2025 13:13:19;0.74;
08.01.2025 13:13:22;0.74;
08.01.2025 13:13:23;0.75;
08.01.2025 13:13:24;0.75;
08.01.2025 13:13:25;0.76;
08.01.2025 13:13:27;0.76;
08.01.2025 13:13:28;0.75;
08.01.2025 13:13:29;0.75;
08.01.2025 13:13:30;0.76;
08.01.2025 13:13:31;0.76;
08.01.2025 13:13:32;0.77;
08.01.2025 13:13:33;0.76;
08.01.2025 13:13:34;0.76;
08.01.2025 13:13:35;0.77;
08.01.2025 13:13:37;0.77;
08.01.2025 13:13:38;0.76;
08.01.2025 13:13:39;0.77;
08.01.2025 13:13:40;0.76;
08.01.2025 13:13:41;0.77;
08.01.2025 13:13:42;0.78;
08.01.2025 13:13:43;0.77;
08.01.2025 13:13:44;0.77;
08.01.2025 13:13:45;0.78;
08.01.2025 13:13:50;0.78;
08.01.2025 13:13:51;0.79;
08.01.2025 13:13:54;0.79;
08.01.2025 13:13:55;0.8;
08.01.2025 13:13:56;0.79;
08.01.2025 13:13:58;0.79;
08.01.2025 13:13:59;0.8;
08.01.2025 13:14:00;0.79;
08.01.2025 13:14:01;0.8;
08.01.2025 13:14:05;0.8;
08.01.2025 13:14:06;0.81;
08.01.2025 13:14:10;0.81;
08.01.2025 13:14:11;0.82;
08.01.2025 13:14:13;0.82;
08.01.2025 13:14:14;0.81;
08.01.2025 13:14:15;0.82;
08.01.2025 13:14:16;0.82;
08.01.2025 13:14:17;0.83;
08.01.2025 13:14:18;0.83;
08.01.2025 13:14:19;0.82;
08.01.2025 13:14:20;0.83;
08.01.2025 13:14:21;0.82;
08.01.2025 13:14:22;0.83;
08.01.2025 13:14:23;0.83;
08.01.2025 13:14:24;0.82;
08.01.2025 13:14:25;0.83;
08.01.2025 13:14:26;0.83;
08.01.2025 13:14:27;0.85;
08.01.2025 13:14:28;0.84;
08.01.2025 13:14:34;0.84;
08.01.2025 13:14:35;0.85;
08.01.2025 13:14:42;0.85;
08.01.2025 13:14:43;0.86;
08.01.2025 13:14:44;0.86;
08.01.2025 13:14:45;0.87;
08.01.2025 13:14:46;0.86;
08.01.2025 13:14:48;0.86;
08.01.2025 13:14:49;0.87;
08.01.2025 13:14:50;0.87;
08.01.2025 13:14:51;0.86;
08.01.2025 13:14:52;0.87;
08.01.2025 13:14:55;0.87;
08.01.2025 13:14:56;0.88;
08.01.2025 13:14:57;0.87;
08.01.2025 13:14:58;0.88;
08.01.2025 13:14:59;0.89;
08.01.2025 13:15:00;0.88;
08.01.2025 13:15:01;0.89;
08.01.2025 13:15:02;0.88;
08.01.2025 13:15:04;0.88;
08.01.2025 13:15:05;0.89;
08.01.2025 13:15:06;0.9;
08.01.2025 13:15:07;0.9;
08.01.2025 13:15:08;0.89;
08.01.2025 13:15:09;0.89;
08.01.2025 13:15:10;0.9;
08.01.2025 13:15:11;0.89;
08.01.2025 13:15:12;0.9;
08.01.2025 13:15:15;0.9;
08.01.2025 13:15:16;0.91;
08.01.2025 13:15:17;0.9;
08.01.2025 13:15:19;0.9;
08.01.2025 13:15:20;0.91;
08.01.2025 13:15:21;0.9;
08.01.2025 13:15:22;0.9;
08.01.2025 13:15:23;0.91;
08.01.2025 13:15:26;0.91;
08.01.2025 13:15:27;0.9;
08.01.2025 13:15:28;0.92;
08.01.2025 13:15:29;0.92;
08.01.2025 13:15:30;0.91;
08.01.2025 13:15:31;0.91;
08.01.2025 13:15:32;0.92;
08.01.2025 13:15:36;0.92;
08.01.2025 13:15:37;0.93;
08.01.2025 13:15:38;0.92;
08.01.2025 13:15:39;0.92;
08.01.2025 13:15:40;0.93;
08.01.2025 13:15:41;0.92;
08.01.2025 13:15:42;0.93;
08.01.2025 13:15:43;0.93;
08.01.2025 13:15:44;0.94;
08.01.2025 13:15:45;0.94;
08.01.2025 13:15:46;0.93;
08.01.2025 13:15:47;0.95;
08.01.2025 13:15:48;0.93;
08.01.2025 13:15:49;0.93;
08.01.2025 13:15:50;0.94;
08.01.2025 13:15:51;0.95;
08.01.2025 13:15:52;0.94;
08.01.2025 13:15:55;0.94;
08.01.2025 13:15:56;0.95;
08.01.2025 13:16:00;0.95;
08.01.2025 13:16:01;0.96;
08.01.2025 13:16:02;0.95;
08.01.2025 13:16:03;0.95;
08.01.2025 13:16:04;0.96;
08.01.2025 13:16:09;0.96;
08.01.2025 13:16:10;0.97;
08.01.2025 13:16:14;0.97;
08.01.2025 13:16:15;0.98;
08.01.2025 13:16:19;0.98;
08.01.2025 13:16:20;0.97;
08.01.2025 13:16:21;0.98;
08.01.2025 13:16:22;0.98;
08.01.2025 13:16:23;0.99;
08.01.2025 13:16:24;0.98;
08.01.2025 13:16:25;0.99;
08.01.2025 13:16:26;0.99;
08.01.2025 13:16:27;1;
08.01.2025 13:16:28;0.98;
08.01.2025 13:16:29;0.98;
08.01.2025 13:16:30;0.99;
08.01.2025 13:16:33;0.99;
08.01.2025 13:16:34;1;
08.01.2025 13:16:42;1;
08.01.2025 13:16:43;1.01;
08.01.2025 13:16:44;1;
08.01.2025 13:16:45;1.01;
08.01.2025 13:16:46;1;
08.01.2025 13:16:47;1.01;
08.01.2025 13:16:50;1.01;
08.01.2025 13:16:51;1.02;
08.01.2025 13:16:57;1.02;
08.01.2025 13:16:58;1.03;
08.01.2025 13:16:59;1.02;
08.01.2025 13:17:00;1.03;
08.01.2025 13:17:02;1.03;
08.01.2025 13:17:03;1.02;
08.01.2025 13:17:04;1.04;
08.01.2025 13:17:05;1.03;
08.01.2025 13:17:06;1.04;
08.01.2025 13:17:07;1.03;
08.01.2025 13:17:09;1.03;
08.01.2025 13:17:10;1.04;
08.01.2025 13:17:16;1.04;
08.01.2025 13:17:17;1.05;
08.01.2025 13:17:18;1.06;
08.01.2025 13:17:19;1.05;
08.01.2025 13:17:21;1.05;
08.01.2025 13:17:22;1.06;
08.01.2025 13:17:23;1.05;
08.01.2025 13:17:24;1.06;
08.01.2025 13:17:26;1.06;
08.01.2025 13:17:27;1.05;
08.01.2025 13:17:28;1.06;
08.01.2025 13:17:30;1.06;
08.01.2025 13:17:31;1.05;
08.01.2025 13:17:32;1.06;
08.01.2025 13:17:33;1.07;
08.01.2025 13:17:42;1.07;
08.01.2025 13:17:43;1.08;
08.01.2025 13:17:46;1.08;
08.01.2025 13:17:47;1.07;
08.01.2025 13:17:48;1.08;
08.01.2025 13:17:49;1.09;
08.01.2025 13:17:50;1.09;
08.01.2025 13:17:51;1.08;
08.01.2025 13:17:53;1.08;
08.01.2025 13:17:54;1.09;
08.01.2025 13:17:57;1.09;
08.01.2025 13:17:58;1.1;
08.01.2025 13:17:59;1.09;
08.01.2025 13:18:00;1.09;
08.01.2025 13:18:01;1.1;
08.01.2025 13:18:05;1.1;
08.01.2025 13:18:06;1.11;
08.01.2025 13:18:08;1.11;
08.01.2025 13:18:09;1.12;
08.01.2025 13:18:10;1.11;
08.01.2025 13:18:12;1.11;
08.01.2025 13:18:13;1.12;
08.01.2025 13:18:15;1.12;
08.01.2025 13:18:16;1.11;
08.01.2025 13:18:17;1.12;
08.01.2025 13:18:19;1.12;
08.01.2025 13:18:20;1.11;
08.01.2025 13:18:21;1.11;
08.01.2025 13:18:22;1.12;
08.01.2025 13:18:24;1.12;
08.01.2025 13:18:25;1.13;
08.01.2025 13:18:26;1.12;
08.01.2025 13:18:27;1.14;
08.01.2025 13:18:28;1.12;
08.01.2025 13:18:30;1.12;
08.01.2025 13:18:31;1.13;
08.01.2025 13:18:32;1.13;
08.01.2025 13:18:33;1.14;
08.01.2025 13:18:34;1.13;
08.01.2025 13:18:35;1.14;
08.01.2025 13:18:40;1.14;
08.01.2025 13:18:41;1.15;
08.01.2025 13:18:42;1.14;
08.01.2025 13:18:43;1.15;
08.01.2025 13:18:44;1.15;
08.01.2025 13:18:45;1.16;
08.01.2025 13:18:46;1.15;
08.01.2025 13:18:49;1.15;
08.01.2025 13:18:50;1.16;
08.01.2025 13:18:51;1.16;
08.01.2025 13:18:52;1.15;
08.01.2025 13:18:53;1.16;
08.01.2025 13:18:58;1.16;
08.01.2025 13:18:59;1.17;
08.01.2025 13:19:00;1.16;
08.01.2025 13:19:01;1.16;
08.01.2025 13:19:02;1.17;
08.01.2025 13:19:09;1.17;
08.01.2025 13:19:10;1.18;
08.01.2025 13:19:11;1.17;
08.01.2025 13:19:12;1.18;
08.01.2025 13:19:13;1.17;
08.01.2025 13:19:14;1.18;
08.01.2025 13:19:19;1.18;
08.01.2025 13:19:20;1.19;
08.01.2025 13:19:25;1.19;
08.01.2025 13:19:26;1.18;
08.01.2025 13:19:27;1.19;
08.01.2025 13:19:30;1.19;
08.01.2025 13:19:31;1.2;
08.01.2025 13:19:35;1.2;
08.01.2025 13:19:36;1.21;
08.01.2025 13:19:40;1.21;
08.01.2025 13:19:41;1.22;
08.01.2025 13:19:42;1.21;
08.01.2025 13:19:45;1.21;
08.01.2025 13:19:46;1.22;
08.01.2025 13:19:47;1.21;
08.01.2025 13:19:48;1.22;
08.01.2025 13:19:49;1.22;
08.01.2025 13:19:50;1.21;
08.01.2025 13:19:51;1.22;
08.01.2025 13:19:56;1.22;
08.01.2025 13:19:57;1.23;
08.01.2025 13:19:58;1.22;
08.01.2025 13:19:59;1.24;
08.01.2025 13:20:00;1.23;
08.01.2025 13:20:06;1.23;
08.01.2025 13:20:07;1.24;
08.01.2025 13:20:14;1.24;
08.01.2025 13:20:15;1.25;
08.01.2025 13:20:24;1.25;
08.01.2025 13:20:25;1.26;
08.01.2025 13:20:32;1.26;
08.01.2025 13:20:33;1.25;
08.01.2025 13:20:34;1.26;
08.01.2025 13:20:35;1.26;
08.01.2025 13:20:36;1.27;
08.01.2025 13:20:37;1.28;
08.01.2025 13:20:40;1.28;
08.01.2025 13:20:41;1.27;
08.01.2025 13:20:42;1.28;
08.01.2025 13:20:44;1.28;
08.01.2025 13:20:45;1.27;
08.01.2025 13:20:46;1.28;
08.01.2025 13:20:48;1.28;
08.01.2025 13:20:49;1.27;
08.01.2025 13:20:50;1.28;
08.01.2025 13:20:51;1.28;
08.01.2025 13:20:52;1.29;
08.01.2025 13:20:53;1.28;
08.01.2025 13:20:54;1.29;
08.01.2025 13:20:55;1.29;
08.01.2025 13:20:56;1.28;
08.01.2025 13:20:57;1.28;
08.01.2025 13:20:58;1.29;
08.01.2025 13:21:01;1.29;
08.01.2025 13:21:02;1.3;
08.01.2025 13:21:08;1.3;
08.01.2025 13:21:09;1.29;
08.01.2025 13:21:10;1.3;
08.01.2025 13:21:11;1.31;
08.01.2025 13:21:12;1.3;
08.01.2025 13:21:14;1.3;
08.01.2025 13:21:15;1.31;
08.01.2025 13:21:19;1.31;
08.01.2025 13:21:20;1.3;
08.01.2025 13:21:21;1.31;
08.01.2025 13:21:22;1.31;
08.01.2025 13:21:23;1.32;
08.01.2025 13:21:24;1.32;
08.01.2025 13:21:25;1.31;
08.01.2025 13:21:29;1.31;
08.01.2025 13:21:30;1.32;
08.01.2025 13:21:32;1.32;
08.01.2025 13:21:33;1.33;
08.01.2025 13:21:34;1.32;
08.01.2025 13:21:37;1.32;
08.01.2025 13:21:38;1.33;
08.01.2025 13:21:41;1.33;
08.01.2025 13:21:42;1.34;
08.01.2025 13:21:43;1.33;
08.01.2025 13:21:44;1.34;
08.01.2025 13:21:45;1.34;
08.01.2025 13:21:46;1.33;
08.01.2025 13:21:47;1.34;
08.01.2025 13:21:53;1.34;
08.01.2025 13:21:54;1.35;
08.01.2025 13:21:55;1.34;
08.01.2025 13:21:56;1.34;
08.01.2025 13:21:57;1.36;
08.01.2025 13:21:58;1.35;
08.01.2025 13:22:04;1.35;
08.01.2025 13:22:05;1.37;
08.01.2025 13:22:06;1.36;
08.01.2025 13:22:07;1.37;
08.01.2025 13:22:08;1.36;
08.01.2025 13:22:10;1.36;
08.01.2025 13:22:11;1.37;
08.01.2025 13:22:12;1.36;
08.01.2025 13:22:13;1.36;
08.01.2025 13:22:14;1.37;
08.01.2025 13:22:22;1.37;
08.01.2025 13:22:23;1.38;
08.01.2025 13:22:31;1.38;
08.01.2025 13:22:32;1.37;
08.01.2025 13:22:33;1.38;
08.01.2025 13:22:34;1.39;
08.01.2025 13:22:35;1.39;
08.01.2025 13:22:36;1.38;
08.01.2025 13:22:37;1.4;
08.01.2025 13:22:38;1.39;
08.01.2025 13:22:39;1.39;
08.01.2025 13:22:40;1.4;
08.01.2025 13:22:41;1.4;
08.01.2025 13:22:42;1.39;
08.01.2025 13:22:43;1.4;
08.01.2025 13:22:50;1.4;
08.01.2025 13:22:51;1.41;
08.01.2025 13:22:52;1.4;
08.01.2025 13:22:57;1.4;
08.01.2025 13:22:58;1.41;
08.01.2025 13:23:02;1.41;
08.01.2025 13:23:03;1.42;
08.01.2025 13:23:11;1.42;
08.01.2025 13:23:12;1.43;
08.01.2025 13:23:13;1.42;
08.01.2025 13:23:14;1.43;
08.01.2025 13:23:15;1.43;
08.01.2025 13:23:16;1.42;
08.01.2025 13:23:17;1.42;
08.01.2025 13:23:18;1.43;
08.01.2025 13:23:26;1.43;
08.01.2025 13:23:27;1.44;
08.01.2025 13:23:32;1.44;
08.01.2025 13:23:33;1.45;
08.01.2025 13:23:34;1.44;
08.01.2025 13:23:35;1.45;
08.01.2025 13:23:36;1.44;
08.01.2025 13:23:37;1.45;
08.01.2025 13:23:43;1.45;
08.01.2025 13:23:44;1.46;
08.01.2025 13:23:45;1.45;
08.01.2025 13:23:46;1.46;
08.01.2025 13:23:48;1.46;
08.01.2025 13:23:49;1.45;
08.01.2025 13:23:50;1.46;
08.01.2025 13:23:51;1.45;
08.01.2025 13:23:52;1.45;
08.01.2025 13:23:53;1.46;
08.01.2025 13:23:54;1.47;
08.01.2025 13:23:55;1.46;
08.01.2025 13:23:58;1.46;
08.01.2025 13:23:59;1.47;
08.01.2025 13:24:00;1.46;
08.01.2025 13:24:01;1.47;
08.01.2025 13:24:02;1.46;
08.01.2025 13:24:03;1.47;
08.01.2025 13:24:04;1.46;
08.01.2025 13:24:05;1.47;
08.01.2025 13:24:10;1.47;
08.01.2025 13:24:11;1.48;
08.01.2025 13:24:15;1.48;
08.01.2025 13:24:16;1.49;
08.01.2025 13:24:17;1.48;
08.01.2025 13:24:19;1.48;
08.01.2025 13:24:20;1.49;
08.01.2025 13:24:22;1.49;
08.01.2025 13:24:23;1.48;
08.01.2025 13:24:24;1.49;
08.01.2025 13:24:27;1.49;
08.01.2025 13:24:28;1.5;
08.01.2025 13:24:29;1.49;
08.01.2025 13:24:31;1.49;
08.01.2025 13:24:32;1.51;
08.01.2025 13:24:33;1.51;
08.01.2025 13:24:34;1.5;
08.01.2025 13:24:37;1.5;
08.01.2025 13:24:38;1.51;
08.01.2025 13:24:39;1.51;
08.01.2025 13:24:40;1.5;
08.01.2025 13:24:41;1.5;
08.01.2025 13:24:42;1.51;
08.01.2025 13:24:44;1.51;
08.01.2025 13:24:45;1.5;
08.01.2025 13:24:46;1.51;
08.01.2025 13:24:49;1.51;
08.01.2025 13:24:50;1.52;
08.01.2025 13:24:51;1.51;
08.01.2025 13:24:53;1.51;
08.01.2025 13:24:54;1.52;
08.01.2025 13:24:55;1.52;
08.01.2025 13:24:56;1.51;
08.01.2025 13:24:57;1.51;
08.01.2025 13:24:58;1.52;
08.01.2025 13:25:05;1.52;
08.01.2025 13:25:06;1.53;
08.01.2025 13:25:11;1.53;
08.01.2025 13:25:12;1.54;
08.01.2025 13:25:13;1.53;
08.01.2025 13:25:15;1.53;
08.01.2025 13:25:16;1.54;
08.01.2025 13:25:17;1.54;
08.01.2025 13:25:18;1.53;
08.01.2025 13:25:19;1.54;
08.01.2025 13:25:20;1.53;
08.01.2025 13:25:21;1.54;
08.01.2025 13:25:24;1.54;
08.01.2025 13:25:25;1.55;
08.01.2025 13:25:26;1.54;
08.01.2025 13:25:27;1.55;
08.01.2025 13:25:33;1.55;
08.01.2025 13:25:34;1.56;
08.01.2025 13:25:35;1.55;
08.01.2025 13:25:36;1.56;
08.01.2025 13:25:39;1.56;
08.01.2025 13:25:40;1.55;
08.01.2025 13:25:41;1.56;
08.01.2025 13:25:42;1.55;
08.01.2025 13:25:43;1.56;
08.01.2025 13:25:44;1.56;
08.01.2025 13:25:45;1.55;
08.01.2025 13:25:46;1.56;
08.01.2025 13:25:47;1.56;
08.01.2025 13:25:48;1.57;
08.01.2025 13:25:49;1.57;
08.01.2025 13:25:50;1.56;
08.01.2025 13:25:52;1.56;
08.01.2025 13:25:53;1.57;
08.01.2025 13:25:57;1.57;
08.01.2025 13:25:58;1.56;
08.01.2025 13:25:59;1.57;
08.01.2025 13:26:02;1.57;
08.01.2025 13:26:03;1.58;
08.01.2025 13:26:05;1.58;
08.01.2025 13:26:06;1.57;
08.01.2025 13:26:07;1.58;
08.01.2025 13:26:08;1.58;
08.01.2025 13:26:09;1.59;
08.01.2025 13:26:10;1.59;
08.01.2025 13:26:11;1.57;
08.01.2025 13:26:12;1.59;
08.01.2025 13:26:13;1.58;
08.01.2025 13:26:14;1.58;
08.01.2025 13:26:15;1.59;
08.01.2025 13:26:23;1.59;
08.01.2025 13:26:24;1.6;
08.01.2025 13:26:25;1.59;
08.01.2025 13:26:26;1.6;
08.01.2025 13:26:27;1.59;
08.01.2025 13:26:28;1.6;
08.01.2025 13:26:29;1.59;
08.01.2025 13:26:30;1.6;
08.01.2025 13:26:31;1.6;
08.01.2025 13:26:32;1.59;
08.01.2025 13:26:33;1.59;
08.01.2025 13:26:34;1.6;
08.01.2025 13:26:35;1.61;
08.01.2025 13:26:36;1.6;
08.01.2025 13:26:37;1.6;
08.01.2025 13:26:38;1.61;
08.01.2025 13:26:39;1.6;
08.01.2025 13:26:40;1.61;
08.01.2025 13:26:46;1.61;
08.01.2025 13:26:47;1.62;
08.01.2025 13:26:55;1.62;
08.01.2025 13:26:56;1.61;
08.01.2025 13:26:57;1.62;
08.01.2025 13:26:58;1.63;
08.01.2025 13:27:11;1.63;
08.01.2025 13:27:12;1.64;
08.01.2025 13:27:14;1.64;
08.01.2025 13:27:15;1.63;
08.01.2025 13:27:16;1.64;
08.01.2025 13:27:19;1.64;
08.01.2025 13:27:20;1.65;
08.01.2025 13:27:23;1.65;
08.01.2025 13:27:24;1.64;
08.01.2025 13:27:25;1.64;
08.01.2025 13:27:26;1.65;
08.01.2025 13:27:27;1.66;
08.01.2025 13:27:28;1.65;
08.01.2025 13:27:34;1.65;
08.01.2025 13:27:35;1.66;
08.01.2025 13:27:40;1.66;
08.01.2025 13:27:41;1.65;
08.01.2025 13:27:42;1.66;
08.01.2025 13:27:47;1.66;
08.01.2025 13:27:48;1.67;
08.01.2025 13:27:49;1.67;
08.01.2025 13:27:50;1.68;
08.01.2025 13:27:51;1.67;
08.01.2025 13:27:57;1.67;
08.01.2025 13:27:58;1.68;
08.01.2025 13:28:04;1.68;
08.01.2025 13:28:05;1.67;
08.01.2025 13:28:06;1.68;
08.01.2025 13:28:07;1.69;
08.01.2025 13:28:08;1.68;
08.01.2025 13:28:09;1.69;
08.01.2025 13:28:10;1.68;
08.01.2025 13:28:11;1.69;
08.01.2025 13:28:12;1.69;
08.01.2025 13:28:13;1.68;
08.01.2025 13:28:14;1.69;
08.01.2025 13:28:15;1.68;
08.01.2025 13:28:16;1.69;
08.01.2025 13:28:21;1.69;
08.01.2025 13:28:22;1.7;
08.01.2025 13:28:23;1.69;
08.01.2025 13:28:24;1.69;
08.01.2025 13:28:25;1.7;
08.01.2025 13:28:26;1.69;
08.01.2025 13:28:27;1.7;
08.01.2025 13:28:31;1.7;
08.01.2025 13:28:32;1.71;
08.01.2025 13:28:33;1.7;
08.01.2025 13:28:34;1.7;
08.01.2025 13:28:35;1.71;
08.01.2025 13:28:36;1.71;
08.01.2025 13:28:37;1.7;
08.01.2025 13:28:38;1.71;
08.01.2025 13:28:42;1.71;
08.01.2025 13:28:43;1.7;
08.01.2025 13:28:44;1.7;
08.01.2025 13:28:45;1.71;
08.01.2025 13:28:46;1.71;
08.01.2025 13:28:47;1.72;
08.01.2025 13:28:48;1.71;
08.01.2025 13:28:49;1.72;
08.01.2025 13:28:54;1.72;
08.01.2025 13:28:55;1.71;
08.01.2025 13:28:56;1.72;
08.01.2025 13:28:58;1.72;
08.01.2025 13:28:59;1.73;
08.01.2025 13:29:00;1.72;
08.01.2025 13:29:01;1.73;
08.01.2025 13:29:02;1.72;
08.01.2025 13:29:03;1.73;
08.01.2025 13:29:09;1.73;
08.01.2025 13:29:10;1.74;
08.01.2025 13:29:11;1.73;
08.01.2025 13:29:13;1.73;
08.01.2025 13:29:14;1.74;
08.01.2025 13:29:15;1.73;
08.01.2025 13:29:16;1.74;
08.01.2025 13:29:19;1.74;
08.01.2025 13:29:20;1.73;
08.01.2025 13:29:21;1.74;
08.01.2025 13:29:24;1.74;
08.01.2025 13:29:25;1.73;
08.01.2025 13:29:26;1.75;
08.01.2025 13:29:27;1.74;
08.01.2025 13:29:28;1.75;
08.01.2025 13:29:30;1.75;
08.01.2025 13:29:31;1.74;
08.01.2025 13:29:32;1.75;
08.01.2025 13:29:35;1.75;
08.01.2025 13:29:36;1.76;
08.01.2025 13:29:37;1.74;
08.01.2025 13:29:38;1.75;
08.01.2025 13:29:40;1.75;
08.01.2025 13:29:41;1.76;
08.01.2025 13:29:42;1.75;
08.01.2025 13:29:43;1.76;
08.01.2025 13:29:44;1.76;
08.01.2025 13:29:45;1.77;
08.01.2025 13:29:46;1.76;
08.01.2025 13:29:47;1.76;
08.01.2025 13:29:48;1.77;
08.01.2025 13:29:49;1.77;
08.01.2025 13:29:50;1.76;
08.01.2025 13:29:53;1.76;
08.01.2025 13:29:54;1.77;
08.01.2025 13:29:55;1.76;
08.01.2025 13:29:56;1.77;
08.01.2025 13:30:03;1.77;
08.01.2025 13:30:04;1.76;
08.01.2025 13:30:05;1.77;
08.01.2025 13:30:06;1.78;
08.01.2025 13:30:07;1.78;
08.01.2025 13:30:08;1.77;
08.01.2025 13:30:10;1.77;
08.01.2025 13:30:11;1.78;
08.01.2025 13:30:14;1.78;
08.01.2025 13:30:15;1.79;
08.01.2025 13:30:16;1.78;
08.01.2025 13:30:17;1.79;
08.01.2025 13:30:18;1.78;
08.01.2025 13:30:19;1.79;
08.01.2025 13:30:20;1.78;
08.01.2025 13:30:21;1.78;
08.01.2025 13:30:22;1.79;
08.01.2025 13:30:24;1.79;
08.01.2025 13:30:25;1.78;
08.01.2025 13:30:26;1.79;
08.01.2025 13:30:27;1.78;
08.01.2025 13:30:28;1.79;
08.01.2025 13:30:29;1.8;
08.01.2025 13:30:30;1.79;
08.01.2025 13:30:33;1.79;
08.01.2025 13:30:34;1.8;
08.01.2025 13:30:43;1.8;
08.01.2025 13:30:44;1.81;
08.01.2025 13:30:45;1.8;
08.01.2025 13:30:49;1.8;
08.01.2025 13:30:50;1.81;
08.01.2025 13:30:51;1.8;
08.01.2025 13:30:52;1.81;
08.01.2025 13:30:53;1.8;
08.01.2025 13:30:55;1.8;
08.01.2025 13:30:56;1.81;
08.01.2025 13:31:01;1.81;
08.01.2025 13:31:02;1.82;
08.01.2025 13:31:03;1.81;
08.01.2025 13:31:04;1.82;
08.01.2025 13:31:05;1.82;
08.01.2025 13:31:06;1.81;
08.01.2025 13:31:07;1.83;
08.01.2025 13:31:09;1.83;
08.01.2025 13:31:10;1.81;
08.01.2025 13:31:11;1.83;
08.01.2025 13:31:12;1.82;
08.01.2025 13:31:13;1.83;
08.01.2025 13:31:23;1.83;
08.01.2025 13:31:24;1.84;
08.01.2025 13:31:25;1.83;
08.01.2025 13:31:28;1.83;
08.01.2025 13:31:29;1.84;
08.01.2025 13:31:31;1.84;
08.01.2025 13:31:32;1.83;
08.01.2025 13:31:33;1.84;
08.01.2025 13:31:34;1.85;
08.01.2025 13:31:35;1.84;
08.01.2025 13:31:37;1.84;
08.01.2025 13:31:38;1.83;
08.01.2025 13:31:39;1.84;
08.01.2025 13:31:42;1.84;
08.01.2025 13:31:43;1.83;
08.01.2025 13:31:44;1.84;
08.01.2025 13:31:45;1.85;
08.01.2025 13:31:47;1.85;
08.01.2025 13:31:48;1.84;
08.01.2025 13:31:49;1.85;
08.01.2025 13:31:50;1.84;
08.01.2025 13:31:51;1.86;
08.01.2025 13:31:52;1.85;
08.01.2025 13:31:54;1.85;
08.01.2025 13:31:55;1.86;
08.01.2025 13:31:56;1.85;
08.01.2025 13:31:57;1.86;
08.01.2025 13:31:58;1.85;
08.01.2025 13:31:59;1.86;
08.01.2025 13:32:00;1.85;
08.01.2025 13:32:01;1.85;
08.01.2025 13:32:02;1.86;
08.01.2025 13:32:04;1.86;
08.01.2025 13:32:05;1.85;
08.01.2025 13:32:06;1.86;
08.01.2025 13:32:07;1.85;
08.01.2025 13:32:08;1.86;
08.01.2025 13:32:09;1.86;
08.01.2025 13:32:10;1.85;
08.01.2025 13:32:11;1.86;
08.01.2025 13:32:12;1.87;
08.01.2025 13:32:13;1.87;
08.01.2025 13:32:14;1.86;
08.01.2025 13:32:15;1.87;
08.01.2025 13:32:20;1.87;
08.01.2025 13:32:21;1.86;
08.01.2025 13:32:22;1.87;
08.01.2025 13:32:24;1.87;
08.01.2025 13:32:25;1.88;
08.01.2025 13:32:26;1.88;
08.01.2025 13:32:27;1.86;
08.01.2025 13:32:28;1.87;
08.01.2025 13:32:29;1.87;
08.01.2025 13:32:30;1.88;
08.01.2025 13:32:33;1.88;
08.01.2025 13:32:34;1.89;
08.01.2025 13:32:35;1.87;
08.01.2025 13:32:36;1.88;
08.01.2025 13:32:37;1.89;
08.01.2025 13:32:38;1.88;
08.01.2025 13:32:41;1.88;
08.01.2025 13:32:42;1.89;
08.01.2025 13:32:45;1.89;
08.01.2025 13:32:46;1.88;
08.01.2025 13:32:47;1.89;
08.01.2025 13:32:48;1.88;
08.01.2025 13:32:49;1.9;
08.01.2025 13:32:50;1.9;
08.01.2025 13:32:51;1.89;
08.01.2025 13:32:52;1.9;
08.01.2025 13:32:53;1.9;
08.01.2025 13:32:54;1.89;
08.01.2025 13:32:55;1.89;
08.01.2025 13:32:56;1.9;
08.01.2025 13:32:58;1.9;
08.01.2025 13:32:59;1.89;
08.01.2025 13:33:00;1.9;
08.01.2025 13:33:02;1.9;
08.01.2025 13:33:03;1.89;
08.01.2025 13:33:04;1.9;
08.01.2025 13:33:07;1.9;
08.01.2025 13:33:08;1.89;
08.01.2025 13:33:09;1.91;
08.01.2025 13:33:11;1.91;
08.01.2025 13:33:12;1.9;
08.01.2025 13:33:13;1.91;
08.01.2025 13:33:14;1.9;
08.01.2025 13:33:15;1.9;
08.01.2025 13:33:16;1.91;
08.01.2025 13:33:18;1.91;
08.01.2025 13:33:19;1.92;
08.01.2025 13:33:20;1.91;
08.01.2025 13:33:22;1.91;
08.01.2025 13:33:23;1.92;
08.01.2025 13:33:24;1.91;
08.01.2025 13:33:25;1.91;
08.01.2025 13:33:26;1.93;
08.01.2025 13:33:27;1.92;
08.01.2025 13:33:28;1.92;
08.01.2025 13:33:29;1.93;
08.01.2025 13:33:30;1.91;
08.01.2025 13:33:31;1.92;
08.01.2025 13:33:32;1.91;
08.01.2025 13:33:33;1.93;
08.01.2025 13:33:35;1.93;
08.01.2025 13:33:36;1.92;
08.01.2025 13:33:37;1.92;
08.01.2025 13:33:38;1.93;
08.01.2025 13:33:39;1.93;
08.01.2025 13:33:40;1.92;
08.01.2025 13:33:41;1.93;
08.01.2025 13:33:49;1.93;
08.01.2025 13:33:50;1.94;
08.01.2025 13:33:51;1.94;
08.01.2025 13:33:52;1.93;
08.01.2025 13:33:53;1.95;
08.01.2025 13:33:54;1.94;
08.01.2025 13:33:56;1.94;
08.01.2025 13:33:57;1.93;
08.01.2025 13:33:58;1.94;
08.01.2025 13:33:59;1.95;
08.01.2025 13:34:00;1.94;
08.01.2025 13:34:01;1.95;
08.01.2025 13:34:02;1.94;
08.01.2025 13:34:03;1.94;
08.01.2025 13:34:04;1.95;
08.01.2025 13:34:05;1.95;
08.01.2025 13:34:06;1.94;
08.01.2025 13:34:07;1.95;
08.01.2025 13:34:08;1.94;
08.01.2025 13:34:09;1.95;
08.01.2025 13:34:15;1.95;
08.01.2025 13:34:16;1.96;
08.01.2025 13:34:17;1.96;
08.01.2025 13:34:18;1.95;
08.01.2025 13:34:19;1.94;
08.01.2025 13:34:20;1.95;
08.01.2025 13:34:24;1.95;
08.01.2025 13:34:25;1.96;
08.01.2025 13:34:26;1.95;
08.01.2025 13:34:27;1.96;
08.01.2025 13:34:28;1.96;
08.01.2025 13:34:29;1.97;
08.01.2025 13:34:30;1.96;
08.01.2025 13:34:33;1.96;
08.01.2025 13:34:34;1.97;
08.01.2025 13:34:35;1.96;
08.01.2025 13:34:36;1.97;
08.01.2025 13:34:40;1.97;
08.01.2025 13:34:41;1.96;
08.01.2025 13:34:42;1.97;
08.01.2025 13:34:50;1.97;
08.01.2025 13:34:51;1.96;
08.01.2025 13:34:52;1.98;
08.01.2025 13:34:53;1.97;
08.01.2025 13:34:54;1.98;
08.01.2025 13:34:56;1.98;
08.01.2025 13:34:57;1.97;
08.01.2025 13:34:58;1.98;
08.01.2025 13:35:03;1.98;
08.01.2025 13:35:04;1.99;
08.01.2025 13:35:05;1.98;
08.01.2025 13:35:07;1.98;
08.01.2025 13:35:08;1.99;
08.01.2025 13:35:09;1.98;
08.01.2025 13:35:12;1.98;
08.01.2025 13:35:13;1.99;
08.01.2025 13:35:14;1.99;
08.01.2025 13:35:15;1.98;
08.01.2025 13:35:16;1.99;
08.01.2025 13:35:18;1.99;
08.01.2025 13:35:19;1.98;
08.01.2025 13:35:20;1.98;
08.01.2025 13:35:21;1.99;
08.01.2025 13:35:22;1.99;
08.01.2025 13:35:23;1.98;
08.01.2025 13:35:24;1.99;
08.01.2025 13:35:27;1.99;
08.01.2025 13:35:28;2;
08.01.2025 13:35:37;2;
08.01.2025 13:35:38;2.01;
08.01.2025 13:35:39;2;
08.01.2025 13:35:42;2;
08.01.2025 13:35:43;2.01;
08.01.2025 13:35:53;2.01;
08.01.2025 13:35:54;2.02;
08.01.2025 13:35:55;2.01;
08.01.2025 13:35:56;2.02;
08.01.2025 13:35:57;2.02;
08.01.2025 13:35:58;2.01;
08.01.2025 13:35:59;2.02;
08.01.2025 13:36:00;2.01;
08.01.2025 13:36:01;2.02;
08.01.2025 13:36:02;2.02;
08.01.2025 13:36:03;2.03;
08.01.2025 13:36:04;2.02;
08.01.2025 13:36:08;2.02;
08.01.2025 13:36:09;2.03;
08.01.2025 13:36:10;2.02;
08.01.2025 13:36:11;2.03;
08.01.2025 13:36:12;2.03;
08.01.2025 13:36:13;2.02;
08.01.2025 13:36:14;2.03;
08.01.2025 13:36:22;2.03;
08.01.2025 13:36:23;2.02;
08.01.2025 13:36:24;2.03;
08.01.2025 13:36:25;2.03;
08.01.2025 13:36:26;2.02;
08.01.2025 13:36:27;2.03;
08.01.2025 13:36:28;2.03;
08.01.2025 13:36:29;2.04;
08.01.2025 13:36:30;2.04;
08.01.2025 13:36:31;2.03;
08.01.2025 13:36:32;2.04;
08.01.2025 13:36:33;2.03;
08.01.2025 13:36:34;2.05;
08.01.2025 13:36:35;2.05;
08.01.2025 13:36:36;2.04;
08.01.2025 13:36:40;2.04;
08.01.2025 13:36:41;2.05;
08.01.2025 13:36:42;2.04;
08.01.2025 13:36:43;2.05;
08.01.2025 13:36:44;2.04;
08.01.2025 13:36:45;2.05;
08.01.2025 13:36:46;2.04;
08.01.2025 13:36:47;2.05;
08.01.2025 13:36:52;2.05;
08.01.2025 13:36:53;2.06;
08.01.2025 13:36:54;2.05;
08.01.2025 13:36:56;2.05;
08.01.2025 13:36:57;2.06;
08.01.2025 13:36:58;2.05;
08.01.2025 13:37:01;2.05;
08.01.2025 13:37:02;2.06;
08.01.2025 13:37:03;2.05;
08.01.2025 13:37:04;2.06;
08.01.2025 13:37:05;2.06;
08.01.2025 13:37:06;2.07;
08.01.2025 13:37:07;2.06;
08.01.2025 13:37:08;2.06;
08.01.2025 13:37:09;2.07;
08.01.2025 13:37:10;2.06;
08.01.2025 13:37:11;2.07;
08.01.2025 13:37:12;2.06;
08.01.2025 13:37:13;2.06;
08.01.2025 13:37:14;2.07;
08.01.2025 13:37:15;2.06;
08.01.2025 13:37:16;2.06;
08.01.2025 13:37:17;2.07;
08.01.2025 13:37:18;2.06;
08.01.2025 13:37:19;2.06;
08.01.2025 13:37:20;2.07;
08.01.2025 13:37:21;2.06;
08.01.2025 13:37:22;2.06;
08.01.2025 13:37:23;2.08;
08.01.2025 13:37:24;2.07;
08.01.2025 13:37:25;2.07;
08.01.2025 13:37:26;2.06;
08.01.2025 13:37:27;2.07;
08.01.2025 13:37:28;2.08;
08.01.2025 13:37:29;2.07;
08.01.2025 13:37:34;2.07;
08.01.2025 13:37:35;2.08;
08.01.2025 13:37:36;2.07;
08.01.2025 13:37:38;2.07;
08.01.2025 13:37:39;2.08;
08.01.2025 13:37:40;2.07;
08.01.2025 13:37:41;2.08;
08.01.2025 13:37:45;2.08;
08.01.2025 13:37:46;2.07;
08.01.2025 13:37:47;2.08;
08.01.2025 13:37:50;2.08;
08.01.2025 13:37:51;2.07;
08.01.2025 13:37:52;2.08;
08.01.2025 13:37:53;2.08;
08.01.2025 13:37:54;2.09;
08.01.2025 13:37:55;2.07;
08.01.2025 13:37:56;2.09;
08.01.2025 13:37:57;2.08;
08.01.2025 13:37:58;2.09;
08.01.2025 13:37:59;2.09;
08.01.2025 13:38:00;2.08;
08.01.2025 13:38:01;2.08;
08.01.2025 13:38:02;2.09;
08.01.2025 13:38:03;2.09;
08.01.2025 13:38:04;2.1;
08.01.2025 13:38:05;2.09;
08.01.2025 13:38:07;2.09;
08.01.2025 13:38:08;2.1;
08.01.2025 13:38:09;2.09;
08.01.2025 13:38:12;2.09;
08.01.2025 13:38:13;2.1;
08.01.2025 13:38:18;2.1;
08.01.2025 13:38:19;2.11;
08.01.2025 13:38:20;2.09;
08.01.2025 13:38:21;2.1;
08.01.2025 13:38:27;2.1;
08.01.2025 13:38:28;2.11;
08.01.2025 13:38:29;2.11;
08.01.2025 13:38:30;2.1;
08.01.2025 13:38:31;2.11;
08.01.2025 13:38:32;2.1;
08.01.2025 13:38:33;2.11;
08.01.2025 13:38:39;2.11;
08.01.2025 13:38:40;2.1;
08.01.2025 13:38:41;2.1;
08.01.2025 13:38:42;2.11;
08.01.2025 13:38:46;2.11;
08.01.2025 13:38:47;2.12;
08.01.2025 13:38:49;2.12;
08.01.2025 13:38:50;2.13;
08.01.2025 13:38:51;2.12;
08.01.2025 13:38:52;2.12;
08.01.2025 13:38:53;2.11;
08.01.2025 13:38:54;2.11;
08.01.2025 13:38:55;2.12;
08.01.2025 13:38:56;2.12;
08.01.2025 13:38:57;2.13;
08.01.2025 13:38:58;2.11;
08.01.2025 13:38:59;2.13;
08.01.2025 13:39:01;2.13;
08.01.2025 13:39:02;2.12;
08.01.2025 13:39:03;2.12;
08.01.2025 13:39:04;2.13;
08.01.2025 13:39:05;2.13;
08.01.2025 13:39:06;2.12;
08.01.2025 13:39:07;2.12;
08.01.2025 13:39:08;2.13;
08.01.2025 13:39:09;2.12;
08.01.2025 13:39:10;2.13;
08.01.2025 13:39:11;2.12;
08.01.2025 13:39:12;2.13;
08.01.2025 13:39:13;2.13;
08.01.2025 13:39:14;2.12;
08.01.2025 13:39:15;2.13;
08.01.2025 13:39:20;2.13;
08.01.2025 13:39:21;2.14;
08.01.2025 13:39:22;2.14;
08.01.2025 13:39:23;2.13;
08.01.2025 13:39:24;2.14;
08.01.2025 13:39:25;2.13;
08.01.2025 13:39:26;2.13;
08.01.2025 13:39:27;2.14;
08.01.2025 13:39:28;2.13;
08.01.2025 13:39:29;2.14;
08.01.2025 13:39:30;2.14;
08.01.2025 13:39:31;2.13;
08.01.2025 13:39:32;2.14;
08.01.2025 13:39:35;2.14;
08.01.2025 13:39:36;2.15;
08.01.2025 13:39:37;2.14;
08.01.2025 13:39:40;2.14;
08.01.2025 13:39:41;2.15;
08.01.2025 13:39:42;2.14;
08.01.2025 13:39:43;2.14;
08.01.2025 13:39:44;2.15;
08.01.2025 13:39:52;2.15;
08.01.2025 13:39:53;2.16;
08.01.2025 13:39:54;2.15;
08.01.2025 13:39:57;2.15;
08.01.2025 13:39:58;2.16;
08.01.2025 13:39:59;2.16;
08.01.2025 13:40:00;2.15;
08.01.2025 13:40:01;2.16;
08.01.2025 13:40:02;2.15;
08.01.2025 13:40:03;2.16;
08.01.2025 13:40:06;2.16;
08.01.2025 13:40:07;2.15;
08.01.2025 13:40:08;2.16;
08.01.2025 13:40:10;2.16;
08.01.2025 13:40:11;2.15;
08.01.2025 13:40:12;2.16;
08.01.2025 13:40:19;2.16;
08.01.2025 13:40:20;2.17;
08.01.2025 13:40:23;2.17;
08.01.2025 13:40:24;2.16;
08.01.2025 13:40:25;2.17;
08.01.2025 13:40:26;2.17;
08.01.2025 13:40:27;2.16;
08.01.2025 13:40:28;2.17;
08.01.2025 13:40:34;2.17;
08.01.2025 13:40:35;2.18;
08.01.2025 13:40:36;2.17;
08.01.2025 13:40:37;2.18;
08.01.2025 13:40:39;2.18;
08.01.2025 13:40:40;2.17;
08.01.2025 13:40:41;2.18;
08.01.2025 13:40:42;2.17;
08.01.2025 13:40:43;2.18;
08.01.2025 13:40:46;2.18;
08.01.2025 13:40:47;2.19;
08.01.2025 13:40:48;2.18;
08.01.2025 13:40:53;2.18;
08.01.2025 13:40:54;2.19;
08.01.2025 13:40:55;2.18;
08.01.2025 13:40:56;2.19;
08.01.2025 13:40:58;2.19;
08.01.2025 13:40:59;2.2;
08.01.2025 13:41:00;2.2;
08.01.2025 13:41:01;2.19;
08.01.2025 13:41:02;2.19;
08.01.2025 13:41:03;2.2;
08.01.2025 13:41:04;2.19;
08.01.2025 13:41:05;2.2;
08.01.2025 13:41:06;2.19;
08.01.2025 13:41:10;2.19;
08.01.2025 13:41:11;2.2;
08.01.2025 13:41:12;2.19;
08.01.2025 13:41:13;2.2;
08.01.2025 13:41:14;2.2;
08.01.2025 13:41:15;2.19;
08.01.2025 13:41:16;2.2;
08.01.2025 13:41:17;2.19;
08.01.2025 13:41:18;2.2;
08.01.2025 13:41:19;2.19;
08.01.2025 13:41:20;2.2;
08.01.2025 13:41:23;2.2;
08.01.2025 13:41:24;2.19;
08.01.2025 13:41:25;2.2;
08.01.2025 13:41:26;2.2;
08.01.2025 13:41:27;2.19;
08.01.2025 13:41:28;2.19;
08.01.2025 13:41:29;2.2;
08.01.2025 13:41:30;2.21;
08.01.2025 13:41:31;2.21;
08.01.2025 13:41:32;2.2;
08.01.2025 13:41:33;2.2;
08.01.2025 13:41:34;2.21;
08.01.2025 13:41:35;2.21;
08.01.2025 13:41:36;2.2;
08.01.2025 13:41:37;2.21;
08.01.2025 13:41:41;2.21;
08.01.2025 13:41:42;2.22;
08.01.2025 13:41:43;2.21;
08.01.2025 13:41:44;2.2;
08.01.2025 13:41:45;2.2;
08.01.2025 13:41:46;2.22;
08.01.2025 13:41:47;2.22;
08.01.2025 13:41:48;2.21;
08.01.2025 13:41:49;2.21;
08.01.2025 13:41:50;2.22;
08.01.2025 13:41:57;2.22;
08.01.2025 13:41:58;2.23;
08.01.2025 13:41:59;2.22;
08.01.2025 13:42:02;2.22;
08.01.2025 13:42:03;2.23;
08.01.2025 13:42:04;2.23;
08.01.2025 13:42:05;2.21;
08.01.2025 13:42:06;2.23;
08.01.2025 13:42:07;2.22;
08.01.2025 13:42:08;2.23;
08.01.2025 13:42:09;2.22;
08.01.2025 13:42:10;2.23;
08.01.2025 13:42:11;2.22;
08.01.2025 13:42:13;2.22;
08.01.2025 13:42:14;2.23;
08.01.2025 13:42:27;2.23;
08.01.2025 13:42:28;2.24;
08.01.2025 13:42:29;2.24;
08.01.2025 13:42:30;2.23;
08.01.2025 13:42:31;2.24;
08.01.2025 13:42:32;2.24;
08.01.2025 13:42:33;2.23;
08.01.2025 13:42:34;2.24;
08.01.2025 13:42:38;2.24;
08.01.2025 13:42:39;2.25;
08.01.2025 13:42:42;2.25;
08.01.2025 13:42:43;2.24;
08.01.2025 13:42:44;2.25;
08.01.2025 13:42:46;2.25;
08.01.2025 13:42:47;2.24;
08.01.2025 13:42:48;2.24;
08.01.2025 13:42:49;2.25;
08.01.2025 13:42:50;2.25;
08.01.2025 13:42:51;2.24;
08.01.2025 13:42:52;2.25;
08.01.2025 13:42:57;2.25;
08.01.2025 13:42:58;2.24;
08.01.2025 13:42:59;2.25;
08.01.2025 13:43:00;2.25;
08.01.2025 13:43:01;2.26;
08.01.2025 13:43:03;2.26;
08.01.2025 13:43:04;2.25;
08.01.2025 13:43:05;2.25;
08.01.2025 13:43:06;2.26;
08.01.2025 13:43:07;2.25;
08.01.2025 13:43:08;2.25;
08.01.2025 13:43:09;2.26;
08.01.2025 13:43:16;2.26;
08.01.2025 13:43:17;2.27;
08.01.2025 13:43:19;2.27;
08.01.2025 13:43:20;2.26;
08.01.2025 13:43:21;2.26;
08.01.2025 13:43:22;2.27;
08.01.2025 13:43:23;2.27;
08.01.2025 13:43:24;2.28;
08.01.2025 13:43:25;2.27;
08.01.2025 13:43:26;2.26;
08.01.2025 13:43:27;2.27;
08.01.2025 13:43:28;2.28;
08.01.2025 13:43:29;2.26;
08.01.2025 13:43:30;2.27;
08.01.2025 13:43:35;2.27;
08.01.2025 13:43:36;2.28;
08.01.2025 13:43:37;2.27;
08.01.2025 13:43:38;2.28;
08.01.2025 13:43:39;2.27;
08.01.2025 13:43:40;2.28;
08.01.2025 13:43:43;2.28;
08.01.2025 13:43:44;2.29;
08.01.2025 13:43:45;2.28;
08.01.2025 13:43:48;2.28;
08.01.2025 13:43:49;2.29;
08.01.2025 13:43:50;2.28;
08.01.2025 13:43:53;2.28;
08.01.2025 13:43:54;2.29;
08.01.2025 13:43:55;2.28;
08.01.2025 13:43:59;2.28;
08.01.2025 13:44:00;2.29;
08.01.2025 13:44:01;2.28;
08.01.2025 13:44:05;2.28;
08.01.2025 13:44:06;2.29;
08.01.2025 13:44:08;2.29;
08.01.2025 13:44:09;2.28;
08.01.2025 13:44:10;2.29;
08.01.2025 13:44:11;2.28;
08.01.2025 13:44:12;2.29;
08.01.2025 13:44:19;2.29;
08.01.2025 13:44:20;2.28;
08.01.2025 13:44:21;2.29;
08.01.2025 13:44:23;2.29;
08.01.2025 13:44:24;2.3;
08.01.2025 13:44:25;2.29;
08.01.2025 13:44:26;2.3;
08.01.2025 13:44:27;2.3;
08.01.2025 13:44:28;2.29;
08.01.2025 13:44:29;2.29;
08.01.2025 13:44:30;2.3;
08.01.2025 13:44:31;2.29;
08.01.2025 13:44:32;2.29;
08.01.2025 13:44:33;2.3;
08.01.2025 13:44:34;2.29;
08.01.2025 13:44:35;2.3;
08.01.2025 13:44:36;2.29;
08.01.2025 13:44:37;2.3;
08.01.2025 13:44:44;2.3;
08.01.2025 13:44:45;2.31;
08.01.2025 13:44:46;2.3;
08.01.2025 13:44:47;2.31;
08.01.2025 13:44:48;2.31;
08.01.2025 13:44:49;2.3;
08.01.2025 13:44:50;2.31;
08.01.2025 13:44:51;2.3;
08.01.2025 13:44:52;2.3;
08.01.2025 13:44:53;2.31;
08.01.2025 13:44:54;2.31;
08.01.2025 13:44:55;2.3;
08.01.2025 13:44:56;2.3;
08.01.2025 13:44:57;2.31;
08.01.2025 13:45:00;2.31;
08.01.2025 13:45:01;2.3;
08.01.2025 13:45:02;2.31;
08.01.2025 13:45:03;2.31;
08.01.2025 13:45:04;2.3;
08.01.2025 13:45:05;2.31;
08.01.2025 13:45:06;2.31;
08.01.2025 13:45:07;2.32;
08.01.2025 13:45:08;2.31;
08.01.2025 13:45:09;2.31;
08.01.2025 13:45:10;2.32;
08.01.2025 13:45:11;2.32;
08.01.2025 13:45:12;2.31;
08.01.2025 13:45:13;2.32;
08.01.2025 13:45:14;2.31;
08.01.2025 13:45:15;2.32;
08.01.2025 13:45:16;2.31;
08.01.2025 13:45:17;2.32;
08.01.2025 13:45:18;2.32;
08.01.2025 13:45:19;2.31;
08.01.2025 13:45:20;2.32;
08.01.2025 13:45:21;2.31;
08.01.2025 13:45:22;2.32;
08.01.2025 13:45:24;2.32;
08.01.2025 13:45:25;2.33;
08.01.2025 13:45:26;2.33;
08.01.2025 13:45:27;2.32;
08.01.2025 13:45:28;2.32;
08.01.2025 13:45:29;2.33;
08.01.2025 13:45:30;2.32;
08.01.2025 13:45:31;2.32;
08.01.2025 13:45:32;2.33;
08.01.2025 13:45:38;2.33;
08.01.2025 13:45:39;2.32;
08.01.2025 13:45:41;2.32;
08.01.2025 13:45:42;2.33;
08.01.2025 13:45:45;2.33;
08.01.2025 13:45:46;2.34;
08.01.2025 13:45:47;2.33;
08.01.2025 13:45:48;2.34;
08.01.2025 13:45:49;2.33;
08.01.2025 13:45:50;2.34;
08.01.2025 13:45:52;2.34;
08.01.2025 13:45:53;2.33;
08.01.2025 13:45:54;2.34;
08.01.2025 13:45:55;2.33;
08.01.2025 13:45:56;2.34;
08.01.2025 13:45:57;2.34;
08.01.2025 13:45:58;2.33;
08.01.2025 13:45:59;2.34;
08.01.2025 13:46:00;2.34;
08.01.2025 13:46:01;2.35;
08.01.2025 13:46:02;2.35;
08.01.2025 13:46:03;2.34;
08.01.2025 13:46:05;2.34;
08.01.2025 13:46:06;2.35;
08.01.2025 13:46:07;2.35;
08.01.2025 13:46:08;2.34;
08.01.2025 13:46:09;2.34;
08.01.2025 13:46:10;2.35;
08.01.2025 13:46:11;2.34;
08.01.2025 13:46:12;2.34;
08.01.2025 13:46:13;2.35;
08.01.2025 13:46:15;2.35;
08.01.2025 13:46:16;2.34;
08.01.2025 13:46:17;2.35;
08.01.2025 13:46:20;2.35;
08.01.2025 13:46:21;2.34;
08.01.2025 13:46:22;2.35;
08.01.2025 13:46:23;2.35;
08.01.2025 13:46:24;2.36;
08.01.2025 13:46:25;2.36;
08.01.2025 13:46:26;2.35;
08.01.2025 13:46:27;2.36;
08.01.2025 13:46:29;2.36;
08.01.2025 13:46:30;2.35;
08.01.2025 13:46:31;2.35;
08.01.2025 13:46:32;2.36;
08.01.2025 13:46:35;2.36;
08.01.2025 13:46:36;2.35;
08.01.2025 13:46:37;2.36;
08.01.2025 13:46:38;2.35;
08.01.2025 13:46:39;2.35;
08.01.2025 13:46:40;2.36;
08.01.2025 13:46:43;2.36;
08.01.2025 13:46:44;2.35;
08.01.2025 13:46:45;2.36;
08.01.2025 13:46:51;2.36;
08.01.2025 13:46:52;2.37;
08.01.2025 13:46:53;2.36;
08.01.2025 13:46:54;2.37;
08.01.2025 13:46:55;2.37;
08.01.2025 13:46:56;2.36;
08.01.2025 13:46:58;2.36;
08.01.2025 13:46:59;2.37;
08.01.2025 13:47:03;2.37;
08.01.2025 13:47:04;2.36;
08.01.2025 13:47:05;2.37;
08.01.2025 13:47:07;2.37;
08.01.2025 13:47:08;2.36;
08.01.2025 13:47:09;2.37;
08.01.2025 13:47:10;2.37;
08.01.2025 13:47:11;2.38;
08.01.2025 13:47:12;2.37;
08.01.2025 13:47:13;2.38;
08.01.2025 13:47:14;2.37;
08.01.2025 13:47:17;2.37;
08.01.2025 13:47:18;2.38;
08.01.2025 13:47:19;2.37;
08.01.2025 13:47:20;2.38;
08.01.2025 13:47:22;2.38;
08.01.2025 13:47:23;2.37;
08.01.2025 13:47:25;2.37;
08.01.2025 13:47:26;2.38;
08.01.2025 13:47:28;2.38;
08.01.2025 13:47:29;2.37;
08.01.2025 13:47:30;2.38;
08.01.2025 13:47:37;2.38;
08.01.2025 13:47:38;2.39;
08.01.2025 13:47:43;2.39;
08.01.2025 13:47:44;2.38;
08.01.2025 13:47:45;2.39;
08.01.2025 13:47:52;2.39;
08.01.2025 13:47:53;2.4;
08.01.2025 13:47:54;2.4;
08.01.2025 13:47:55;2.39;
08.01.2025 13:47:57;2.39;
08.01.2025 13:47:58;2.4;
08.01.2025 13:47:59;2.39;
08.01.2025 13:48:01;2.39;
08.01.2025 13:48:02;2.4;
08.01.2025 13:48:05;2.4;
08.01.2025 13:48:06;2.39;
08.01.2025 13:48:07;2.4;
08.01.2025 13:48:09;2.4;
08.01.2025 13:48:10;2.41;
08.01.2025 13:48:11;2.4;
08.01.2025 13:48:15;2.4;
08.01.2025 13:48:16;2.41;
08.01.2025 13:48:17;2.4;
08.01.2025 13:48:19;2.4;
08.01.2025 13:48:20;2.41;
08.01.2025 13:48:21;2.4;
08.01.2025 13:48:22;2.41;
08.01.2025 13:48:23;2.39;
08.01.2025 13:48:24;2.41;
08.01.2025 13:48:26;2.41;
08.01.2025 13:48:27;2.4;
08.01.2025 13:48:28;2.4;
08.01.2025 13:48:29;2.41;
08.01.2025 13:48:30;2.4;
08.01.2025 13:48:31;2.41;
08.01.2025 13:48:32;2.4;
08.01.2025 13:48:33;2.41;
08.01.2025 13:48:37;2.41;
08.01.2025 13:48:38;2.42;
08.01.2025 13:48:39;2.42;
08.01.2025 13:48:40;2.41;
08.01.2025 13:48:43;2.41;
08.01.2025 13:48:44;2.42;
08.01.2025 13:48:45;2.41;
08.01.2025 13:48:46;2.42;
08.01.2025 13:48:48;2.42;
08.01.2025 13:48:49;2.41;
08.01.2025 13:48:50;2.42;
08.01.2025 13:48:54;2.42;
08.01.2025 13:48:55;2.41;
08.01.2025 13:48:57;2.41;
08.01.2025 13:48:58;2.42;
08.01.2025 13:49:08;2.42;
08.01.2025 13:49:09;2.43;
08.01.2025 13:49:11;2.43;
08.01.2025 13:49:12;2.42;
08.01.2025 13:49:13;2.42;
08.01.2025 13:49:14;2.43;
08.01.2025 13:49:15;2.41;
08.01.2025 13:49:16;2.43;
08.01.2025 13:49:24;2.43;
08.01.2025 13:49:25;2.44;
08.01.2025 13:49:28;2.44;
08.01.2025 13:49:29;2.43;
08.01.2025 13:49:30;2.43;
08.01.2025 13:49:31;2.44;
08.01.2025 13:49:32;2.44;
08.01.2025 13:49:33;2.43;
08.01.2025 13:49:34;2.42;
08.01.2025 13:49:35;2.43;
08.01.2025 13:49:41;2.43;
08.01.2025 13:49:42;2.44;
08.01.2025 13:49:47;2.44;
08.01.2025 13:49:48;2.45;
08.01.2025 13:49:49;2.44;
08.01.2025 13:49:50;2.45;
08.01.2025 13:49:51;2.44;
08.01.2025 13:49:52;2.45;
08.01.2025 13:49:53;2.44;
08.01.2025 13:49:54;2.45;
08.01.2025 13:49:55;2.44;
08.01.2025 13:49:56;2.44;
08.01.2025 13:49:57;2.45;
08.01.2025 13:50:05;2.45;
08.01.2025 13:50:06;2.44;
08.01.2025 13:50:07;2.46;
08.01.2025 13:50:08;2.45;
08.01.2025 13:50:09;2.45;
08.01.2025 13:50:10;2.44;
08.01.2025 13:50:11;2.45;
08.01.2025 13:50:12;2.46;
08.01.2025 13:50:13;2.45;
08.01.2025 13:50:14;2.46;
08.01.2025 13:50:15;2.45;
08.01.2025 13:50:16;2.45;
08.01.2025 13:50:17;2.46;
08.01.2025 13:50:18;2.45;
08.01.2025 13:50:19;2.47;
08.01.2025 13:50:20;2.45;
08.01.2025 13:50:21;2.45;
08.01.2025 13:50:22;2.47;
08.01.2025 13:50:23;2.46;
08.01.2025 13:50:24;2.45;
08.01.2025 13:50:25;2.45;
08.01.2025 13:50:26;2.47;
08.01.2025 13:50:27;2.46;
08.01.2025 13:50:29;2.46;
08.01.2025 13:50:30;2.47;
08.01.2025 13:50:31;2.46;
08.01.2025 13:50:37;2.46;
08.01.2025 13:50:38;2.47;
08.01.2025 13:50:39;2.46;
08.01.2025 13:50:40;2.46;
08.01.2025 13:50:41;2.47;
08.01.2025 13:50:42;2.46;
08.01.2025 13:50:44;2.46;
08.01.2025 13:50:45;2.47;
08.01.2025 13:50:46;2.46;
08.01.2025 13:50:47;2.47;
08.01.2025 13:50:58;2.47;
08.01.2025 13:50:59;2.48;
08.01.2025 13:51:00;2.48;
08.01.2025 13:51:01;2.47;
08.01.2025 13:51:03;2.47;
08.01.2025 13:51:04;2.48;
08.01.2025 13:51:05;2.48;
08.01.2025 13:51:06;2.47;
08.01.2025 13:51:07;2.47;
08.01.2025 13:51:08;2.48;
08.01.2025 13:51:09;2.47;
08.01.2025 13:51:10;2.47;
08.01.2025 13:51:11;2.48;
08.01.2025 13:51:13;2.48;
08.01.2025 13:51:14;2.47;
08.01.2025 13:51:15;2.48;
08.01.2025 13:51:20;2.48;
08.01.2025 13:51:21;2.49;
08.01.2025 13:51:22;2.49;
08.01.2025 13:51:23;2.48;
08.01.2025 13:51:27;2.48;
08.01.2025 13:51:28;2.49;
08.01.2025 13:51:29;2.49;
08.01.2025 13:51:30;2.48;
08.01.2025 13:51:32;2.48;
08.01.2025 13:51:33;2.49;
08.01.2025 13:51:34;2.48;
08.01.2025 13:51:35;2.49;
08.01.2025 13:51:36;2.48;
08.01.2025 13:51:37;2.49;
08.01.2025 13:51:38;2.48;
08.01.2025 13:51:39;2.49;
08.01.2025 13:51:40;2.49;
08.01.2025 13:51:41;2.48;
08.01.2025 13:51:42;2.49;
08.01.2025 13:51:46;2.49;
08.01.2025 13:51:47;2.5;
08.01.2025 13:51:48;2.49;
08.01.2025 13:51:54;2.49;
08.01.2025 13:51:55;2.5;
08.01.2025 13:51:56;2.49;
08.01.2025 13:51:58;2.49;
08.01.2025 13:51:59;2.5;
08.01.2025 13:52:00;2.49;
08.01.2025 13:52:01;2.49;
08.01.2025 13:52:02;2.5;
08.01.2025 13:52:03;2.48;
08.01.2025 13:52:04;2.5;
08.01.2025 13:52:05;2.5;
08.01.2025 13:52:06;2.51;
08.01.2025 13:52:07;2.5;
08.01.2025 13:52:08;2.49;
08.01.2025 13:52:09;2.5;
08.01.2025 13:52:10;2.49;
08.01.2025 13:52:11;2.5;
08.01.2025 13:52:15;2.5;
08.01.2025 13:52:16;2.49;
08.01.2025 13:52:17;2.5;
08.01.2025 13:52:18;2.5;
08.01.2025 13:52:19;2.51;
08.01.2025 13:52:20;2.5;
08.01.2025 13:52:26;2.5;
08.01.2025 13:52:27;2.51;
08.01.2025 13:52:28;2.51;
08.01.2025 13:52:29;2.5;
08.01.2025 13:52:30;2.51;
08.01.2025 13:52:33;2.51;
08.01.2025 13:52:34;2.5;
08.01.2025 13:52:35;2.5;
08.01.2025 13:52:36;2.51;
08.01.2025 13:52:37;2.51;
08.01.2025 13:52:38;2.5;
08.01.2025 13:52:39;2.51;
08.01.2025 13:52:46;2.51;
08.01.2025 13:52:47;2.52;
08.01.2025 13:52:48;2.51;
08.01.2025 13:52:52;2.51;
08.01.2025 13:52:53;2.52;
08.01.2025 13:52:54;2.51;
08.01.2025 13:52:55;2.52;
08.01.2025 13:52:56;2.52;
08.01.2025 13:52:57;2.51;
08.01.2025 13:52:58;2.53;
08.01.2025 13:52:59;2.51;
08.01.2025 13:53:00;2.51;
08.01.2025 13:53:01;2.52;
08.01.2025 13:53:02;2.51;
08.01.2025 13:53:03;2.52;
08.01.2025 13:53:04;2.52;
08.01.2025 13:53:05;2.51;
08.01.2025 13:53:06;2.51;
08.01.2025 13:53:07;2.52;
08.01.2025 13:53:10;2.52;
08.01.2025 13:53:11;2.53;
08.01.2025 13:53:12;2.52;
08.01.2025 13:53:14;2.52;
08.01.2025 13:53:15;2.53;
08.01.2025 13:53:16;2.52;
08.01.2025 13:53:17;2.52;
08.01.2025 13:53:18;2.53;
08.01.2025 13:53:27;2.53;
08.01.2025 13:53:28;2.54;
08.01.2025 13:53:29;2.53;
08.01.2025 13:53:30;2.54;
08.01.2025 13:53:31;2.53;
08.01.2025 13:53:32;2.54;
08.01.2025 13:53:33;2.53;
08.01.2025 13:53:34;2.54;
08.01.2025 13:53:36;2.54;
08.01.2025 13:53:37;2.53;
08.01.2025 13:53:38;2.54;
08.01.2025 13:53:40;2.54;
08.01.2025 13:53:41;2.53;
08.01.2025 13:53:42;2.54;
08.01.2025 13:53:43;2.54;
08.01.2025 13:53:44;2.53;
08.01.2025 13:53:45;2.54;
08.01.2025 13:53:46;2.54;
08.01.2025 13:53:47;2.55;
08.01.2025 13:53:48;2.54;
08.01.2025 13:53:49;2.54;
08.01.2025 13:53:50;2.55;
08.01.2025 13:53:51;2.54;
08.01.2025 13:53:53;2.54;
08.01.2025 13:53:54;2.55;
08.01.2025 13:53:55;2.54;
08.01.2025 13:53:59;2.54;
08.01.2025 13:54:00;2.53;
08.01.2025 13:54:01;2.54;
08.01.2025 13:54:02;2.54;
08.01.2025 13:54:03;2.55;
08.01.2025 13:54:05;2.55;
08.01.2025 13:54:06;2.54;
08.01.2025 13:54:08;2.54;
08.01.2025 13:54:09;2.55;
08.01.2025 13:54:10;2.55;
08.01.2025 13:54:11;2.54;
08.01.2025 13:54:12;2.54;
08.01.2025 13:54:13;2.55;
08.01.2025 13:54:14;2.54;
08.01.2025 13:54:17;2.54;
08.01.2025 13:54:18;2.55;
08.01.2025 13:54:21;2.55;
08.01.2025 13:54:22;2.54;
08.01.2025 13:54:23;2.56;
08.01.2025 13:54:24;2.55;
08.01.2025 13:54:26;2.55;
08.01.2025 13:54:27;2.56;
08.01.2025 13:54:28;2.55;
08.01.2025 13:54:29;2.57;
08.01.2025 13:54:30;2.56;
08.01.2025 13:54:31;2.55;
08.01.2025 13:54:36;2.55;
08.01.2025 13:54:37;2.56;
08.01.2025 13:54:38;2.56;
08.01.2025 13:54:39;2.55;
08.01.2025 13:54:40;2.56;
08.01.2025 13:54:42;2.56;
08.01.2025 13:54:43;2.57;
08.01.2025 13:54:44;2.56;
08.01.2025 13:54:48;2.56;
08.01.2025 13:54:49;2.55;
08.01.2025 13:54:50;2.56;
08.01.2025 13:54:56;2.56;
08.01.2025 13:54:57;2.57;
08.01.2025 13:54:58;2.56;
08.01.2025 13:54:59;2.56;
08.01.2025 13:55:00;2.57;
08.01.2025 13:55:01;2.56;
08.01.2025 13:55:02;2.55;
08.01.2025 13:55:03;2.56;
08.01.2025 13:55:04;2.57;
08.01.2025 13:55:05;2.56;
08.01.2025 13:55:06;2.57;
08.01.2025 13:55:07;2.56;
08.01.2025 13:55:08;2.57;
08.01.2025 13:55:14;2.57;
08.01.2025 13:55:15;2.56;
08.01.2025 13:55:16;2.57;
08.01.2025 13:55:17;2.58;
08.01.2025 13:55:18;2.57;
08.01.2025 13:55:22;2.57;
08.01.2025 13:55:23;2.56;
08.01.2025 13:55:24;2.56;
08.01.2025 13:55:25;2.57;
08.01.2025 13:55:30;2.57;
08.01.2025 13:55:31;2.58;
08.01.2025 13:55:32;2.58;
08.01.2025 13:55:33;2.57;
08.01.2025 13:55:34;2.58;
08.01.2025 13:55:37;2.58;
08.01.2025 13:55:38;2.57;
08.01.2025 13:55:39;2.58;
08.01.2025 13:55:45;2.58;
08.01.2025 13:55:46;2.57;
08.01.2025 13:55:47;2.58;
08.01.2025 13:55:51;2.58;
08.01.2025 13:55:52;2.57;
08.01.2025 13:55:53;2.59;
08.01.2025 13:55:54;2.58;
08.01.2025 13:55:57;2.58;
08.01.2025 13:55:58;2.59;
08.01.2025 13:55:59;2.58;
08.01.2025 13:56:00;2.58;
08.01.2025 13:56:01;2.59;
08.01.2025 13:56:02;2.58;
08.01.2025 13:56:03;2.59;
08.01.2025 13:56:04;2.59;
08.01.2025 13:56:05;2.58;
08.01.2025 13:56:06;2.59;
08.01.2025 13:56:07;2.58;
08.01.2025 13:56:08;2.59;
08.01.2025 13:56:09;2.58;
08.01.2025 13:56:11;2.58;
08.01.2025 13:56:12;2.59;
08.01.2025 13:56:13;2.59;
08.01.2025 13:56:14;2.58;
08.01.2025 13:56:15;2.6;
08.01.2025 13:56:16;2.59;
08.01.2025 13:56:18;2.59;
08.01.2025 13:56:19;2.6;
08.01.2025 13:56:20;2.59;
08.01.2025 13:56:23;2.59;
08.01.2025 13:56:24;2.6;
08.01.2025 13:56:25;2.6;
08.01.2025 13:56:26;2.59;
08.01.2025 13:56:28;2.59;
08.01.2025 13:56:29;2.6;
08.01.2025 13:56:30;2.59;
08.01.2025 13:56:31;2.6;
08.01.2025 13:56:32;2.6;
08.01.2025 13:56:33;2.59;
08.01.2025 13:56:36;2.59;
08.01.2025 13:56:37;2.6;
08.01.2025 13:56:38;2.61;
08.01.2025 13:56:39;2.6;
08.01.2025 13:56:46;2.6;
08.01.2025 13:56:47;2.59;
08.01.2025 13:56:48;2.6;
08.01.2025 13:56:49;2.61;
08.01.2025 13:56:50;2.6;
08.01.2025 13:56:54;2.6;
08.01.2025 13:56:55;2.59;
08.01.2025 13:56:56;2.61;
08.01.2025 13:56:58;2.61;
08.01.2025 13:56:59;2.6;
08.01.2025 13:57:00;2.61;
08.01.2025 13:57:01;2.61;
08.01.2025 13:57:02;2.6;
08.01.2025 13:57:03;2.61;
08.01.2025 13:57:04;2.6;
08.01.2025 13:57:05;2.6;
08.01.2025 13:57:06;2.61;
08.01.2025 13:57:07;2.6;
08.01.2025 13:57:08;2.61;
08.01.2025 13:57:11;2.61;
08.01.2025 13:57:12;2.6;
08.01.2025 13:57:13;2.61;
08.01.2025 13:57:14;2.62;
08.01.2025 13:57:15;2.61;
08.01.2025 13:57:17;2.61;
08.01.2025 13:57:18;2.6;
08.01.2025 13:57:19;2.62;
08.01.2025 13:57:20;2.61;
08.01.2025 13:57:21;2.62;
08.01.2025 13:57:22;2.62;
08.01.2025 13:57:23;2.61;
08.01.2025 13:57:24;2.6;
08.01.2025 13:57:25;2.61;
08.01.2025 13:57:27;2.61;
08.01.2025 13:57:28;2.62;
08.01.2025 13:57:29;2.61;
08.01.2025 13:57:31;2.61;
08.01.2025 13:57:32;2.62;
08.01.2025 13:57:38;2.62;
08.01.2025 13:57:39;2.63;
08.01.2025 13:57:40;2.62;
08.01.2025 13:57:41;2.62;
08.01.2025 13:57:42;2.63;
08.01.2025 13:57:43;2.62;
08.01.2025 13:57:44;2.62;
08.01.2025 13:57:45;2.63;
08.01.2025 13:57:46;2.62;
08.01.2025 13:57:47;2.62;
08.01.2025 13:57:48;2.63;
08.01.2025 13:57:49;2.62;
08.01.2025 13:57:50;2.63;
08.01.2025 13:57:51;2.62;
08.01.2025 13:57:52;2.62;
08.01.2025 13:57:53;2.63;
08.01.2025 13:57:54;2.64;
08.01.2025 13:57:55;2.63;
08.01.2025 13:58:04;2.63;
08.01.2025 13:58:05;2.62;
08.01.2025 13:58:06;2.63;
08.01.2025 13:58:14;2.63;
08.01.2025 13:58:15;2.62;
08.01.2025 13:58:16;2.64;
08.01.2025 13:58:17;2.64;
08.01.2025 13:58:18;2.63;
08.01.2025 13:58:22;2.63;
08.01.2025 13:58:23;2.64;
08.01.2025 13:58:24;2.63;
08.01.2025 13:58:25;2.64;
08.01.2025 13:58:26;2.64;
08.01.2025 13:58:27;2.63;
08.01.2025 13:58:28;2.64;
08.01.2025 13:58:37;2.64;
08.01.2025 13:58:38;2.65;
08.01.2025 13:58:39;2.64;
08.01.2025 13:58:40;2.64;
08.01.2025 13:58:41;2.65;
08.01.2025 13:58:42;2.65;
08.01.2025 13:58:43;2.64;
08.01.2025 13:58:49;2.64;
08.01.2025 13:58:50;2.65;
08.01.2025 13:58:51;2.65;
08.01.2025 13:58:52;2.64;
08.01.2025 13:59:00;2.64;
08.01.2025 13:59:01;2.65;
08.01.2025 13:59:02;2.65;
08.01.2025 13:59:03;2.64;
08.01.2025 13:59:04;2.65;
08.01.2025 13:59:06;2.65;
08.01.2025 13:59:07;2.64;
08.01.2025 13:59:08;2.65;
08.01.2025 13:59:10;2.65;
08.01.2025 13:59:11;2.64;
08.01.2025 13:59:12;2.65;
08.01.2025 13:59:16;2.65;
08.01.2025 13:59:17;2.66;
08.01.2025 13:59:18;2.65;
08.01.2025 13:59:19;2.65;
08.01.2025 13:59:20;2.66;
08.01.2025 13:59:21;2.64;
08.01.2025 13:59:22;2.65;
08.01.2025 13:59:23;2.66;
08.01.2025 13:59:24;2.66;
08.01.2025 13:59:25;2.65;
08.01.2025 13:59:29;2.65;
08.01.2025 13:59:30;2.66;
08.01.2025 13:59:33;2.66;
08.01.2025 13:59:34;2.65;
08.01.2025 13:59:35;2.66;
08.01.2025 13:59:37;2.66;
08.01.2025 13:59:38;2.65;
08.01.2025 13:59:39;2.66;
08.01.2025 13:59:42;2.66;
08.01.2025 13:59:43;2.67;
08.01.2025 13:59:44;2.66;
08.01.2025 13:59:52;2.66;
08.01.2025 13:59:53;2.67;
08.01.2025 13:59:55;2.67;
08.01.2025 13:59:56;2.66;
08.01.2025 13:59:57;2.67;
08.01.2025 13:59:58;2.66;
08.01.2025 13:59:59;2.65;
08.01.2025 14:00:00;2.66;
08.01.2025 14:00:02;2.66;
08.01.2025 14:00:03;2.67;
08.01.2025 14:00:06;2.67;
08.01.2025 14:00:07;2.66;
08.01.2025 14:00:08;2.67;
08.01.2025 14:00:09;2.66;
08.01.2025 14:00:10;2.67;
08.01.2025 14:00:11;2.68;
08.01.2025 14:00:12;2.67;
08.01.2025 14:00:13;2.67;
08.01.2025 14:00:14;2.68;
08.01.2025 14:00:15;2.67;
08.01.2025 14:00:16;2.67;
08.01.2025 14:00:17;2.68;
08.01.2025 14:00:18;2.67;
08.01.2025 14:00:23;2.67;
08.01.2025 14:00:24;2.68;
08.01.2025 14:00:25;2.67;
08.01.2025 14:00:26;2.67;
08.01.2025 14:00:27;2.68;
08.01.2025 14:00:34;2.68;
08.01.2025 14:00:35;2.67;
08.01.2025 14:00:36;2.68;
08.01.2025 14:00:37;2.69;
08.01.2025 14:00:38;2.67;
08.01.2025 14:00:39;2.68;
08.01.2025 14:00:40;2.69;
08.01.2025 14:00:41;2.68;
08.01.2025 14:00:51;2.68;
08.01.2025 14:00:52;2.67;
08.01.2025 14:00:53;2.68;
08.01.2025 14:00:54;2.68;
08.01.2025 14:00:55;2.69;
08.01.2025 14:00:56;2.68;
08.01.2025 14:00:57;2.68;
08.01.2025 14:00:58;2.69;
08.01.2025 14:00:59;2.69;
08.01.2025 14:01:00;2.68;
08.01.2025 14:01:01;2.68;
08.01.2025 14:01:02;2.69;
08.01.2025 14:01:04;2.69;
08.01.2025 14:01:05;2.68;
08.01.2025 14:01:06;2.69;
08.01.2025 14:01:07;2.7;
08.01.2025 14:01:08;2.69;
08.01.2025 14:01:17;2.69;
08.01.2025 14:01:18;2.7;
08.01.2025 14:01:19;2.69;
08.01.2025 14:01:20;2.69;
08.01.2025 14:01:21;2.7;
08.01.2025 14:01:22;2.69;
08.01.2025 14:01:23;2.7;
08.01.2025 14:01:24;2.69;
08.01.2025 14:01:27;2.69;
08.01.2025 14:01:28;2.7;
08.01.2025 14:01:31;2.7;
08.01.2025 14:01:32;2.69;
08.01.2025 14:01:33;2.7;
08.01.2025 14:01:34;2.69;
08.01.2025 14:01:35;2.69;
08.01.2025 14:01:36;2.71;
08.01.2025 14:01:37;2.7;
08.01.2025 14:01:38;2.69;
08.01.2025 14:01:39;2.7;
08.01.2025 14:01:42;2.7;
08.01.2025 14:01:43;2.69;
08.01.2025 14:01:44;2.7;
08.01.2025 14:01:48;2.7;
08.01.2025 14:01:49;2.69;
08.01.2025 14:01:50;2.7;
08.01.2025 14:01:58;2.7;
08.01.2025 14:01:59;2.71;
08.01.2025 14:02:00;2.69;
08.01.2025 14:02:01;2.7;
08.01.2025 14:02:04;2.7;
08.01.2025 14:02:05;2.71;
08.01.2025 14:02:06;2.7;
08.01.2025 14:02:08;2.7;
08.01.2025 14:02:09;2.71;
08.01.2025 14:02:10;2.7;
08.01.2025 14:02:11;2.71;
08.01.2025 14:02:12;2.71;
08.01.2025 14:02:13;2.7;
08.01.2025 14:02:14;2.71;
08.01.2025 14:02:15;2.7;
08.01.2025 14:02:16;2.71;
08.01.2025 14:02:17;2.71;
08.01.2025 14:02:18;2.7;
08.01.2025 14:02:19;2.71;
08.01.2025 14:02:20;2.7;
08.01.2025 14:02:21;2.71;
08.01.2025 14:02:22;2.7;
08.01.2025 14:02:23;2.71;
08.01.2025 14:02:24;2.71;
08.01.2025 14:02:25;2.7;
08.01.2025 14:02:26;2.71;
08.01.2025 14:02:32;2.71;
08.01.2025 14:02:33;2.7;
08.01.2025 14:02:34;2.71;
08.01.2025 14:02:35;2.72;
08.01.2025 14:02:36;2.71;
08.01.2025 14:02:37;2.71;
08.01.2025 14:02:38;2.72;
08.01.2025 14:02:39;2.72;
08.01.2025 14:02:40;2.71;
08.01.2025 14:02:46;2.71;
08.01.2025 14:02:47;2.7;
08.01.2025 14:02:48;2.71;
08.01.2025 14:02:49;2.71;
08.01.2025 14:02:50;2.72;
08.01.2025 14:02:52;2.72;
08.01.2025 14:02:53;2.71;
08.01.2025 14:02:55;2.71;
08.01.2025 14:02:56;2.72;
08.01.2025 14:03:05;2.72;
08.01.2025 14:03:06;2.73;
08.01.2025 14:03:07;2.72;
08.01.2025 14:03:10;2.72;
08.01.2025 14:03:11;2.73;
08.01.2025 14:03:12;2.72;
08.01.2025 14:03:15;2.72;
08.01.2025 14:03:16;2.73;
08.01.2025 14:03:17;2.72;
08.01.2025 14:03:18;2.73;
08.01.2025 14:03:19;2.72;
08.01.2025 14:03:21;2.72;
08.01.2025 14:03:22;2.73;
08.01.2025 14:03:23;2.72;
08.01.2025 14:03:24;2.72;
08.01.2025 14:03:25;2.73;
08.01.2025 14:03:26;2.73;
08.01.2025 14:03:27;2.74;
08.01.2025 14:03:28;2.73;
08.01.2025 14:03:31;2.73;
08.01.2025 14:03:32;2.74;
08.01.2025 14:03:33;2.72;
08.01.2025 14:03:34;2.73;
08.01.2025 14:03:35;2.72;
08.01.2025 14:03:36;2.72;
08.01.2025 14:03:37;2.74;
08.01.2025 14:03:38;2.73;
08.01.2025 14:03:39;2.74;
08.01.2025 14:03:40;2.73;
08.01.2025 14:03:41;2.72;
08.01.2025 14:03:42;2.72;
08.01.2025 14:03:43;2.73;
08.01.2025 14:03:45;2.73;
08.01.2025 14:03:46;2.74;
08.01.2025 14:03:48;2.74;
08.01.2025 14:03:49;2.73;
08.01.2025 14:03:50;2.74;
08.01.2025 14:03:51;2.73;
08.01.2025 14:03:52;2.74;
08.01.2025 14:03:53;2.73;
08.01.2025 14:03:55;2.73;
08.01.2025 14:03:56;2.74;
08.01.2025 14:03:57;2.73;
08.01.2025 14:03:58;2.73;
08.01.2025 14:03:59;2.74;
08.01.2025 14:04:00;2.73;
08.01.2025 14:04:01;2.74;
08.01.2025 14:04:02;2.74;
08.01.2025 14:04:03;2.73;
08.01.2025 14:04:04;2.74;
08.01.2025 14:04:05;2.73;
08.01.2025 14:04:06;2.74;
08.01.2025 14:04:16;2.74;
08.01.2025 14:04:17;2.73;
08.01.2025 14:04:18;2.73;
08.01.2025 14:04:19;2.74;
08.01.2025 14:04:23;2.74;
08.01.2025 14:04:24;2.75;
08.01.2025 14:04:27;2.75;
08.01.2025 14:04:28;2.74;
08.01.2025 14:04:35;2.74;
08.01.2025 14:04:36;2.75;
08.01.2025 14:04:37;2.74;
08.01.2025 14:04:38;2.75;
08.01.2025 14:04:39;2.75;
08.01.2025 14:04:40;2.74;
08.01.2025 14:04:41;2.74;
08.01.2025 14:04:42;2.75;
08.01.2025 14:04:43;2.75;
08.01.2025 14:04:44;2.74;
08.01.2025 14:04:45;2.75;
08.01.2025 14:04:47;2.75;
08.01.2025 14:04:48;2.74;
08.01.2025 14:04:50;2.74;
08.01.2025 14:04:51;2.75;
08.01.2025 14:04:58;2.75;
08.01.2025 14:04:59;2.76;
08.01.2025 14:05:00;2.75;
08.01.2025 14:05:01;2.74;
08.01.2025 14:05:02;2.75;
08.01.2025 14:05:03;2.75;
08.01.2025 14:05:04;2.76;
08.01.2025 14:05:06;2.76;
08.01.2025 14:05:07;2.75;
08.01.2025 14:05:08;2.76;
08.01.2025 14:05:09;2.76;
08.01.2025 14:05:10;2.75;
08.01.2025 14:05:11;2.76;
08.01.2025 14:05:12;2.75;
08.01.2025 14:05:15;2.75;
08.01.2025 14:05:16;2.76;
08.01.2025 14:05:18;2.76;
08.01.2025 14:05:19;2.75;
08.01.2025 14:05:20;2.75;
08.01.2025 14:05:21;2.76;
08.01.2025 14:05:22;2.75;
08.01.2025 14:05:23;2.75;
08.01.2025 14:05:24;2.76;
08.01.2025 14:05:28;2.76;
08.01.2025 14:05:29;2.77;
08.01.2025 14:05:30;2.77;
08.01.2025 14:05:31;2.76;
08.01.2025 14:05:32;2.77;
08.01.2025 14:05:33;2.76;
08.01.2025 14:05:35;2.76;
08.01.2025 14:05:36;2.77;
08.01.2025 14:05:37;2.76;
08.01.2025 14:05:38;2.77;
08.01.2025 14:05:39;2.76;
08.01.2025 14:05:41;2.76;
08.01.2025 14:05:42;2.77;
08.01.2025 14:05:43;2.77;
08.01.2025 14:05:44;2.76;
08.01.2025 14:05:45;2.76;
08.01.2025 14:05:46;2.77;
08.01.2025 14:05:47;2.77;
08.01.2025 14:05:48;2.78;
08.01.2025 14:05:49;2.77;
08.01.2025 14:05:54;2.77;
08.01.2025 14:05:55;2.76;
08.01.2025 14:05:56;2.77;
08.01.2025 14:06:01;2.77;
08.01.2025 14:06:02;2.76;
08.01.2025 14:06:03;2.77;
08.01.2025 14:06:06;2.77;
08.01.2025 14:06:07;2.78;
08.01.2025 14:06:09;2.78;
08.01.2025 14:06:10;2.77;
08.01.2025 14:06:11;2.78;
08.01.2025 14:06:12;2.77;
08.01.2025 14:06:13;2.77;
08.01.2025 14:06:14;2.78;
08.01.2025 14:06:16;2.78;
08.01.2025 14:06:17;2.79;
08.01.2025 14:06:18;2.79;
08.01.2025 14:06:19;2.77;
08.01.2025 14:06:20;2.78;
08.01.2025 14:06:22;2.78;
08.01.2025 14:06:23;2.77;
08.01.2025 14:06:24;2.79;
08.01.2025 14:06:25;2.78;
08.01.2025 14:06:30;2.78;
08.01.2025 14:06:31;2.79;
08.01.2025 14:06:32;2.79;
08.01.2025 14:06:33;2.78;
08.01.2025 14:06:35;2.78;
08.01.2025 14:06:36;2.79;
08.01.2025 14:06:37;2.77;
08.01.2025 14:06:38;2.78;
08.01.2025 14:06:39;2.79;
08.01.2025 14:06:40;2.79;
08.01.2025 14:06:41;2.78;
08.01.2025 14:06:42;2.79;
08.01.2025 14:06:45;2.79;
08.01.2025 14:06:46;2.78;
08.01.2025 14:06:50;2.78;
08.01.2025 14:06:51;2.79;
08.01.2025 14:07:00;2.79;
08.01.2025 14:07:01;2.78;
08.01.2025 14:07:02;2.79;
08.01.2025 14:07:08;2.79;
08.01.2025 14:07:09;2.78;
08.01.2025 14:07:10;2.78;
08.01.2025 14:07:11;2.79;
08.01.2025 14:07:12;2.79;
08.01.2025 14:07:13;2.8;
08.01.2025 14:07:28;2.8;
08.01.2025 14:07:29;2.81;
08.01.2025 14:07:30;2.8;
08.01.2025 14:07:31;2.79;
08.01.2025 14:07:32;2.79;
08.01.2025 14:07:33;2.8;
08.01.2025 14:07:46;2.8;
08.01.2025 14:07:47;2.79;
08.01.2025 14:07:48;2.8;
08.01.2025 14:07:51;2.8;
08.01.2025 14:07:52;2.79;
08.01.2025 14:07:53;2.8;
08.01.2025 14:07:54;2.8;
08.01.2025 14:07:55;2.81;
08.01.2025 14:07:56;2.8;
08.01.2025 14:07:57;2.8;
08.01.2025 14:07:58;2.81;
08.01.2025 14:08:00;2.81;
08.01.2025 14:08:01;2.8;
08.01.2025 14:08:02;2.8;
08.01.2025 14:08:03;2.82;
08.01.2025 14:08:04;2.8;
08.01.2025 14:08:05;2.81;
08.01.2025 14:08:06;2.81;
08.01.2025 14:08:07;2.8;
08.01.2025 14:08:08;2.81;
08.01.2025 14:08:10;2.81;
08.01.2025 14:08:11;2.8;
08.01.2025 14:08:12;2.81;
08.01.2025 14:08:17;2.81;
08.01.2025 14:08:18;2.82;
08.01.2025 14:08:19;2.81;
08.01.2025 14:08:20;2.82;
08.01.2025 14:08:21;2.81;
08.01.2025 14:08:22;2.81;
08.01.2025 14:08:23;2.82;
08.01.2025 14:08:24;2.81;
08.01.2025 14:08:29;2.81;
08.01.2025 14:08:30;2.82;
08.01.2025 14:08:31;2.81;
08.01.2025 14:08:32;2.82;
08.01.2025 14:08:34;2.82;
08.01.2025 14:08:35;2.81;
08.01.2025 14:08:36;2.82;
08.01.2025 14:08:39;2.82;
08.01.2025 14:08:40;2.81;
08.01.2025 14:08:42;2.81;
08.01.2025 14:08:43;2.82;
08.01.2025 14:08:46;2.82;
08.01.2025 14:08:47;2.83;
08.01.2025 14:08:48;2.82;
08.01.2025 14:08:49;2.83;
08.01.2025 14:08:50;2.82;
08.01.2025 14:08:53;2.82;
08.01.2025 14:08:54;2.83;
08.01.2025 14:08:55;2.82;
08.01.2025 14:09:02;2.82;
08.01.2025 14:09:03;2.83;
08.01.2025 14:09:04;2.82;
08.01.2025 14:09:07;2.82;
08.01.2025 14:09:08;2.83;
08.01.2025 14:09:09;2.82;
08.01.2025 14:09:10;2.83;
08.01.2025 14:09:12;2.83;
08.01.2025 14:09:13;2.82;
08.01.2025 14:09:14;2.82;
08.01.2025 14:09:15;2.83;
08.01.2025 14:09:16;2.83;
08.01.2025 14:09:17;2.82;
08.01.2025 14:09:18;2.82;
08.01.2025 14:09:19;2.83;
08.01.2025 14:09:21;2.83;
08.01.2025 14:09:22;2.82;
08.01.2025 14:09:25;2.82;
08.01.2025 14:09:26;2.83;
08.01.2025 14:09:29;2.83;
08.01.2025 14:09:30;2.82;
08.01.2025 14:09:31;2.83;
08.01.2025 14:09:35;2.83;
08.01.2025 14:09:36;2.82;
08.01.2025 14:09:37;2.83;
08.01.2025 14:09:38;2.83;
08.01.2025 14:09:39;2.84;
08.01.2025 14:09:40;2.83;
08.01.2025 14:09:41;2.84;
08.01.2025 14:09:43;2.84;
08.01.2025 14:09:44;2.83;
08.01.2025 14:09:52;2.83;
08.01.2025 14:09:53;2.84;
08.01.2025 14:09:55;2.84;
08.01.2025 14:09:56;2.83;
08.01.2025 14:09:57;2.84;
08.01.2025 14:09:58;2.83;
08.01.2025 14:09:59;2.84;
08.01.2025 14:10:00;2.83;
08.01.2025 14:10:01;2.84;
08.01.2025 14:10:07;2.84;
08.01.2025 14:10:08;2.83;
08.01.2025 14:10:09;2.84;
08.01.2025 14:10:18;2.84;
08.01.2025 14:10:19;2.85;
08.01.2025 14:10:20;2.84;
08.01.2025 14:10:22;2.84;
08.01.2025 14:10:23;2.85;
08.01.2025 14:10:27;2.85;
08.01.2025 14:10:28;2.84;
08.01.2025 14:10:29;2.85;
08.01.2025 14:10:30;2.85;
08.01.2025 14:10:31;2.84;
08.01.2025 14:10:32;2.84;
08.01.2025 14:10:33;2.85;
08.01.2025 14:10:34;2.85;
08.01.2025 14:10:35;2.84;
08.01.2025 14:10:37;2.84;
08.01.2025 14:10:38;2.85;
08.01.2025 14:10:39;2.85;
08.01.2025 14:10:40;2.84;
08.01.2025 14:10:41;2.84;
08.01.2025 14:10:42;2.85;
08.01.2025 14:10:49;2.85;
08.01.2025 14:10:50;2.84;
08.01.2025 14:10:51;2.84;
08.01.2025 14:10:52;2.85;
08.01.2025 14:10:54;2.85;
08.01.2025 14:10:55;2.84;
08.01.2025 14:10:56;2.85;
08.01.2025 14:10:57;2.85;
08.01.2025 14:10:58;2.84;
08.01.2025 14:10:59;2.85;
08.01.2025 14:11:00;2.85;
08.01.2025 14:11:01;2.86;
08.01.2025 14:11:02;2.85;
08.01.2025 14:11:03;2.85;
08.01.2025 14:11:04;2.86;
08.01.2025 14:11:05;2.86;
08.01.2025 14:11:06;2.85;
08.01.2025 14:11:07;2.86;
08.01.2025 14:11:08;2.85;
08.01.2025 14:11:09;2.86;
08.01.2025 14:11:10;2.86;
08.01.2025 14:11:11;2.85;
08.01.2025 14:11:12;2.86;
08.01.2025 14:11:13;2.85;
08.01.2025 14:11:14;2.85;
08.01.2025 14:11:15;2.86;
08.01.2025 14:11:16;2.85;
08.01.2025 14:11:17;2.86;
08.01.2025 14:11:18;2.85;
08.01.2025 14:11:20;2.85;
08.01.2025 14:11:21;2.86;
08.01.2025 14:11:22;2.86;
08.01.2025 14:11:23;2.85;
08.01.2025 14:11:24;2.86;
08.01.2025 14:11:25;2.86;
08.01.2025 14:11:26;2.85;
08.01.2025 14:11:27;2.86;
08.01.2025 14:11:37;2.86;
08.01.2025 14:11:38;2.85;
08.01.2025 14:11:39;2.87;
08.01.2025 14:11:40;2.86;
08.01.2025 14:11:42;2.86;
08.01.2025 14:11:43;2.87;
08.01.2025 14:11:44;2.86;
08.01.2025 14:11:49;2.86;
08.01.2025 14:11:50;2.87;
08.01.2025 14:11:51;2.86;
08.01.2025 14:11:56;2.86;
08.01.2025 14:11:57;2.87;
08.01.2025 14:11:59;2.87;
08.01.2025 14:12:00;2.86;
08.01.2025 14:12:01;2.87;
08.01.2025 14:12:03;2.87;
08.01.2025 14:12:04;2.86;
08.01.2025 14:12:06;2.86;
08.01.2025 14:12:07;2.87;
08.01.2025 14:12:14;2.87;
08.01.2025 14:12:15;2.86;
08.01.2025 14:12:16;2.86;
08.01.2025 14:12:17;2.87;
08.01.2025 14:12:19;2.87;
08.01.2025 14:12:20;2.86;
08.01.2025 14:12:21;2.86;
08.01.2025 14:12:22;2.87;
08.01.2025 14:12:31;2.87;
08.01.2025 14:12:32;2.88;
08.01.2025 14:12:33;2.88;
08.01.2025 14:12:34;2.87;
08.01.2025 14:12:35;2.87;
08.01.2025 14:12:36;2.88;
08.01.2025 14:12:38;2.88;
08.01.2025 14:12:39;2.87;
08.01.2025 14:12:43;2.87;
08.01.2025 14:12:44;2.88;
08.01.2025 14:12:45;2.87;
08.01.2025 14:12:46;2.87;
08.01.2025 14:12:47;2.88;
08.01.2025 14:12:48;2.88;
08.01.2025 14:12:49;2.87;
08.01.2025 14:12:50;2.88;
08.01.2025 14:12:52;2.88;
08.01.2025 14:12:53;2.87;
08.01.2025 14:12:54;2.88;
08.01.2025 14:13:07;2.88;
08.01.2025 14:13:08;2.89;
08.01.2025 14:13:09;2.89;
08.01.2025 14:13:10;2.88;
08.01.2025 14:13:11;2.89;
08.01.2025 14:13:12;2.88;
08.01.2025 14:13:24;2.88;
08.01.2025 14:13:25;2.89;
08.01.2025 14:13:26;2.88;
08.01.2025 14:13:27;2.89;
08.01.2025 14:13:28;2.88;
08.01.2025 14:13:29;2.89;
08.01.2025 14:13:34;2.89;
08.01.2025 14:13:35;2.88;
08.01.2025 14:13:36;2.89;
08.01.2025 14:13:43;2.89;
08.01.2025 14:13:44;2.88;
08.01.2025 14:13:45;2.89;
08.01.2025 14:13:52;2.89;
08.01.2025 14:13:53;2.9;
08.01.2025 14:13:54;2.89;
08.01.2025 14:13:57;2.89;
08.01.2025 14:13:58;2.9;
08.01.2025 14:13:59;2.89;
08.01.2025 14:14:03;2.89;
08.01.2025 14:14:04;2.9;
08.01.2025 14:14:05;2.89;
08.01.2025 14:14:06;2.9;
08.01.2025 14:14:07;2.9;
08.01.2025 14:14:08;2.89;
08.01.2025 14:14:09;2.89;
08.01.2025 14:14:10;2.9;
08.01.2025 14:14:11;2.9;
08.01.2025 14:14:12;2.89;
08.01.2025 14:14:13;2.9;
08.01.2025 14:14:15;2.9;
08.01.2025 14:14:16;2.89;
08.01.2025 14:14:18;2.89;
08.01.2025 14:14:19;2.9;
08.01.2025 14:14:20;2.91;
08.01.2025 14:14:21;2.89;
08.01.2025 14:14:22;2.9;
08.01.2025 14:14:25;2.9;
08.01.2025 14:14:26;2.89;
08.01.2025 14:14:27;2.9;
08.01.2025 14:14:29;2.9;
08.01.2025 14:14:30;2.89;
08.01.2025 14:14:31;2.9;
08.01.2025 14:14:32;2.89;
08.01.2025 14:14:33;2.9;
08.01.2025 14:14:34;2.91;
08.01.2025 14:14:35;2.9;
08.01.2025 14:14:38;2.9;
08.01.2025 14:14:39;2.91;
08.01.2025 14:14:40;2.9;
08.01.2025 14:14:41;2.91;
08.01.2025 14:14:42;2.9;
08.01.2025 14:14:44;2.9;
08.01.2025 14:14:45;2.91;
08.01.2025 14:14:46;2.9;
08.01.2025 14:14:47;2.91;
08.01.2025 14:14:48;2.9;
08.01.2025 14:14:51;2.9;
08.01.2025 14:14:52;2.91;
08.01.2025 14:15:03;2.91;
08.01.2025 14:15:04;2.9;
08.01.2025 14:15:06;2.9;
08.01.2025 14:15:07;2.91;
08.01.2025 14:15:14;2.91;
08.01.2025 14:15:15;2.92;
08.01.2025 14:15:16;2.92;
08.01.2025 14:15:17;2.91;
08.01.2025 14:15:20;2.91;
08.01.2025 14:15:21;2.92;
08.01.2025 14:15:22;2.91;
08.01.2025 14:15:25;2.91;
08.01.2025 14:15:26;2.92;
08.01.2025 14:15:27;2.9;
08.01.2025 14:15:28;2.91;
08.01.2025 14:15:29;2.91;
08.01.2025 14:15:30;2.92;
08.01.2025 14:15:31;2.91;
08.01.2025 14:15:34;2.91;
08.01.2025 14:15:35;2.92;
08.01.2025 14:15:36;2.91;
08.01.2025 14:15:38;2.91;
08.01.2025 14:15:39;2.92;
08.01.2025 14:15:43;2.92;
08.01.2025 14:15:44;2.91;
08.01.2025 14:15:46;2.91;
08.01.2025 14:15:47;2.92;
08.01.2025 14:15:48;2.92;
08.01.2025 14:15:49;2.91;
08.01.2025 14:15:50;2.92;
08.01.2025 14:15:51;2.92;
08.01.2025 14:15:52;2.91;
08.01.2025 14:15:53;2.92;
08.01.2025 14:15:58;2.92;
08.01.2025 14:15:59;2.93;
08.01.2025 14:16:00;2.92;
08.01.2025 14:16:01;2.92;
08.01.2025 14:16:02;2.91;
08.01.2025 14:16:03;2.92;
08.01.2025 14:16:07;2.92;
08.01.2025 14:16:08;2.93;
08.01.2025 14:16:09;2.93;
08.01.2025 14:16:10;2.92;
08.01.2025 14:16:12;2.92;
08.01.2025 14:16:13;2.93;
08.01.2025 14:16:14;2.92;
08.01.2025 14:16:18;2.92;
08.01.2025 14:16:19;2.91;
08.01.2025 14:16:20;2.92;
08.01.2025 14:16:22;2.92;
08.01.2025 14:16:23;2.93;
08.01.2025 14:16:24;2.92;
08.01.2025 14:16:25;2.93;
08.01.2025 14:16:26;2.92;
08.01.2025 14:16:27;2.92;
08.01.2025 14:16:28;2.93;
08.01.2025 14:16:29;2.92;
08.01.2025 14:16:30;2.92;
08.01.2025 14:16:31;2.93;
08.01.2025 14:16:32;2.93;
08.01.2025 14:16:33;2.92;
08.01.2025 14:16:34;2.93;
08.01.2025 14:16:35;2.92;
08.01.2025 14:16:36;2.93;
08.01.2025 14:16:37;2.92;
08.01.2025 14:16:38;2.93;
08.01.2025 14:16:39;2.93;
08.01.2025 14:16:40;2.92;
08.01.2025 14:16:41;2.93;
08.01.2025 14:16:42;2.93;
08.01.2025 14:16:43;2.92;
08.01.2025 14:16:44;2.93;
08.01.2025 14:16:45;2.92;
08.01.2025 14:16:46;2.93;
08.01.2025 14:17:03;2.93;
08.01.2025 14:17:04;2.94;
08.01.2025 14:17:05;2.93;
08.01.2025 14:17:07;2.93;
08.01.2025 14:17:08;2.92;
08.01.2025 14:17:09;2.93;
08.01.2025 14:17:10;2.93;
08.01.2025 14:17:11;2.94;
08.01.2025 14:17:12;2.94;
08.01.2025 14:17:13;2.93;
08.01.2025 14:17:14;2.94;
08.01.2025 14:17:19;2.94;
08.01.2025 14:17:20;2.93;
08.01.2025 14:17:22;2.93;
08.01.2025 14:17:23;2.94;
08.01.2025 14:17:26;2.94;
08.01.2025 14:17:27;2.93;
08.01.2025 14:17:29;2.93;
08.01.2025 14:17:30;2.94;
08.01.2025 14:17:42;2.94;
08.01.2025 14:17:43;2.95;
08.01.2025 14:17:44;2.94;
08.01.2025 14:17:47;2.94;
08.01.2025 14:17:48;2.95;
08.01.2025 14:17:49;2.94;
08.01.2025 14:17:50;2.94;
08.01.2025 14:17:51;2.95;
08.01.2025 14:17:52;2.94;
08.01.2025 14:17:53;2.95;
08.01.2025 14:17:55;2.95;
08.01.2025 14:17:56;2.94;
08.01.2025 14:17:57;2.95;
08.01.2025 14:17:58;2.93;
08.01.2025 14:17:59;2.95;
08.01.2025 14:18:00;2.95;
08.01.2025 14:18:01;2.94;
08.01.2025 14:18:02;2.96;
08.01.2025 14:18:03;2.95;
08.01.2025 14:18:04;2.94;
08.01.2025 14:18:05;2.95;
08.01.2025 14:18:06;2.95;
08.01.2025 14:18:07;2.94;
08.01.2025 14:18:08;2.95;
08.01.2025 14:18:09;2.95;
08.01.2025 14:18:10;2.94;
08.01.2025 14:18:11;2.95;
08.01.2025 14:18:16;2.95;
08.01.2025 14:18:17;2.96;
08.01.2025 14:18:18;2.95;
08.01.2025 14:18:26;2.95;
08.01.2025 14:18:27;2.96;
08.01.2025 14:18:29;2.96;
08.01.2025 14:18:30;2.95;
08.01.2025 14:18:31;2.95;
08.01.2025 14:18:32;2.94;
08.01.2025 14:18:33;2.95;
08.01.2025 14:18:34;2.95;
08.01.2025 14:18:35;2.96;
08.01.2025 14:18:37;2.96;
08.01.2025 14:18:38;2.95;
08.01.2025 14:18:39;2.96;
08.01.2025 14:18:40;2.95;
08.01.2025 14:18:45;2.95;
08.01.2025 14:18:46;2.96;
08.01.2025 14:18:47;2.95;
08.01.2025 14:18:50;2.95;
08.01.2025 14:18:51;2.96;
08.01.2025 14:18:52;2.95;
08.01.2025 14:18:53;2.96;
08.01.2025 14:18:54;2.96;
08.01.2025 14:18:55;2.95;
08.01.2025 14:18:56;2.95;
08.01.2025 14:18:57;2.96;
08.01.2025 14:18:58;2.96;
08.01.2025 14:18:59;2.95;
08.01.2025 14:19:00;2.96;
08.01.2025 14:19:01;2.95;
08.01.2025 14:19:02;2.97;
08.01.2025 14:19:03;2.96;
08.01.2025 14:19:06;2.96;
08.01.2025 14:19:07;2.95;
08.01.2025 14:19:08;2.95;
08.01.2025 14:19:09;2.96;
08.01.2025 14:19:27;2.96;
08.01.2025 14:19:28;2.97;
08.01.2025 14:19:32;2.97;
08.01.2025 14:19:33;2.96;
08.01.2025 14:19:37;2.96;
08.01.2025 14:19:38;2.98;
08.01.2025 14:19:39;2.97;
08.01.2025 14:19:40;2.96;
08.01.2025 14:19:41;2.96;
08.01.2025 14:19:42;2.97;
08.01.2025 14:19:43;2.96;
08.01.2025 14:19:45;2.96;
08.01.2025 14:19:46;2.97;
08.01.2025 14:19:49;2.97;
08.01.2025 14:19:50;2.96;
08.01.2025 14:19:51;2.97;
08.01.2025 14:19:54;2.97;
08.01.2025 14:19:55;2.96;
08.01.2025 14:19:56;2.96;
08.01.2025 14:19:57;2.97;
08.01.2025 14:20:03;2.97;
08.01.2025 14:20:04;2.98;
08.01.2025 14:20:05;2.97;
08.01.2025 14:20:06;2.98;
08.01.2025 14:20:07;2.96;
08.01.2025 14:20:08;2.97;
08.01.2025 14:20:11;2.97;
08.01.2025 14:20:12;2.98;
08.01.2025 14:20:13;2.97;
08.01.2025 14:20:18;2.97;
08.01.2025 14:20:19;2.98;
08.01.2025 14:20:20;2.97;
08.01.2025 14:20:21;2.98;
08.01.2025 14:20:25;2.98;
08.01.2025 14:20:26;2.97;
08.01.2025 14:20:28;2.97;
08.01.2025 14:20:29;2.98;
08.01.2025 14:20:30;2.98;
08.01.2025 14:20:31;2.97;
08.01.2025 14:20:32;2.98;
08.01.2025 14:20:33;2.97;
08.01.2025 14:20:34;2.98;
08.01.2025 14:20:35;2.97;
08.01.2025 14:20:36;2.98;
08.01.2025 14:20:37;2.98;
08.01.2025 14:20:38;2.97;
08.01.2025 14:20:39;2.98;
08.01.2025 14:20:41;2.98;
08.01.2025 14:20:42;2.97;
08.01.2025 14:20:43;2.97;
08.01.2025 14:20:44;2.98;
08.01.2025 14:20:49;2.98;
08.01.2025 14:20:50;2.97;
08.01.2025 14:20:51;2.98;
08.01.2025 14:20:58;2.98;
08.01.2025 14:20:59;2.97;
08.01.2025 14:21:00;2.98;
08.01.2025 14:21:02;2.98;
08.01.2025 14:21:03;2.99;
08.01.2025 14:21:04;2.98;
08.01.2025 14:21:06;2.98;
08.01.2025 14:21:07;2.99;
08.01.2025 14:21:08;2.99;
08.01.2025 14:21:09;2.98;
08.01.2025 14:21:10;2.99;
08.01.2025 14:21:11;2.98;
08.01.2025 14:21:22;2.98;
08.01.2025 14:21:23;2.99;
08.01.2025 14:21:26;2.99;
08.01.2025 14:21:27;2.98;
08.01.2025 14:21:28;2.99;
08.01.2025 14:21:29;2.98;
08.01.2025 14:21:30;2.99;
08.01.2025 14:21:31;2.98;
08.01.2025 14:21:32;2.99;
08.01.2025 14:21:33;2.98;
08.01.2025 14:21:38;2.98;
08.01.2025 14:21:39;2.99;
08.01.2025 14:21:40;2.98;
08.01.2025 14:21:41;2.99;
08.01.2025 14:21:43;2.99;
08.01.2025 14:21:44;2.98;
08.01.2025 14:21:45;2.99;
08.01.2025 14:21:47;2.99;
08.01.2025 14:21:48;2.98;
08.01.2025 14:21:49;2.99;
08.01.2025 14:21:50;2.99;
08.01.2025 14:21:51;2.98;
08.01.2025 14:21:52;2.99;
08.01.2025 14:21:53;2.99;
08.01.2025 14:21:54;2.98;
08.01.2025 14:21:55;2.99;
08.01.2025 14:21:59;2.99;
08.01.2025 14:22:00;3;
08.01.2025 14:22:01;3;
08.01.2025 14:22:02;2.99;
08.01.2025 14:22:03;3;
08.01.2025 14:22:04;2.99;
08.01.2025 14:22:06;2.99;
08.01.2025 14:22:07;3;
08.01.2025 14:22:09;3;
08.01.2025 14:22:10;2.99;
08.01.2025 14:22:11;3;
08.01.2025 14:22:12;3;
08.01.2025 14:22:13;2.99;
08.01.2025 14:22:14;2.99;
08.01.2025 14:22:15;3;
08.01.2025 14:22:19;3;
08.01.2025 14:22:20;2.99;
08.01.2025 14:22:21;3;
08.01.2025 14:22:22;3;
08.01.2025 14:22:23;2.99;
08.01.2025 14:22:24;3;
08.01.2025 14:22:25;3.01;
08.01.2025 14:22:26;2.99;
08.01.2025 14:22:29;2.99;
08.01.2025 14:22:30;3;
08.01.2025 14:22:33;3;
08.01.2025 14:22:34;2.99;
08.01.2025 14:22:35;3;
08.01.2025 14:22:41;3;
08.01.2025 14:22:42;3.01;
08.01.2025 14:22:43;3;
08.01.2025 14:22:44;3;
08.01.2025 14:22:45;3.01;
08.01.2025 14:22:46;3;
08.01.2025 14:22:50;3;
08.01.2025 14:22:51;3.01;
08.01.2025 14:22:52;3;
08.01.2025 14:22:53;3;
08.01.2025 14:22:54;2.99;
08.01.2025 14:22:55;2.99;
08.01.2025 14:22:56;3;
08.01.2025 14:22:57;2.99;
08.01.2025 14:22:58;3;
08.01.2025 14:22:59;3.01;
08.01.2025 14:23:00;2.99;
08.01.2025 14:23:01;3;
08.01.2025 14:23:02;3.01;
08.01.2025 14:23:03;3;
08.01.2025 14:23:04;3.01;
08.01.2025 14:23:05;3;
08.01.2025 14:23:06;3.01;
08.01.2025 14:23:07;3;
08.01.2025 14:23:08;3.01;
08.01.2025 14:23:09;3;
08.01.2025 14:23:10;3.01;
08.01.2025 14:23:11;3;
08.01.2025 14:23:12;3.01;
08.01.2025 14:23:13;3;
08.01.2025 14:23:16;3;
08.01.2025 14:23:17;3.01;
08.01.2025 14:23:18;3;
08.01.2025 14:23:19;3;
08.01.2025 14:23:20;3.01;
08.01.2025 14:23:21;3;
08.01.2025 14:23:22;3.01;
08.01.2025 14:23:23;3.01;
08.01.2025 14:23:24;2.99;
08.01.2025 14:23:25;3.01;
08.01.2025 14:23:27;3.01;
08.01.2025 14:23:28;3;
08.01.2025 14:23:29;3.01;
08.01.2025 14:23:30;3.02;
08.01.2025 14:23:31;3;
08.01.2025 14:23:32;3.01;
08.01.2025 14:23:33;3;
08.01.2025 14:23:34;3;
08.01.2025 14:23:35;3.01;
08.01.2025 14:23:36;3.01;
08.01.2025 14:23:37;3;
08.01.2025 14:23:38;3.01;
08.01.2025 14:23:39;3.01;
08.01.2025 14:23:40;3;
08.01.2025 14:23:41;3.01;
08.01.2025 14:23:42;3.01;
08.01.2025 14:23:43;3;
08.01.2025 14:23:44;3.01;
08.01.2025 14:23:45;3;
08.01.2025 14:23:46;3.01;
08.01.2025 14:23:57;3.01;
08.01.2025 14:23:58;3.02;
08.01.2025 14:24:00;3.02;
08.01.2025 14:24:01;3.01;
08.01.2025 14:24:02;3.01;
08.01.2025 14:24:03;3.02;
08.01.2025 14:24:04;3.01;
08.01.2025 14:24:05;3.02;
08.01.2025 14:24:06;3.01;
08.01.2025 14:24:12;3.01;
08.01.2025 14:24:13;3.02;
08.01.2025 14:24:17;3.02;
08.01.2025 14:24:18;3.01;
08.01.2025 14:24:19;3.01;
08.01.2025 14:24:20;3.02;
08.01.2025 14:24:22;3.02;
08.01.2025 14:24:23;3.01;
08.01.2025 14:24:24;3.02;
08.01.2025 14:24:25;3.01;
08.01.2025 14:24:26;3.02;
08.01.2025 14:24:27;3.01;
08.01.2025 14:24:29;3.01;
08.01.2025 14:24:30;3.02;
08.01.2025 14:24:34;3.02;
08.01.2025 14:24:35;3.01;
08.01.2025 14:24:36;3.02;
08.01.2025 14:24:42;3.02;
08.01.2025 14:24:43;3.03;
08.01.2025 14:24:44;3.02;
08.01.2025 14:24:50;3.02;
08.01.2025 14:24:51;3.03;
08.01.2025 14:24:52;3.02;
08.01.2025 14:24:54;3.02;
08.01.2025 14:24:55;3.01;
08.01.2025 14:24:56;3.02;
08.01.2025 14:24:57;3.03;
08.01.2025 14:24:58;3.02;
08.01.2025 14:24:59;3.02;
08.01.2025 14:25:00;3.03;
08.01.2025 14:25:01;3.02;
08.01.2025 14:25:04;3.02;
08.01.2025 14:25:05;3.03;
08.01.2025 14:25:08;3.03;
08.01.2025 14:25:09;3.02;
08.01.2025 14:25:10;3.02;
08.01.2025 14:25:11;3.03;
08.01.2025 14:25:13;3.03;
08.01.2025 14:25:14;3.02;
08.01.2025 14:25:15;3.03;
08.01.2025 14:25:16;3.02;
08.01.2025 14:25:17;3.03;
08.01.2025 14:25:18;3.03;
08.01.2025 14:25:19;3.02;
08.01.2025 14:25:20;3.01;
08.01.2025 14:25:21;3.02;
08.01.2025 14:25:22;3.03;
08.01.2025 14:25:23;3.03;
08.01.2025 14:25:24;3.02;
08.01.2025 14:25:25;3.03;
08.01.2025 14:25:26;3.03;
08.01.2025 14:25:27;3.02;
08.01.2025 14:25:28;3.03;
08.01.2025 14:25:29;3.03;
08.01.2025 14:25:30;3.02;
08.01.2025 14:25:31;3.03;
08.01.2025 14:25:32;3.03;
08.01.2025 14:25:33;3.02;
08.01.2025 14:25:34;3.03;
08.01.2025 14:25:35;3.03;
08.01.2025 14:25:36;3.04;
08.01.2025 14:25:37;3.02;
08.01.2025 14:25:38;3.04;
08.01.2025 14:25:39;3.03;
08.01.2025 14:25:40;3.02;
08.01.2025 14:25:41;3.03;
08.01.2025 14:25:44;3.03;
08.01.2025 14:25:45;3.04;
08.01.2025 14:25:46;3.03;
08.01.2025 14:25:47;3.03;
08.01.2025 14:25:48;3.02;
08.01.2025 14:25:49;3.03;
08.01.2025 14:25:50;3.03;
08.01.2025 14:25:51;3.02;
08.01.2025 14:25:52;3.03;
08.01.2025 14:25:56;3.03;
08.01.2025 14:25:57;3.04;
08.01.2025 14:25:58;3.04;
08.01.2025 14:25:59;3.03;
08.01.2025 14:26:00;3.03;
08.01.2025 14:26:01;3.04;
08.01.2025 14:26:02;3.03;
08.01.2025 14:26:06;3.03;
08.01.2025 14:26:07;3.04;
08.01.2025 14:26:08;3.03;
08.01.2025 14:26:09;3.04;
08.01.2025 14:26:10;3.04;
08.01.2025 14:26:11;3.03;
08.01.2025 14:26:12;3.04;
08.01.2025 14:26:13;3.03;
08.01.2025 14:26:14;3.04;
08.01.2025 14:26:16;3.04;
08.01.2025 14:26:17;3.03;
08.01.2025 14:26:18;3.03;
08.01.2025 14:26:19;3.04;
08.01.2025 14:26:24;3.04;
08.01.2025 14:26:25;3.05;
08.01.2025 14:26:26;3.04;
08.01.2025 14:26:27;3.03;
08.01.2025 14:26:28;3.04;
08.01.2025 14:26:29;3.05;
08.01.2025 14:26:30;3.04;
08.01.2025 14:26:36;3.04;
08.01.2025 14:26:37;3.05;
08.01.2025 14:26:38;3.04;
08.01.2025 14:26:44;3.04;
08.01.2025 14:26:45;3.03;
08.01.2025 14:26:46;3.05;
08.01.2025 14:26:47;3.04;
08.01.2025 14:26:48;3.05;
08.01.2025 14:26:49;3.05;
08.01.2025 14:26:50;3.04;
08.01.2025 14:26:54;3.04;
08.01.2025 14:26:55;3.05;
08.01.2025 14:26:56;3.04;
08.01.2025 14:27:02;3.04;
08.01.2025 14:27:03;3.05;
08.01.2025 14:27:04;3.05;
08.01.2025 14:27:05;3.04;
08.01.2025 14:27:06;3.04;
08.01.2025 14:27:07;3.05;
08.01.2025 14:27:08;3.06;
08.01.2025 14:27:09;3.05;
08.01.2025 14:27:13;3.05;
08.01.2025 14:27:14;3.04;
08.01.2025 14:27:16;3.04;
08.01.2025 14:27:17;3.05;
08.01.2025 14:27:18;3.05;
08.01.2025 14:27:19;3.04;
08.01.2025 14:27:20;3.05;
08.01.2025 14:27:21;3.04;
08.01.2025 14:27:23;3.04;
08.01.2025 14:27:24;3.05;
08.01.2025 14:27:41;3.05;
08.01.2025 14:27:42;3.06;
08.01.2025 14:27:43;3.05;
08.01.2025 14:27:44;3.06;
08.01.2025 14:27:45;3.06;
08.01.2025 14:27:46;3.05;
08.01.2025 14:27:47;3.05;
08.01.2025 14:27:48;3.06;
08.01.2025 14:27:49;3.05;
08.01.2025 14:27:50;3.06;
08.01.2025 14:27:51;3.05;
08.01.2025 14:27:52;3.06;
08.01.2025 14:27:53;3.05;
08.01.2025 14:27:54;3.05;
08.01.2025 14:27:55;3.06;
08.01.2025 14:27:56;3.06;
08.01.2025 14:27:57;3.05;
08.01.2025 14:27:58;3.06;
08.01.2025 14:27:59;3.05;
08.01.2025 14:28:00;3.06;
08.01.2025 14:28:01;3.05;
08.01.2025 14:28:02;3.06;
08.01.2025 14:28:03;3.06;
08.01.2025 14:28:04;3.05;
08.01.2025 14:28:05;3.06;
08.01.2025 14:28:09;3.06;
08.01.2025 14:28:10;3.05;
08.01.2025 14:28:12;3.05;
08.01.2025 14:28:13;3.07;
08.01.2025 14:28:14;3.06;
08.01.2025 14:28:20;3.06;
08.01.2025 14:28:21;3.05;
08.01.2025 14:28:22;3.06;
08.01.2025 14:28:26;3.06;
08.01.2025 14:28:27;3.05;
08.01.2025 14:28:28;3.05;
08.01.2025 14:28:29;3.06;
08.01.2025 14:28:31;3.06;
08.01.2025 14:28:32;3.05;
08.01.2025 14:28:33;3.06;
08.01.2025 14:28:35;3.06;
08.01.2025 14:28:36;3.07;
08.01.2025 14:28:37;3.06;
08.01.2025 14:28:40;3.06;
08.01.2025 14:28:41;3.07;
08.01.2025 14:28:42;3.07;
08.01.2025 14:28:43;3.06;
08.01.2025 14:28:44;3.07;
08.01.2025 14:28:45;3.06;
08.01.2025 14:28:46;3.07;
08.01.2025 14:28:47;3.06;
08.01.2025 14:28:48;3.07;
08.01.2025 14:28:53;3.07;
08.01.2025 14:28:54;3.06;
08.01.2025 14:28:57;3.06;
08.01.2025 14:28:58;3.07;
08.01.2025 14:28:59;3.07;
08.01.2025 14:29:00;3.06;
08.01.2025 14:29:01;3.07;
08.01.2025 14:29:03;3.07;
08.01.2025 14:29:04;3.06;
08.01.2025 14:29:05;3.07;
08.01.2025 14:29:06;3.06;
08.01.2025 14:29:07;3.06;
08.01.2025 14:29:08;3.07;
08.01.2025 14:29:09;3.07;
08.01.2025 14:29:10;3.06;
08.01.2025 14:29:11;3.07;
08.01.2025 14:29:12;3.07;
08.01.2025 14:29:13;3.06;
08.01.2025 14:29:14;3.06;
08.01.2025 14:29:15;3.07;
08.01.2025 14:29:18;3.07;
08.01.2025 14:29:19;3.06;
08.01.2025 14:29:20;3.07;
08.01.2025 14:29:22;3.07;
08.01.2025 14:29:23;3.06;
08.01.2025 14:29:24;3.07;
08.01.2025 14:29:25;3.08;
08.01.2025 14:29:26;3.07;
08.01.2025 14:29:27;3.07;
08.01.2025 14:29:28;3.08;
08.01.2025 14:29:29;3.07;
08.01.2025 14:29:30;3.07;
08.01.2025 14:29:31;3.08;
08.01.2025 14:29:32;3.08;
08.01.2025 14:29:33;3.07;
08.01.2025 14:29:34;3.08;
08.01.2025 14:29:35;3.07;
08.01.2025 14:29:36;3.07;
08.01.2025 14:29:37;3.08;
08.01.2025 14:29:39;3.08;
08.01.2025 14:29:40;3.07;
08.01.2025 14:29:42;3.07;
08.01.2025 14:29:43;3.08;
08.01.2025 14:29:44;3.07;
08.01.2025 14:29:45;3.08;
08.01.2025 14:29:46;3.07;
08.01.2025 14:29:47;3.07;
08.01.2025 14:29:48;3.08;
08.01.2025 14:29:49;3.07;
08.01.2025 14:29:50;3.07;
08.01.2025 14:29:51;3.08;
08.01.2025 14:29:52;3.08;
08.01.2025 14:29:53;3.07;
08.01.2025 14:29:54;3.08;
08.01.2025 14:30:00;3.08;
08.01.2025 14:30:01;3.09;
08.01.2025 14:30:02;3.08;
08.01.2025 14:30:05;3.08;
08.01.2025 14:30:06;3.07;
08.01.2025 14:30:07;3.07;
08.01.2025 14:30:08;3.08;
08.01.2025 14:30:09;3.09;
08.01.2025 14:30:10;3.08;
08.01.2025 14:30:13;3.08;
08.01.2025 14:30:14;3.07;
08.01.2025 14:30:15;3.08;
08.01.2025 14:30:16;3.08;
08.01.2025 14:30:17;3.07;
08.01.2025 14:30:18;3.08;
08.01.2025 14:30:22;3.08;
08.01.2025 14:30:23;3.09;
08.01.2025 14:30:24;3.07;
08.01.2025 14:30:25;3.08;
08.01.2025 14:30:27;3.08;
08.01.2025 14:30:28;3.09;
08.01.2025 14:30:29;3.08;
08.01.2025 14:30:33;3.08;
08.01.2025 14:30:34;3.07;
08.01.2025 14:30:35;3.09;
08.01.2025 14:30:36;3.08;
08.01.2025 14:30:37;3.09;
08.01.2025 14:30:38;3.09;
08.01.2025 14:30:39;3.08;
08.01.2025 14:30:41;3.08;
08.01.2025 14:30:42;3.07;
08.01.2025 14:30:43;3.08;
08.01.2025 14:30:44;3.09;
08.01.2025 14:30:45;3.08;
08.01.2025 14:30:47;3.08;
08.01.2025 14:30:48;3.09;
08.01.2025 14:30:49;3.08;
08.01.2025 14:30:53;3.08;
08.01.2025 14:30:54;3.09;
08.01.2025 14:30:55;3.08;
08.01.2025 14:30:56;3.09;
08.01.2025 14:30:59;3.09;
08.01.2025 14:31:00;3.08;
08.01.2025 14:31:01;3.09;
08.01.2025 14:31:02;3.09;
08.01.2025 14:31:03;3.08;
08.01.2025 14:31:04;3.09;
08.01.2025 14:31:05;3.09;
08.01.2025 14:31:06;3.08;
08.01.2025 14:31:07;3.08;
08.01.2025 14:31:08;3.09;
08.01.2025 14:31:10;3.09;
08.01.2025 14:31:11;3.1;
08.01.2025 14:31:12;3.1;
08.01.2025 14:31:13;3.09;
08.01.2025 14:31:22;3.09;
08.01.2025 14:31:23;3.1;
08.01.2025 14:31:24;3.09;
08.01.2025 14:31:34;3.09;
08.01.2025 14:31:35;3.1;
08.01.2025 14:31:37;3.1;
08.01.2025 14:31:38;3.09;
08.01.2025 14:31:39;3.1;
08.01.2025 14:31:40;3.09;
08.01.2025 14:31:41;3.09;
08.01.2025 14:31:42;3.1;
08.01.2025 14:31:43;3.09;
08.01.2025 14:31:44;3.1;
08.01.2025 14:31:45;3.09;
08.01.2025 14:31:46;3.09;
08.01.2025 14:31:47;3.1;
08.01.2025 14:31:48;3.09;
08.01.2025 14:31:53;3.09;
08.01.2025 14:31:54;3.1;
08.01.2025 14:31:57;3.1;
08.01.2025 14:31:58;3.09;
08.01.2025 14:31:59;3.11;
08.01.2025 14:32:00;3.1;
08.01.2025 14:32:01;3.09;
08.01.2025 14:32:02;3.08;
08.01.2025 14:32:03;3.09;
08.01.2025 14:32:04;3.09;
08.01.2025 14:32:05;3.1;
08.01.2025 14:32:06;3.09;
08.01.2025 14:32:07;3.1;
08.01.2025 14:32:09;3.1;
08.01.2025 14:32:10;3.09;
08.01.2025 14:32:11;3.1;
08.01.2025 14:32:14;3.1;
08.01.2025 14:32:15;3.09;
08.01.2025 14:32:17;3.09;
08.01.2025 14:32:18;3.1;
08.01.2025 14:32:27;3.1;
08.01.2025 14:32:28;3.09;
08.01.2025 14:32:29;3.09;
08.01.2025 14:32:30;3.1;
08.01.2025 14:32:38;3.1;
08.01.2025 14:32:39;3.11;
08.01.2025 14:32:40;3.1;
08.01.2025 14:32:41;3.1;
08.01.2025 14:32:42;3.11;
08.01.2025 14:32:43;3.1;
08.01.2025 14:32:44;3.11;
08.01.2025 14:32:45;3.1;
08.01.2025 14:32:46;3.11;
08.01.2025 14:32:47;3.1;
08.01.2025 14:32:48;3.11;
08.01.2025 14:32:49;3.09;
08.01.2025 14:32:50;3.1;
08.01.2025 14:32:51;3.09;
08.01.2025 14:32:52;3.11;
08.01.2025 14:32:53;3.11;
08.01.2025 14:32:54;3.1;
08.01.2025 14:32:55;3.1;
08.01.2025 14:32:56;3.11;
08.01.2025 14:32:57;3.1;
08.01.2025 14:32:58;3.11;
08.01.2025 14:32:59;3.1;
08.01.2025 14:33:00;3.1;
08.01.2025 14:33:01;3.11;
08.01.2025 14:33:06;3.11;
08.01.2025 14:33:07;3.1;
08.01.2025 14:33:08;3.11;
08.01.2025 14:33:09;3.1;
08.01.2025 14:33:10;3.11;
08.01.2025 14:33:11;3.1;
08.01.2025 14:33:12;3.11;
08.01.2025 14:33:14;3.11;
08.01.2025 14:33:15;3.1;
08.01.2025 14:33:16;3.11;
08.01.2025 14:33:19;3.11;
08.01.2025 14:33:20;3.1;
08.01.2025 14:33:21;3.11;
08.01.2025 14:33:24;3.11;
08.01.2025 14:33:25;3.1;
08.01.2025 14:33:26;3.11;
08.01.2025 14:33:29;3.11;
08.01.2025 14:33:30;3.12;
08.01.2025 14:33:31;3.11;
08.01.2025 14:33:32;3.11;
08.01.2025 14:33:33;3.12;
08.01.2025 14:33:34;3.11;
08.01.2025 14:33:35;3.11;
08.01.2025 14:33:36;3.12;
08.01.2025 14:33:37;3.11;
08.01.2025 14:33:43;3.11;
08.01.2025 14:33:44;3.12;
08.01.2025 14:33:45;3.11;
08.01.2025 14:33:48;3.11;
08.01.2025 14:33:49;3.12;
08.01.2025 14:33:50;3.11;
08.01.2025 14:33:53;3.11;
08.01.2025 14:33:54;3.12;
08.01.2025 14:33:55;3.11;
08.01.2025 14:33:56;3.12;
08.01.2025 14:33:57;3.11;
08.01.2025 14:33:59;3.11;
08.01.2025 14:34:00;3.12;
08.01.2025 14:34:01;3.12;
08.01.2025 14:34:02;3.11;
08.01.2025 14:34:03;3.11;
08.01.2025 14:34:04;3.1;
08.01.2025 14:34:05;3.11;
08.01.2025 14:34:06;3.11;
08.01.2025 14:34:07;3.12;
08.01.2025 14:34:08;3.11;
08.01.2025 14:34:09;3.12;
08.01.2025 14:34:10;3.12;
08.01.2025 14:34:11;3.11;
08.01.2025 14:34:14;3.11;
08.01.2025 14:34:15;3.12;
08.01.2025 14:34:16;3.11;
08.01.2025 14:34:18;3.11;
08.01.2025 14:34:19;3.12;
08.01.2025 14:34:20;3.11;
08.01.2025 14:34:22;3.11;
08.01.2025 14:34:23;3.12;
08.01.2025 14:34:24;3.12;
08.01.2025 14:34:25;3.11;
08.01.2025 14:34:27;3.11;
08.01.2025 14:34:28;3.12;
08.01.2025 14:34:29;3.12;
08.01.2025 14:34:30;3.13;
08.01.2025 14:34:31;3.12;
08.01.2025 14:34:32;3.11;
08.01.2025 14:34:33;3.11;
08.01.2025 14:34:34;3.12;
08.01.2025 14:34:35;3.12;
08.01.2025 14:34:36;3.11;
08.01.2025 14:34:37;3.11;
08.01.2025 14:34:38;3.12;
08.01.2025 14:34:39;3.11;
08.01.2025 14:34:40;3.13;
08.01.2025 14:34:41;3.12;
08.01.2025 14:34:48;3.12;
08.01.2025 14:34:49;3.13;
08.01.2025 14:34:50;3.12;
08.01.2025 14:34:54;3.12;
08.01.2025 14:34:55;3.11;
08.01.2025 14:34:56;3.12;
08.01.2025 14:34:57;3.12;
08.01.2025 14:34:58;3.11;
08.01.2025 14:34:59;3.11;
08.01.2025 14:35:00;3.12;
08.01.2025 14:35:01;3.13;
08.01.2025 14:35:02;3.12;
08.01.2025 14:35:09;3.12;
08.01.2025 14:35:10;3.13;
08.01.2025 14:35:11;3.13;
08.01.2025 14:35:12;3.12;
08.01.2025 14:35:16;3.12;
08.01.2025 14:35:17;3.13;
08.01.2025 14:35:18;3.11;
08.01.2025 14:35:19;3.13;
08.01.2025 14:35:20;3.13;
08.01.2025 14:35:21;3.12;
08.01.2025 14:35:23;3.12;
08.01.2025 14:35:24;3.13;
08.01.2025 14:35:26;3.13;
08.01.2025 14:35:27;3.12;
08.01.2025 14:35:28;3.13;
08.01.2025 14:35:29;3.12;
08.01.2025 14:35:30;3.12;
08.01.2025 14:35:31;3.13;
08.01.2025 14:35:33;3.13;
08.01.2025 14:35:34;3.12;
08.01.2025 14:35:35;3.13;
08.01.2025 14:35:36;3.12;
08.01.2025 14:35:37;3.13;
08.01.2025 14:35:38;3.12;
08.01.2025 14:35:39;3.12;
08.01.2025 14:35:40;3.13;
08.01.2025 14:35:41;3.12;
08.01.2025 14:35:42;3.13;
08.01.2025 14:35:43;3.12;
08.01.2025 14:35:44;3.12;
08.01.2025 14:35:45;3.13;
08.01.2025 14:35:46;3.13;
08.01.2025 14:35:47;3.12;
08.01.2025 14:35:48;3.12;
08.01.2025 14:35:49;3.13;
08.01.2025 14:35:50;3.12;
08.01.2025 14:35:51;3.13;
08.01.2025 14:35:52;3.12;
08.01.2025 14:35:53;3.13;
08.01.2025 14:35:54;3.13;
08.01.2025 14:35:55;3.12;
08.01.2025 14:35:56;3.12;
08.01.2025 14:35:57;3.13;
08.01.2025 14:36:13;3.13;
08.01.2025 14:36:14;3.14;
08.01.2025 14:36:15;3.13;
08.01.2025 14:36:16;3.13;
08.01.2025 14:36:17;3.12;
08.01.2025 14:36:18;3.13;
08.01.2025 14:36:19;3.12;
08.01.2025 14:36:20;3.13;
08.01.2025 14:36:24;3.13;
08.01.2025 14:36:25;3.14;
08.01.2025 14:36:26;3.13;
08.01.2025 14:36:28;3.13;
08.01.2025 14:36:29;3.14;
08.01.2025 14:36:30;3.13;
08.01.2025 14:36:31;3.14;
08.01.2025 14:36:32;3.14;
08.01.2025 14:36:33;3.13;
08.01.2025 14:36:34;3.14;
08.01.2025 14:36:35;3.14;
08.01.2025 14:36:36;3.13;
08.01.2025 14:36:37;3.14;
08.01.2025 14:36:38;3.14;
08.01.2025 14:36:39;3.13;
08.01.2025 14:36:40;3.13;
08.01.2025 14:36:41;3.14;
08.01.2025 14:36:43;3.14;
08.01.2025 14:36:44;3.13;
08.01.2025 14:36:45;3.13;
08.01.2025 14:36:46;3.14;
08.01.2025 14:36:47;3.13;
08.01.2025 14:36:48;3.14;
08.01.2025 14:36:49;3.13;
08.01.2025 14:36:50;3.14;
08.01.2025 14:36:51;3.14;
08.01.2025 14:36:52;3.13;
08.01.2025 14:36:53;3.14;
08.01.2025 14:36:54;3.13;
08.01.2025 14:36:55;3.14;
08.01.2025 14:36:57;3.14;
08.01.2025 14:36:58;3.13;
08.01.2025 14:36:59;3.13;
08.01.2025 14:37:00;3.14;
08.01.2025 14:37:04;3.14;
08.01.2025 14:37:05;3.13;
08.01.2025 14:37:06;3.13;
08.01.2025 14:37:07;3.14;
08.01.2025 14:37:09;3.14;
08.01.2025 14:37:10;3.13;
08.01.2025 14:37:11;3.14;
08.01.2025 14:37:12;3.14;
08.01.2025 14:37:13;3.13;
08.01.2025 14:37:14;3.12;
08.01.2025 14:37:15;3.14;
08.01.2025 14:37:16;3.13;
08.01.2025 14:37:19;3.13;
08.01.2025 14:37:20;3.14;
08.01.2025 14:37:21;3.13;
08.01.2025 14:37:22;3.14;
08.01.2025 14:37:24;3.14;
08.01.2025 14:37:25;3.13;
08.01.2025 14:37:26;3.14;
08.01.2025 14:37:27;3.14;
08.01.2025 14:37:28;3.13;
08.01.2025 14:37:29;3.14;
08.01.2025 14:37:36;3.14;
08.01.2025 14:37:37;3.15;
08.01.2025 14:37:38;3.14;
08.01.2025 14:37:39;3.14;
08.01.2025 14:37:40;3.13;
08.01.2025 14:37:41;3.14;
08.01.2025 14:37:43;3.14;
08.01.2025 14:37:44;3.13;
08.01.2025 14:37:45;3.14;
08.01.2025 14:37:49;3.14;
08.01.2025 14:37:50;3.15;
08.01.2025 14:37:51;3.14;
08.01.2025 14:37:59;3.14;
08.01.2025 14:38:00;3.15;
08.01.2025 14:38:01;3.14;
08.01.2025 14:38:03;3.14;
08.01.2025 14:38:04;3.15;
08.01.2025 14:38:05;3.14;
08.01.2025 14:38:06;3.14;
08.01.2025 14:38:07;3.15;
08.01.2025 14:38:09;3.15;
08.01.2025 14:38:10;3.14;
08.01.2025 14:38:11;3.15;
08.01.2025 14:38:12;3.14;
08.01.2025 14:38:14;3.14;
08.01.2025 14:38:15;3.15;
08.01.2025 14:38:17;3.15;
08.01.2025 14:38:18;3.16;
08.01.2025 14:38:19;3.15;
08.01.2025 14:38:23;3.15;
08.01.2025 14:38:24;3.14;
08.01.2025 14:38:27;3.14;
08.01.2025 14:38:28;3.15;
08.01.2025 14:38:29;3.15;
08.01.2025 14:38:30;3.14;
08.01.2025 14:38:31;3.15;
08.01.2025 14:38:41;3.15;
08.01.2025 14:38:42;3.14;
08.01.2025 14:38:43;3.14;
08.01.2025 14:38:44;3.16;
08.01.2025 14:38:45;3.15;
08.01.2025 14:38:47;3.15;
08.01.2025 14:38:48;3.16;
08.01.2025 14:38:49;3.15;
08.01.2025 14:38:50;3.15;
08.01.2025 14:38:51;3.16;
08.01.2025 14:38:52;3.15;
08.01.2025 14:39:02;3.15;
08.01.2025 14:39:03;3.16;
08.01.2025 14:39:04;3.16;
08.01.2025 14:39:05;3.15;
08.01.2025 14:39:06;3.14;
08.01.2025 14:39:07;3.16;
08.01.2025 14:39:08;3.15;
08.01.2025 14:39:09;3.16;
08.01.2025 14:39:18;3.16;
08.01.2025 14:39:19;3.15;
08.01.2025 14:39:20;3.14;
08.01.2025 14:39:21;3.15;
08.01.2025 14:39:22;3.17;
08.01.2025 14:39:23;3.15;
08.01.2025 14:39:24;3.15;
08.01.2025 14:39:25;3.16;
08.01.2025 14:39:26;3.15;
08.01.2025 14:39:27;3.15;
08.01.2025 14:39:28;3.16;
08.01.2025 14:39:29;3.16;
08.01.2025 14:39:30;3.15;
08.01.2025 14:39:37;3.15;
08.01.2025 14:39:38;3.16;
08.01.2025 14:39:39;3.16;
08.01.2025 14:39:40;3.15;
08.01.2025 14:39:41;3.16;
08.01.2025 14:39:45;3.16;
08.01.2025 14:39:46;3.15;
08.01.2025 14:39:47;3.16;
08.01.2025 14:39:48;3.15;
08.01.2025 14:39:49;3.16;
08.01.2025 14:39:50;3.16;
08.01.2025 14:39:51;3.15;
08.01.2025 14:39:52;3.16;
08.01.2025 14:39:53;3.16;
08.01.2025 14:39:54;3.15;
08.01.2025 14:39:55;3.15;
08.01.2025 14:39:56;3.16;
08.01.2025 14:39:59;3.16;
08.01.2025 14:40:00;3.15;
08.01.2025 14:40:01;3.16;
08.01.2025 14:40:12;3.16;
08.01.2025 14:40:13;3.15;
08.01.2025 14:40:14;3.16;
08.01.2025 14:40:17;3.16;
08.01.2025 14:40:18;3.15;
08.01.2025 14:40:19;3.16;
08.01.2025 14:40:20;3.17;
08.01.2025 14:40:21;3.16;
08.01.2025 14:40:25;3.16;
08.01.2025 14:40:26;3.17;
08.01.2025 14:40:28;3.17;
08.01.2025 14:40:29;3.16;
08.01.2025 14:40:33;3.16;
08.01.2025 14:40:34;3.17;
08.01.2025 14:40:36;3.17;
08.01.2025 14:40:37;3.16;
08.01.2025 14:40:38;3.15;
08.01.2025 14:40:39;3.17;
08.01.2025 14:40:40;3.17;
08.01.2025 14:40:41;3.16;
08.01.2025 14:40:42;3.16;
08.01.2025 14:40:43;3.17;
08.01.2025 14:40:44;3.16;
08.01.2025 14:40:46;3.16;
08.01.2025 14:40:47;3.17;
08.01.2025 14:40:48;3.17;
08.01.2025 14:40:49;3.16;
08.01.2025 14:40:51;3.16;
08.01.2025 14:40:52;3.17;
08.01.2025 14:40:54;3.17;
08.01.2025 14:40:55;3.16;
08.01.2025 14:40:56;3.16;
08.01.2025 14:40:57;3.17;
08.01.2025 14:40:58;3.16;
08.01.2025 14:40:59;3.17;
08.01.2025 14:41:01;3.17;
08.01.2025 14:41:02;3.16;
08.01.2025 14:41:04;3.16;
08.01.2025 14:41:05;3.17;
08.01.2025 14:41:18;3.17;
08.01.2025 14:41:19;3.18;
08.01.2025 14:41:20;3.16;
08.01.2025 14:41:21;3.17;
08.01.2025 14:41:23;3.17;
08.01.2025 14:41:24;3.16;
08.01.2025 14:41:25;3.17;
08.01.2025 14:41:28;3.17;
08.01.2025 14:41:29;3.18;
08.01.2025 14:41:30;3.17;
08.01.2025 14:41:31;3.17;
08.01.2025 14:41:32;3.16;
08.01.2025 14:41:33;3.17;
08.01.2025 14:41:36;3.17;
08.01.2025 14:41:37;3.18;
08.01.2025 14:41:38;3.17;
08.01.2025 14:41:52;3.17;
08.01.2025 14:41:53;3.18;
08.01.2025 14:41:54;3.17;
08.01.2025 14:41:57;3.17;
08.01.2025 14:41:58;3.18;
08.01.2025 14:41:59;3.18;
08.01.2025 14:42:00;3.17;
08.01.2025 14:42:01;3.17;
08.01.2025 14:42:02;3.18;
08.01.2025 14:42:03;3.18;
08.01.2025 14:42:04;3.17;
08.01.2025 14:42:07;3.17;
08.01.2025 14:42:08;3.18;
08.01.2025 14:42:09;3.17;
08.01.2025 14:42:10;3.18;
08.01.2025 14:42:11;3.17;
08.01.2025 14:42:12;3.18;
08.01.2025 14:42:13;3.17;
08.01.2025 14:42:15;3.17;
08.01.2025 14:42:16;3.18;
08.01.2025 14:42:20;3.18;
08.01.2025 14:42:21;3.17;
08.01.2025 14:42:24;3.17;
08.01.2025 14:42:25;3.18;
08.01.2025 14:42:26;3.17;
08.01.2025 14:42:27;3.18;
08.01.2025 14:42:28;3.18;
08.01.2025 14:42:29;3.17;
08.01.2025 14:42:30;3.17;
08.01.2025 14:42:31;3.18;
08.01.2025 14:42:34;3.18;
08.01.2025 14:42:35;3.17;
08.01.2025 14:42:36;3.18;
08.01.2025 14:42:40;3.18;
08.01.2025 14:42:41;3.19;
08.01.2025 14:42:42;3.18;
08.01.2025 14:42:44;3.18;
08.01.2025 14:42:45;3.19;
08.01.2025 14:42:46;3.18;
08.01.2025 14:42:48;3.18;
08.01.2025 14:42:49;3.19;
08.01.2025 14:42:50;3.19;
08.01.2025 14:42:51;3.18;
08.01.2025 14:42:52;3.18;
08.01.2025 14:42:53;3.19;
08.01.2025 14:42:54;3.18;
08.01.2025 14:42:55;3.18;
08.01.2025 14:42:56;3.19;
08.01.2025 14:42:57;3.18;
08.01.2025 14:43:01;3.18;
08.01.2025 14:43:02;3.19;
08.01.2025 14:43:03;3.19;
08.01.2025 14:43:04;3.18;
08.01.2025 14:43:05;3.19;
08.01.2025 14:43:06;3.18;
08.01.2025 14:43:07;3.17;
08.01.2025 14:43:08;3.18;
08.01.2025 14:43:10;3.18;
08.01.2025 14:43:11;3.19;
08.01.2025 14:43:12;3.18;
08.01.2025 14:43:16;3.18;
08.01.2025 14:43:17;3.19;
08.01.2025 14:43:18;3.19;
08.01.2025 14:43:19;3.18;
08.01.2025 14:43:20;3.19;
08.01.2025 14:43:22;3.19;
08.01.2025 14:43:23;3.18;
08.01.2025 14:43:26;3.18;
08.01.2025 14:43:27;3.19;
08.01.2025 14:43:28;3.19;
08.01.2025 14:43:29;3.18;
08.01.2025 14:43:30;3.19;
08.01.2025 14:43:31;3.18;
08.01.2025 14:43:32;3.18;
08.01.2025 14:43:33;3.19;
08.01.2025 14:43:38;3.19;
08.01.2025 14:43:39;3.18;
08.01.2025 14:43:40;3.19;
08.01.2025 14:43:41;3.18;
08.01.2025 14:43:42;3.19;
08.01.2025 14:43:45;3.19;
08.01.2025 14:43:46;3.18;
08.01.2025 14:43:47;3.19;
08.01.2025 14:43:55;3.19;
08.01.2025 14:43:56;3.2;
08.01.2025 14:43:57;3.19;
08.01.2025 14:43:59;3.19;
08.01.2025 14:44:00;3.18;
08.01.2025 14:44:01;3.19;
08.01.2025 14:44:06;3.19;
08.01.2025 14:44:07;3.18;
08.01.2025 14:44:08;3.19;
08.01.2025 14:44:17;3.19;
08.01.2025 14:44:18;3.2;
08.01.2025 14:44:19;3.2;
08.01.2025 14:44:20;3.19;
08.01.2025 14:44:23;3.19;
08.01.2025 14:44:24;3.21;
08.01.2025 14:44:25;3.2;
08.01.2025 14:44:26;3.19;
08.01.2025 14:44:27;3.19;
08.01.2025 14:44:28;3.2;
08.01.2025 14:44:29;3.2;
08.01.2025 14:44:30;3.19;
08.01.2025 14:44:31;3.19;
08.01.2025 14:44:32;3.2;
08.01.2025 14:44:42;3.2;
08.01.2025 14:44:43;3.19;
08.01.2025 14:44:44;3.2;
08.01.2025 14:44:45;3.19;
08.01.2025 14:44:46;3.2;
08.01.2025 14:44:47;3.2;
08.01.2025 14:44:48;3.19;
08.01.2025 14:44:49;3.2;
08.01.2025 14:44:50;3.19;
08.01.2025 14:44:51;3.2;
08.01.2025 14:44:52;3.2;
08.01.2025 14:44:53;3.19;
08.01.2025 14:44:54;3.2;
08.01.2025 14:44:55;3.2;
08.01.2025 14:44:56;3.19;
08.01.2025 14:44:57;3.19;
08.01.2025 14:44:58;3.21;
08.01.2025 14:44:59;3.2;
08.01.2025 14:45:00;3.2;
08.01.2025 14:45:01;3.19;
08.01.2025 14:45:02;3.19;
08.01.2025 14:45:03;3.21;
08.01.2025 14:45:04;3.2;
08.01.2025 14:45:05;3.19;
08.01.2025 14:45:06;3.19;
08.01.2025 14:45:07;3.2;
08.01.2025 14:45:08;3.18;
08.01.2025 14:45:09;3.19;
08.01.2025 14:45:10;3.2;
08.01.2025 14:45:11;3.19;
08.01.2025 14:45:12;3.2;
08.01.2025 14:45:16;3.2;
08.01.2025 14:45:17;3.19;
08.01.2025 14:45:18;3.2;
08.01.2025 14:45:19;3.19;
08.01.2025 14:45:22;3.19;
08.01.2025 14:45:23;3.2;
08.01.2025 14:45:24;3.19;
08.01.2025 14:45:26;3.19;
08.01.2025 14:45:27;3.2;
08.01.2025 14:45:39;3.2;
08.01.2025 14:45:40;3.21;
08.01.2025 14:45:41;3.2;
08.01.2025 14:45:42;3.2;
08.01.2025 14:45:43;3.21;
08.01.2025 14:45:44;3.19;
08.01.2025 14:45:45;3.2;
08.01.2025 14:45:54;3.2;
08.01.2025 14:45:55;3.21;
08.01.2025 14:45:56;3.2;
08.01.2025 14:45:57;3.2;
08.01.2025 14:45:58;3.21;
08.01.2025 14:45:59;3.21;
08.01.2025 14:46:00;3.2;
08.01.2025 14:46:02;3.2;
08.01.2025 14:46:03;3.21;
08.01.2025 14:46:04;3.2;
08.01.2025 14:46:05;3.21;
08.01.2025 14:46:07;3.21;
08.01.2025 14:46:08;3.2;
08.01.2025 14:46:09;3.21;
08.01.2025 14:46:10;3.21;
08.01.2025 14:46:11;3.2;
08.01.2025 14:46:12;3.2;
08.01.2025 14:46:13;3.19;
08.01.2025 14:46:14;3.21;
08.01.2025 14:46:15;3.2;
08.01.2025 14:46:16;3.2;
08.01.2025 14:46:17;3.21;
08.01.2025 14:46:18;3.22;
08.01.2025 14:46:19;3.21;
08.01.2025 14:46:21;3.21;
08.01.2025 14:46:22;3.2;
08.01.2025 14:46:25;3.2;
08.01.2025 14:46:26;3.21;
08.01.2025 14:46:27;3.2;
08.01.2025 14:46:28;3.21;
08.01.2025 14:46:31;3.21;
08.01.2025 14:46:32;3.2;
08.01.2025 14:46:33;3.2;
08.01.2025 14:46:34;3.21;
08.01.2025 14:46:35;3.2;
08.01.2025 14:46:36;3.21;
08.01.2025 14:46:39;3.21;
08.01.2025 14:46:40;3.2;
08.01.2025 14:46:41;3.21;
08.01.2025 14:46:42;3.2;
08.01.2025 14:46:43;3.22;
08.01.2025 14:46:44;3.21;
08.01.2025 14:46:50;3.21;
08.01.2025 14:46:51;3.2;
08.01.2025 14:46:52;3.21;
08.01.2025 14:46:53;3.21;
08.01.2025 14:46:54;3.2;
08.01.2025 14:46:55;3.22;
08.01.2025 14:46:56;3.21;
08.01.2025 14:46:59;3.21;
08.01.2025 14:47:00;3.2;
08.01.2025 14:47:01;3.21;
08.01.2025 14:47:02;3.21;
08.01.2025 14:47:03;3.22;
08.01.2025 14:47:04;3.21;
08.01.2025 14:47:15;3.21;
08.01.2025 14:47:16;3.22;
08.01.2025 14:47:17;3.21;
08.01.2025 14:47:19;3.21;
08.01.2025 14:47:20;3.22;
08.01.2025 14:47:21;3.21;
08.01.2025 14:47:26;3.21;
08.01.2025 14:47:27;3.22;
08.01.2025 14:47:28;3.21;
08.01.2025 14:47:30;3.21;
08.01.2025 14:47:31;3.22;
08.01.2025 14:47:32;3.21;
08.01.2025 14:47:34;3.21;
08.01.2025 14:47:35;3.22;
08.01.2025 14:47:36;3.22;
08.01.2025 14:47:37;3.21;
08.01.2025 14:47:43;3.21;
08.01.2025 14:47:44;3.22;
08.01.2025 14:47:46;3.22;
08.01.2025 14:47:47;3.21;
08.01.2025 14:47:48;3.21;
08.01.2025 14:47:49;3.22;
08.01.2025 14:47:50;3.2;
08.01.2025 14:47:51;3.21;
08.01.2025 14:47:52;3.22;
08.01.2025 14:47:53;3.22;
08.01.2025 14:47:54;3.21;
08.01.2025 14:47:55;3.21;
08.01.2025 14:47:56;3.22;
08.01.2025 14:47:57;3.21;
08.01.2025 14:47:58;3.22;
08.01.2025 14:48:05;3.22;
08.01.2025 14:48:06;3.21;
08.01.2025 14:48:07;3.21;
08.01.2025 14:48:08;3.22;
08.01.2025 14:48:09;3.22;
08.01.2025 14:48:10;3.21;
08.01.2025 14:48:11;3.22;
08.01.2025 14:48:14;3.22;
08.01.2025 14:48:15;3.21;
08.01.2025 14:48:16;3.22;
08.01.2025 14:48:24;3.22;
08.01.2025 14:48:25;3.21;
08.01.2025 14:48:26;3.22;
08.01.2025 14:48:34;3.22;
08.01.2025 14:48:35;3.21;
08.01.2025 14:48:36;3.21;
08.01.2025 14:48:37;3.22;
08.01.2025 14:48:38;3.22;
08.01.2025 14:48:39;3.23;
08.01.2025 14:48:40;3.23;
08.01.2025 14:48:41;3.22;
08.01.2025 14:48:42;3.23;
08.01.2025 14:48:43;3.22;
08.01.2025 14:48:44;3.23;
08.01.2025 14:48:45;3.21;
08.01.2025 14:48:46;3.22;
08.01.2025 14:48:50;3.22;
08.01.2025 14:48:51;3.23;
08.01.2025 14:48:52;3.22;
08.01.2025 14:48:56;3.22;
08.01.2025 14:48:57;3.21;
08.01.2025 14:48:58;3.22;
08.01.2025 14:48:59;3.23;
08.01.2025 14:49:00;3.23;
08.01.2025 14:49:01;3.22;
08.01.2025 14:49:02;3.22;
08.01.2025 14:49:03;3.23;
08.01.2025 14:49:04;3.22;
08.01.2025 14:49:05;3.22;
08.01.2025 14:49:06;3.23;
08.01.2025 14:49:07;3.22;
08.01.2025 14:49:08;3.23;
08.01.2025 14:49:09;3.23;
08.01.2025 14:49:10;3.22;
08.01.2025 14:49:11;3.22;
08.01.2025 14:49:12;3.23;
08.01.2025 14:49:13;3.23;
08.01.2025 14:49:14;3.22;
08.01.2025 14:49:16;3.22;
08.01.2025 14:49:17;3.23;
08.01.2025 14:49:18;3.22;
08.01.2025 14:49:19;3.22;
08.01.2025 14:49:20;3.21;
08.01.2025 14:49:21;3.23;
08.01.2025 14:49:22;3.22;
08.01.2025 14:49:23;3.23;
08.01.2025 14:49:24;3.23;
08.01.2025 14:49:25;3.22;
08.01.2025 14:49:26;3.23;
08.01.2025 14:49:29;3.23;
08.01.2025 14:49:30;3.22;
08.01.2025 14:49:31;3.22;
08.01.2025 14:49:32;3.23;
08.01.2025 14:49:33;3.23;
08.01.2025 14:49:34;3.22;
08.01.2025 14:49:35;3.22;
08.01.2025 14:49:36;3.23;
08.01.2025 14:49:37;3.22;
08.01.2025 14:49:39;3.22;
08.01.2025 14:49:40;3.23;
08.01.2025 14:49:41;3.24;
08.01.2025 14:49:42;3.22;
08.01.2025 14:49:43;3.23;
08.01.2025 14:49:44;3.23;
08.01.2025 14:49:45;3.22;
08.01.2025 14:49:46;3.23;
08.01.2025 14:49:52;3.23;
08.01.2025 14:49:53;3.22;
08.01.2025 14:49:54;3.22;
08.01.2025 14:49:55;3.23;
08.01.2025 14:50:00;3.23;
08.01.2025 14:50:01;3.22;
08.01.2025 14:50:02;3.23;
08.01.2025 14:50:03;3.23;
08.01.2025 14:50:04;3.22;
08.01.2025 14:50:05;3.23;
08.01.2025 14:50:12;3.23;
08.01.2025 14:50:13;3.24;
08.01.2025 14:50:14;3.23;
08.01.2025 14:50:15;3.23;
08.01.2025 14:50:16;3.24;
08.01.2025 14:50:17;3.23;
08.01.2025 14:50:18;3.22;
08.01.2025 14:50:19;3.24;
08.01.2025 14:50:20;3.23;
08.01.2025 14:50:26;3.23;
08.01.2025 14:50:27;3.24;
08.01.2025 14:50:28;3.23;
08.01.2025 14:50:29;3.24;
08.01.2025 14:50:30;3.23;
08.01.2025 14:50:32;3.23;
08.01.2025 14:50:33;3.24;
08.01.2025 14:50:37;3.24;
08.01.2025 14:50:38;3.23;
08.01.2025 14:50:39;3.24;
08.01.2025 14:50:40;3.23;
08.01.2025 14:50:41;3.23;
08.01.2025 14:50:42;3.24;
08.01.2025 14:50:45;3.24;
08.01.2025 14:50:46;3.23;
08.01.2025 14:50:47;3.24;
08.01.2025 14:50:48;3.24;
08.01.2025 14:50:49;3.23;
08.01.2025 14:50:50;3.23;
08.01.2025 14:50:51;3.24;
08.01.2025 14:50:52;3.23;
08.01.2025 14:50:53;3.24;
08.01.2025 14:50:54;3.23;
08.01.2025 14:50:55;3.24;
08.01.2025 14:50:59;3.24;
08.01.2025 14:51:00;3.23;
08.01.2025 14:51:01;3.24;
08.01.2025 14:51:03;3.24;
08.01.2025 14:51:04;3.23;
08.01.2025 14:51:05;3.23;
08.01.2025 14:51:06;3.24;
08.01.2025 14:51:07;3.24;
08.01.2025 14:51:08;3.23;
08.01.2025 14:51:09;3.23;
08.01.2025 14:51:10;3.24;
08.01.2025 14:51:11;3.24;
08.01.2025 14:51:12;3.23;
08.01.2025 14:51:13;3.24;
08.01.2025 14:51:14;3.23;
08.01.2025 14:51:15;3.23;
08.01.2025 14:51:16;3.24;
08.01.2025 14:51:18;3.24;
08.01.2025 14:51:19;3.23;
08.01.2025 14:51:20;3.24;
08.01.2025 14:51:21;3.24;
08.01.2025 14:51:22;3.23;
08.01.2025 14:51:23;3.24;
08.01.2025 14:51:29;3.24;
08.01.2025 14:51:30;3.25;
08.01.2025 14:51:31;3.24;
08.01.2025 14:51:32;3.25;
08.01.2025 14:51:33;3.24;
08.01.2025 14:51:35;3.24;
08.01.2025 14:51:36;3.25;
08.01.2025 14:51:37;3.24;
08.01.2025 14:51:38;3.25;
08.01.2025 14:51:39;3.24;
08.01.2025 14:51:42;3.24;
08.01.2025 14:51:43;3.23;
08.01.2025 14:51:44;3.25;
08.01.2025 14:51:45;3.24;
08.01.2025 14:51:46;3.25;
08.01.2025 14:51:47;3.24;
08.01.2025 14:51:48;3.24;
08.01.2025 14:51:49;3.25;
08.01.2025 14:51:50;3.24;
08.01.2025 14:51:51;3.25;
08.01.2025 14:51:52;3.24;
08.01.2025 14:51:55;3.24;
08.01.2025 14:51:56;3.25;
08.01.2025 14:51:57;3.24;
08.01.2025 14:51:58;3.25;
08.01.2025 14:51:59;3.25;
08.01.2025 14:52:00;3.24;
08.01.2025 14:52:04;3.24;
08.01.2025 14:52:05;3.25;
08.01.2025 14:52:06;3.25;
08.01.2025 14:52:07;3.24;
08.01.2025 14:52:08;3.25;
08.01.2025 14:52:09;3.24;
08.01.2025 14:52:10;3.25;
08.01.2025 14:52:11;3.24;
08.01.2025 14:52:12;3.24;
08.01.2025 14:52:13;3.25;
08.01.2025 14:52:14;3.24;
08.01.2025 14:52:16;3.24;
08.01.2025 14:52:17;3.25;
08.01.2025 14:52:18;3.24;
08.01.2025 14:52:19;3.25;
08.01.2025 14:52:22;3.25;
08.01.2025 14:52:23;3.24;
08.01.2025 14:52:25;3.24;
08.01.2025 14:52:26;3.25;
08.01.2025 14:52:27;3.24;
08.01.2025 14:52:36;3.24;
08.01.2025 14:52:37;3.25;
08.01.2025 14:52:38;3.24;
08.01.2025 14:52:43;3.24;
08.01.2025 14:52:44;3.25;
08.01.2025 14:52:46;3.25;
08.01.2025 14:52:47;3.24;
08.01.2025 14:52:49;3.24;
08.01.2025 14:52:50;3.23;
08.01.2025 14:52:51;3.25;
08.01.2025 14:52:53;3.25;
08.01.2025 14:52:54;3.24;
08.01.2025 14:52:55;3.25;
08.01.2025 14:52:56;3.25;
08.01.2025 14:52:57;3.24;
08.01.2025 14:52:58;3.25;
08.01.2025 14:53:00;3.25;
08.01.2025 14:53:01;3.24;
08.01.2025 14:53:02;3.24;
08.01.2025 14:53:03;3.25;
08.01.2025 14:53:04;3.25;
08.01.2025 14:53:05;3.24;
08.01.2025 14:53:06;3.25;
08.01.2025 14:53:13;3.25;
08.01.2025 14:53:14;3.26;
08.01.2025 14:53:15;3.24;
08.01.2025 14:53:16;3.25;
08.01.2025 14:53:17;3.25;
08.01.2025 14:53:18;3.26;
08.01.2025 14:53:19;3.25;
08.01.2025 14:53:20;3.26;
08.01.2025 14:53:21;3.25;
08.01.2025 14:53:32;3.25;
08.01.2025 14:53:33;3.24;
08.01.2025 14:53:34;3.25;
08.01.2025 14:53:35;3.25;
08.01.2025 14:53:36;3.24;
08.01.2025 14:53:37;3.25;
08.01.2025 14:53:42;3.25;
08.01.2025 14:53:43;3.26;
08.01.2025 14:53:44;3.25;
08.01.2025 14:53:45;3.25;
08.01.2025 14:53:46;3.24;
08.01.2025 14:53:47;3.25;
08.01.2025 14:53:50;3.25;
08.01.2025 14:53:51;3.24;
08.01.2025 14:53:52;3.25;
08.01.2025 14:53:55;3.25;
08.01.2025 14:53:56;3.24;
08.01.2025 14:53:57;3.25;
08.01.2025 14:53:58;3.24;
08.01.2025 14:53:59;3.25;
08.01.2025 14:54:01;3.25;
08.01.2025 14:54:02;3.24;
08.01.2025 14:54:03;3.24;
08.01.2025 14:54:04;3.25;
08.01.2025 14:54:05;3.26;
08.01.2025 14:54:06;3.25;
08.01.2025 14:54:07;3.24;
08.01.2025 14:54:08;3.25;
08.01.2025 14:54:09;3.25;
08.01.2025 14:54:10;3.26;
08.01.2025 14:54:11;3.25;
08.01.2025 14:54:15;3.25;
08.01.2025 14:54:16;3.24;
08.01.2025 14:54:17;3.25;
08.01.2025 14:54:20;3.25;
08.01.2025 14:54:21;3.26;
08.01.2025 14:54:22;3.25;
08.01.2025 14:54:23;3.25;
08.01.2025 14:54:24;3.26;
08.01.2025 14:54:27;3.26;
08.01.2025 14:54:28;3.25;
08.01.2025 14:54:29;3.26;
08.01.2025 14:54:30;3.26;
08.01.2025 14:54:31;3.25;
08.01.2025 14:54:32;3.25;
08.01.2025 14:54:33;3.26;
08.01.2025 14:54:39;3.26;
08.01.2025 14:54:40;3.25;
08.01.2025 14:54:41;3.26;
08.01.2025 14:54:43;3.26;
08.01.2025 14:54:44;3.25;
08.01.2025 14:54:45;3.26;
08.01.2025 14:54:46;3.25;
08.01.2025 14:54:47;3.26;
08.01.2025 14:54:48;3.26;
08.01.2025 14:54:49;3.25;
08.01.2025 14:54:50;3.26;
08.01.2025 14:54:51;3.25;
08.01.2025 14:54:52;3.26;
08.01.2025 14:54:53;3.25;
08.01.2025 14:54:54;3.26;
08.01.2025 14:54:55;3.25;
08.01.2025 14:54:56;3.26;
08.01.2025 14:55:02;3.26;
08.01.2025 14:55:03;3.25;
08.01.2025 14:55:07;3.25;
08.01.2025 14:55:08;3.26;
08.01.2025 14:55:09;3.25;
08.01.2025 14:55:10;3.26;
08.01.2025 14:55:11;3.25;
08.01.2025 14:55:12;3.26;
08.01.2025 14:55:14;3.26;
08.01.2025 14:55:15;3.25;
08.01.2025 14:55:16;3.25;
08.01.2025 14:55:17;3.26;
08.01.2025 14:55:18;3.25;
08.01.2025 14:55:19;3.25;
08.01.2025 14:55:20;3.26;
08.01.2025 14:55:22;3.26;
08.01.2025 14:55:23;3.25;
08.01.2025 14:55:24;3.25;
08.01.2025 14:55:25;3.26;
08.01.2025 14:55:34;3.26;
08.01.2025 14:55:35;3.27;
08.01.2025 14:55:36;3.26;
08.01.2025 14:55:37;3.27;
08.01.2025 14:55:38;3.26;
08.01.2025 14:55:41;3.26;
08.01.2025 14:55:42;3.25;
08.01.2025 14:55:43;3.26;
08.01.2025 14:55:44;3.26;
08.01.2025 14:55:45;3.25;
08.01.2025 14:55:46;3.26;
08.01.2025 14:55:47;3.27;
08.01.2025 14:55:48;3.26;
08.01.2025 14:55:49;3.25;
08.01.2025 14:55:50;3.26;
08.01.2025 14:55:51;3.26;
08.01.2025 14:55:52;3.27;
08.01.2025 14:55:53;3.25;
08.01.2025 14:55:54;3.26;
08.01.2025 14:55:57;3.26;
08.01.2025 14:55:58;3.27;
08.01.2025 14:55:59;3.26;
08.01.2025 14:56:04;3.26;
08.01.2025 14:56:05;3.25;
08.01.2025 14:56:06;3.26;
08.01.2025 14:56:07;3.26;
08.01.2025 14:56:08;3.25;
08.01.2025 14:56:09;3.26;
08.01.2025 14:56:11;3.26;
08.01.2025 14:56:12;3.25;
08.01.2025 14:56:13;3.26;
08.01.2025 14:56:14;3.26;
08.01.2025 14:56:15;3.27;
08.01.2025 14:56:16;3.26;
08.01.2025 14:56:17;3.27;
08.01.2025 14:56:18;3.26;
08.01.2025 14:56:19;3.27;
08.01.2025 14:56:20;3.27;
08.01.2025 14:56:21;3.26;
08.01.2025 14:56:22;3.26;
08.01.2025 14:56:23;3.27;
08.01.2025 14:56:24;3.26;
08.01.2025 14:56:25;3.27;
08.01.2025 14:56:26;3.26;
08.01.2025 14:56:28;3.26;
08.01.2025 14:56:29;3.27;
08.01.2025 14:56:30;3.26;
08.01.2025 14:56:31;3.27;
08.01.2025 14:56:32;3.27;
08.01.2025 14:56:33;3.26;
08.01.2025 14:56:34;3.26;
08.01.2025 14:56:35;3.27;
08.01.2025 14:56:36;3.26;
08.01.2025 14:56:37;3.25;
08.01.2025 14:56:38;3.26;
08.01.2025 14:56:43;3.26;
08.01.2025 14:56:44;3.27;
08.01.2025 14:56:46;3.27;
08.01.2025 14:56:47;3.26;
08.01.2025 14:56:52;3.26;
08.01.2025 14:56:53;3.27;
08.01.2025 14:56:54;3.26;
08.01.2025 14:56:55;3.27;
08.01.2025 14:56:56;3.26;
08.01.2025 14:56:57;3.27;
08.01.2025 14:56:58;3.27;
08.01.2025 14:56:59;3.26;
08.01.2025 14:57:00;3.26;
08.01.2025 14:57:01;3.27;
08.01.2025 14:57:02;3.27;
08.01.2025 14:57:03;3.26;
08.01.2025 14:57:04;3.27;
08.01.2025 14:57:05;3.27;
08.01.2025 14:57:06;3.26;
08.01.2025 14:57:07;3.28;
08.01.2025 14:57:08;3.26;
08.01.2025 14:57:09;3.27;
08.01.2025 14:57:10;3.27;
08.01.2025 14:57:11;3.26;
08.01.2025 14:57:14;3.26;
08.01.2025 14:57:15;3.27;
08.01.2025 14:57:16;3.26;
08.01.2025 14:57:17;3.27;
08.01.2025 14:57:20;3.27;
08.01.2025 14:57:21;3.26;
08.01.2025 14:57:22;3.26;
08.01.2025 14:57:23;3.27;
08.01.2025 14:57:26;3.27;
08.01.2025 14:57:27;3.26;
08.01.2025 14:57:30;3.26;
08.01.2025 14:57:31;3.27;
08.01.2025 14:57:32;3.26;
08.01.2025 14:57:33;3.27;
08.01.2025 14:57:38;3.27;
08.01.2025 14:57:39;3.26;
08.01.2025 14:57:40;3.26;
08.01.2025 14:57:41;3.27;
08.01.2025 14:57:47;3.27;
08.01.2025 14:57:48;3.26;
08.01.2025 14:57:49;3.27;
08.01.2025 14:57:57;3.27;
08.01.2025 14:57:58;3.28;
08.01.2025 14:57:59;3.27;
08.01.2025 14:58:00;3.26;
08.01.2025 14:58:01;3.27;
08.01.2025 14:58:06;3.27;
08.01.2025 14:58:07;3.26;
08.01.2025 14:58:08;3.27;
08.01.2025 14:58:09;3.28;
08.01.2025 14:58:10;3.28;
08.01.2025 14:58:11;3.27;
08.01.2025 14:58:12;3.28;
08.01.2025 14:58:13;3.28;
08.01.2025 14:58:14;3.26;
08.01.2025 14:58:15;3.27;
08.01.2025 14:58:16;3.27;
08.01.2025 14:58:17;3.28;
08.01.2025 14:58:18;3.27;
08.01.2025 14:58:20;3.27;
08.01.2025 14:58:21;3.28;
08.01.2025 14:58:22;3.27;
08.01.2025 14:58:25;3.27;
08.01.2025 14:58:26;3.28;
08.01.2025 14:58:30;3.28;
08.01.2025 14:58:31;3.27;
08.01.2025 14:58:32;3.27;
08.01.2025 14:58:33;3.28;
08.01.2025 14:58:34;3.27;
08.01.2025 14:58:35;3.28;
08.01.2025 14:58:37;3.28;
08.01.2025 14:58:38;3.27;
08.01.2025 14:58:39;3.28;
08.01.2025 14:58:40;3.27;
08.01.2025 14:58:41;3.28;
08.01.2025 14:58:42;3.28;
08.01.2025 14:58:43;3.27;
08.01.2025 14:58:46;3.27;
08.01.2025 14:58:47;3.28;
08.01.2025 14:58:48;3.28;
08.01.2025 14:58:49;3.27;
08.01.2025 14:58:51;3.27;
08.01.2025 14:58:52;3.28;
08.01.2025 14:58:54;3.28;
08.01.2025 14:58:55;3.27;
08.01.2025 14:58:56;3.27;
08.01.2025 14:58:57;3.28;
08.01.2025 14:58:58;3.27;
08.01.2025 14:58:59;3.28;
08.01.2025 14:59:02;3.28;
08.01.2025 14:59:03;3.27;
08.01.2025 14:59:04;3.28;
08.01.2025 14:59:05;3.28;
08.01.2025 14:59:06;3.27;
08.01.2025 14:59:07;3.29;
08.01.2025 14:59:08;3.28;
08.01.2025 14:59:09;3.28;
08.01.2025 14:59:10;3.27;
08.01.2025 14:59:11;3.28;
08.01.2025 14:59:12;3.28;
08.01.2025 14:59:13;3.29;
08.01.2025 14:59:14;3.28;
08.01.2025 14:59:15;3.28;
08.01.2025 14:59:16;3.29;
08.01.2025 14:59:17;3.28;
08.01.2025 14:59:18;3.28;
08.01.2025 14:59:19;3.27;
08.01.2025 14:59:20;3.29;
08.01.2025 14:59:21;3.29;
08.01.2025 14:59:22;3.28;
08.01.2025 14:59:25;3.28;
08.01.2025 14:59:26;3.27;
08.01.2025 14:59:27;3.28;
08.01.2025 14:59:28;3.28;
08.01.2025 14:59:29;3.29;
08.01.2025 14:59:30;3.28;
08.01.2025 14:59:31;3.29;
08.01.2025 14:59:32;3.28;
08.01.2025 14:59:51;3.28;
08.01.2025 14:59:52;3.27;
08.01.2025 14:59:53;3.27;
08.01.2025 14:59:54;3.28;
08.01.2025 14:59:55;3.28;
08.01.2025 14:59:56;3.29;
08.01.2025 14:59:57;3.28;
08.01.2025 14:59:58;3.29;
08.01.2025 14:59:59;3.29;
08.01.2025 15:00:00;3.3;
08.01.2025 15:00:01;3.28;
08.01.2025 15:00:02;3.28;
08.01.2025 15:00:03;3.29;
08.01.2025 15:00:04;3.29;
08.01.2025 15:00:05;3.28;
08.01.2025 15:00:07;3.28;
08.01.2025 15:00:08;3.29;
08.01.2025 15:00:09;3.28;
08.01.2025 15:00:10;3.29;
08.01.2025 15:00:13;3.29;
08.01.2025 15:00:14;3.28;
08.01.2025 15:00:15;3.29;
08.01.2025 15:00:16;3.28;
08.01.2025 15:00:17;3.29;
08.01.2025 15:00:21;3.29;
08.01.2025 15:00:22;3.28;
08.01.2025 15:00:23;3.29;
08.01.2025 15:00:24;3.28;
08.01.2025 15:00:26;3.28;
08.01.2025 15:00:27;3.27;
08.01.2025 15:00:28;3.28;
08.01.2025 15:00:31;3.28;
08.01.2025 15:00:32;3.29;
08.01.2025 15:00:33;3.28;
08.01.2025 15:00:35;3.28;
08.01.2025 15:00:36;3.29;
08.01.2025 15:00:37;3.28;
08.01.2025 15:00:40;3.28;
08.01.2025 15:00:41;3.29;
08.01.2025 15:00:42;3.28;
08.01.2025 15:00:43;3.29;
08.01.2025 15:00:44;3.29;
08.01.2025 15:00:45;3.28;
08.01.2025 15:00:46;3.29;
08.01.2025 15:00:47;3.28;
08.01.2025 15:00:48;3.3;
08.01.2025 15:00:49;3.29;
08.01.2025 15:00:56;3.29;
08.01.2025 15:00:57;3.3;
08.01.2025 15:00:58;3.29;
08.01.2025 15:00:59;3.29;
08.01.2025 15:01:00;3.3;
08.01.2025 15:01:01;3.29;
08.01.2025 15:01:02;3.29;
08.01.2025 15:01:03;3.3;
08.01.2025 15:01:04;3.29;
08.01.2025 15:01:10;3.29;
08.01.2025 15:01:11;3.3;
08.01.2025 15:01:12;3.29;
08.01.2025 15:01:13;3.3;
08.01.2025 15:01:14;3.29;
08.01.2025 15:01:16;3.29;
08.01.2025 15:01:17;3.3;
08.01.2025 15:01:18;3.29;
08.01.2025 15:01:20;3.29;
08.01.2025 15:01:21;3.3;
08.01.2025 15:01:22;3.28;
08.01.2025 15:01:23;3.29;
08.01.2025 15:01:30;3.29;
08.01.2025 15:01:31;3.3;
08.01.2025 15:01:32;3.29;
08.01.2025 15:01:33;3.29;
08.01.2025 15:01:34;3.3;
08.01.2025 15:01:35;3.29;
08.01.2025 15:01:37;3.29;
08.01.2025 15:01:38;3.3;
08.01.2025 15:01:39;3.29;
08.01.2025 15:01:49;3.29;
08.01.2025 15:01:50;3.3;
08.01.2025 15:01:51;3.29;
08.01.2025 15:01:57;3.29;
08.01.2025 15:01:58;3.3;
08.01.2025 15:02:01;3.3;
08.01.2025 15:02:02;3.29;
08.01.2025 15:02:03;3.29;
08.01.2025 15:02:04;3.3;
08.01.2025 15:02:05;3.29;
08.01.2025 15:02:08;3.29;
08.01.2025 15:02:09;3.28;
08.01.2025 15:02:10;3.29;
08.01.2025 15:02:11;3.29;
08.01.2025 15:02:12;3.3;
08.01.2025 15:02:13;3.3;
08.01.2025 15:02:14;3.29;
08.01.2025 15:02:15;3.29;
08.01.2025 15:02:16;3.3;
08.01.2025 15:02:17;3.29;
08.01.2025 15:02:20;3.29;
08.01.2025 15:02:21;3.3;
08.01.2025 15:02:26;3.3;
08.01.2025 15:02:27;3.29;
08.01.2025 15:02:28;3.29;
08.01.2025 15:02:29;3.3;
08.01.2025 15:02:30;3.29;
08.01.2025 15:02:31;3.29;
08.01.2025 15:02:32;3.3;
08.01.2025 15:02:34;3.3;
08.01.2025 15:02:35;3.29;
08.01.2025 15:02:36;3.3;
08.01.2025 15:02:46;3.3;
08.01.2025 15:02:47;3.29;
08.01.2025 15:02:52;3.29;
08.01.2025 15:02:53;3.3;
08.01.2025 15:02:54;3.3;
08.01.2025 15:02:55;3.29;
08.01.2025 15:02:56;3.29;
08.01.2025 15:02:57;3.3;
08.01.2025 15:02:58;3.29;
08.01.2025 15:02:59;3.3;
08.01.2025 15:03:01;3.3;
08.01.2025 15:03:02;3.29;
08.01.2025 15:03:03;3.3;
08.01.2025 15:03:05;3.3;
08.01.2025 15:03:06;3.29;
08.01.2025 15:03:07;3.3;
08.01.2025 15:03:08;3.3;
08.01.2025 15:03:09;3.29;
08.01.2025 15:03:10;3.3;
08.01.2025 15:03:12;3.3;
08.01.2025 15:03:13;3.29;
08.01.2025 15:03:14;3.3;
08.01.2025 15:03:19;3.3;
08.01.2025 15:03:20;3.29;
08.01.2025 15:03:21;3.3;
08.01.2025 15:03:24;3.3;
08.01.2025 15:03:25;3.29;
08.01.2025 15:03:26;3.3;
08.01.2025 15:03:27;3.31;
08.01.2025 15:03:28;3.3;
08.01.2025 15:03:29;3.3;
08.01.2025 15:03:30;3.31;
08.01.2025 15:03:31;3.3;
08.01.2025 15:03:32;3.31;
08.01.2025 15:03:33;3.3;
08.01.2025 15:03:38;3.3;
08.01.2025 15:03:39;3.31;
08.01.2025 15:03:40;3.31;
08.01.2025 15:03:41;3.3;
08.01.2025 15:03:43;3.3;
08.01.2025 15:03:44;3.31;
08.01.2025 15:03:45;3.3;
08.01.2025 15:03:46;3.3;
08.01.2025 15:03:47;3.31;
08.01.2025 15:03:48;3.3;
08.01.2025 15:03:56;3.3;
08.01.2025 15:03:57;3.31;
08.01.2025 15:03:58;3.3;
08.01.2025 15:04:01;3.3;
08.01.2025 15:04:02;3.31;
08.01.2025 15:04:03;3.3;
08.01.2025 15:04:05;3.3;
08.01.2025 15:04:06;3.31;
08.01.2025 15:04:07;3.3;
08.01.2025 15:04:10;3.3;
08.01.2025 15:04:11;3.31;
08.01.2025 15:04:13;3.31;
08.01.2025 15:04:14;3.3;
08.01.2025 15:04:15;3.3;
08.01.2025 15:04:16;3.31;
08.01.2025 15:04:17;3.3;
08.01.2025 15:04:18;3.3;
08.01.2025 15:04:19;3.31;
08.01.2025 15:04:20;3.3;
08.01.2025 15:04:21;3.31;
08.01.2025 15:04:22;3.3;
08.01.2025 15:04:26;3.3;
08.01.2025 15:04:27;3.31;
08.01.2025 15:04:28;3.3;
08.01.2025 15:04:30;3.3;
08.01.2025 15:04:31;3.31;
08.01.2025 15:04:32;3.31;
08.01.2025 15:04:33;3.3;
08.01.2025 15:04:35;3.3;
08.01.2025 15:04:36;3.31;
08.01.2025 15:04:40;3.31;
08.01.2025 15:04:41;3.3;
08.01.2025 15:04:42;3.31;
08.01.2025 15:04:43;3.3;
08.01.2025 15:04:45;3.3;
08.01.2025 15:04:46;3.31;
08.01.2025 15:04:47;3.3;
08.01.2025 15:04:48;3.3;
08.01.2025 15:04:49;3.31;
08.01.2025 15:04:51;3.31;
08.01.2025 15:04:52;3.3;
08.01.2025 15:04:53;3.31;
08.01.2025 15:04:54;3.31;
08.01.2025 15:04:55;3.3;
08.01.2025 15:04:56;3.3;
08.01.2025 15:04:57;3.31;
08.01.2025 15:05:02;3.31;
08.01.2025 15:05:03;3.3;
08.01.2025 15:05:04;3.31;
08.01.2025 15:05:08;3.31;
08.01.2025 15:05:09;3.3;
08.01.2025 15:05:10;3.31;
08.01.2025 15:05:15;3.31;
08.01.2025 15:05:16;3.32;
08.01.2025 15:05:17;3.31;
08.01.2025 15:05:21;3.31;
08.01.2025 15:05:22;3.3;
08.01.2025 15:05:23;3.31;
08.01.2025 15:05:24;3.31;
08.01.2025 15:05:25;3.32;
08.01.2025 15:05:27;3.32;
08.01.2025 15:05:28;3.3;
08.01.2025 15:05:29;3.32;
08.01.2025 15:05:30;3.31;
08.01.2025 15:05:34;3.31;
08.01.2025 15:05:35;3.32;
08.01.2025 15:05:39;3.32;
08.01.2025 15:05:40;3.31;
08.01.2025 15:05:50;3.31;
08.01.2025 15:05:51;3.32;
08.01.2025 15:05:52;3.31;
08.01.2025 15:05:53;3.31;
08.01.2025 15:05:54;3.32;
08.01.2025 15:05:55;3.31;
08.01.2025 15:05:56;3.31;
08.01.2025 15:05:57;3.32;
08.01.2025 15:05:58;3.31;
08.01.2025 15:05:59;3.32;
08.01.2025 15:06:00;3.31;
08.01.2025 15:06:02;3.31;
08.01.2025 15:06:03;3.32;
08.01.2025 15:06:04;3.31;
08.01.2025 15:06:05;3.32;
08.01.2025 15:06:06;3.32;
08.01.2025 15:06:07;3.31;
08.01.2025 15:06:08;3.32;
08.01.2025 15:06:09;3.33;
08.01.2025 15:06:10;3.32;
08.01.2025 15:06:11;3.31;
08.01.2025 15:06:12;3.32;
08.01.2025 15:06:13;3.32;
08.01.2025 15:06:14;3.31;
08.01.2025 15:06:15;3.32;
08.01.2025 15:06:21;3.32;
08.01.2025 15:06:22;3.31;
08.01.2025 15:06:24;3.31;
08.01.2025 15:06:25;3.33;
08.01.2025 15:06:26;3.31;
08.01.2025 15:06:27;3.32;
08.01.2025 15:06:28;3.32;
08.01.2025 15:06:29;3.31;
08.01.2025 15:06:30;3.31;
08.01.2025 15:06:31;3.33;
08.01.2025 15:06:32;3.31;
08.01.2025 15:06:33;3.31;
08.01.2025 15:06:34;3.32;
08.01.2025 15:06:35;3.31;
08.01.2025 15:06:36;3.32;
08.01.2025 15:06:37;3.32;
08.01.2025 15:06:38;3.31;
08.01.2025 15:06:39;3.32;
08.01.2025 15:06:40;3.32;
08.01.2025 15:06:41;3.31;
08.01.2025 15:06:42;3.31;
08.01.2025 15:06:43;3.32;
08.01.2025 15:06:44;3.32;
08.01.2025 15:06:45;3.31;
08.01.2025 15:06:47;3.31;
08.01.2025 15:06:48;3.32;
08.01.2025 15:06:49;3.31;
08.01.2025 15:06:50;3.31;
08.01.2025 15:06:51;3.32;
08.01.2025 15:06:52;3.31;
08.01.2025 15:06:53;3.32;
08.01.2025 15:06:54;3.31;
08.01.2025 15:06:55;3.32;
08.01.2025 15:07:02;3.32;
08.01.2025 15:07:03;3.31;
08.01.2025 15:07:06;3.31;
08.01.2025 15:07:07;3.32;
08.01.2025 15:07:09;3.32;
08.01.2025 15:07:10;3.33;
08.01.2025 15:07:11;3.32;
08.01.2025 15:07:19;3.32;
08.01.2025 15:07:20;3.33;
08.01.2025 15:07:21;3.32;
08.01.2025 15:07:23;3.32;
08.01.2025 15:07:24;3.33;
08.01.2025 15:07:25;3.32;
08.01.2025 15:07:27;3.32;
08.01.2025 15:07:28;3.31;
08.01.2025 15:07:29;3.32;
08.01.2025 15:07:34;3.32;
08.01.2025 15:07:35;3.33;
08.01.2025 15:07:36;3.31;
08.01.2025 15:07:37;3.32;
08.01.2025 15:07:40;3.32;
08.01.2025 15:07:41;3.33;
08.01.2025 15:07:42;3.32;
08.01.2025 15:07:44;3.32;
08.01.2025 15:07:45;3.33;
08.01.2025 15:07:46;3.32;
08.01.2025 15:07:47;3.33;
08.01.2025 15:07:48;3.32;
08.01.2025 15:07:49;3.32;
08.01.2025 15:07:50;3.33;
08.01.2025 15:07:51;3.32;
08.01.2025 15:07:55;3.32;
08.01.2025 15:07:56;3.33;
08.01.2025 15:07:57;3.32;
08.01.2025 15:07:58;3.33;
08.01.2025 15:07:59;3.32;
08.01.2025 15:08:03;3.32;
08.01.2025 15:08:04;3.33;
08.01.2025 15:08:05;3.33;
08.01.2025 15:08:06;3.32;
08.01.2025 15:08:07;3.32;
08.01.2025 15:08:08;3.33;
08.01.2025 15:08:09;3.32;
08.01.2025 15:08:10;3.33;
08.01.2025 15:08:11;3.32;
08.01.2025 15:08:15;3.32;
08.01.2025 15:08:16;3.33;
08.01.2025 15:08:18;3.33;
08.01.2025 15:08:19;3.31;
08.01.2025 15:08:20;3.32;
08.01.2025 15:08:21;3.33;
08.01.2025 15:08:24;3.33;
08.01.2025 15:08:25;3.32;
08.01.2025 15:08:26;3.33;
08.01.2025 15:08:27;3.32;
08.01.2025 15:08:29;3.32;
08.01.2025 15:08:30;3.33;
08.01.2025 15:08:31;3.32;
08.01.2025 15:08:32;3.33;
08.01.2025 15:08:33;3.33;
08.01.2025 15:08:34;3.32;
08.01.2025 15:08:35;3.33;
08.01.2025 15:08:36;3.32;
08.01.2025 15:08:37;3.33;
08.01.2025 15:08:38;3.32;
08.01.2025 15:08:39;3.33;
08.01.2025 15:08:44;3.33;
08.01.2025 15:08:45;3.32;
08.01.2025 15:08:46;3.33;
08.01.2025 15:08:47;3.33;
08.01.2025 15:08:48;3.32;
08.01.2025 15:08:49;3.33;
08.01.2025 15:08:50;3.33;
08.01.2025 15:08:51;3.32;
08.01.2025 15:08:52;3.33;
08.01.2025 15:08:53;3.33;
08.01.2025 15:08:54;3.32;
08.01.2025 15:08:55;3.33;
08.01.2025 15:08:56;3.33;
08.01.2025 15:08:57;3.32;
08.01.2025 15:08:58;3.32;
08.01.2025 15:08:59;3.33;
08.01.2025 15:09:00;3.32;
08.01.2025 15:09:01;3.33;
08.01.2025 15:09:02;3.32;
08.01.2025 15:09:03;3.32;
08.01.2025 15:09:04;3.33;
08.01.2025 15:09:05;3.32;
08.01.2025 15:09:07;3.32;
08.01.2025 15:09:08;3.33;
08.01.2025 15:09:10;3.33;
08.01.2025 15:09:11;3.32;
08.01.2025 15:09:13;3.32;
08.01.2025 15:09:14;3.33;
08.01.2025 15:09:16;3.33;
08.01.2025 15:09:17;3.32;
08.01.2025 15:09:18;3.32;
08.01.2025 15:09:19;3.33;
08.01.2025 15:09:20;3.32;
08.01.2025 15:09:21;3.32;
08.01.2025 15:09:22;3.33;
08.01.2025 15:09:25;3.33;
08.01.2025 15:09:26;3.32;
08.01.2025 15:09:27;3.33;
08.01.2025 15:09:30;3.33;
08.01.2025 15:09:31;3.32;
08.01.2025 15:09:32;3.33;
08.01.2025 15:09:39;3.33;
08.01.2025 15:09:40;3.32;
08.01.2025 15:09:42;3.32;
08.01.2025 15:09:43;3.33;
08.01.2025 15:09:47;3.33;
08.01.2025 15:09:48;3.34;
08.01.2025 15:09:49;3.33;
08.01.2025 15:09:51;3.33;
08.01.2025 15:09:52;3.34;
08.01.2025 15:09:53;3.33;
08.01.2025 15:09:57;3.33;
08.01.2025 15:09:58;3.32;
08.01.2025 15:09:59;3.33;
08.01.2025 15:10:05;3.33;
08.01.2025 15:10:06;3.32;
08.01.2025 15:10:07;3.33;
08.01.2025 15:10:10;3.33;
08.01.2025 15:10:11;3.34;
08.01.2025 15:10:12;3.34;
08.01.2025 15:10:13;3.33;
08.01.2025 15:10:15;3.33;
08.01.2025 15:10:16;3.34;
08.01.2025 15:10:17;3.33;
08.01.2025 15:10:19;3.33;
08.01.2025 15:10:20;3.34;
08.01.2025 15:10:21;3.33;
08.01.2025 15:10:24;3.33;
08.01.2025 15:10:25;3.34;
08.01.2025 15:10:26;3.33;
08.01.2025 15:10:28;3.33;
08.01.2025 15:10:29;3.34;
08.01.2025 15:10:32;3.34;
08.01.2025 15:10:33;3.33;
08.01.2025 15:10:35;3.33;
08.01.2025 15:10:36;3.34;
08.01.2025 15:10:38;3.34;
08.01.2025 15:10:39;3.33;
08.01.2025 15:10:40;3.33;
08.01.2025 15:10:41;3.34;
08.01.2025 15:10:42;3.33;
08.01.2025 15:10:43;3.34;
08.01.2025 15:10:44;3.33;
08.01.2025 15:10:52;3.33;
08.01.2025 15:10:53;3.34;
08.01.2025 15:10:54;3.33;
08.01.2025 15:10:56;3.33;
08.01.2025 15:10:57;3.34;
08.01.2025 15:10:58;3.34;
08.01.2025 15:10:59;3.33;
08.01.2025 15:11:00;3.34;
08.01.2025 15:11:01;3.34;
08.01.2025 15:11:02;3.33;
08.01.2025 15:11:07;3.33;
08.01.2025 15:11:08;3.34;
08.01.2025 15:11:10;3.34;
08.01.2025 15:11:11;3.33;
08.01.2025 15:11:14;3.33;
08.01.2025 15:11:15;3.34;
08.01.2025 15:11:16;3.34;
08.01.2025 15:11:17;3.33;
08.01.2025 15:11:20;3.33;
08.01.2025 15:11:21;3.34;
08.01.2025 15:11:25;3.34;
08.01.2025 15:11:26;3.33;
08.01.2025 15:11:30;3.33;
08.01.2025 15:11:31;3.34;
08.01.2025 15:11:32;3.33;
08.01.2025 15:11:35;3.33;
08.01.2025 15:11:36;3.34;
08.01.2025 15:11:37;3.33;
08.01.2025 15:11:38;3.33;
08.01.2025 15:11:39;3.34;
08.01.2025 15:11:40;3.33;
08.01.2025 15:11:41;3.34;
08.01.2025 15:11:42;3.33;
08.01.2025 15:11:43;3.33;
08.01.2025 15:11:44;3.34;
08.01.2025 15:11:45;3.33;
08.01.2025 15:11:47;3.33;
08.01.2025 15:11:48;3.34;
08.01.2025 15:11:52;3.34;
08.01.2025 15:11:53;3.33;
08.01.2025 15:11:59;3.33;
08.01.2025 15:12:00;3.34;
08.01.2025 15:12:01;3.33;
08.01.2025 15:12:02;3.33;
08.01.2025 15:12:03;3.34;
08.01.2025 15:12:06;3.34;
08.01.2025 15:12:07;3.33;
08.01.2025 15:12:08;3.33;
08.01.2025 15:12:09;3.34;
08.01.2025 15:12:10;3.33;
08.01.2025 15:12:11;3.34;
08.01.2025 15:12:12;3.33;
08.01.2025 15:12:13;3.34;
08.01.2025 15:12:14;3.33;
08.01.2025 15:12:15;3.34;
08.01.2025 15:12:17;3.34;
08.01.2025 15:12:18;3.35;
08.01.2025 15:12:19;3.34;
08.01.2025 15:12:27;3.34;
08.01.2025 15:12:28;3.35;
08.01.2025 15:12:29;3.34;
08.01.2025 15:12:30;3.33;
08.01.2025 15:12:31;3.34;
08.01.2025 15:12:32;3.34;
08.01.2025 15:12:33;3.33;
08.01.2025 15:12:34;3.34;
08.01.2025 15:12:35;3.33;
08.01.2025 15:12:36;3.35;
08.01.2025 15:12:37;3.34;
08.01.2025 15:12:38;3.33;
08.01.2025 15:12:39;3.34;
08.01.2025 15:12:40;3.33;
08.01.2025 15:12:41;3.34;
08.01.2025 15:12:42;3.33;
08.01.2025 15:12:43;3.34;
08.01.2025 15:12:44;3.34;
08.01.2025 15:12:45;3.35;
08.01.2025 15:12:46;3.34;
08.01.2025 15:12:56;3.34;
08.01.2025 15:12:57;3.35;
08.01.2025 15:12:58;3.34;
08.01.2025 15:13:00;3.34;
08.01.2025 15:13:01;3.33;
08.01.2025 15:13:02;3.34;
08.01.2025 15:13:03;3.35;
08.01.2025 15:13:04;3.34;
08.01.2025 15:13:11;3.34;
08.01.2025 15:13:12;3.35;
08.01.2025 15:13:13;3.34;
08.01.2025 15:13:18;3.34;
08.01.2025 15:13:19;3.33;
08.01.2025 15:13:20;3.34;
08.01.2025 15:13:21;3.35;
08.01.2025 15:13:22;3.34;
08.01.2025 15:13:23;3.35;
08.01.2025 15:13:24;3.34;
08.01.2025 15:13:25;3.35;
08.01.2025 15:13:26;3.35;
08.01.2025 15:13:27;3.34;
08.01.2025 15:13:34;3.34;
08.01.2025 15:13:35;3.35;
08.01.2025 15:13:36;3.34;
08.01.2025 15:13:37;3.35;
08.01.2025 15:13:38;3.35;
08.01.2025 15:13:39;3.34;
08.01.2025 15:13:40;3.35;
08.01.2025 15:13:41;3.34;
08.01.2025 15:13:42;3.35;
08.01.2025 15:13:43;3.34;
08.01.2025 15:13:44;3.34;
08.01.2025 15:13:45;3.33;
08.01.2025 15:13:46;3.34;
08.01.2025 15:13:53;3.34;
08.01.2025 15:13:54;3.35;
08.01.2025 15:13:55;3.34;
08.01.2025 15:13:56;3.34;
08.01.2025 15:13:57;3.35;
08.01.2025 15:13:58;3.35;
08.01.2025 15:13:59;3.34;
08.01.2025 15:14:07;3.34;
08.01.2025 15:14:08;3.35;
08.01.2025 15:14:09;3.34;
08.01.2025 15:14:10;3.34;
08.01.2025 15:14:11;3.35;
08.01.2025 15:14:12;3.34;
08.01.2025 15:14:13;3.35;
08.01.2025 15:14:14;3.33;
08.01.2025 15:14:15;3.35;
08.01.2025 15:14:16;3.34;
08.01.2025 15:14:17;3.35;
08.01.2025 15:14:18;3.35;
08.01.2025 15:14:19;3.34;
08.01.2025 15:14:20;3.35;
08.01.2025 15:14:24;3.35;
08.01.2025 15:14:25;3.34;
08.01.2025 15:14:26;3.35;
08.01.2025 15:14:28;3.35;
08.01.2025 15:14:29;3.34;
08.01.2025 15:14:30;3.34;
08.01.2025 15:14:31;3.35;
08.01.2025 15:14:32;3.34;
08.01.2025 15:14:33;3.35;
08.01.2025 15:14:36;3.35;
08.01.2025 15:14:37;3.34;
08.01.2025 15:14:39;3.34;
08.01.2025 15:14:40;3.36;
08.01.2025 15:14:41;3.35;
08.01.2025 15:14:42;3.36;
08.01.2025 15:14:43;3.35;
08.01.2025 15:14:44;3.35;
08.01.2025 15:14:45;3.34;
08.01.2025 15:14:46;3.35;
08.01.2025 15:14:47;3.35;
08.01.2025 15:14:48;3.34;
08.01.2025 15:14:49;3.35;
08.01.2025 15:14:52;3.35;
08.01.2025 15:14:53;3.34;
08.01.2025 15:14:54;3.35;
08.01.2025 15:14:55;3.34;
08.01.2025 15:14:56;3.35;
08.01.2025 15:14:57;3.34;
08.01.2025 15:14:58;3.34;
08.01.2025 15:14:59;3.35;
08.01.2025 15:15:00;3.35;
08.01.2025 15:15:01;3.34;
08.01.2025 15:15:02;3.35;
08.01.2025 15:15:10;3.35;
08.01.2025 15:15:11;3.34;
08.01.2025 15:15:12;3.35;
08.01.2025 15:15:13;3.34;
08.01.2025 15:15:14;3.34;
08.01.2025 15:15:15;3.35;
08.01.2025 15:15:16;3.34;
08.01.2025 15:15:17;3.34;
08.01.2025 15:15:18;3.35;
08.01.2025 15:15:19;3.34;
08.01.2025 15:15:20;3.35;
08.01.2025 15:15:23;3.35;
08.01.2025 15:15:24;3.34;
08.01.2025 15:15:25;3.35;
08.01.2025 15:15:27;3.35;
08.01.2025 15:15:28;3.34;
08.01.2025 15:15:29;3.35;
08.01.2025 15:15:30;3.34;
08.01.2025 15:15:31;3.34;
08.01.2025 15:15:32;3.35;
08.01.2025 15:15:37;3.35;
08.01.2025 15:15:38;3.34;
08.01.2025 15:15:39;3.34;
08.01.2025 15:15:40;3.35;
08.01.2025 15:15:41;3.34;
08.01.2025 15:15:42;3.35;
08.01.2025 15:15:56;3.35;
08.01.2025 15:15:57;3.34;
08.01.2025 15:15:58;3.35;
08.01.2025 15:15:59;3.35;
08.01.2025 15:16:00;3.36;
08.01.2025 15:16:01;3.35;
08.01.2025 15:16:02;3.34;
08.01.2025 15:16:03;3.35;
08.01.2025 15:16:04;3.36;
08.01.2025 15:16:05;3.35;
08.01.2025 15:16:06;3.34;
08.01.2025 15:16:07;3.36;
08.01.2025 15:16:08;3.36;
08.01.2025 15:16:09;3.35;
08.01.2025 15:16:12;3.35;
08.01.2025 15:16:13;3.36;
08.01.2025 15:16:14;3.35;
08.01.2025 15:16:16;3.35;
08.01.2025 15:16:17;3.36;
08.01.2025 15:16:18;3.35;
08.01.2025 15:16:20;3.35;
08.01.2025 15:16:21;3.36;
08.01.2025 15:16:22;3.35;
08.01.2025 15:16:24;3.35;
08.01.2025 15:16:25;3.36;
08.01.2025 15:16:26;3.36;
08.01.2025 15:16:27;3.35;
08.01.2025 15:16:28;3.36;
08.01.2025 15:16:30;3.36;
08.01.2025 15:16:31;3.35;
08.01.2025 15:16:32;3.36;
08.01.2025 15:16:33;3.35;
08.01.2025 15:16:34;3.35;
08.01.2025 15:16:35;3.36;
08.01.2025 15:16:36;3.35;
08.01.2025 15:16:37;3.35;
08.01.2025 15:16:38;3.36;
08.01.2025 15:16:39;3.35;
08.01.2025 15:16:42;3.35;
08.01.2025 15:16:43;3.36;
08.01.2025 15:16:45;3.36;
08.01.2025 15:16:46;3.35;
08.01.2025 15:16:47;3.36;
08.01.2025 15:16:48;3.36;
08.01.2025 15:16:49;3.35;
08.01.2025 15:16:51;3.35;
08.01.2025 15:16:52;3.36;
08.01.2025 15:16:53;3.35;
08.01.2025 15:16:54;3.35;
08.01.2025 15:16:55;3.36;
08.01.2025 15:16:56;3.36;
08.01.2025 15:16:57;3.35;
08.01.2025 15:16:58;3.36;
08.01.2025 15:17:03;3.36;
08.01.2025 15:17:04;3.35;
08.01.2025 15:17:05;3.36;
08.01.2025 15:17:06;3.36;
08.01.2025 15:17:07;3.35;
08.01.2025 15:17:08;3.35;
08.01.2025 15:17:09;3.36;
08.01.2025 15:17:11;3.36;
08.01.2025 15:17:12;3.35;
08.01.2025 15:17:13;3.36;
08.01.2025 15:17:15;3.36;
08.01.2025 15:17:16;3.35;
08.01.2025 15:17:17;3.36;
08.01.2025 15:17:18;3.36;
08.01.2025 15:17:19;3.35;
08.01.2025 15:17:20;3.35;
08.01.2025 15:17:21;3.36;
08.01.2025 15:17:26;3.36;
08.01.2025 15:17:27;3.35;
08.01.2025 15:17:28;3.36;
08.01.2025 15:17:30;3.36;
08.01.2025 15:17:31;3.35;
08.01.2025 15:17:32;3.36;
08.01.2025 15:17:33;3.36;
08.01.2025 15:17:34;3.35;
08.01.2025 15:17:35;3.36;
08.01.2025 15:17:36;3.36;
08.01.2025 15:17:37;3.37;
08.01.2025 15:17:38;3.37;
08.01.2025 15:17:39;3.35;
08.01.2025 15:17:40;3.36;
08.01.2025 15:17:43;3.36;
08.01.2025 15:17:44;3.37;
08.01.2025 15:17:45;3.36;
08.01.2025 15:17:46;3.36;
08.01.2025 15:17:47;3.37;
08.01.2025 15:17:48;3.36;
08.01.2025 15:17:49;3.37;
08.01.2025 15:17:50;3.35;
08.01.2025 15:17:51;3.36;
08.01.2025 15:17:52;3.37;
08.01.2025 15:17:53;3.36;
08.01.2025 15:17:56;3.36;
08.01.2025 15:17:57;3.37;
08.01.2025 15:17:58;3.36;
08.01.2025 15:17:59;3.37;
08.01.2025 15:18:00;3.36;
08.01.2025 15:18:02;3.36;
08.01.2025 15:18:03;3.35;
08.01.2025 15:18:04;3.35;
08.01.2025 15:18:05;3.36;
08.01.2025 15:18:14;3.36;
08.01.2025 15:18:15;3.35;
08.01.2025 15:18:16;3.35;
08.01.2025 15:18:17;3.36;
08.01.2025 15:18:24;3.36;
08.01.2025 15:18:25;3.35;
08.01.2025 15:18:26;3.35;
08.01.2025 15:18:27;3.36;
08.01.2025 15:18:33;3.36;
08.01.2025 15:18:34;3.37;
08.01.2025 15:18:36;3.37;
08.01.2025 15:18:37;3.36;
08.01.2025 15:18:38;3.37;
08.01.2025 15:18:39;3.36;
08.01.2025 15:18:40;3.36;
08.01.2025 15:18:41;3.37;
08.01.2025 15:18:42;3.36;
08.01.2025 15:18:44;3.36;
08.01.2025 15:18:45;3.37;
08.01.2025 15:18:46;3.36;
08.01.2025 15:18:47;3.36;
08.01.2025 15:18:48;3.35;
08.01.2025 15:18:49;3.36;
08.01.2025 15:18:50;3.36;
08.01.2025 15:18:51;3.37;
08.01.2025 15:18:52;3.36;
08.01.2025 15:18:55;3.36;
08.01.2025 15:18:56;3.37;
08.01.2025 15:18:57;3.36;
08.01.2025 15:19:02;3.36;
08.01.2025 15:19:03;3.37;
08.01.2025 15:19:04;3.36;
08.01.2025 15:19:05;3.37;
08.01.2025 15:19:06;3.36;
08.01.2025 15:19:10;3.36;
08.01.2025 15:19:11;3.37;
08.01.2025 15:19:12;3.37;
08.01.2025 15:19:13;3.36;
08.01.2025 15:19:14;3.36;
08.01.2025 15:19:15;3.37;
08.01.2025 15:19:17;3.37;
08.01.2025 15:19:18;3.36;
08.01.2025 15:19:19;3.37;
08.01.2025 15:19:26;3.37;
08.01.2025 15:19:27;3.36;
08.01.2025 15:19:28;3.37;
08.01.2025 15:19:30;3.37;
08.01.2025 15:19:31;3.36;
08.01.2025 15:19:32;3.37;
08.01.2025 15:19:37;3.37;
08.01.2025 15:19:38;3.36;
08.01.2025 15:19:39;3.37;
08.01.2025 15:19:42;3.37;
08.01.2025 15:19:43;3.36;
08.01.2025 15:19:44;3.37;
08.01.2025 15:19:46;3.37;
08.01.2025 15:19:47;3.36;
08.01.2025 15:19:49;3.36;
08.01.2025 15:19:50;3.37;
08.01.2025 15:19:52;3.37;
08.01.2025 15:19:53;3.36;
08.01.2025 15:19:54;3.37;
08.01.2025 15:19:55;3.36;
08.01.2025 15:19:57;3.36;
08.01.2025 15:19:58;3.37;
08.01.2025 15:20:01;3.37;
08.01.2025 15:20:02;3.36;
08.01.2025 15:20:03;3.36;
08.01.2025 15:20:04;3.37;
08.01.2025 15:20:08;3.37;
08.01.2025 15:20:09;3.36;
08.01.2025 15:20:10;3.37;
08.01.2025 15:20:11;3.37;
08.01.2025 15:20:12;3.36;
08.01.2025 15:20:13;3.37;
08.01.2025 15:20:14;3.37;
08.01.2025 15:20:15;3.36;
08.01.2025 15:20:16;3.37;
08.01.2025 15:20:22;3.37;
08.01.2025 15:20:23;3.36;
08.01.2025 15:20:24;3.37;
08.01.2025 15:20:27;3.37;
08.01.2025 15:20:28;3.36;
08.01.2025 15:20:29;3.36;
08.01.2025 15:20:30;3.37;
08.01.2025 15:20:38;3.37;
08.01.2025 15:20:39;3.38;
08.01.2025 15:20:40;3.37;
08.01.2025 15:20:42;3.37;
08.01.2025 15:20:43;3.38;
08.01.2025 15:20:44;3.37;
08.01.2025 15:20:45;3.36;
08.01.2025 15:20:46;3.37;
08.01.2025 15:20:47;3.38;
08.01.2025 15:20:48;3.37;
08.01.2025 15:20:49;3.37;
08.01.2025 15:20:50;3.36;
08.01.2025 15:20:51;3.37;
08.01.2025 15:20:52;3.38;
08.01.2025 15:20:53;3.37;
08.01.2025 15:21:00;3.37;
08.01.2025 15:21:01;3.38;
08.01.2025 15:21:02;3.37;
08.01.2025 15:21:03;3.38;
08.01.2025 15:21:04;3.37;
08.01.2025 15:21:05;3.37;
08.01.2025 15:21:06;3.38;
08.01.2025 15:21:11;3.38;
08.01.2025 15:21:12;3.37;
08.01.2025 15:21:16;3.37;
08.01.2025 15:21:17;3.38;
08.01.2025 15:21:18;3.37;
08.01.2025 15:21:19;3.37;
08.01.2025 15:21:20;3.36;
08.01.2025 15:21:21;3.37;
08.01.2025 15:21:22;3.38;
08.01.2025 15:21:23;3.37;
08.01.2025 15:21:24;3.38;
08.01.2025 15:21:25;3.37;
08.01.2025 15:21:26;3.38;
08.01.2025 15:21:27;3.37;
08.01.2025 15:21:28;3.38;
08.01.2025 15:21:30;3.38;
08.01.2025 15:21:31;3.37;
08.01.2025 15:21:32;3.38;
08.01.2025 15:21:33;3.37;
08.01.2025 15:21:34;3.37;
08.01.2025 15:21:35;3.38;
08.01.2025 15:21:36;3.37;
08.01.2025 15:21:38;3.37;
08.01.2025 15:21:39;3.38;
08.01.2025 15:21:40;3.38;
08.01.2025 15:21:41;3.37;
08.01.2025 15:21:42;3.38;
08.01.2025 15:21:43;3.37;
08.01.2025 15:21:46;3.37;
08.01.2025 15:21:47;3.38;
08.01.2025 15:21:48;3.38;
08.01.2025 15:21:49;3.37;
08.01.2025 15:21:50;3.37;
08.01.2025 15:21:51;3.38;
08.01.2025 15:21:54;3.38;
08.01.2025 15:21:55;3.37;
08.01.2025 15:21:56;3.38;
08.01.2025 15:21:57;3.37;
08.01.2025 15:21:58;3.38;
08.01.2025 15:21:59;3.37;
08.01.2025 15:22:00;3.37;
08.01.2025 15:22:01;3.38;
08.01.2025 15:22:02;3.38;
08.01.2025 15:22:03;3.37;
08.01.2025 15:22:04;3.37;
08.01.2025 15:22:05;3.38;
08.01.2025 15:22:08;3.38;
08.01.2025 15:22:09;3.37;
08.01.2025 15:22:10;3.38;
08.01.2025 15:22:16;3.38;
08.01.2025 15:22:17;3.37;
08.01.2025 15:22:18;3.38;
08.01.2025 15:22:20;3.38;
08.01.2025 15:22:21;3.37;
08.01.2025 15:22:22;3.38;
08.01.2025 15:22:23;3.38;
08.01.2025 15:22:24;3.37;
08.01.2025 15:22:27;3.37;
08.01.2025 15:22:28;3.39;
08.01.2025 15:22:29;3.37;
08.01.2025 15:22:30;3.38;
08.01.2025 15:22:33;3.38;
08.01.2025 15:22:34;3.37;
08.01.2025 15:22:35;3.38;
08.01.2025 15:22:39;3.38;
08.01.2025 15:22:40;3.37;
08.01.2025 15:22:41;3.38;
08.01.2025 15:22:42;3.38;
08.01.2025 15:22:43;3.37;
08.01.2025 15:22:44;3.37;
08.01.2025 15:22:45;3.38;
08.01.2025 15:22:47;3.38;
08.01.2025 15:22:48;3.39;
08.01.2025 15:22:49;3.38;
08.01.2025 15:22:51;3.38;
08.01.2025 15:22:52;3.37;
08.01.2025 15:22:53;3.38;
08.01.2025 15:22:56;3.38;
08.01.2025 15:22:57;3.39;
08.01.2025 15:22:58;3.38;
08.01.2025 15:23:02;3.38;
08.01.2025 15:23:03;3.37;
08.01.2025 15:23:04;3.38;
08.01.2025 15:23:18;3.38;
08.01.2025 15:23:19;3.39;
08.01.2025 15:23:20;3.38;
08.01.2025 15:23:23;3.38;
08.01.2025 15:23:24;3.37;
08.01.2025 15:23:25;3.38;
08.01.2025 15:23:26;3.38;
08.01.2025 15:23:27;3.37;
08.01.2025 15:23:28;3.39;
08.01.2025 15:23:29;3.38;
08.01.2025 15:23:31;3.38;
08.01.2025 15:23:32;3.37;
08.01.2025 15:23:33;3.37;
08.01.2025 15:23:34;3.38;
08.01.2025 15:23:37;3.38;
08.01.2025 15:23:38;3.39;
08.01.2025 15:23:39;3.38;
08.01.2025 15:23:50;3.38;
08.01.2025 15:23:51;3.37;
08.01.2025 15:23:52;3.38;
08.01.2025 15:23:54;3.38;
08.01.2025 15:23:55;3.39;
08.01.2025 15:23:56;3.38;
08.01.2025 15:23:57;3.38;
08.01.2025 15:23:58;3.39;
08.01.2025 15:23:59;3.38;
08.01.2025 15:24:01;3.38;
08.01.2025 15:24:02;3.39;
08.01.2025 15:24:03;3.38;
08.01.2025 15:24:04;3.39;
08.01.2025 15:24:05;3.38;
08.01.2025 15:24:06;3.39;
08.01.2025 15:24:07;3.38;
08.01.2025 15:24:08;3.37;
08.01.2025 15:24:09;3.38;
08.01.2025 15:24:11;3.38;
08.01.2025 15:24:12;3.39;
08.01.2025 15:24:13;3.38;
08.01.2025 15:24:14;3.39;
08.01.2025 15:24:15;3.38;
08.01.2025 15:24:16;3.38;
08.01.2025 15:24:17;3.39;
08.01.2025 15:24:18;3.39;
08.01.2025 15:24:19;3.38;
08.01.2025 15:24:25;3.38;
08.01.2025 15:24:26;3.39;
08.01.2025 15:24:27;3.38;
08.01.2025 15:24:30;3.38;
08.01.2025 15:24:31;3.39;
08.01.2025 15:24:31;3.38;
08.01.2025 15:24:36;3.38;
08.01.2025 15:24:37;3.39;
08.01.2025 15:24:38;3.38;
08.01.2025 15:24:39;3.39;
08.01.2025 15:24:43;3.39;
08.01.2025 15:24:44;3.38;
08.01.2025 15:24:46;3.38;
08.01.2025 15:24:47;3.39;
08.01.2025 15:24:52;3.39;
08.01.2025 15:24:53;3.38;
08.01.2025 15:24:56;3.38;
08.01.2025 15:24:57;3.39;
08.01.2025 15:24:58;3.38;
08.01.2025 15:24:59;3.38;
08.01.2025 15:25:00;3.39;
08.01.2025 15:25:01;3.38;
08.01.2025 15:25:03;3.38;
08.01.2025 15:25:04;3.39;
08.01.2025 15:25:08;3.39;
08.01.2025 15:25:09;3.38;
08.01.2025 15:25:11;3.38;
08.01.2025 15:25:12;3.39;
08.01.2025 15:25:13;3.39;
08.01.2025 15:25:14;3.38;
08.01.2025 15:25:15;3.39;
08.01.2025 15:25:16;3.38;
08.01.2025 15:25:17;3.39;
08.01.2025 15:25:18;3.38;
08.01.2025 15:25:19;3.39;
08.01.2025 15:25:22;3.39;
08.01.2025 15:25:23;3.38;
08.01.2025 15:25:26;3.38;
08.01.2025 15:25:27;3.39;
08.01.2025 15:25:30;3.39;
08.01.2025 15:25:31;3.38;
08.01.2025 15:25:32;3.38;
08.01.2025 15:25:33;3.39;
08.01.2025 15:25:34;3.38;
08.01.2025 15:25:35;3.39;
08.01.2025 15:25:41;3.39;
08.01.2025 15:25:42;3.38;
08.01.2025 15:25:43;3.39;
08.01.2025 15:25:44;3.38;
08.01.2025 15:25:45;3.39;
08.01.2025 15:25:49;3.39;
08.01.2025 15:25:50;3.38;
08.01.2025 15:25:52;3.38;
08.01.2025 15:25:53;3.39;
08.01.2025 15:25:55;3.39;
08.01.2025 15:25:56;3.38;
08.01.2025 15:25:57;3.39;
08.01.2025 15:25:59;3.39;
08.01.2025 15:26:00;3.38;
08.01.2025 15:26:01;3.39;
08.01.2025 15:26:03;3.39;
08.01.2025 15:26:04;3.38;
08.01.2025 15:26:05;3.39;
08.01.2025 15:26:10;3.39;
08.01.2025 15:26:11;3.38;
08.01.2025 15:26:12;3.38;
08.01.2025 15:26:13;3.39;
08.01.2025 15:26:15;3.39;
08.01.2025 15:26:16;3.38;
08.01.2025 15:26:18;3.38;
08.01.2025 15:26:19;3.39;
08.01.2025 15:26:22;3.39;
08.01.2025 15:26:23;3.38;
08.01.2025 15:26:24;3.38;
08.01.2025 15:26:25;3.39;
08.01.2025 15:26:33;3.39;
08.01.2025 15:26:34;3.38;
08.01.2025 15:26:35;3.39;
08.01.2025 15:26:36;3.38;
08.01.2025 15:26:37;3.39;
08.01.2025 15:26:38;3.38;
08.01.2025 15:26:39;3.39;
08.01.2025 15:26:41;3.39;
08.01.2025 15:26:42;3.38;
08.01.2025 15:26:43;3.39;
08.01.2025 15:26:57;3.39;
08.01.2025 15:26:58;3.38;
08.01.2025 15:26:59;3.39;
08.01.2025 15:27:05;3.39;
08.01.2025 15:27:06;3.4;
08.01.2025 15:27:07;3.39;
08.01.2025 15:27:10;3.39;
08.01.2025 15:27:11;3.4;
08.01.2025 15:27:12;3.39;
08.01.2025 15:27:18;3.39;
08.01.2025 15:27:19;3.4;
08.01.2025 15:27:20;3.39;
08.01.2025 15:27:23;3.39;
08.01.2025 15:27:24;3.4;
08.01.2025 15:27:25;3.38;
08.01.2025 15:27:26;3.39;
08.01.2025 15:27:28;3.39;
08.01.2025 15:27:29;3.38;
08.01.2025 15:27:30;3.39;
08.01.2025 15:27:35;3.39;
08.01.2025 15:27:36;3.4;
08.01.2025 15:27:37;3.4;
08.01.2025 15:27:38;3.39;
08.01.2025 15:27:41;3.39;
08.01.2025 15:27:42;3.4;
08.01.2025 15:27:44;3.4;
08.01.2025 15:27:45;3.39;
08.01.2025 15:27:48;3.39;
08.01.2025 15:27:49;3.4;
08.01.2025 15:27:50;3.39;
08.01.2025 15:27:51;3.39;
08.01.2025 15:27:52;3.4;
08.01.2025 15:27:54;3.4;
08.01.2025 15:27:55;3.39;
08.01.2025 15:27:58;3.39;
08.01.2025 15:27:59;3.4;
08.01.2025 15:28:02;3.4;
08.01.2025 15:28:03;3.39;
08.01.2025 15:28:04;3.39;
08.01.2025 15:28:05;3.4;
08.01.2025 15:28:06;3.4;
08.01.2025 15:28:07;3.39;
08.01.2025 15:28:08;3.4;
08.01.2025 15:28:09;3.39;
08.01.2025 15:28:10;3.38;
08.01.2025 15:28:11;3.39;
08.01.2025 15:28:12;3.4;
08.01.2025 15:28:13;3.39;
08.01.2025 15:28:14;3.4;
08.01.2025 15:28:15;3.39;
08.01.2025 15:28:20;3.39;
08.01.2025 15:28:21;3.4;
08.01.2025 15:28:22;3.39;
08.01.2025 15:28:23;3.4;
08.01.2025 15:28:24;3.39;
08.01.2025 15:28:26;3.39;
08.01.2025 15:28:27;3.38;
08.01.2025 15:28:28;3.39;
08.01.2025 15:28:29;3.4;
08.01.2025 15:28:30;3.39;
08.01.2025 15:28:31;3.39;
08.01.2025 15:28:32;3.4;
08.01.2025 15:28:36;3.4;
08.01.2025 15:28:37;3.39;
08.01.2025 15:28:38;3.39;
08.01.2025 15:28:39;3.4;
08.01.2025 15:28:40;3.4;
08.01.2025 15:28:41;3.39;
08.01.2025 15:28:42;3.39;
08.01.2025 15:28:43;3.4;
08.01.2025 15:28:48;3.4;
08.01.2025 15:28:49;3.39;
08.01.2025 15:28:51;3.39;
08.01.2025 15:28:52;3.4;
08.01.2025 15:28:53;3.39;
08.01.2025 15:28:56;3.39;
08.01.2025 15:28:57;3.4;
08.01.2025 15:28:58;3.39;
08.01.2025 15:28:59;3.39;
08.01.2025 15:29:00;3.4;
08.01.2025 15:29:01;3.39;
08.01.2025 15:29:02;3.4;
08.01.2025 15:29:06;3.4;
08.01.2025 15:29:07;3.39;
08.01.2025 15:29:16;3.39;
08.01.2025 15:29:17;3.4;
08.01.2025 15:29:18;3.4;
08.01.2025 15:29:19;3.39;
08.01.2025 15:29:20;3.39;
08.01.2025 15:29:21;3.4;
08.01.2025 15:29:24;3.4;
08.01.2025 15:29:25;3.39;
08.01.2025 15:29:29;3.39;
08.01.2025 15:29:30;3.4;
08.01.2025 15:29:37;3.4;
08.01.2025 15:29:38;3.41;
08.01.2025 15:29:39;3.4;
08.01.2025 15:29:43;3.4;
08.01.2025 15:29:44;3.39;
08.01.2025 15:29:45;3.4;
08.01.2025 15:29:58;3.4;
08.01.2025 15:29:59;3.41;
08.01.2025 15:30:00;3.4;
08.01.2025 15:30:01;3.41;
08.01.2025 15:30:02;3.4;
08.01.2025 15:30:03;3.39;
08.01.2025 15:30:04;3.4;
08.01.2025 15:30:06;3.4;
08.01.2025 15:30:07;3.41;
08.01.2025 15:30:08;3.4;
08.01.2025 15:30:10;3.4;
08.01.2025 15:30:11;3.41;
08.01.2025 15:30:12;3.4;
08.01.2025 15:30:13;3.39;
08.01.2025 15:30:14;3.4;
08.01.2025 15:30:15;3.41;
08.01.2025 15:30:16;3.4;
08.01.2025 15:30:17;3.4;
08.01.2025 15:30:18;3.39;
08.01.2025 15:30:19;3.41;
08.01.2025 15:30:20;3.4;
08.01.2025 15:30:27;3.4;
08.01.2025 15:30:28;3.41;
08.01.2025 15:30:29;3.4;
08.01.2025 15:30:30;3.41;
08.01.2025 15:30:31;3.4;
08.01.2025 15:30:32;3.41;
08.01.2025 15:30:33;3.4;
08.01.2025 15:30:38;3.4;
08.01.2025 15:30:39;3.41;
08.01.2025 15:30:40;3.41;
08.01.2025 15:30:41;3.4;
08.01.2025 15:30:49;3.4;
08.01.2025 15:30:50;3.41;
08.01.2025 15:30:51;3.4;
08.01.2025 15:30:52;3.41;
08.01.2025 15:30:53;3.41;
08.01.2025 15:30:54;3.4;
08.01.2025 15:30:56;3.4;
08.01.2025 15:30:57;3.41;
08.01.2025 15:30:58;3.4;
08.01.2025 15:31:00;3.4;
08.01.2025 15:31:01;3.41;
08.01.2025 15:31:02;3.41;
08.01.2025 15:31:03;3.4;
08.01.2025 15:31:04;3.41;
08.01.2025 15:31:05;3.41;
08.01.2025 15:31:06;3.4;
08.01.2025 15:31:07;3.41;
08.01.2025 15:31:08;3.4;
08.01.2025 15:31:09;3.41;
08.01.2025 15:31:12;3.41;
08.01.2025 15:31:13;3.4;
08.01.2025 15:31:14;3.41;
08.01.2025 15:31:15;3.4;
08.01.2025 15:31:16;3.41;
08.01.2025 15:31:17;3.41;
08.01.2025 15:31:18;3.4;
08.01.2025 15:31:19;3.41;
08.01.2025 15:31:20;3.4;
08.01.2025 15:31:25;3.4;
08.01.2025 15:31:26;3.41;
08.01.2025 15:31:27;3.41;
08.01.2025 15:31:28;3.4;
08.01.2025 15:31:29;3.41;
08.01.2025 15:31:30;3.4;
08.01.2025 15:31:32;3.4;
08.01.2025 15:31:33;3.41;
08.01.2025 15:31:34;3.4;
08.01.2025 15:31:35;3.41;
08.01.2025 15:31:36;3.4;
08.01.2025 15:31:37;3.41;
08.01.2025 15:31:38;3.4;
08.01.2025 15:31:39;3.39;
08.01.2025 15:31:40;3.4;
08.01.2025 15:31:41;3.41;
08.01.2025 15:31:43;3.41;
08.01.2025 15:31:44;3.4;
08.01.2025 15:31:48;3.4;
08.01.2025 15:31:49;3.41;
08.01.2025 15:31:50;3.4;
08.01.2025 15:31:51;3.41;
08.01.2025 15:31:53;3.41;
08.01.2025 15:31:54;3.4;
08.01.2025 15:31:55;3.4;
08.01.2025 15:31:56;3.41;
08.01.2025 15:31:57;3.41;
08.01.2025 15:31:58;3.4;
08.01.2025 15:31:59;3.41;
08.01.2025 15:32:01;3.41;
08.01.2025 15:32:02;3.4;
08.01.2025 15:32:03;3.41;
08.01.2025 15:32:04;3.4;
08.01.2025 15:32:05;3.41;
08.01.2025 15:32:07;3.41;
08.01.2025 15:32:08;3.4;
08.01.2025 15:32:09;3.4;
08.01.2025 15:32:10;3.41;
08.01.2025 15:32:11;3.4;
08.01.2025 15:32:14;3.4;
08.01.2025 15:32:15;3.41;
08.01.2025 15:32:25;3.41;
08.01.2025 15:32:26;3.4;
08.01.2025 15:32:27;3.41;
08.01.2025 15:32:29;3.41;
08.01.2025 15:32:30;3.4;
08.01.2025 15:32:31;3.41;
08.01.2025 15:32:32;3.4;
08.01.2025 15:32:33;3.41;
08.01.2025 15:32:43;3.41;
08.01.2025 15:32:44;3.4;
08.01.2025 15:32:45;3.41;
08.01.2025 15:32:46;3.41;
08.01.2025 15:32:47;3.42;
08.01.2025 15:32:48;3.41;
08.01.2025 15:32:49;3.42;
08.01.2025 15:32:50;3.41;
08.01.2025 15:32:51;3.4;
08.01.2025 15:32:52;3.41;
08.01.2025 15:32:59;3.41;
08.01.2025 15:33:00;3.42;
08.01.2025 15:33:01;3.41;
08.01.2025 15:33:07;3.41;
08.01.2025 15:33:08;3.42;
08.01.2025 15:33:09;3.41;
08.01.2025 15:33:10;3.41;
08.01.2025 15:33:11;3.42;
08.01.2025 15:33:12;3.42;
08.01.2025 15:33:13;3.41;
08.01.2025 15:33:14;3.41;
08.01.2025 15:33:15;3.4;
08.01.2025 15:33:16;3.42;
08.01.2025 15:33:17;3.41;
08.01.2025 15:33:18;3.41;
08.01.2025 15:33:19;3.4;
08.01.2025 15:33:20;3.41;
08.01.2025 15:33:22;3.41;
08.01.2025 15:33:23;3.42;
08.01.2025 15:33:24;3.42;
08.01.2025 15:33:25;3.41;
08.01.2025 15:33:27;3.41;
08.01.2025 15:33:28;3.4;
08.01.2025 15:33:30;3.4;
08.01.2025 15:33:31;3.41;
08.01.2025 15:33:32;3.41;
08.01.2025 15:33:33;3.42;
08.01.2025 15:33:34;3.42;
08.01.2025 15:33:35;3.41;
08.01.2025 15:33:36;3.41;
08.01.2025 15:33:37;3.42;
08.01.2025 15:33:38;3.41;
08.01.2025 15:33:39;3.41;
08.01.2025 15:33:40;3.42;
08.01.2025 15:33:43;3.42;
08.01.2025 15:33:44;3.41;
08.01.2025 15:33:45;3.42;
08.01.2025 15:33:47;3.42;
08.01.2025 15:33:48;3.41;
08.01.2025 15:33:49;3.42;
08.01.2025 15:33:53;3.42;
08.01.2025 15:33:54;3.41;
08.01.2025 15:33:57;3.41;
08.01.2025 15:33:58;3.42;
08.01.2025 15:34:00;3.42;
08.01.2025 15:34:01;3.41;
08.01.2025 15:34:02;3.42;
08.01.2025 15:34:03;3.42;
08.01.2025 15:34:04;3.4;
08.01.2025 15:34:05;3.42;
08.01.2025 15:34:06;3.41;
08.01.2025 15:34:07;3.42;
08.01.2025 15:34:08;3.42;
08.01.2025 15:34:09;3.41;
08.01.2025 15:34:10;3.42;
08.01.2025 15:34:11;3.42;
08.01.2025 15:34:12;3.41;
08.01.2025 15:34:13;3.41;
08.01.2025 15:34:14;3.42;
08.01.2025 15:34:15;3.41;
08.01.2025 15:34:20;3.41;
08.01.2025 15:34:21;3.42;
08.01.2025 15:34:22;3.41;
08.01.2025 15:34:23;3.42;
08.01.2025 15:34:24;3.41;
08.01.2025 15:34:28;3.41;
08.01.2025 15:34:29;3.42;
08.01.2025 15:34:30;3.41;
08.01.2025 15:34:33;3.41;
08.01.2025 15:34:34;3.42;
08.01.2025 15:34:35;3.41;
08.01.2025 15:34:36;3.42;
08.01.2025 15:34:37;3.41;
08.01.2025 15:34:38;3.42;
08.01.2025 15:34:39;3.41;
08.01.2025 15:34:40;3.41;
08.01.2025 15:34:41;3.42;
08.01.2025 15:34:42;3.41;
08.01.2025 15:34:43;3.4;
08.01.2025 15:34:44;3.41;
08.01.2025 15:34:46;3.41;
08.01.2025 15:34:47;3.42;
08.01.2025 15:34:48;3.41;
08.01.2025 15:34:54;3.41;
08.01.2025 15:34:55;3.42;
08.01.2025 15:34:56;3.41;
08.01.2025 15:34:57;3.41;
08.01.2025 15:34:58;3.42;
08.01.2025 15:34:59;3.41;
08.01.2025 15:35:00;3.4;
08.01.2025 15:35:01;3.41;
08.01.2025 15:35:03;3.41;
08.01.2025 15:35:04;3.42;
08.01.2025 15:35:05;3.41;
08.01.2025 15:35:06;3.41;
08.01.2025 15:35:07;3.42;
08.01.2025 15:35:08;3.42;
08.01.2025 15:35:09;3.41;
08.01.2025 15:35:17;3.41;
08.01.2025 15:35:18;3.4;
08.01.2025 15:35:19;3.41;
08.01.2025 15:35:20;3.42;
08.01.2025 15:35:22;3.42;
08.01.2025 15:35:23;3.41;
08.01.2025 15:35:25;3.41;
08.01.2025 15:35:26;3.42;
08.01.2025 15:35:27;3.41;
08.01.2025 15:35:28;3.42;
08.01.2025 15:35:29;3.41;
08.01.2025 15:35:31;3.41;
08.01.2025 15:35:32;3.42;
08.01.2025 15:35:33;3.41;
08.01.2025 15:35:34;3.42;
08.01.2025 15:35:35;3.41;
08.01.2025 15:35:45;3.41;
08.01.2025 15:35:46;3.42;
08.01.2025 15:35:47;3.41;
08.01.2025 15:35:49;3.41;
08.01.2025 15:35:50;3.42;
08.01.2025 15:35:51;3.42;
08.01.2025 15:35:52;3.41;
08.01.2025 15:35:53;3.4;
08.01.2025 15:35:54;3.41;
08.01.2025 15:35:55;3.42;
08.01.2025 15:35:57;3.42;
08.01.2025 15:35:58;3.41;
08.01.2025 15:35:59;3.42;
08.01.2025 15:36:02;3.42;
08.01.2025 15:36:03;3.41;
08.01.2025 15:36:05;3.41;
08.01.2025 15:36:06;3.42;
08.01.2025 15:36:07;3.42;
08.01.2025 15:36:08;3.41;
08.01.2025 15:36:09;3.4;
08.01.2025 15:36:10;3.41;
08.01.2025 15:36:12;3.41;
08.01.2025 15:36:13;3.42;
08.01.2025 15:36:14;3.42;
08.01.2025 15:36:15;3.41;
08.01.2025 15:36:16;3.42;
08.01.2025 15:36:19;3.42;
08.01.2025 15:36:20;3.41;
08.01.2025 15:36:21;3.41;
08.01.2025 15:36:22;3.42;
08.01.2025 15:36:27;3.42;
08.01.2025 15:36:28;3.41;
08.01.2025 15:36:29;3.42;
08.01.2025 15:36:30;3.41;
08.01.2025 15:36:31;3.42;
08.01.2025 15:36:36;3.42;
08.01.2025 15:36:37;3.41;
08.01.2025 15:36:38;3.42;
08.01.2025 15:36:39;3.41;
08.01.2025 15:36:43;3.41;
08.01.2025 15:36:44;3.42;
08.01.2025 15:36:46;3.42;
08.01.2025 15:36:47;3.43;
08.01.2025 15:36:48;3.42;
08.01.2025 15:36:50;3.42;
08.01.2025 15:36:51;3.41;
08.01.2025 15:36:52;3.41;
08.01.2025 15:36:53;3.42;
08.01.2025 15:36:54;3.43;
08.01.2025 15:36:55;3.41;
08.01.2025 15:36:56;3.42;
08.01.2025 15:36:58;3.42;
08.01.2025 15:36:59;3.41;
08.01.2025 15:37:00;3.42;
08.01.2025 15:37:02;3.42;
08.01.2025 15:37:03;3.41;
08.01.2025 15:37:04;3.42;
08.01.2025 15:37:05;3.42;
08.01.2025 15:37:06;3.41;
08.01.2025 15:37:07;3.42;
08.01.2025 15:37:08;3.42;
08.01.2025 15:37:09;3.41;
08.01.2025 15:37:10;3.41;
08.01.2025 15:37:11;3.42;
08.01.2025 15:37:12;3.41;
08.01.2025 15:37:13;3.42;
08.01.2025 15:37:14;3.41;
08.01.2025 15:37:15;3.42;
08.01.2025 15:37:22;3.42;
08.01.2025 15:37:23;3.41;
08.01.2025 15:37:24;3.43;
08.01.2025 15:37:25;3.42;
08.01.2025 15:37:42;3.42;
08.01.2025 15:37:43;3.41;
08.01.2025 15:37:44;3.42;
08.01.2025 15:37:52;3.42;
08.01.2025 15:37:53;3.43;
08.01.2025 15:37:54;3.42;
08.01.2025 15:37:56;3.42;
08.01.2025 15:37:57;3.43;
08.01.2025 15:38:00;3.43;
08.01.2025 15:38:01;3.42;
08.01.2025 15:38:02;3.43;
08.01.2025 15:38:03;3.43;
08.01.2025 15:38:04;3.42;
08.01.2025 15:38:10;3.42;
08.01.2025 15:38:11;3.41;
08.01.2025 15:38:12;3.42;
08.01.2025 15:38:20;3.42;
08.01.2025 15:38:21;3.43;
08.01.2025 15:38:22;3.43;
08.01.2025 15:38:23;3.42;
08.01.2025 15:38:24;3.43;
08.01.2025 15:38:25;3.42;
08.01.2025 15:38:27;3.42;
08.01.2025 15:38:28;3.43;
08.01.2025 15:38:29;3.43;
08.01.2025 15:38:30;3.42;
08.01.2025 15:38:32;3.42;
08.01.2025 15:38:33;3.43;
08.01.2025 15:38:34;3.42;
08.01.2025 15:38:37;3.42;
08.01.2025 15:38:38;3.43;
08.01.2025 15:38:39;3.41;
08.01.2025 15:38:40;3.43;
08.01.2025 15:38:41;3.42;
08.01.2025 15:38:44;3.42;
08.01.2025 15:38:45;3.43;
08.01.2025 15:38:47;3.43;
08.01.2025 15:38:48;3.42;
08.01.2025 15:38:49;3.42;
08.01.2025 15:38:50;3.43;
08.01.2025 15:38:51;3.44;
08.01.2025 15:38:52;3.44;
08.01.2025 15:38:53;3.43;
08.01.2025 15:38:54;3.41;
08.01.2025 15:38:55;3.43;
08.01.2025 15:39:00;3.43;
08.01.2025 15:39:01;3.42;
08.01.2025 15:39:02;3.43;
08.01.2025 15:39:03;3.42;
08.01.2025 15:39:04;3.43;
08.01.2025 15:39:05;3.42;
08.01.2025 15:39:06;3.44;
08.01.2025 15:39:07;3.43;
08.01.2025 15:39:12;3.43;
08.01.2025 15:39:13;3.42;
08.01.2025 15:39:14;3.43;
08.01.2025 15:39:15;3.43;
08.01.2025 15:39:16;3.42;
08.01.2025 15:39:17;3.43;
08.01.2025 15:39:18;3.43;
08.01.2025 15:39:19;3.44;
08.01.2025 15:39:20;3.42;
08.01.2025 15:39:21;3.43;
08.01.2025 15:39:27;3.43;
08.01.2025 15:39:28;3.42;
08.01.2025 15:39:29;3.43;
08.01.2025 15:39:36;3.43;
08.01.2025 15:39:37;3.42;
08.01.2025 15:39:38;3.43;
08.01.2025 15:39:39;3.42;
08.01.2025 15:39:40;3.43;
08.01.2025 15:39:45;3.43;
08.01.2025 15:39:46;3.42;
08.01.2025 15:39:47;3.43;
08.01.2025 15:39:56;3.43;
08.01.2025 15:39:57;3.44;
08.01.2025 15:39:58;3.42;
08.01.2025 15:39:59;3.43;
08.01.2025 15:40:09;3.43;
08.01.2025 15:40:10;3.42;
08.01.2025 15:40:11;3.42;
08.01.2025 15:40:12;3.43;
08.01.2025 15:40:16;3.43;
08.01.2025 15:40:17;3.44;
08.01.2025 15:40:18;3.43;
08.01.2025 15:40:24;3.43;
08.01.2025 15:40:25;3.44;
08.01.2025 15:40:26;3.43;
08.01.2025 15:40:39;3.43;
08.01.2025 15:40:40;3.44;
08.01.2025 15:40:41;3.43;
08.01.2025 15:40:44;3.43;
08.01.2025 15:40:45;3.44;
08.01.2025 15:40:46;3.43;
08.01.2025 15:40:48;3.43;
08.01.2025 15:40:49;3.42;
08.01.2025 15:40:50;3.43;
08.01.2025 15:40:51;3.44;
08.01.2025 15:40:52;3.43;
08.01.2025 15:40:53;3.42;
08.01.2025 15:40:54;3.43;
08.01.2025 15:41:26;3.43;
08.01.2025 15:41:27;3.44;
08.01.2025 15:41:28;3.43;
08.01.2025 15:41:30;3.43;
08.01.2025 15:41:31;3.42;
08.01.2025 15:41:32;3.44;
08.01.2025 15:41:33;3.43;
08.01.2025 15:41:36;3.43;
08.01.2025 15:41:37;3.44;
08.01.2025 15:41:38;3.44;
08.01.2025 15:41:39;3.43;
08.01.2025 15:41:43;3.43;
08.01.2025 15:41:44;3.42;
08.01.2025 15:41:45;3.43;
08.01.2025 15:41:48;3.43;
08.01.2025 15:41:49;3.44;
08.01.2025 15:41:50;3.43;
08.01.2025 15:41:57;3.43;
08.01.2025 15:41:58;3.42;
08.01.2025 15:41:59;3.43;
08.01.2025 15:42:00;3.44;
08.01.2025 15:42:01;3.43;
08.01.2025 15:42:03;3.43;
08.01.2025 15:42:04;3.44;
08.01.2025 15:42:05;3.43;
08.01.2025 15:42:09;3.43;
08.01.2025 15:42:10;3.44;
08.01.2025 15:42:11;3.42;
08.01.2025 15:42:12;3.44;
08.01.2025 15:42:13;3.43;
08.01.2025 15:42:14;3.44;
08.01.2025 15:42:15;3.43;
08.01.2025 15:42:21;3.43;
08.01.2025 15:42:22;3.44;
08.01.2025 15:42:23;3.43;
08.01.2025 15:42:24;3.44;
08.01.2025 15:42:26;3.44;
08.01.2025 15:42:27;3.43;
08.01.2025 15:42:39;3.43;
08.01.2025 15:42:40;3.42;
08.01.2025 15:42:41;3.44;
08.01.2025 15:42:42;3.44;
08.01.2025 15:42:43;3.43;
08.01.2025 15:42:44;3.43;
08.01.2025 15:42:45;3.44;
08.01.2025 15:42:46;3.43;
08.01.2025 15:42:47;3.43;
08.01.2025 15:42:48;3.42;
08.01.2025 15:42:49;3.43;
08.01.2025 15:42:51;3.43;
08.01.2025 15:42:52;3.44;
08.01.2025 15:42:53;3.43;
08.01.2025 15:43:02;3.43;
08.01.2025 15:43:03;3.44;
08.01.2025 15:43:05;3.44;
08.01.2025 15:43:06;3.43;
08.01.2025 15:43:16;3.43;
08.01.2025 15:43:17;3.44;
08.01.2025 15:43:18;3.43;
08.01.2025 15:43:19;3.44;
08.01.2025 15:43:20;3.43;
08.01.2025 15:43:21;3.44;
08.01.2025 15:43:23;3.44;
08.01.2025 15:43:24;3.43;
08.01.2025 15:43:25;3.44;
08.01.2025 15:43:26;3.43;
08.01.2025 15:43:27;3.44;
08.01.2025 15:43:29;3.44;
08.01.2025 15:43:30;3.43;
08.01.2025 15:43:31;3.44;
08.01.2025 15:43:32;3.45;
08.01.2025 15:43:33;3.44;
08.01.2025 15:43:34;3.43;
08.01.2025 15:43:35;3.44;
08.01.2025 15:43:36;3.44;
08.01.2025 15:43:37;3.43;
08.01.2025 15:43:38;3.44;
08.01.2025 15:43:39;3.43;
08.01.2025 15:43:40;3.44;
08.01.2025 15:43:41;3.44;
08.01.2025 15:43:42;3.43;
08.01.2025 15:43:43;3.44;
08.01.2025 15:43:44;3.44;
08.01.2025 15:43:45;3.43;
08.01.2025 15:43:46;3.43;
08.01.2025 15:43:47;3.44;
08.01.2025 15:43:48;3.45;
08.01.2025 15:43:49;3.44;
08.01.2025 15:43:50;3.44;
08.01.2025 15:43:51;3.43;
08.01.2025 15:43:52;3.44;
08.01.2025 15:43:54;3.44;
08.01.2025 15:43:55;3.43;
08.01.2025 15:43:57;3.43;
08.01.2025 15:43:58;3.44;
08.01.2025 15:43:59;3.43;
08.01.2025 15:44:02;3.43;
08.01.2025 15:44:03;3.44;
08.01.2025 15:44:04;3.44;
08.01.2025 15:44:05;3.43;
08.01.2025 15:44:06;3.44;
08.01.2025 15:44:07;3.44;
08.01.2025 15:44:08;3.43;
08.01.2025 15:44:09;3.43;
08.01.2025 15:44:10;3.44;
08.01.2025 15:44:11;3.44;
08.01.2025 15:44:12;3.43;
08.01.2025 15:44:16;3.43;
08.01.2025 15:44:17;3.42;
08.01.2025 15:44:18;3.43;
08.01.2025 15:44:20;3.43;
08.01.2025 15:44:21;3.42;
08.01.2025 15:44:22;3.43;
08.01.2025 15:44:24;3.43;
08.01.2025 15:44:25;3.44;
08.01.2025 15:44:26;3.43;
08.01.2025 15:44:27;3.44;
08.01.2025 15:44:28;3.44;
08.01.2025 15:44:29;3.43;
08.01.2025 15:44:30;3.43;
08.01.2025 15:44:31;3.44;
08.01.2025 15:44:32;3.43;
08.01.2025 15:44:33;3.44;
08.01.2025 15:44:35;3.44;
08.01.2025 15:44:36;3.43;
08.01.2025 15:44:37;3.45;
08.01.2025 15:44:38;3.44;
08.01.2025 15:44:39;3.43;
08.01.2025 15:44:40;3.44;
08.01.2025 15:44:41;3.45;
08.01.2025 15:44:42;3.44;
08.01.2025 15:44:50;3.44;
08.01.2025 15:44:51;3.43;
08.01.2025 15:44:54;3.43;
08.01.2025 15:44:55;3.44;
08.01.2025 15:44:58;3.44;
08.01.2025 15:44:59;3.43;
08.01.2025 15:45:00;3.44;
08.01.2025 15:45:03;3.44;
08.01.2025 15:45:04;3.43;
08.01.2025 15:45:05;3.44;
08.01.2025 15:45:06;3.44;
08.01.2025 15:45:07;3.43;
08.01.2025 15:45:08;3.44;
08.01.2025 15:45:24;3.44;
08.01.2025 15:45:25;3.45;
08.01.2025 15:45:26;3.43;
08.01.2025 15:45:27;3.44;
08.01.2025 15:45:45;3.44;
08.01.2025 15:45:46;3.45;
08.01.2025 15:45:47;3.44;
08.01.2025 15:46:10;3.44;
08.01.2025 15:46:11;3.45;
08.01.2025 15:46:12;3.44;
08.01.2025 15:46:16;3.44;
08.01.2025 15:46:17;3.45;
08.01.2025 15:46:18;3.44;
08.01.2025 15:46:19;3.44;
08.01.2025 15:46:20;3.43;
08.01.2025 15:46:21;3.44;
08.01.2025 15:46:25;3.44;
08.01.2025 15:46:26;3.43;
08.01.2025 15:46:27;3.44;
08.01.2025 15:46:36;3.44;
08.01.2025 15:46:37;3.45;
08.01.2025 15:46:38;3.45;
08.01.2025 15:46:39;3.44;
08.01.2025 15:46:40;3.45;
08.01.2025 15:46:41;3.45;
08.01.2025 15:46:42;3.44;
08.01.2025 15:46:45;3.44;
08.01.2025 15:46:46;3.45;
08.01.2025 15:46:47;3.44;
08.01.2025 15:46:49;3.44;
08.01.2025 15:46:50;3.45;
08.01.2025 15:46:52;3.45;
08.01.2025 15:46:53;3.44;
08.01.2025 15:46:54;3.45;
08.01.2025 15:46:55;3.44;
08.01.2025 15:46:56;3.44;
08.01.2025 15:46:57;3.43;
08.01.2025 15:46:58;3.44;
08.01.2025 15:46:59;3.45;
08.01.2025 15:47:04;3.45;
08.01.2025 15:47:05;3.44;
08.01.2025 15:47:06;3.45;
08.01.2025 15:47:09;3.45;
08.01.2025 15:47:10;3.44;
08.01.2025 15:47:11;3.43;
08.01.2025 15:47:12;3.45;
08.01.2025 15:47:13;3.44;
08.01.2025 15:47:14;3.44;
08.01.2025 15:47:15;3.45;
08.01.2025 15:47:16;3.44;
08.01.2025 15:47:27;3.44;
08.01.2025 15:47:28;3.45;
08.01.2025 15:47:29;3.44;
08.01.2025 15:47:30;3.45;
08.01.2025 15:47:31;3.44;
08.01.2025 15:47:33;3.44;
08.01.2025 15:47:34;3.45;
08.01.2025 15:47:35;3.44;
08.01.2025 15:47:37;3.44;
08.01.2025 15:47:38;3.45;
08.01.2025 15:47:39;3.44;
08.01.2025 15:47:40;3.44;
08.01.2025 15:47:41;3.45;
08.01.2025 15:47:42;3.44;
08.01.2025 15:47:44;3.44;
08.01.2025 15:47:45;3.45;
08.01.2025 15:47:47;3.45;
08.01.2025 15:47:48;3.44;
08.01.2025 15:47:49;3.44;
08.01.2025 15:47:50;3.45;
08.01.2025 15:47:51;3.44;
08.01.2025 15:47:53;3.44;
08.01.2025 15:47:54;3.45;
08.01.2025 15:47:55;3.45;
08.01.2025 15:47:56;3.44;
08.01.2025 15:47:57;3.45;
08.01.2025 15:47:58;3.44;
08.01.2025 15:47:59;3.45;
08.01.2025 15:48:00;3.44;
08.01.2025 15:48:02;3.44;
08.01.2025 15:48:03;3.45;
08.01.2025 15:48:04;3.45;
08.01.2025 15:48:05;3.44;
08.01.2025 15:48:07;3.44;
08.01.2025 15:48:08;3.45;
08.01.2025 15:48:12;3.45;
08.01.2025 15:48:13;3.44;
08.01.2025 15:48:14;3.45;
08.01.2025 15:48:17;3.45;
08.01.2025 15:48:18;3.44;
08.01.2025 15:48:19;3.44;
08.01.2025 15:48:20;3.45;
08.01.2025 15:48:21;3.44;
08.01.2025 15:48:22;3.45;
08.01.2025 15:48:23;3.45;
08.01.2025 15:48:24;3.44;
08.01.2025 15:48:25;3.45;
08.01.2025 15:48:26;3.45;
08.01.2025 15:48:27;3.44;
08.01.2025 15:48:28;3.44;
08.01.2025 15:48:29;3.45;
08.01.2025 15:48:32;3.45;
08.01.2025 15:48:33;3.44;
08.01.2025 15:48:34;3.44;
08.01.2025 15:48:35;3.45;
08.01.2025 15:48:36;3.44;
08.01.2025 15:48:37;3.45;
08.01.2025 15:48:40;3.45;
08.01.2025 15:48:41;3.44;
08.01.2025 15:48:43;3.44;
08.01.2025 15:48:44;3.45;
08.01.2025 15:48:45;3.44;
08.01.2025 15:48:46;3.45;
08.01.2025 15:48:48;3.45;
08.01.2025 15:48:49;3.44;
08.01.2025 15:48:50;3.44;
08.01.2025 15:48:51;3.45;
08.01.2025 15:48:53;3.45;
08.01.2025 15:48:54;3.44;
08.01.2025 15:48:55;3.44;
08.01.2025 15:48:56;3.45;
08.01.2025 15:48:57;3.45;
08.01.2025 15:48:58;3.44;
08.01.2025 15:49:00;3.44;
08.01.2025 15:49:01;3.45;
08.01.2025 15:49:02;3.44;
08.01.2025 15:49:03;3.45;
08.01.2025 15:49:04;3.44;
08.01.2025 15:49:05;3.44;
08.01.2025 15:49:06;3.45;
08.01.2025 15:49:07;3.44;
08.01.2025 15:49:09;3.44;
08.01.2025 15:49:10;3.45;
08.01.2025 15:49:11;3.44;
08.01.2025 15:49:12;3.45;
08.01.2025 15:49:14;3.45;
08.01.2025 15:49:15;3.44;
08.01.2025 15:49:16;3.45;
08.01.2025 15:49:20;3.45;
08.01.2025 15:49:21;3.44;
08.01.2025 15:49:22;3.45;
08.01.2025 15:49:23;3.44;
08.01.2025 15:49:24;3.44;
08.01.2025 15:49:25;3.45;
08.01.2025 15:49:27;3.45;
08.01.2025 15:49:28;3.44;
08.01.2025 15:49:31;3.44;
08.01.2025 15:49:32;3.45;
08.01.2025 15:49:33;3.45;
08.01.2025 15:49:34;3.44;
08.01.2025 15:49:35;3.45;
08.01.2025 15:49:36;3.45;
08.01.2025 15:49:37;3.44;
08.01.2025 15:49:38;3.45;
08.01.2025 15:49:39;3.44;
08.01.2025 15:49:40;3.45;
08.01.2025 15:49:41;3.44;
08.01.2025 15:49:43;3.44;
08.01.2025 15:49:44;3.45;
08.01.2025 15:49:47;3.45;
08.01.2025 15:49:48;3.44;
08.01.2025 15:49:49;3.45;
08.01.2025 15:49:52;3.45;
08.01.2025 15:49:53;3.44;
08.01.2025 15:49:54;3.44;
08.01.2025 15:49:55;3.45;
08.01.2025 15:49:56;3.44;
08.01.2025 15:49:58;3.44;
08.01.2025 15:49:59;3.45;
08.01.2025 15:50:00;3.45;
08.01.2025 15:50:01;3.46;
08.01.2025 15:50:02;3.45;
08.01.2025 15:50:03;3.44;
08.01.2025 15:50:04;3.46;
08.01.2025 15:50:05;3.45;
08.01.2025 15:50:06;3.46;
08.01.2025 15:50:07;3.45;
08.01.2025 15:50:10;3.45;
08.01.2025 15:50:11;3.44;
08.01.2025 15:50:12;3.44;
08.01.2025 15:50:13;3.45;
08.01.2025 15:50:14;3.45;
08.01.2025 15:50:15;3.44;
08.01.2025 15:50:16;3.45;
08.01.2025 15:50:17;3.45;
08.01.2025 15:50:18;3.44;
08.01.2025 15:50:19;3.45;
08.01.2025 15:50:20;3.46;
08.01.2025 15:50:21;3.46;
08.01.2025 15:50:22;3.45;
08.01.2025 15:50:34;3.45;
08.01.2025 15:50:35;3.46;
08.01.2025 15:50:36;3.45;
08.01.2025 15:50:37;3.46;
08.01.2025 15:50:38;3.45;
08.01.2025 15:50:39;3.45;
08.01.2025 15:50:40;3.44;
08.01.2025 15:50:41;3.45;
08.01.2025 15:50:43;3.45;
08.01.2025 15:50:44;3.46;
08.01.2025 15:50:45;3.45;
08.01.2025 15:50:47;3.45;
08.01.2025 15:50:48;3.46;
08.01.2025 15:50:49;3.44;
08.01.2025 15:50:50;3.44;
08.01.2025 15:50:51;3.45;
08.01.2025 15:50:52;3.45;
08.01.2025 15:50:53;3.46;
08.01.2025 15:50:54;3.45;
08.01.2025 15:50:55;3.45;
08.01.2025 15:50:56;3.46;
08.01.2025 15:50:57;3.45;
08.01.2025 15:50:58;3.45;
08.01.2025 15:50:59;3.44;
08.01.2025 15:51:00;3.45;
08.01.2025 15:51:01;3.45;
08.01.2025 15:51:02;3.46;
08.01.2025 15:51:03;3.46;
08.01.2025 15:51:04;3.44;
08.01.2025 15:51:05;3.45;
08.01.2025 15:51:06;3.46;
08.01.2025 15:51:07;3.45;
08.01.2025 15:51:16;3.45;
08.01.2025 15:51:17;3.44;
08.01.2025 15:51:18;3.45;
08.01.2025 15:51:26;3.45;
08.01.2025 15:51:27;3.46;
08.01.2025 15:51:28;3.46;
08.01.2025 15:51:29;3.45;
08.01.2025 15:51:30;3.45;
08.01.2025 15:51:31;3.44;
08.01.2025 15:51:32;3.45;
08.01.2025 15:51:33;3.46;
08.01.2025 15:51:34;3.45;
08.01.2025 15:51:41;3.45;
08.01.2025 15:51:42;3.46;
08.01.2025 15:51:43;3.45;
08.01.2025 15:51:49;3.45;
08.01.2025 15:51:50;3.44;
08.01.2025 15:51:51;3.45;
08.01.2025 15:51:55;3.45;
08.01.2025 15:51:56;3.46;
08.01.2025 15:51:57;3.45;
08.01.2025 15:51:58;3.46;
08.01.2025 15:51:59;3.45;
08.01.2025 15:52:00;3.46;
08.01.2025 15:52:03;3.46;
08.01.2025 15:52:04;3.45;
08.01.2025 15:52:05;3.46;
08.01.2025 15:52:10;3.46;
08.01.2025 15:52:11;3.45;
08.01.2025 15:52:14;3.45;
08.01.2025 15:52:15;3.46;
08.01.2025 15:52:16;3.45;
08.01.2025 15:52:17;3.44;
08.01.2025 15:52:18;3.46;
08.01.2025 15:52:19;3.45;
08.01.2025 15:52:20;3.46;
08.01.2025 15:52:22;3.46;
08.01.2025 15:52:23;3.45;
08.01.2025 15:52:26;3.45;
08.01.2025 15:52:27;3.46;
08.01.2025 15:52:28;3.46;
08.01.2025 15:52:29;3.45;
08.01.2025 15:52:30;3.46;
08.01.2025 15:52:31;3.45;
08.01.2025 15:52:32;3.46;
08.01.2025 15:52:33;3.45;
08.01.2025 15:52:34;3.46;
08.01.2025 15:52:35;3.45;
08.01.2025 15:52:36;3.46;
08.01.2025 15:52:37;3.46;
08.01.2025 15:52:38;3.45;
08.01.2025 15:52:39;3.46;
08.01.2025 15:52:40;3.46;
08.01.2025 15:52:41;3.45;
08.01.2025 15:52:42;3.45;
08.01.2025 15:52:43;3.46;
08.01.2025 15:52:44;3.45;
08.01.2025 15:52:45;3.46;
08.01.2025 15:52:48;3.46;
08.01.2025 15:52:49;3.45;
08.01.2025 15:52:50;3.46;
08.01.2025 15:52:51;3.46;
08.01.2025 15:52:52;3.45;
08.01.2025 15:52:53;3.46;
08.01.2025 15:52:54;3.46;
08.01.2025 15:52:55;3.45;
08.01.2025 15:52:59;3.45;
08.01.2025 15:53:00;3.46;
08.01.2025 15:53:01;3.45;
08.01.2025 15:53:02;3.46;
08.01.2025 15:53:05;3.46;
08.01.2025 15:53:06;3.45;
08.01.2025 15:53:08;3.45;
08.01.2025 15:53:09;3.46;
08.01.2025 15:53:11;3.46;
08.01.2025 15:53:12;3.45;
08.01.2025 15:53:13;3.46;
08.01.2025 15:53:15;3.46;
08.01.2025 15:53:16;3.47;
08.01.2025 15:53:17;3.46;
08.01.2025 15:53:24;3.46;
08.01.2025 15:53:25;3.45;
08.01.2025 15:53:26;3.45;
08.01.2025 15:53:27;3.46;
08.01.2025 15:53:28;3.46;
08.01.2025 15:53:29;3.45;
08.01.2025 15:53:30;3.45;
08.01.2025 15:53:31;3.46;
08.01.2025 15:53:32;3.46;
08.01.2025 15:53:33;3.45;
08.01.2025 15:53:34;3.46;
08.01.2025 15:53:35;3.46;
08.01.2025 15:53:36;3.45;
08.01.2025 15:53:37;3.46;
08.01.2025 15:53:38;3.45;
08.01.2025 15:53:39;3.46;
08.01.2025 15:53:40;3.46;
08.01.2025 15:53:41;3.45;
08.01.2025 15:53:43;3.45;
08.01.2025 15:53:44;3.46;
08.01.2025 15:53:49;3.46;
08.01.2025 15:53:50;3.47;
08.01.2025 15:53:51;3.46;
08.01.2025 15:53:52;3.47;
08.01.2025 15:53:53;3.47;
08.01.2025 15:53:54;3.45;
08.01.2025 15:53:55;3.45;
08.01.2025 15:53:56;3.46;
08.01.2025 15:53:57;3.46;
08.01.2025 15:53:58;3.45;
08.01.2025 15:53:59;3.44;
08.01.2025 15:54:00;3.45;
08.01.2025 15:54:01;3.46;
08.01.2025 15:54:04;3.46;
08.01.2025 15:54:05;3.45;
08.01.2025 15:54:06;3.46;
08.01.2025 15:54:10;3.46;
08.01.2025 15:54:11;3.45;
08.01.2025 15:54:12;3.45;
08.01.2025 15:54:13;3.46;
08.01.2025 15:54:16;3.46;
08.01.2025 15:54:17;3.45;
08.01.2025 15:54:18;3.45;
08.01.2025 15:54:19;3.47;
08.01.2025 15:54:20;3.46;
08.01.2025 15:54:21;3.46;
08.01.2025 15:54:22;3.47;
08.01.2025 15:54:23;3.46;
08.01.2025 15:54:26;3.46;
08.01.2025 15:54:27;3.45;
08.01.2025 15:54:28;3.46;
08.01.2025 15:54:35;3.46;
08.01.2025 15:54:36;3.47;
08.01.2025 15:54:37;3.47;
08.01.2025 15:54:38;3.46;
08.01.2025 15:54:42;3.46;
08.01.2025 15:54:43;3.47;
08.01.2025 15:54:44;3.46;
08.01.2025 15:54:45;3.46;
08.01.2025 15:54:46;3.45;
08.01.2025 15:54:47;3.46;
08.01.2025 15:54:53;3.46;
08.01.2025 15:54:54;3.47;
08.01.2025 15:54:55;3.45;
08.01.2025 15:54:56;3.46;
08.01.2025 15:55:00;3.46;
08.01.2025 15:55:01;3.45;
08.01.2025 15:55:02;3.46;
08.01.2025 15:55:03;3.47;
08.01.2025 15:55:04;3.46;
08.01.2025 15:55:13;3.46;
08.01.2025 15:55:14;3.47;
08.01.2025 15:55:15;3.46;
08.01.2025 15:55:26;3.46;
08.01.2025 15:55:27;3.47;
08.01.2025 15:55:28;3.46;
08.01.2025 15:55:29;3.46;
08.01.2025 15:55:30;3.47;
08.01.2025 15:55:31;3.46;
08.01.2025 15:55:35;3.46;
08.01.2025 15:55:36;3.47;
08.01.2025 15:55:37;3.46;
08.01.2025 15:55:41;3.46;
08.01.2025 15:55:42;3.47;
08.01.2025 15:55:43;3.46;
08.01.2025 15:55:46;3.46;
08.01.2025 15:55:47;3.47;
08.01.2025 15:55:48;3.46;
08.01.2025 15:55:51;3.46;
08.01.2025 15:55:52;3.47;
08.01.2025 15:55:53;3.46;
08.01.2025 15:55:54;3.47;
08.01.2025 15:55:55;3.46;
08.01.2025 15:55:56;3.46;
08.01.2025 15:55:57;3.47;
08.01.2025 15:55:59;3.47;
08.01.2025 15:56:00;3.46;
08.01.2025 15:56:01;3.47;
08.01.2025 15:56:02;3.46;
08.01.2025 15:56:05;3.46;
08.01.2025 15:56:06;3.47;
08.01.2025 15:56:07;3.47;
08.01.2025 15:56:08;3.46;
08.01.2025 15:56:11;3.46;
08.01.2025 15:56:12;3.45;
08.01.2025 15:56:13;3.46;
08.01.2025 15:56:14;3.46;
08.01.2025 15:56:15;3.47;
08.01.2025 15:56:16;3.46;
08.01.2025 15:56:17;3.47;
08.01.2025 15:56:18;3.46;
08.01.2025 15:56:19;3.46;
08.01.2025 15:56:20;3.47;
08.01.2025 15:56:24;3.47;
08.01.2025 15:56:25;3.46;
08.01.2025 15:56:26;3.47;
08.01.2025 15:56:29;3.47;
08.01.2025 15:56:30;3.46;
08.01.2025 15:56:31;3.46;
08.01.2025 15:56:32;3.45;
08.01.2025 15:56:33;3.46;
08.01.2025 15:56:37;3.46;
08.01.2025 15:56:38;3.47;
08.01.2025 15:56:42;3.47;
08.01.2025 15:56:43;3.46;
08.01.2025 15:56:44;3.47;
08.01.2025 15:56:46;3.47;
08.01.2025 15:56:47;3.46;
08.01.2025 15:56:48;3.47;
08.01.2025 15:56:49;3.47;
08.01.2025 15:56:50;3.46;
08.01.2025 15:56:51;3.46;
08.01.2025 15:56:52;3.47;
08.01.2025 15:57:01;3.47;
08.01.2025 15:57:02;3.46;
08.01.2025 15:57:03;3.47;
08.01.2025 15:57:04;3.47;
08.01.2025 15:57:05;3.46;
08.01.2025 15:57:06;3.47;
08.01.2025 15:57:08;3.47;
08.01.2025 15:57:09;3.46;
08.01.2025 15:57:10;3.47;
08.01.2025 15:57:11;3.48;
08.01.2025 15:57:12;3.47;
08.01.2025 15:57:15;3.47;
08.01.2025 15:57:16;3.46;
08.01.2025 15:57:17;3.47;
08.01.2025 15:57:23;3.47;
08.01.2025 15:57:24;3.46;
08.01.2025 15:57:25;3.46;
08.01.2025 15:57:26;3.47;
08.01.2025 15:57:28;3.47;
08.01.2025 15:57:29;3.46;
08.01.2025 15:57:30;3.46;
08.01.2025 15:57:31;3.47;
08.01.2025 15:57:37;3.47;
08.01.2025 15:57:38;3.46;
08.01.2025 15:57:40;3.46;
08.01.2025 15:57:41;3.47;
08.01.2025 15:57:44;3.47;
08.01.2025 15:57:45;3.46;
08.01.2025 15:57:46;3.47;
08.01.2025 15:57:55;3.47;
08.01.2025 15:57:56;3.46;
08.01.2025 15:57:57;3.47;
08.01.2025 15:58:00;3.47;
08.01.2025 15:58:01;3.46;
08.01.2025 15:58:02;3.46;
08.01.2025 15:58:03;3.47;
08.01.2025 15:58:04;3.47;
08.01.2025 15:58:05;3.46;
08.01.2025 15:58:06;3.46;
08.01.2025 15:58:07;3.47;
08.01.2025 15:58:11;3.47;
08.01.2025 15:58:12;3.46;
08.01.2025 15:58:13;3.47;
08.01.2025 15:58:17;3.47;
08.01.2025 15:58:18;3.48;
08.01.2025 15:58:19;3.47;
08.01.2025 15:58:30;3.47;
08.01.2025 15:58:31;3.46;
08.01.2025 15:58:33;3.46;
08.01.2025 15:58:34;3.47;
08.01.2025 15:58:36;3.47;
08.01.2025 15:58:37;3.48;
08.01.2025 15:58:38;3.47;
08.01.2025 15:58:42;3.47;
08.01.2025 15:58:43;3.46;
08.01.2025 15:58:44;3.46;
08.01.2025 15:58:45;3.47;
08.01.2025 15:58:48;3.47;
08.01.2025 15:58:49;3.46;
08.01.2025 15:58:50;3.47;
08.01.2025 15:58:51;3.48;
08.01.2025 15:58:52;3.47;
08.01.2025 15:58:54;3.47;
08.01.2025 15:58:55;3.46;
08.01.2025 15:58:56;3.46;
08.01.2025 15:58:57;3.47;
08.01.2025 15:58:59;3.47;
08.01.2025 15:59:00;3.46;
08.01.2025 15:59:02;3.46;
08.01.2025 15:59:03;3.47;
08.01.2025 15:59:04;3.47;
08.01.2025 15:59:05;3.46;
08.01.2025 15:59:06;3.46;
08.01.2025 15:59:07;3.47;
08.01.2025 15:59:08;3.47;
08.01.2025 15:59:09;3.46;
08.01.2025 15:59:10;3.46;
08.01.2025 15:59:11;3.47;
08.01.2025 15:59:12;3.47;
08.01.2025 15:59:13;3.46;
08.01.2025 15:59:15;3.46;
08.01.2025 15:59:16;3.47;
08.01.2025 15:59:18;3.47;
08.01.2025 15:59:19;3.46;
08.01.2025 15:59:20;3.47;
08.01.2025 15:59:21;3.47;
08.01.2025 15:59:22;3.46;
08.01.2025 15:59:23;3.47;
08.01.2025 15:59:25;3.47;
08.01.2025 15:59:26;3.46;
08.01.2025 15:59:27;3.47;
08.01.2025 15:59:28;3.46;
08.01.2025 15:59:29;3.47;
08.01.2025 15:59:33;3.47;
08.01.2025 15:59:34;3.46;
08.01.2025 15:59:35;3.46;
08.01.2025 15:59:36;3.47;
08.01.2025 16:00:04;3.47;
08.01.2025 16:00:05;3.46;
08.01.2025 16:00:06;3.47;
08.01.2025 16:00:07;3.46;
08.01.2025 16:00:08;3.47;
08.01.2025 16:00:19;3.47;
08.01.2025 16:00:20;3.48;
08.01.2025 16:00:21;3.48;
08.01.2025 16:00:22;3.47;
08.01.2025 16:00:23;3.48;
08.01.2025 16:00:24;3.47;
08.01.2025 16:00:31;3.47;
08.01.2025 16:00:32;3.46;
08.01.2025 16:00:33;3.47;
08.01.2025 16:00:35;3.47;
08.01.2025 16:00:36;3.46;
08.01.2025 16:00:37;3.48;
08.01.2025 16:00:38;3.47;
08.01.2025 16:00:40;3.47;
08.01.2025 16:00:41;3.46;
08.01.2025 16:00:42;3.47;
08.01.2025 16:00:44;3.47;
08.01.2025 16:00:45;3.46;
08.01.2025 16:00:46;3.47;
08.01.2025 16:00:47;3.48;
08.01.2025 16:00:48;3.47;
08.01.2025 16:00:50;3.47;
08.01.2025 16:00:51;3.46;
08.01.2025 16:00:52;3.47;
08.01.2025 16:00:54;3.47;
08.01.2025 16:00:55;3.46;
08.01.2025 16:00:56;3.47;
08.01.2025 16:00:57;3.46;
08.01.2025 16:00:58;3.47;
08.01.2025 16:01:03;3.47;
08.01.2025 16:01:04;3.46;
08.01.2025 16:01:05;3.48;
08.01.2025 16:01:06;3.47;
08.01.2025 16:01:09;3.47;
08.01.2025 16:01:10;3.48;
08.01.2025 16:01:11;3.47;
08.01.2025 16:01:24;3.47;
08.01.2025 16:01:25;3.48;
08.01.2025 16:01:26;3.47;
08.01.2025 16:01:32;3.47;
08.01.2025 16:01:33;3.48;
08.01.2025 16:01:34;3.48;
08.01.2025 16:01:35;3.47;
08.01.2025 16:01:41;3.47;
08.01.2025 16:01:42;3.48;
08.01.2025 16:01:43;3.46;
08.01.2025 16:01:44;3.47;
08.01.2025 16:01:45;3.47;
08.01.2025 16:01:46;3.48;
08.01.2025 16:01:47;3.47;
08.01.2025 16:01:48;3.48;
08.01.2025 16:01:49;3.47;
08.01.2025 16:01:50;3.47;
08.01.2025 16:01:51;3.48;
08.01.2025 16:01:52;3.47;
08.01.2025 16:01:53;3.47;
08.01.2025 16:01:54;3.48;
08.01.2025 16:01:56;3.48;
08.01.2025 16:01:57;3.47;
08.01.2025 16:02:00;3.47;
08.01.2025 16:02:01;3.48;
08.01.2025 16:02:02;3.46;
08.01.2025 16:02:03;3.47;
08.01.2025 16:02:09;3.47;
08.01.2025 16:02:10;3.48;
08.01.2025 16:02:12;3.48;
08.01.2025 16:02:13;3.46;
08.01.2025 16:02:14;3.47;
08.01.2025 16:02:18;3.47;
08.01.2025 16:02:19;3.46;
08.01.2025 16:02:20;3.47;
08.01.2025 16:02:35;3.47;
08.01.2025 16:02:36;3.48;
08.01.2025 16:02:38;3.48;
08.01.2025 16:02:39;3.47;
08.01.2025 16:02:44;3.47;
08.01.2025 16:02:45;3.46;
08.01.2025 16:02:46;3.47;
08.01.2025 16:02:47;3.47;
08.01.2025 16:02:48;3.46;
08.01.2025 16:02:49;3.48;
08.01.2025 16:02:50;3.47;
08.01.2025 16:02:51;3.46;
08.01.2025 16:02:52;3.47;
08.01.2025 16:02:55;3.47;
08.01.2025 16:02:56;3.48;
08.01.2025 16:02:57;3.47;
08.01.2025 16:02:58;3.47;
08.01.2025 16:02:59;3.48;
08.01.2025 16:03:00;3.47;
08.01.2025 16:03:01;3.47;
08.01.2025 16:03:02;3.48;
08.01.2025 16:03:03;3.47;
08.01.2025 16:03:04;3.47;
08.01.2025 16:03:05;3.46;
08.01.2025 16:03:06;3.47;
08.01.2025 16:03:09;3.47;
08.01.2025 16:03:10;3.46;
08.01.2025 16:03:11;3.47;
08.01.2025 16:03:16;3.47;
08.01.2025 16:03:17;3.48;
08.01.2025 16:03:18;3.45;
08.01.2025 16:03:19;3.47;
08.01.2025 16:03:26;3.47;
08.01.2025 16:03:27;3.48;
08.01.2025 16:03:28;3.47;
08.01.2025 16:03:29;3.48;
08.01.2025 16:03:30;3.47;
08.01.2025 16:03:32;3.47;
08.01.2025 16:03:33;3.48;
08.01.2025 16:03:34;3.47;
08.01.2025 16:03:35;3.48;
08.01.2025 16:03:36;3.47;
08.01.2025 16:03:37;3.48;
08.01.2025 16:03:38;3.47;
08.01.2025 16:03:39;3.47;
08.01.2025 16:03:40;3.48;
08.01.2025 16:03:41;3.47;
08.01.2025 16:03:42;3.47;
08.01.2025 16:03:43;3.48;
08.01.2025 16:03:44;3.47;
08.01.2025 16:03:45;3.47;
08.01.2025 16:03:46;3.48;
08.01.2025 16:03:47;3.47;
08.01.2025 16:03:48;3.48;
08.01.2025 16:03:50;3.48;
08.01.2025 16:03:51;3.47;
08.01.2025 16:03:55;3.47;
08.01.2025 16:03:56;3.48;
08.01.2025 16:03:59;3.48;
08.01.2025 16:04:00;3.47;
08.01.2025 16:04:01;3.48;
08.01.2025 16:04:04;3.48;
08.01.2025 16:04:05;3.47;
08.01.2025 16:04:06;3.49;
08.01.2025 16:04:07;3.48;
08.01.2025 16:04:08;3.48;
08.01.2025 16:04:09;3.47;
08.01.2025 16:04:10;3.47;
08.01.2025 16:04:11;3.48;
08.01.2025 16:04:12;3.47;
08.01.2025 16:04:13;3.47;
08.01.2025 16:04:14;3.48;
08.01.2025 16:04:15;3.47;
08.01.2025 16:04:16;3.48;
08.01.2025 16:04:17;3.48;
08.01.2025 16:04:18;3.47;
08.01.2025 16:04:19;3.48;
08.01.2025 16:04:20;3.47;
08.01.2025 16:04:21;3.48;
08.01.2025 16:04:23;3.48;
08.01.2025 16:04:24;3.47;
08.01.2025 16:04:25;3.47;
08.01.2025 16:04:26;3.48;
08.01.2025 16:04:27;3.47;
08.01.2025 16:04:28;3.47;
08.01.2025 16:04:29;3.48;
08.01.2025 16:04:30;3.48;
08.01.2025 16:04:31;3.47;
08.01.2025 16:04:33;3.47;
08.01.2025 16:04:34;3.48;
08.01.2025 16:04:35;3.47;
08.01.2025 16:04:36;3.48;
08.01.2025 16:04:37;3.47;
08.01.2025 16:04:38;3.48;
08.01.2025 16:04:39;3.47;
08.01.2025 16:04:40;3.48;
08.01.2025 16:04:41;3.48;
08.01.2025 16:04:42;3.47;
08.01.2025 16:04:43;3.48;
08.01.2025 16:04:45;3.48;
08.01.2025 16:04:46;3.47;
08.01.2025 16:04:47;3.47;
08.01.2025 16:04:48;3.48;
08.01.2025 16:04:51;3.48;
08.01.2025 16:04:52;3.47;
08.01.2025 16:04:53;3.47;
08.01.2025 16:04:54;3.48;
08.01.2025 16:04:55;3.48;
08.01.2025 16:04:56;3.47;
08.01.2025 16:04:57;3.47;
08.01.2025 16:04:58;3.48;
08.01.2025 16:04:59;3.47;
08.01.2025 16:05:00;3.47;
08.01.2025 16:05:01;3.48;
08.01.2025 16:05:02;3.48;
08.01.2025 16:05:03;3.47;
08.01.2025 16:05:04;3.47;
08.01.2025 16:05:05;3.48;
08.01.2025 16:05:06;3.47;
08.01.2025 16:05:07;3.48;
08.01.2025 16:05:09;3.48;
08.01.2025 16:05:10;3.47;
08.01.2025 16:05:11;3.47;
08.01.2025 16:05:12;3.48;
08.01.2025 16:05:13;3.48;
08.01.2025 16:05:14;3.47;
08.01.2025 16:05:15;3.48;
08.01.2025 16:05:17;3.48;
08.01.2025 16:05:18;3.47;
08.01.2025 16:05:19;3.47;
08.01.2025 16:05:20;3.46;
08.01.2025 16:05:21;3.48;
08.01.2025 16:05:22;3.47;
08.01.2025 16:05:24;3.47;
08.01.2025 16:05:25;3.48;
08.01.2025 16:05:26;3.48;
08.01.2025 16:05:27;3.49;
08.01.2025 16:05:28;3.48;
08.01.2025 16:05:29;3.48;
08.01.2025 16:05:30;3.47;
08.01.2025 16:05:31;3.48;
08.01.2025 16:05:32;3.47;
08.01.2025 16:05:33;3.48;
08.01.2025 16:05:34;3.47;
08.01.2025 16:05:35;3.48;
08.01.2025 16:05:36;3.47;
08.01.2025 16:05:40;3.47;
08.01.2025 16:05:41;3.48;
08.01.2025 16:05:51;3.48;
08.01.2025 16:05:52;3.47;
08.01.2025 16:05:53;3.48;
08.01.2025 16:05:56;3.48;
08.01.2025 16:05:57;3.47;
08.01.2025 16:05:58;3.48;
08.01.2025 16:06:04;3.48;
08.01.2025 16:06:05;3.47;
08.01.2025 16:06:06;3.48;
08.01.2025 16:06:08;3.48;
08.01.2025 16:06:09;3.47;
08.01.2025 16:06:10;3.47;
08.01.2025 16:06:11;3.48;
08.01.2025 16:06:12;3.48;
08.01.2025 16:06:13;3.47;
08.01.2025 16:06:14;3.47;
08.01.2025 16:06:15;3.49;
08.01.2025 16:06:16;3.48;
08.01.2025 16:06:18;3.48;
08.01.2025 16:06:19;3.49;
08.01.2025 16:06:20;3.48;
08.01.2025 16:06:22;3.48;
08.01.2025 16:06:23;3.47;
08.01.2025 16:06:24;3.48;
08.01.2025 16:06:27;3.48;
08.01.2025 16:06:28;3.47;
08.01.2025 16:06:29;3.48;
08.01.2025 16:06:33;3.48;
08.01.2025 16:06:34;3.49;
08.01.2025 16:06:35;3.48;
08.01.2025 16:06:43;3.48;
08.01.2025 16:06:44;3.47;
08.01.2025 16:06:45;3.48;
08.01.2025 16:06:48;3.48;
08.01.2025 16:06:49;3.49;
08.01.2025 16:06:50;3.48;
08.01.2025 16:06:51;3.48;
08.01.2025 16:06:52;3.49;
08.01.2025 16:06:53;3.48;
08.01.2025 16:07:03;3.48;
08.01.2025 16:07:04;3.49;
08.01.2025 16:07:05;3.47;
08.01.2025 16:07:06;3.48;
08.01.2025 16:07:12;3.48;
08.01.2025 16:07:13;3.47;
08.01.2025 16:07:14;3.48;
08.01.2025 16:07:17;3.48;
08.01.2025 16:07:18;3.49;
08.01.2025 16:07:19;3.47;
08.01.2025 16:07:20;3.48;
08.01.2025 16:07:21;3.49;
08.01.2025 16:07:22;3.48;
08.01.2025 16:07:23;3.49;
08.01.2025 16:07:24;3.48;
08.01.2025 16:07:25;3.48;
08.01.2025 16:07:26;3.49;
08.01.2025 16:07:27;3.48;
08.01.2025 16:07:29;3.48;
08.01.2025 16:07:30;3.49;
08.01.2025 16:07:31;3.48;
08.01.2025 16:07:36;3.48;
08.01.2025 16:07:37;3.49;
08.01.2025 16:07:39;3.49;
08.01.2025 16:07:40;3.48;
08.01.2025 16:07:43;3.48;
08.01.2025 16:07:44;3.49;
08.01.2025 16:07:45;3.48;
08.01.2025 16:07:46;3.48;
08.01.2025 16:07:47;3.49;
08.01.2025 16:07:48;3.48;
08.01.2025 16:07:50;3.48;
08.01.2025 16:07:51;3.47;
08.01.2025 16:07:52;3.48;
08.01.2025 16:07:53;3.48;
08.01.2025 16:07:54;3.47;
08.01.2025 16:07:55;3.48;
08.01.2025 16:08:00;3.48;
08.01.2025 16:08:01;3.49;
08.01.2025 16:08:02;3.48;
08.01.2025 16:08:03;3.49;
08.01.2025 16:08:04;3.48;
08.01.2025 16:08:07;3.48;
08.01.2025 16:08:08;3.47;
08.01.2025 16:08:09;3.48;
08.01.2025 16:08:14;3.48;
08.01.2025 16:08:15;3.49;
08.01.2025 16:08:16;3.48;
08.01.2025 16:08:17;3.48;
08.01.2025 16:08:18;3.47;
08.01.2025 16:08:19;3.48;
08.01.2025 16:08:20;3.47;
08.01.2025 16:08:21;3.48;
08.01.2025 16:08:22;3.48;
08.01.2025 16:08:23;3.49;
08.01.2025 16:08:24;3.48;
08.01.2025 16:08:25;3.48;
08.01.2025 16:08:26;3.47;
08.01.2025 16:08:27;3.48;
08.01.2025 16:08:35;3.48;
08.01.2025 16:08:36;3.49;
08.01.2025 16:08:37;3.49;
08.01.2025 16:08:38;3.48;
08.01.2025 16:08:39;3.49;
08.01.2025 16:08:40;3.48;
08.01.2025 16:08:41;3.49;
08.01.2025 16:08:42;3.48;
08.01.2025 16:08:44;3.48;
08.01.2025 16:08:45;3.49;
08.01.2025 16:08:46;3.48;
08.01.2025 16:08:48;3.48;
08.01.2025 16:08:49;3.49;
08.01.2025 16:08:50;3.48;
08.01.2025 16:08:55;3.48;
08.01.2025 16:08:56;3.47;
08.01.2025 16:08:57;3.48;
08.01.2025 16:08:58;3.48;
08.01.2025 16:08:59;3.49;
08.01.2025 16:09:00;3.48;
08.01.2025 16:09:01;3.48;
08.01.2025 16:09:02;3.49;
08.01.2025 16:09:03;3.48;
08.01.2025 16:09:04;3.47;
08.01.2025 16:09:05;3.48;
08.01.2025 16:09:08;3.48;
08.01.2025 16:09:09;3.49;
08.01.2025 16:09:10;3.48;
08.01.2025 16:09:13;3.48;
08.01.2025 16:09:14;3.49;
08.01.2025 16:09:15;3.48;
08.01.2025 16:09:21;3.48;
08.01.2025 16:09:22;3.49;
08.01.2025 16:09:23;3.48;
08.01.2025 16:09:24;3.49;
08.01.2025 16:09:25;3.49;
08.01.2025 16:09:26;3.48;
08.01.2025 16:09:27;3.49;
08.01.2025 16:09:28;3.47;
08.01.2025 16:09:29;3.48;
08.01.2025 16:09:33;3.48;
08.01.2025 16:09:34;3.47;
08.01.2025 16:09:35;3.48;
08.01.2025 16:09:38;3.48;
08.01.2025 16:09:39;3.49;
08.01.2025 16:09:40;3.48;
08.01.2025 16:09:41;3.49;
08.01.2025 16:09:42;3.48;
08.01.2025 16:09:43;3.49;
08.01.2025 16:09:44;3.48;
08.01.2025 16:09:46;3.48;
08.01.2025 16:09:47;3.49;
08.01.2025 16:09:48;3.48;
08.01.2025 16:09:49;3.47;
08.01.2025 16:09:50;3.47;
08.01.2025 16:09:51;3.48;
08.01.2025 16:09:52;3.48;
08.01.2025 16:09:53;3.49;
08.01.2025 16:09:54;3.48;
08.01.2025 16:09:56;3.48;
08.01.2025 16:09:57;3.49;
08.01.2025 16:09:58;3.47;
08.01.2025 16:09:59;3.48;
08.01.2025 16:10:00;3.49;
08.01.2025 16:10:01;3.48;
08.01.2025 16:10:03;3.48;
08.01.2025 16:10:04;3.49;
08.01.2025 16:10:05;3.49;
08.01.2025 16:10:06;3.48;
08.01.2025 16:10:07;3.48;
08.01.2025 16:10:08;3.49;
08.01.2025 16:10:10;3.49;
08.01.2025 16:10:11;3.48;
08.01.2025 16:10:12;3.49;
08.01.2025 16:10:13;3.48;
08.01.2025 16:10:16;3.48;
08.01.2025 16:10:17;3.49;
08.01.2025 16:10:18;3.48;
08.01.2025 16:10:19;3.49;
08.01.2025 16:10:20;3.48;
08.01.2025 16:10:21;3.49;
08.01.2025 16:10:22;3.49;
08.01.2025 16:10:23;3.48;
08.01.2025 16:10:24;3.48;
08.01.2025 16:10:25;3.49;
08.01.2025 16:10:26;3.48;
08.01.2025 16:10:27;3.48;
08.01.2025 16:10:28;3.47;
08.01.2025 16:10:29;3.48;
08.01.2025 16:10:30;3.49;
08.01.2025 16:10:31;3.48;
08.01.2025 16:10:32;3.48;
08.01.2025 16:10:33;3.49;
08.01.2025 16:10:34;3.48;
08.01.2025 16:10:35;3.49;
08.01.2025 16:10:36;3.48;
08.01.2025 16:10:38;3.48;
08.01.2025 16:10:39;3.49;
08.01.2025 16:10:40;3.49;
08.01.2025 16:10:41;3.48;
08.01.2025 16:10:43;3.48;
08.01.2025 16:10:44;3.49;
08.01.2025 16:10:45;3.47;
08.01.2025 16:10:46;3.47;
08.01.2025 16:10:47;3.48;
08.01.2025 16:10:48;3.49;
08.01.2025 16:10:49;3.48;
08.01.2025 16:10:56;3.48;
08.01.2025 16:10:57;3.49;
08.01.2025 16:10:58;3.48;
08.01.2025 16:10:59;3.49;
08.01.2025 16:11:00;3.48;
08.01.2025 16:11:05;3.48;
08.01.2025 16:11:06;3.49;
08.01.2025 16:11:07;3.49;
08.01.2025 16:11:08;3.48;
08.01.2025 16:11:10;3.48;
08.01.2025 16:11:11;3.49;
08.01.2025 16:11:12;3.48;
08.01.2025 16:11:13;3.49;
08.01.2025 16:11:14;3.48;
08.01.2025 16:11:17;3.48;
08.01.2025 16:11:18;3.49;
08.01.2025 16:11:19;3.48;
08.01.2025 16:11:20;3.49;
08.01.2025 16:11:21;3.48;
08.01.2025 16:11:24;3.48;
08.01.2025 16:11:25;3.49;
08.01.2025 16:11:26;3.48;
08.01.2025 16:11:27;3.49;
08.01.2025 16:11:28;3.49;
08.01.2025 16:11:29;3.48;
08.01.2025 16:11:30;3.49;
08.01.2025 16:11:31;3.48;
08.01.2025 16:11:32;3.48;
08.01.2025 16:11:33;3.49;
08.01.2025 16:11:34;3.49;
08.01.2025 16:11:35;3.47;
08.01.2025 16:11:36;3.48;
08.01.2025 16:11:37;3.49;
08.01.2025 16:11:38;3.48;
08.01.2025 16:11:39;3.49;
08.01.2025 16:11:40;3.48;
08.01.2025 16:11:41;3.48;
08.01.2025 16:11:42;3.49;
08.01.2025 16:11:44;3.49;
08.01.2025 16:11:45;3.48;
08.01.2025 16:11:47;3.48;
08.01.2025 16:11:48;3.47;
08.01.2025 16:11:49;3.48;
08.01.2025 16:11:51;3.48;
08.01.2025 16:11:52;3.49;
08.01.2025 16:11:53;3.49;
08.01.2025 16:11:54;3.48;
08.01.2025 16:11:55;3.48;
08.01.2025 16:11:56;3.49;
08.01.2025 16:11:57;3.49;
08.01.2025 16:11:58;3.48;
08.01.2025 16:11:59;3.49;
08.01.2025 16:12:00;3.48;
08.01.2025 16:12:02;3.48;
08.01.2025 16:12:03;3.49;
08.01.2025 16:12:04;3.48;
08.01.2025 16:12:16;3.48;
08.01.2025 16:12:17;3.49;
08.01.2025 16:12:18;3.48;
08.01.2025 16:12:24;3.48;
08.01.2025 16:12:25;3.49;
08.01.2025 16:12:26;3.48;
08.01.2025 16:12:30;3.48;
08.01.2025 16:12:31;3.49;
08.01.2025 16:12:32;3.49;
08.01.2025 16:12:33;3.48;
08.01.2025 16:12:34;3.49;
08.01.2025 16:12:35;3.48;
08.01.2025 16:12:36;3.49;
08.01.2025 16:12:37;3.49;
08.01.2025 16:12:38;3.48;
08.01.2025 16:12:39;3.49;
08.01.2025 16:12:40;3.48;
08.01.2025 16:12:45;3.48;
08.01.2025 16:12:46;3.47;
08.01.2025 16:12:47;3.47;
08.01.2025 16:12:48;3.49;
08.01.2025 16:12:49;3.48;
08.01.2025 16:12:50;3.48;
08.01.2025 16:12:51;3.47;
08.01.2025 16:12:52;3.49;
08.01.2025 16:12:53;3.49;
08.01.2025 16:12:54;3.48;
08.01.2025 16:13:01;3.48;
08.01.2025 16:13:02;3.49;
08.01.2025 16:13:03;3.47;
08.01.2025 16:13:04;3.49;
08.01.2025 16:13:05;3.48;
08.01.2025 16:13:06;3.48;
08.01.2025 16:13:07;3.47;
08.01.2025 16:13:08;3.48;
08.01.2025 16:13:09;3.47;
08.01.2025 16:13:10;3.48;
08.01.2025 16:13:11;3.49;
08.01.2025 16:13:12;3.48;
08.01.2025 16:13:15;3.48;
08.01.2025 16:13:16;3.49;
08.01.2025 16:13:17;3.48;
08.01.2025 16:13:18;3.48;
08.01.2025 16:13:19;3.49;
08.01.2025 16:13:20;3.48;
08.01.2025 16:13:21;3.48;
08.01.2025 16:13:22;3.49;
08.01.2025 16:13:23;3.48;
08.01.2025 16:13:24;3.49;
08.01.2025 16:13:25;3.48;
08.01.2025 16:13:26;3.49;
08.01.2025 16:13:27;3.49;
08.01.2025 16:13:28;3.47;
08.01.2025 16:13:29;3.48;
08.01.2025 16:13:32;3.48;
08.01.2025 16:13:33;3.47;
08.01.2025 16:13:34;3.48;
08.01.2025 16:13:38;3.48;
08.01.2025 16:13:39;3.49;
08.01.2025 16:13:40;3.48;
08.01.2025 16:13:41;3.48;
08.01.2025 16:13:42;3.49;
08.01.2025 16:13:43;3.48;
08.01.2025 16:13:45;3.48;
08.01.2025 16:13:46;3.49;
08.01.2025 16:13:48;3.49;
08.01.2025 16:13:49;3.48;
08.01.2025 16:13:50;3.49;
08.01.2025 16:13:51;3.48;
08.01.2025 16:13:52;3.49;
08.01.2025 16:13:56;3.49;
08.01.2025 16:13:57;3.48;
08.01.2025 16:13:58;3.49;
08.01.2025 16:14:00;3.49;
08.01.2025 16:14:01;3.48;
08.01.2025 16:14:02;3.49;
08.01.2025 16:14:03;3.48;
08.01.2025 16:14:04;3.48;
08.01.2025 16:14:05;3.49;
08.01.2025 16:14:06;3.48;
08.01.2025 16:14:07;3.48;
08.01.2025 16:14:08;3.47;
08.01.2025 16:14:09;3.48;
08.01.2025 16:14:10;3.48;
08.01.2025 16:14:11;3.49;
08.01.2025 16:14:12;3.48;
08.01.2025 16:14:13;3.48;
08.01.2025 16:14:14;3.49;
08.01.2025 16:14:15;3.48;
08.01.2025 16:14:16;3.49;
08.01.2025 16:14:17;3.48;
08.01.2025 16:14:19;3.48;
08.01.2025 16:14:20;3.49;
08.01.2025 16:14:21;3.48;
08.01.2025 16:14:24;3.48;
08.01.2025 16:14:25;3.49;
08.01.2025 16:14:26;3.48;
08.01.2025 16:14:29;3.48;
08.01.2025 16:14:30;3.49;
08.01.2025 16:14:31;3.48;
08.01.2025 16:14:32;3.48;
08.01.2025 16:14:33;3.49;
08.01.2025 16:14:34;3.48;
08.01.2025 16:14:35;3.49;
08.01.2025 16:14:36;3.48;
08.01.2025 16:14:37;3.48;
08.01.2025 16:14:38;3.49;
08.01.2025 16:14:40;3.49;
08.01.2025 16:14:41;3.48;
08.01.2025 16:14:42;3.49;
08.01.2025 16:14:43;3.5;
08.01.2025 16:14:44;3.49;
08.01.2025 16:14:49;3.49;
08.01.2025 16:14:50;3.48;
08.01.2025 16:14:51;3.49;
08.01.2025 16:14:52;3.48;
08.01.2025 16:14:53;3.49;
08.01.2025 16:14:54;3.49;
08.01.2025 16:14:55;3.5;
08.01.2025 16:14:56;3.48;
08.01.2025 16:14:57;3.49;
08.01.2025 16:14:58;3.48;
08.01.2025 16:14:59;3.49;
08.01.2025 16:15:06;3.49;
08.01.2025 16:15:07;3.5;
08.01.2025 16:15:08;3.49;
08.01.2025 16:15:11;3.49;
08.01.2025 16:15:12;3.48;
08.01.2025 16:15:13;3.5;
08.01.2025 16:15:14;3.48;
08.01.2025 16:15:15;3.5;
08.01.2025 16:15:16;3.49;
08.01.2025 16:15:18;3.49;
08.01.2025 16:15:19;3.5;
08.01.2025 16:15:20;3.49;
08.01.2025 16:15:31;3.49;
08.01.2025 16:15:32;3.5;
08.01.2025 16:15:33;3.5;
08.01.2025 16:15:34;3.49;
08.01.2025 16:15:37;3.49;
08.01.2025 16:15:38;3.5;
08.01.2025 16:15:39;3.49;
08.01.2025 16:15:40;3.49;
08.01.2025 16:15:41;3.48;
08.01.2025 16:15:42;3.49;
08.01.2025 16:15:47;3.49;
08.01.2025 16:15:48;3.48;
08.01.2025 16:15:49;3.49;
08.01.2025 16:15:53;3.49;
08.01.2025 16:15:54;3.5;
08.01.2025 16:15:55;3.49;
08.01.2025 16:15:56;3.5;
08.01.2025 16:15:57;3.5;
08.01.2025 16:15:58;3.49;
08.01.2025 16:15:59;3.49;
08.01.2025 16:16:00;3.5;
08.01.2025 16:16:01;3.5;
08.01.2025 16:16:02;3.48;
08.01.2025 16:16:03;3.49;
08.01.2025 16:16:04;3.5;
08.01.2025 16:16:05;3.49;
08.01.2025 16:16:06;3.5;
08.01.2025 16:16:07;3.48;
08.01.2025 16:16:08;3.49;
08.01.2025 16:16:09;3.49;
08.01.2025 16:16:10;3.5;
08.01.2025 16:16:11;3.49;
08.01.2025 16:16:12;3.5;
08.01.2025 16:16:13;3.49;
08.01.2025 16:16:14;3.49;
08.01.2025 16:16:15;3.5;
08.01.2025 16:16:16;3.49;
08.01.2025 16:16:20;3.49;
08.01.2025 16:16:21;3.5;
08.01.2025 16:16:22;3.5;
08.01.2025 16:16:23;3.49;
08.01.2025 16:16:24;3.5;
08.01.2025 16:16:25;3.49;
08.01.2025 16:16:26;3.5;
08.01.2025 16:16:27;3.49;
08.01.2025 16:16:35;3.49;
08.01.2025 16:16:36;3.48;
08.01.2025 16:16:37;3.5;
08.01.2025 16:16:42;3.5;
08.01.2025 16:16:43;3.49;
08.01.2025 16:16:44;3.49;
08.01.2025 16:16:45;3.5;
08.01.2025 16:16:46;3.5;
08.01.2025 16:16:47;3.49;
08.01.2025 16:16:48;3.5;
08.01.2025 16:16:49;3.49;
08.01.2025 16:16:58;3.49;
08.01.2025 16:16:59;3.5;
08.01.2025 16:17:01;3.5;
08.01.2025 16:17:02;3.49;
08.01.2025 16:17:13;3.49;
08.01.2025 16:17:14;3.5;
08.01.2025 16:17:15;3.49;
08.01.2025 16:17:19;3.49;
08.01.2025 16:17:20;3.5;
08.01.2025 16:17:21;3.49;
08.01.2025 16:17:22;3.49;
08.01.2025 16:17:23;3.5;
08.01.2025 16:17:24;3.49;
08.01.2025 16:17:25;3.5;
08.01.2025 16:17:26;3.49;
08.01.2025 16:17:29;3.49;
08.01.2025 16:17:30;3.5;
08.01.2025 16:17:31;3.5;
08.01.2025 16:17:32;3.49;
08.01.2025 16:17:34;3.49;
08.01.2025 16:17:35;3.5;
08.01.2025 16:17:36;3.49;
08.01.2025 16:17:37;3.49;
08.01.2025 16:17:38;3.5;
08.01.2025 16:17:39;3.5;
08.01.2025 16:17:40;3.48;
08.01.2025 16:17:41;3.49;
08.01.2025 16:17:42;3.49;
08.01.2025 16:17:43;3.5;
08.01.2025 16:17:45;3.5;
08.01.2025 16:17:46;3.49;
08.01.2025 16:17:47;3.5;
08.01.2025 16:17:52;3.5;
08.01.2025 16:17:53;3.49;
08.01.2025 16:17:54;3.49;
08.01.2025 16:17:55;3.5;
08.01.2025 16:17:58;3.5;
08.01.2025 16:17:59;3.49;
08.01.2025 16:18:00;3.5;
08.01.2025 16:18:02;3.5;
08.01.2025 16:18:03;3.49;
08.01.2025 16:18:04;3.5;
08.01.2025 16:18:07;3.5;
08.01.2025 16:18:08;3.49;
08.01.2025 16:18:09;3.5;
08.01.2025 16:18:12;3.5;
08.01.2025 16:18:13;3.49;
08.01.2025 16:18:14;3.5;
08.01.2025 16:18:15;3.5;
08.01.2025 16:18:16;3.49;
08.01.2025 16:18:17;3.5;
08.01.2025 16:18:18;3.49;
08.01.2025 16:18:19;3.49;
08.01.2025 16:18:20;3.5;
08.01.2025 16:18:21;3.5;
08.01.2025 16:18:22;3.49;
08.01.2025 16:18:23;3.49;
08.01.2025 16:18:24;3.5;
08.01.2025 16:18:25;3.5;
08.01.2025 16:18:26;3.49;
08.01.2025 16:18:27;3.5;
08.01.2025 16:18:28;3.49;
08.01.2025 16:18:29;3.5;
08.01.2025 16:18:30;3.49;
08.01.2025 16:18:32;3.49;
08.01.2025 16:18:33;3.5;
08.01.2025 16:18:34;3.49;
08.01.2025 16:18:35;3.49;
08.01.2025 16:18:36;3.5;
08.01.2025 16:18:40;3.5;
08.01.2025 16:18:41;3.49;
08.01.2025 16:18:42;3.5;
08.01.2025 16:18:49;3.5;
08.01.2025 16:18:50;3.49;
08.01.2025 16:18:53;3.49;
08.01.2025 16:18:54;3.5;
08.01.2025 16:18:55;3.5;
08.01.2025 16:18:56;3.49;
08.01.2025 16:18:57;3.49;
08.01.2025 16:18:58;3.5;
08.01.2025 16:19:03;3.5;
08.01.2025 16:19:04;3.49;
08.01.2025 16:19:05;3.49;
08.01.2025 16:19:06;3.5;
08.01.2025 16:19:08;3.5;
08.01.2025 16:19:09;3.49;
08.01.2025 16:19:10;3.5;
08.01.2025 16:19:11;3.49;
08.01.2025 16:19:15;3.49;
08.01.2025 16:19:16;3.5;
08.01.2025 16:19:18;3.5;
08.01.2025 16:19:19;3.49;
08.01.2025 16:19:20;3.5;
08.01.2025 16:19:24;3.5;
08.01.2025 16:19:25;3.49;
08.01.2025 16:19:26;3.5;
08.01.2025 16:19:27;3.5;
08.01.2025 16:19:28;3.49;
08.01.2025 16:19:29;3.5;
08.01.2025 16:19:30;3.49;
08.01.2025 16:19:31;3.5;
08.01.2025 16:19:32;3.5;
08.01.2025 16:19:33;3.51;
08.01.2025 16:19:34;3.5;
08.01.2025 16:19:39;3.5;
08.01.2025 16:19:40;3.49;
08.01.2025 16:19:41;3.5;
08.01.2025 16:19:42;3.5;
08.01.2025 16:19:43;3.51;
08.01.2025 16:19:44;3.5;
08.01.2025 16:19:51;3.5;
08.01.2025 16:19:52;3.49;
08.01.2025 16:19:53;3.5;
08.01.2025 16:19:54;3.5;
08.01.2025 16:19:55;3.51;
08.01.2025 16:19:56;3.5;
08.01.2025 16:19:57;3.5;
08.01.2025 16:19:58;3.49;
08.01.2025 16:19:59;3.5;
08.01.2025 16:20:04;3.5;
08.01.2025 16:20:05;3.49;
08.01.2025 16:20:06;3.5;
08.01.2025 16:20:09;3.5;
08.01.2025 16:20:10;3.49;
08.01.2025 16:20:11;3.49;
08.01.2025 16:20:12;3.5;
08.01.2025 16:20:13;3.49;
08.01.2025 16:20:14;3.5;
08.01.2025 16:20:15;3.5;
08.01.2025 16:20:16;3.49;
08.01.2025 16:20:17;3.5;
08.01.2025 16:20:18;3.5;
08.01.2025 16:20:19;3.49;
08.01.2025 16:20:20;3.5;
08.01.2025 16:20:23;3.5;
08.01.2025 16:20:24;3.51;
08.01.2025 16:20:25;3.5;
08.01.2025 16:20:26;3.49;
08.01.2025 16:20:27;3.49;
08.01.2025 16:20:28;3.5;
08.01.2025 16:20:29;3.49;
08.01.2025 16:20:30;3.5;
08.01.2025 16:20:34;3.5;
08.01.2025 16:20:35;3.49;
08.01.2025 16:20:36;3.5;
08.01.2025 16:20:38;3.5;
08.01.2025 16:20:39;3.49;
08.01.2025 16:20:40;3.5;
08.01.2025 16:20:41;3.49;
08.01.2025 16:20:42;3.5;
08.01.2025 16:20:44;3.5;
08.01.2025 16:20:45;3.49;
08.01.2025 16:20:46;3.49;
08.01.2025 16:20:47;3.5;
08.01.2025 16:20:48;3.5;
08.01.2025 16:20:49;3.49;
08.01.2025 16:20:50;3.5;
08.01.2025 16:20:52;3.5;
08.01.2025 16:20:53;3.49;
08.01.2025 16:20:54;3.5;
08.01.2025 16:20:55;3.5;
08.01.2025 16:20:56;3.49;
08.01.2025 16:20:57;3.49;
08.01.2025 16:20:58;3.5;
08.01.2025 16:20:59;3.49;
08.01.2025 16:21:00;3.5;
08.01.2025 16:21:04;3.5;
08.01.2025 16:21:05;3.49;
08.01.2025 16:21:06;3.49;
08.01.2025 16:21:07;3.5;
08.01.2025 16:21:09;3.5;
08.01.2025 16:21:10;3.49;
08.01.2025 16:21:11;3.5;
08.01.2025 16:21:12;3.49;
08.01.2025 16:21:13;3.5;
08.01.2025 16:21:14;3.51;
08.01.2025 16:21:15;3.5;
08.01.2025 16:21:16;3.49;
08.01.2025 16:21:17;3.5;
08.01.2025 16:21:18;3.5;
08.01.2025 16:21:19;3.51;
08.01.2025 16:21:20;3.5;
08.01.2025 16:21:31;3.5;
08.01.2025 16:21:32;3.49;
08.01.2025 16:21:33;3.5;
08.01.2025 16:21:41;3.5;
08.01.2025 16:21:42;3.51;
08.01.2025 16:21:43;3.5;
08.01.2025 16:21:48;3.5;
08.01.2025 16:21:49;3.51;
08.01.2025 16:21:50;3.5;
08.01.2025 16:21:52;3.5;
08.01.2025 16:21:53;3.51;
08.01.2025 16:21:54;3.5;
08.01.2025 16:21:58;3.5;
08.01.2025 16:21:59;3.49;
08.01.2025 16:22:00;3.5;
08.01.2025 16:22:03;3.5;
08.01.2025 16:22:04;3.49;
08.01.2025 16:22:05;3.5;
08.01.2025 16:22:06;3.51;
08.01.2025 16:22:07;3.5;
08.01.2025 16:22:12;3.5;
08.01.2025 16:22:13;3.49;
08.01.2025 16:22:14;3.5;
08.01.2025 16:22:20;3.5;
08.01.2025 16:22:21;3.49;
08.01.2025 16:22:22;3.5;
08.01.2025 16:22:27;3.5;
08.01.2025 16:22:28;3.51;
08.01.2025 16:22:29;3.5;
08.01.2025 16:22:32;3.5;
08.01.2025 16:22:33;3.49;
08.01.2025 16:22:34;3.5;
08.01.2025 16:22:35;3.49;
08.01.2025 16:22:36;3.5;
08.01.2025 16:22:39;3.5;
08.01.2025 16:22:40;3.51;
08.01.2025 16:22:41;3.5;
08.01.2025 16:22:45;3.5;
08.01.2025 16:22:46;3.51;
08.01.2025 16:22:47;3.51;
08.01.2025 16:22:48;3.5;
08.01.2025 16:22:52;3.5;
08.01.2025 16:22:53;3.49;
08.01.2025 16:22:54;3.51;
08.01.2025 16:22:55;3.5;
08.01.2025 16:22:56;3.5;
08.01.2025 16:22:57;3.51;
08.01.2025 16:22:59;3.51;
08.01.2025 16:23:00;3.5;
08.01.2025 16:23:06;3.5;
08.01.2025 16:23:07;3.51;
08.01.2025 16:23:08;3.51;
08.01.2025 16:23:09;3.5;
08.01.2025 16:23:11;3.5;
08.01.2025 16:23:12;3.49;
08.01.2025 16:23:13;3.5;
08.01.2025 16:23:15;3.5;
08.01.2025 16:23:16;3.49;
08.01.2025 16:23:17;3.49;
08.01.2025 16:23:18;3.5;
08.01.2025 16:23:19;3.5;
08.01.2025 16:23:20;3.49;
08.01.2025 16:23:21;3.49;
08.01.2025 16:23:22;3.5;
08.01.2025 16:23:23;3.5;
08.01.2025 16:23:24;3.49;
08.01.2025 16:23:26;3.49;
08.01.2025 16:23:27;3.5;
08.01.2025 16:23:30;3.5;
08.01.2025 16:23:31;3.51;
08.01.2025 16:23:32;3.51;
08.01.2025 16:23:33;3.5;
08.01.2025 16:23:35;3.5;
08.01.2025 16:23:36;3.51;
08.01.2025 16:23:37;3.5;
08.01.2025 16:23:38;3.51;
08.01.2025 16:23:39;3.5;
08.01.2025 16:23:40;3.49;
08.01.2025 16:23:41;3.5;
08.01.2025 16:23:49;3.5;
08.01.2025 16:23:50;3.49;
08.01.2025 16:23:51;3.5;
08.01.2025 16:23:53;3.5;
08.01.2025 16:23:54;3.51;
08.01.2025 16:23:55;3.5;
08.01.2025 16:23:59;3.5;
08.01.2025 16:24:00;3.49;
08.01.2025 16:24:01;3.5;
08.01.2025 16:24:07;3.5;
08.01.2025 16:24:08;3.51;
08.01.2025 16:24:09;3.5;
08.01.2025 16:24:14;3.5;
08.01.2025 16:24:15;3.51;
08.01.2025 16:24:16;3.5;
08.01.2025 16:24:17;3.5;
08.01.2025 16:24:18;3.49;
08.01.2025 16:24:19;3.5;
08.01.2025 16:24:20;3.51;
08.01.2025 16:24:21;3.5;
08.01.2025 16:24:26;3.5;
08.01.2025 16:24:27;3.51;
08.01.2025 16:24:28;3.5;
08.01.2025 16:24:29;3.51;
08.01.2025 16:24:30;3.51;
08.01.2025 16:24:31;3.5;
08.01.2025 16:24:32;3.51;
08.01.2025 16:24:33;3.5;
08.01.2025 16:24:35;3.5;
08.01.2025 16:24:36;3.51;
08.01.2025 16:24:38;3.51;
08.01.2025 16:24:39;3.5;
08.01.2025 16:24:40;3.5;
08.01.2025 16:24:41;3.51;
08.01.2025 16:24:42;3.5;
08.01.2025 16:24:43;3.49;
08.01.2025 16:24:44;3.51;
08.01.2025 16:24:45;3.5;
08.01.2025 16:24:46;3.51;
08.01.2025 16:24:47;3.5;
08.01.2025 16:24:49;3.5;
08.01.2025 16:24:50;3.51;
08.01.2025 16:24:51;3.51;
08.01.2025 16:24:52;3.5;
08.01.2025 16:24:56;3.5;
08.01.2025 16:24:57;3.51;
08.01.2025 16:24:58;3.5;
08.01.2025 16:25:00;3.5;
08.01.2025 16:25:01;3.51;
08.01.2025 16:25:03;3.51;
08.01.2025 16:25:04;3.5;
08.01.2025 16:25:05;3.5;
08.01.2025 16:25:06;3.51;
08.01.2025 16:25:07;3.5;
08.01.2025 16:25:08;3.5;
08.01.2025 16:25:09;3.51;
08.01.2025 16:25:10;3.5;
08.01.2025 16:25:11;3.51;
08.01.2025 16:25:12;3.5;
08.01.2025 16:25:13;3.51;
08.01.2025 16:25:14;3.5;
08.01.2025 16:25:19;3.5;
08.01.2025 16:25:20;3.51;
08.01.2025 16:25:21;3.51;
08.01.2025 16:25:22;3.5;
08.01.2025 16:25:23;3.51;
08.01.2025 16:25:24;3.51;
08.01.2025 16:25:25;3.5;
08.01.2025 16:25:26;3.51;
08.01.2025 16:25:29;3.51;
08.01.2025 16:25:30;3.5;
08.01.2025 16:25:31;3.51;
08.01.2025 16:25:32;3.51;
08.01.2025 16:25:33;3.5;
08.01.2025 16:25:36;3.5;
08.01.2025 16:25:37;3.51;
08.01.2025 16:25:41;3.51;
08.01.2025 16:25:42;3.5;
08.01.2025 16:25:44;3.5;
08.01.2025 16:25:45;3.51;
08.01.2025 16:25:46;3.5;
08.01.2025 16:25:47;3.5;
08.01.2025 16:25:48;3.51;
08.01.2025 16:25:49;3.5;
08.01.2025 16:25:52;3.5;
08.01.2025 16:25:53;3.51;
08.01.2025 16:25:54;3.5;
08.01.2025 16:25:59;3.5;
08.01.2025 16:26:00;3.51;
08.01.2025 16:26:05;3.51;
08.01.2025 16:26:06;3.5;
08.01.2025 16:26:08;3.5;
08.01.2025 16:26:09;3.51;
08.01.2025 16:26:10;3.51;
08.01.2025 16:26:11;3.5;
08.01.2025 16:26:16;3.5;
08.01.2025 16:26:17;3.51;
08.01.2025 16:26:18;3.5;
08.01.2025 16:26:19;3.51;
08.01.2025 16:26:20;3.51;
08.01.2025 16:26:21;3.5;
08.01.2025 16:26:22;3.5;
08.01.2025 16:26:23;3.51;
08.01.2025 16:26:27;3.51;
08.01.2025 16:26:28;3.5;
08.01.2025 16:26:29;3.5;
08.01.2025 16:26:30;3.51;
08.01.2025 16:26:32;3.51;
08.01.2025 16:26:33;3.5;
08.01.2025 16:26:39;3.5;
08.01.2025 16:26:40;3.51;
08.01.2025 16:26:41;3.5;
08.01.2025 16:26:42;3.51;
08.01.2025 16:26:43;3.51;
08.01.2025 16:26:44;3.5;
08.01.2025 16:26:45;3.51;
08.01.2025 16:26:46;3.5;
08.01.2025 16:26:47;3.5;
08.01.2025 16:26:48;3.49;
08.01.2025 16:26:49;3.51;
08.01.2025 16:26:52;3.51;
08.01.2025 16:26:53;3.5;
08.01.2025 16:26:54;3.51;
08.01.2025 16:26:55;3.5;
08.01.2025 16:26:56;3.51;
08.01.2025 16:26:57;3.5;
08.01.2025 16:26:59;3.5;
08.01.2025 16:27:00;3.51;
08.01.2025 16:27:01;3.5;
08.01.2025 16:27:02;3.51;
08.01.2025 16:27:05;3.51;
08.01.2025 16:27:06;3.5;
08.01.2025 16:27:07;3.51;
08.01.2025 16:27:08;3.5;
08.01.2025 16:27:09;3.5;
08.01.2025 16:27:10;3.51;
08.01.2025 16:27:13;3.51;
08.01.2025 16:27:14;3.5;
08.01.2025 16:27:15;3.51;
08.01.2025 16:27:16;3.5;
08.01.2025 16:27:17;3.51;
08.01.2025 16:27:18;3.49;
08.01.2025 16:27:19;3.51;
08.01.2025 16:27:20;3.5;
08.01.2025 16:27:21;3.51;
08.01.2025 16:27:22;3.51;
08.01.2025 16:27:23;3.5;
08.01.2025 16:27:24;3.5;
08.01.2025 16:27:25;3.51;
08.01.2025 16:27:26;3.5;
08.01.2025 16:27:27;3.51;
08.01.2025 16:27:28;3.5;
08.01.2025 16:27:29;3.5;
08.01.2025 16:27:30;3.51;
08.01.2025 16:27:31;3.51;
08.01.2025 16:27:32;3.5;
08.01.2025 16:27:33;3.51;
08.01.2025 16:27:36;3.51;
08.01.2025 16:27:37;3.5;
08.01.2025 16:27:38;3.51;
08.01.2025 16:27:40;3.51;
08.01.2025 16:27:41;3.5;
08.01.2025 16:27:42;3.51;
08.01.2025 16:27:47;3.51;
08.01.2025 16:27:48;3.5;
08.01.2025 16:27:49;3.5;
08.01.2025 16:27:50;3.51;
08.01.2025 16:27:53;3.51;
08.01.2025 16:27:54;3.5;
08.01.2025 16:27:55;3.51;
08.01.2025 16:27:56;3.51;
08.01.2025 16:27:57;3.5;
08.01.2025 16:27:58;3.51;
08.01.2025 16:27:59;3.51;
08.01.2025 16:28:00;3.5;
08.01.2025 16:28:01;3.51;
08.01.2025 16:28:02;3.5;
08.01.2025 16:28:03;3.5;
08.01.2025 16:28:04;3.51;
08.01.2025 16:28:08;3.51;
08.01.2025 16:28:09;3.5;
08.01.2025 16:28:10;3.51;
08.01.2025 16:28:11;3.5;
08.01.2025 16:28:12;3.51;
08.01.2025 16:28:24;3.51;
08.01.2025 16:28:25;3.52;
08.01.2025 16:28:26;3.51;
08.01.2025 16:28:27;3.5;
08.01.2025 16:28:28;3.52;
08.01.2025 16:28:29;3.51;
08.01.2025 16:28:30;3.51;
08.01.2025 16:28:31;3.5;
08.01.2025 16:28:33;3.5;
08.01.2025 16:28:34;3.52;
08.01.2025 16:28:35;3.51;
08.01.2025 16:28:37;3.51;
08.01.2025 16:28:38;3.5;
08.01.2025 16:28:39;3.51;
08.01.2025 16:28:41;3.51;
08.01.2025 16:28:42;3.5;
08.01.2025 16:28:44;3.5;
08.01.2025 16:28:45;3.51;
08.01.2025 16:28:47;3.51;
08.01.2025 16:28:48;3.52;
08.01.2025 16:28:49;3.52;
08.01.2025 16:28:50;3.51;
08.01.2025 16:28:51;3.5;
08.01.2025 16:28:52;3.51;
08.01.2025 16:28:53;3.51;
08.01.2025 16:28:54;3.52;
08.01.2025 16:28:55;3.51;
08.01.2025 16:29:02;3.51;
08.01.2025 16:29:03;3.5;
08.01.2025 16:29:04;3.51;
08.01.2025 16:29:05;3.52;
08.01.2025 16:29:06;3.5;
08.01.2025 16:29:07;3.51;
08.01.2025 16:29:08;3.5;
08.01.2025 16:29:09;3.51;
08.01.2025 16:29:10;3.52;
08.01.2025 16:29:11;3.51;
08.01.2025 16:29:14;3.51;
08.01.2025 16:29:15;3.5;
08.01.2025 16:29:17;3.5;
08.01.2025 16:29:18;3.51;
08.01.2025 16:29:19;3.51;
08.01.2025 16:29:20;3.5;
08.01.2025 16:29:21;3.5;
08.01.2025 16:29:22;3.51;
08.01.2025 16:29:23;3.5;
08.01.2025 16:29:24;3.51;
08.01.2025 16:29:26;3.51;
08.01.2025 16:29:27;3.52;
08.01.2025 16:29:28;3.51;
08.01.2025 16:29:29;3.52;
08.01.2025 16:29:30;3.51;
08.01.2025 16:29:33;3.51;
08.01.2025 16:29:34;3.52;
08.01.2025 16:29:35;3.5;
08.01.2025 16:29:36;3.51;
08.01.2025 16:29:37;3.51;
08.01.2025 16:29:38;3.52;
08.01.2025 16:29:39;3.51;
08.01.2025 16:29:40;3.5;
08.01.2025 16:29:41;3.51;
08.01.2025 16:29:44;3.51;
08.01.2025 16:29:45;3.5;
08.01.2025 16:29:46;3.51;
08.01.2025 16:29:48;3.51;
08.01.2025 16:29:49;3.5;
08.01.2025 16:29:50;3.51;
08.01.2025 16:29:52;3.51;
08.01.2025 16:29:53;3.5;
08.01.2025 16:29:54;3.51;
08.01.2025 16:29:57;3.51;
08.01.2025 16:29:58;3.5;
08.01.2025 16:29:59;3.51;
08.01.2025 16:30:00;3.51;
08.01.2025 16:30:01;3.5;
08.01.2025 16:30:02;3.51;
08.01.2025 16:30:09;3.51;
08.01.2025 16:30:10;3.5;
08.01.2025 16:30:11;3.51;
08.01.2025 16:30:12;3.51;
08.01.2025 16:30:13;3.5;
08.01.2025 16:30:14;3.5;
08.01.2025 16:30:15;3.51;
08.01.2025 16:30:20;3.51;
08.01.2025 16:30:21;3.5;
08.01.2025 16:30:23;3.5;
08.01.2025 16:30:24;3.51;
08.01.2025 16:30:25;3.5;
08.01.2025 16:30:28;3.5;
08.01.2025 16:30:29;3.51;
08.01.2025 16:30:33;3.51;
08.01.2025 16:30:34;3.5;
08.01.2025 16:30:35;3.51;
08.01.2025 16:30:52;3.51;
08.01.2025 16:30:53;3.5;
08.01.2025 16:30:54;3.51;
08.01.2025 16:30:58;3.51;
08.01.2025 16:30:59;3.52;
08.01.2025 16:31:00;3.52;
08.01.2025 16:31:01;3.51;
08.01.2025 16:31:05;3.51;
08.01.2025 16:31:06;3.5;
08.01.2025 16:31:07;3.51;
08.01.2025 16:31:08;3.52;
08.01.2025 16:31:09;3.51;
08.01.2025 16:31:18;3.51;
08.01.2025 16:31:19;3.5;
08.01.2025 16:31:20;3.51;
08.01.2025 16:31:22;3.51;
08.01.2025 16:31:23;3.5;
08.01.2025 16:31:24;3.51;
08.01.2025 16:31:25;3.51;
08.01.2025 16:31:26;3.52;
08.01.2025 16:31:27;3.51;
08.01.2025 16:31:28;3.51;
08.01.2025 16:31:29;3.52;
08.01.2025 16:31:30;3.51;
08.01.2025 16:31:34;3.51;
08.01.2025 16:31:35;3.5;
08.01.2025 16:31:36;3.51;
08.01.2025 16:31:37;3.51;
08.01.2025 16:31:38;3.52;
08.01.2025 16:31:39;3.51;
08.01.2025 16:31:40;3.51;
08.01.2025 16:31:41;3.52;
08.01.2025 16:31:42;3.51;
08.01.2025 16:31:43;3.5;
08.01.2025 16:31:44;3.51;
08.01.2025 16:31:46;3.51;
08.01.2025 16:31:47;3.5;
08.01.2025 16:31:48;3.51;
08.01.2025 16:31:50;3.51;
08.01.2025 16:31:51;3.52;
08.01.2025 16:31:52;3.51;
08.01.2025 16:31:53;3.51;
08.01.2025 16:31:54;3.52;
08.01.2025 16:31:56;3.52;
08.01.2025 16:31:57;3.51;
08.01.2025 16:31:58;3.51;
08.01.2025 16:31:59;3.52;
08.01.2025 16:32:00;3.51;
08.01.2025 16:32:05;3.51;
08.01.2025 16:32:06;3.52;
08.01.2025 16:32:07;3.51;
08.01.2025 16:32:14;3.51;
08.01.2025 16:32:15;3.52;
08.01.2025 16:32:16;3.51;
08.01.2025 16:32:17;3.52;
08.01.2025 16:32:18;3.51;
08.01.2025 16:32:20;3.51;
08.01.2025 16:32:21;3.52;
08.01.2025 16:32:22;3.51;
08.01.2025 16:32:23;3.52;
08.01.2025 16:32:26;3.52;
08.01.2025 16:32:27;3.51;
08.01.2025 16:32:28;3.5;
08.01.2025 16:32:29;3.51;
08.01.2025 16:32:30;3.51;
08.01.2025 16:32:31;3.52;
08.01.2025 16:32:33;3.52;
08.01.2025 16:32:34;3.51;
08.01.2025 16:32:35;3.51;
08.01.2025 16:32:36;3.52;
08.01.2025 16:32:37;3.51;
08.01.2025 16:32:39;3.51;
08.01.2025 16:32:40;3.52;
08.01.2025 16:32:41;3.52;
08.01.2025 16:32:42;3.51;
08.01.2025 16:32:43;3.51;
08.01.2025 16:32:44;3.52;
08.01.2025 16:32:45;3.51;
08.01.2025 16:32:46;3.52;
08.01.2025 16:32:47;3.52;
08.01.2025 16:32:48;3.51;
08.01.2025 16:32:49;3.52;
08.01.2025 16:32:50;3.51;
08.01.2025 16:32:55;3.51;
08.01.2025 16:32:56;3.52;
08.01.2025 16:32:57;3.51;
08.01.2025 16:32:58;3.52;
08.01.2025 16:33:02;3.52;
08.01.2025 16:33:03;3.51;
08.01.2025 16:33:04;3.51;
08.01.2025 16:33:05;3.52;
08.01.2025 16:33:06;3.51;
08.01.2025 16:33:07;3.53;
08.01.2025 16:33:08;3.52;
08.01.2025 16:33:09;3.52;
08.01.2025 16:33:10;3.51;
08.01.2025 16:33:11;3.52;
08.01.2025 16:33:12;3.51;
08.01.2025 16:33:18;3.51;
08.01.2025 16:33:19;3.52;
08.01.2025 16:33:20;3.51;
08.01.2025 16:33:26;3.51;
08.01.2025 16:33:27;3.52;
08.01.2025 16:33:28;3.51;
08.01.2025 16:33:29;3.52;
08.01.2025 16:33:30;3.51;
08.01.2025 16:33:32;3.51;
08.01.2025 16:33:33;3.52;
08.01.2025 16:33:34;3.51;
08.01.2025 16:33:35;3.52;
08.01.2025 16:33:36;3.5;
08.01.2025 16:33:37;3.51;
08.01.2025 16:33:38;3.51;
08.01.2025 16:33:39;3.52;
08.01.2025 16:33:40;3.51;
08.01.2025 16:33:41;3.52;
08.01.2025 16:33:42;3.51;
08.01.2025 16:33:45;3.51;
08.01.2025 16:33:46;3.52;
08.01.2025 16:33:47;3.51;
08.01.2025 16:33:49;3.51;
08.01.2025 16:33:50;3.52;
08.01.2025 16:33:53;3.52;
08.01.2025 16:33:54;3.51;
08.01.2025 16:33:55;3.52;
08.01.2025 16:33:56;3.51;
08.01.2025 16:33:57;3.51;
08.01.2025 16:33:58;3.52;
08.01.2025 16:33:59;3.51;
08.01.2025 16:34:00;3.51;
08.01.2025 16:34:01;3.52;
08.01.2025 16:34:02;3.51;
08.01.2025 16:34:03;3.52;
08.01.2025 16:34:04;3.51;
08.01.2025 16:34:05;3.52;
08.01.2025 16:34:06;3.51;
08.01.2025 16:34:07;3.52;
08.01.2025 16:34:08;3.51;
08.01.2025 16:34:09;3.51;
08.01.2025 16:34:10;3.52;
08.01.2025 16:34:11;3.52;
08.01.2025 16:34:12;3.51;
08.01.2025 16:34:13;3.52;
08.01.2025 16:34:14;3.51;
08.01.2025 16:34:15;3.52;
08.01.2025 16:34:16;3.52;
08.01.2025 16:34:17;3.51;
08.01.2025 16:34:18;3.51;
08.01.2025 16:34:19;3.52;
08.01.2025 16:34:20;3.51;
08.01.2025 16:34:22;3.51;
08.01.2025 16:34:23;3.52;
08.01.2025 16:34:24;3.51;
08.01.2025 16:34:25;3.51;
08.01.2025 16:34:26;3.52;
08.01.2025 16:34:27;3.51;
08.01.2025 16:34:29;3.51;
08.01.2025 16:34:30;3.52;
08.01.2025 16:34:31;3.51;
08.01.2025 16:34:33;3.51;
08.01.2025 16:34:34;3.52;
08.01.2025 16:34:40;3.52;
08.01.2025 16:34:41;3.51;
08.01.2025 16:34:42;3.52;
08.01.2025 16:34:44;3.52;
08.01.2025 16:34:45;3.51;
08.01.2025 16:34:46;3.52;
08.01.2025 16:34:48;3.52;
08.01.2025 16:34:49;3.51;
08.01.2025 16:34:50;3.52;
08.01.2025 16:34:54;3.52;
08.01.2025 16:34:55;3.51;
08.01.2025 16:34:59;3.51;
08.01.2025 16:35:00;3.52;
08.01.2025 16:35:01;3.51;
08.01.2025 16:35:02;3.52;
08.01.2025 16:35:05;3.52;
08.01.2025 16:35:06;3.51;
08.01.2025 16:35:07;3.5;
08.01.2025 16:35:08;3.51;
08.01.2025 16:35:12;3.51;
08.01.2025 16:35:13;3.52;
08.01.2025 16:35:14;3.51;
08.01.2025 16:35:15;3.51;
08.01.2025 16:35:16;3.52;
08.01.2025 16:35:17;3.51;
08.01.2025 16:35:19;3.51;
08.01.2025 16:35:20;3.52;
08.01.2025 16:35:21;3.51;
08.01.2025 16:35:22;3.51;
08.01.2025 16:35:23;3.52;
08.01.2025 16:35:25;3.52;
08.01.2025 16:35:26;3.51;
08.01.2025 16:35:27;3.52;
08.01.2025 16:35:28;3.51;
08.01.2025 16:35:30;3.51;
08.01.2025 16:35:31;3.52;
08.01.2025 16:35:32;3.51;
08.01.2025 16:35:36;3.51;
08.01.2025 16:35:37;3.5;
08.01.2025 16:35:38;3.52;
08.01.2025 16:35:39;3.51;
08.01.2025 16:35:40;3.52;
08.01.2025 16:35:41;3.52;
08.01.2025 16:35:42;3.51;
08.01.2025 16:35:46;3.51;
08.01.2025 16:35:47;3.52;
08.01.2025 16:35:48;3.52;
08.01.2025 16:35:49;3.51;
08.01.2025 16:35:50;3.51;
08.01.2025 16:35:51;3.52;
08.01.2025 16:35:52;3.51;
08.01.2025 16:35:57;3.51;
08.01.2025 16:35:58;3.5;
08.01.2025 16:35:59;3.51;
08.01.2025 16:36:03;3.51;
08.01.2025 16:36:04;3.52;
08.01.2025 16:36:05;3.52;
08.01.2025 16:36:06;3.51;
08.01.2025 16:36:07;3.51;
08.01.2025 16:36:08;3.52;
08.01.2025 16:36:09;3.52;
08.01.2025 16:36:10;3.51;
08.01.2025 16:36:11;3.52;
08.01.2025 16:36:12;3.52;
08.01.2025 16:36:13;3.51;
08.01.2025 16:36:17;3.51;
08.01.2025 16:36:18;3.52;
08.01.2025 16:36:19;3.51;
08.01.2025 16:36:23;3.51;
08.01.2025 16:36:24;3.5;
08.01.2025 16:36:25;3.51;
08.01.2025 16:36:26;3.52;
08.01.2025 16:36:29;3.52;
08.01.2025 16:36:30;3.51;
08.01.2025 16:36:33;3.51;
08.01.2025 16:36:34;3.52;
08.01.2025 16:36:35;3.52;
08.01.2025 16:36:36;3.51;
08.01.2025 16:36:37;3.5;
08.01.2025 16:36:38;3.51;
08.01.2025 16:36:48;3.51;
08.01.2025 16:36:49;3.5;
08.01.2025 16:36:50;3.51;
08.01.2025 16:36:51;3.52;
08.01.2025 16:36:52;3.51;
08.01.2025 16:36:53;3.52;
08.01.2025 16:36:54;3.51;
08.01.2025 16:36:55;3.52;
08.01.2025 16:36:56;3.51;
08.01.2025 16:37:03;3.51;
08.01.2025 16:37:04;3.52;
08.01.2025 16:37:05;3.52;
08.01.2025 16:37:06;3.51;
08.01.2025 16:37:07;3.51;
08.01.2025 16:37:08;3.52;
08.01.2025 16:37:09;3.51;
08.01.2025 16:37:10;3.52;
08.01.2025 16:37:12;3.52;
08.01.2025 16:37:13;3.51;
08.01.2025 16:37:14;3.52;
08.01.2025 16:37:15;3.51;
08.01.2025 16:37:16;3.52;
08.01.2025 16:37:18;3.52;
08.01.2025 16:37:19;3.51;
08.01.2025 16:37:20;3.52;
08.01.2025 16:37:21;3.51;
08.01.2025 16:37:22;3.52;
08.01.2025 16:37:23;3.52;
08.01.2025 16:37:24;3.51;
08.01.2025 16:37:25;3.52;
08.01.2025 16:37:26;3.51;
08.01.2025 16:37:27;3.52;
08.01.2025 16:37:28;3.51;
08.01.2025 16:37:29;3.52;
08.01.2025 16:37:30;3.51;
08.01.2025 16:37:31;3.51;
08.01.2025 16:37:32;3.52;
08.01.2025 16:37:33;3.52;
08.01.2025 16:37:34;3.51;
08.01.2025 16:37:35;3.53;
08.01.2025 16:37:36;3.51;
08.01.2025 16:37:37;3.52;
08.01.2025 16:37:38;3.52;
08.01.2025 16:37:39;3.51;
08.01.2025 16:37:40;3.51;
08.01.2025 16:37:41;3.52;
08.01.2025 16:37:42;3.51;
08.01.2025 16:37:44;3.51;
08.01.2025 16:37:45;3.52;
08.01.2025 16:37:46;3.51;
08.01.2025 16:37:47;3.52;
08.01.2025 16:37:49;3.52;
08.01.2025 16:37:50;3.51;
08.01.2025 16:37:51;3.52;
08.01.2025 16:37:52;3.51;
08.01.2025 16:37:54;3.51;
08.01.2025 16:37:55;3.52;
08.01.2025 16:37:56;3.52;
08.01.2025 16:37:57;3.51;
08.01.2025 16:37:59;3.51;
08.01.2025 16:38:00;3.52;
08.01.2025 16:38:01;3.51;
08.01.2025 16:38:02;3.51;
08.01.2025 16:38:03;3.52;
08.01.2025 16:38:04;3.51;
08.01.2025 16:38:06;3.51;
08.01.2025 16:38:07;3.52;
08.01.2025 16:38:08;3.52;
08.01.2025 16:38:09;3.51;
08.01.2025 16:38:10;3.51;
08.01.2025 16:38:11;3.52;
08.01.2025 16:38:12;3.52;
08.01.2025 16:38:13;3.51;
08.01.2025 16:38:14;3.52;
08.01.2025 16:38:16;3.52;
08.01.2025 16:38:17;3.51;
08.01.2025 16:38:21;3.51;
08.01.2025 16:38:22;3.52;
08.01.2025 16:38:24;3.52;
08.01.2025 16:38:25;3.51;
08.01.2025 16:38:26;3.51;
08.01.2025 16:38:27;3.52;
08.01.2025 16:38:33;3.52;
08.01.2025 16:38:34;3.51;
08.01.2025 16:38:35;3.51;
08.01.2025 16:38:36;3.52;
08.01.2025 16:38:38;3.52;
08.01.2025 16:38:39;3.51;
08.01.2025 16:38:41;3.51;
08.01.2025 16:38:42;3.52;
08.01.2025 16:38:43;3.52;
08.01.2025 16:38:44;3.51;
08.01.2025 16:38:45;3.52;
08.01.2025 16:38:47;3.52;
08.01.2025 16:38:48;3.53;
08.01.2025 16:38:49;3.52;
08.01.2025 16:38:50;3.51;
08.01.2025 16:38:51;3.52;
08.01.2025 16:39:02;3.52;
08.01.2025 16:39:03;3.51;
08.01.2025 16:39:04;3.52;
08.01.2025 16:39:07;3.52;
08.01.2025 16:39:08;3.51;
08.01.2025 16:39:09;3.51;
08.01.2025 16:39:10;3.52;
08.01.2025 16:39:13;3.52;
08.01.2025 16:39:14;3.51;
08.01.2025 16:39:15;3.52;
08.01.2025 16:39:21;3.52;
08.01.2025 16:39:22;3.51;
08.01.2025 16:39:23;3.51;
08.01.2025 16:39:24;3.52;
08.01.2025 16:39:25;3.52;
08.01.2025 16:39:26;3.51;
08.01.2025 16:39:27;3.52;
08.01.2025 16:39:28;3.51;
08.01.2025 16:39:29;3.51;
08.01.2025 16:39:30;3.52;
08.01.2025 16:39:31;3.52;
08.01.2025 16:39:32;3.53;
08.01.2025 16:39:33;3.51;
08.01.2025 16:39:34;3.52;
08.01.2025 16:39:39;3.52;
08.01.2025 16:39:40;3.51;
08.01.2025 16:39:41;3.52;
08.01.2025 16:39:42;3.51;
08.01.2025 16:39:43;3.52;
08.01.2025 16:39:46;3.52;
08.01.2025 16:39:47;3.51;
08.01.2025 16:39:48;3.51;
08.01.2025 16:39:49;3.52;
08.01.2025 16:39:50;3.51;
08.01.2025 16:39:51;3.52;
08.01.2025 16:39:54;3.52;
08.01.2025 16:39:55;3.51;
08.01.2025 16:39:56;3.51;
08.01.2025 16:39:57;3.52;
08.01.2025 16:39:58;3.53;
08.01.2025 16:39:59;3.52;
08.01.2025 16:40:01;3.52;
08.01.2025 16:40:02;3.51;
08.01.2025 16:40:03;3.51;
08.01.2025 16:40:04;3.52;
08.01.2025 16:40:07;3.52;
08.01.2025 16:40:08;3.51;
08.01.2025 16:40:09;3.53;
08.01.2025 16:40:10;3.52;
08.01.2025 16:40:16;3.52;
08.01.2025 16:40:17;3.51;
08.01.2025 16:40:18;3.52;
08.01.2025 16:40:20;3.52;
08.01.2025 16:40:21;3.51;
08.01.2025 16:40:22;3.52;
08.01.2025 16:40:35;3.52;
08.01.2025 16:40:36;3.53;
08.01.2025 16:40:37;3.52;
08.01.2025 16:40:38;3.52;
08.01.2025 16:40:39;3.51;
08.01.2025 16:40:40;3.51;
08.01.2025 16:40:41;3.52;
08.01.2025 16:40:49;3.52;
08.01.2025 16:40:50;3.51;
08.01.2025 16:40:51;3.51;
08.01.2025 16:40:52;3.53;
08.01.2025 16:40:53;3.52;
08.01.2025 16:41:00;3.52;
08.01.2025 16:41:01;3.51;
08.01.2025 16:41:02;3.52;
08.01.2025 16:41:04;3.52;
08.01.2025 16:41:05;3.51;
08.01.2025 16:41:06;3.52;
08.01.2025 16:41:07;3.52;
08.01.2025 16:41:08;3.51;
08.01.2025 16:41:10;3.51;
08.01.2025 16:41:11;3.53;
08.01.2025 16:41:12;3.52;
08.01.2025 16:41:13;3.53;
08.01.2025 16:41:14;3.52;
08.01.2025 16:41:17;3.52;
08.01.2025 16:41:18;3.51;
08.01.2025 16:41:19;3.52;
08.01.2025 16:41:22;3.52;
08.01.2025 16:41:23;3.51;
08.01.2025 16:41:24;3.52;
08.01.2025 16:41:25;3.52;
08.01.2025 16:41:26;3.51;
08.01.2025 16:41:27;3.52;
08.01.2025 16:41:28;3.51;
08.01.2025 16:41:29;3.52;
08.01.2025 16:41:34;3.52;
08.01.2025 16:41:35;3.51;
08.01.2025 16:41:36;3.52;
08.01.2025 16:41:37;3.52;
08.01.2025 16:41:38;3.51;
08.01.2025 16:41:39;3.52;
08.01.2025 16:41:41;3.52;
08.01.2025 16:41:42;3.51;
08.01.2025 16:41:43;3.52;
08.01.2025 16:41:48;3.52;
08.01.2025 16:41:49;3.51;
08.01.2025 16:41:50;3.52;
08.01.2025 16:41:54;3.52;
08.01.2025 16:41:55;3.53;
08.01.2025 16:41:56;3.52;
08.01.2025 16:42:00;3.52;
08.01.2025 16:42:01;3.51;
08.01.2025 16:42:02;3.52;
08.01.2025 16:42:03;3.51;
08.01.2025 16:42:04;3.52;
08.01.2025 16:42:05;3.51;
08.01.2025 16:42:06;3.52;
08.01.2025 16:42:07;3.53;
08.01.2025 16:42:08;3.52;
08.01.2025 16:42:09;3.52;
08.01.2025 16:42:10;3.51;
08.01.2025 16:42:11;3.53;
08.01.2025 16:42:12;3.51;
08.01.2025 16:42:13;3.53;
08.01.2025 16:42:14;3.52;
08.01.2025 16:42:15;3.52;
08.01.2025 16:42:16;3.51;
08.01.2025 16:42:17;3.52;
08.01.2025 16:42:18;3.52;
08.01.2025 16:42:19;3.51;
08.01.2025 16:42:20;3.52;
08.01.2025 16:42:21;3.52;
08.01.2025 16:42:22;3.51;
08.01.2025 16:42:23;3.52;
08.01.2025 16:42:24;3.52;
08.01.2025 16:42:25;3.51;
08.01.2025 16:42:26;3.53;
08.01.2025 16:42:27;3.52;
08.01.2025 16:42:29;3.52;
08.01.2025 16:42:30;3.51;
08.01.2025 16:42:32;3.51;
08.01.2025 16:42:33;3.52;
08.01.2025 16:42:37;3.52;
08.01.2025 16:42:38;3.53;
08.01.2025 16:42:39;3.52;
08.01.2025 16:42:40;3.51;
08.01.2025 16:42:42;3.51;
08.01.2025 16:42:43;3.52;
08.01.2025 16:42:45;3.52;
08.01.2025 16:42:46;3.53;
08.01.2025 16:42:47;3.52;
08.01.2025 16:42:48;3.52;
08.01.2025 16:42:49;3.51;
08.01.2025 16:42:50;3.52;
08.01.2025 16:42:55;3.52;
08.01.2025 16:42:56;3.51;
08.01.2025 16:42:57;3.52;
08.01.2025 16:43:01;3.52;
08.01.2025 16:43:02;3.53;
08.01.2025 16:43:03;3.52;
08.01.2025 16:43:04;3.52;
08.01.2025 16:43:05;3.51;
08.01.2025 16:43:06;3.52;
08.01.2025 16:43:10;3.52;
08.01.2025 16:43:11;3.53;
08.01.2025 16:43:12;3.52;
08.01.2025 16:43:13;3.52;
08.01.2025 16:43:14;3.53;
08.01.2025 16:43:15;3.52;
08.01.2025 16:43:18;3.52;
08.01.2025 16:43:19;3.51;
08.01.2025 16:43:20;3.52;
08.01.2025 16:43:22;3.52;
08.01.2025 16:43:23;3.53;
08.01.2025 16:43:24;3.52;
08.01.2025 16:43:25;3.51;
08.01.2025 16:43:26;3.52;
08.01.2025 16:43:27;3.51;
08.01.2025 16:43:28;3.52;
08.01.2025 16:43:29;3.52;
08.01.2025 16:43:30;3.53;
08.01.2025 16:43:31;3.52;
08.01.2025 16:43:32;3.52;
08.01.2025 16:43:33;3.51;
08.01.2025 16:43:34;3.52;
08.01.2025 16:43:38;3.52;
08.01.2025 16:43:39;3.53;
08.01.2025 16:43:40;3.52;
08.01.2025 16:43:41;3.52;
08.01.2025 16:43:42;3.51;
08.01.2025 16:43:43;3.53;
08.01.2025 16:43:44;3.52;
08.01.2025 16:43:47;3.52;
08.01.2025 16:43:48;3.53;
08.01.2025 16:43:49;3.53;
08.01.2025 16:43:50;3.52;
08.01.2025 16:43:54;3.52;
08.01.2025 16:43:55;3.53;
08.01.2025 16:43:56;3.53;
08.01.2025 16:43:57;3.52;
08.01.2025 16:43:59;3.52;
08.01.2025 16:44:00;3.53;
08.01.2025 16:44:01;3.53;
08.01.2025 16:44:02;3.52;
08.01.2025 16:44:04;3.52;
08.01.2025 16:44:05;3.53;
08.01.2025 16:44:06;3.52;
08.01.2025 16:44:07;3.51;
08.01.2025 16:44:08;3.52;
08.01.2025 16:44:09;3.52;
08.01.2025 16:44:10;3.53;
08.01.2025 16:44:11;3.52;
08.01.2025 16:44:12;3.53;
08.01.2025 16:44:14;3.53;
08.01.2025 16:44:15;3.52;
08.01.2025 16:44:16;3.53;
08.01.2025 16:44:17;3.52;
08.01.2025 16:44:20;3.52;
08.01.2025 16:44:21;3.53;
08.01.2025 16:44:23;3.53;
08.01.2025 16:44:24;3.52;
08.01.2025 16:44:25;3.51;
08.01.2025 16:44:26;3.52;
08.01.2025 16:44:27;3.53;
08.01.2025 16:44:28;3.52;
08.01.2025 16:44:29;3.52;
08.01.2025 16:44:30;3.53;
08.01.2025 16:44:31;3.52;
08.01.2025 16:44:35;3.52;
08.01.2025 16:44:36;3.53;
08.01.2025 16:44:37;3.52;
08.01.2025 16:44:43;3.52;
08.01.2025 16:44:44;3.53;
08.01.2025 16:44:47;3.53;
08.01.2025 16:44:48;3.52;
08.01.2025 16:44:49;3.53;
08.01.2025 16:44:51;3.53;
08.01.2025 16:44:52;3.52;
08.01.2025 16:44:53;3.53;
08.01.2025 16:44:57;3.53;
08.01.2025 16:44:58;3.52;
08.01.2025 16:44:59;3.53;
08.01.2025 16:45:00;3.52;
08.01.2025 16:45:01;3.52;
08.01.2025 16:45:02;3.53;
08.01.2025 16:45:03;3.52;
08.01.2025 16:45:04;3.53;
08.01.2025 16:45:06;3.53;
08.01.2025 16:45:07;3.52;
08.01.2025 16:45:11;3.52;
08.01.2025 16:45:12;3.53;
08.01.2025 16:45:14;3.53;
08.01.2025 16:45:15;3.52;
08.01.2025 16:45:21;3.52;
08.01.2025 16:45:22;3.53;
08.01.2025 16:45:23;3.52;
08.01.2025 16:45:24;3.53;
08.01.2025 16:45:26;3.53;
08.01.2025 16:45:27;3.52;
08.01.2025 16:45:28;3.53;
08.01.2025 16:45:29;3.52;
08.01.2025 16:45:30;3.53;
08.01.2025 16:45:31;3.52;
08.01.2025 16:45:32;3.52;
08.01.2025 16:45:33;3.53;
08.01.2025 16:45:36;3.53;
08.01.2025 16:45:37;3.52;
08.01.2025 16:45:38;3.52;
08.01.2025 16:45:39;3.53;
08.01.2025 16:45:43;3.53;
08.01.2025 16:45:44;3.52;
08.01.2025 16:45:45;3.53;
08.01.2025 16:45:46;3.52;
08.01.2025 16:45:47;3.53;
08.01.2025 16:45:49;3.53;
08.01.2025 16:45:50;3.52;
08.01.2025 16:45:51;3.53;
08.01.2025 16:45:52;3.53;
08.01.2025 16:45:53;3.52;
08.01.2025 16:45:54;3.52;
08.01.2025 16:45:55;3.53;
08.01.2025 16:45:59;3.53;
08.01.2025 16:46:00;3.52;
08.01.2025 16:46:03;3.52;
08.01.2025 16:46:04;3.53;
08.01.2025 16:46:05;3.53;
08.01.2025 16:46:06;3.52;
08.01.2025 16:46:08;3.52;
08.01.2025 16:46:09;3.53;
08.01.2025 16:46:11;3.53;
08.01.2025 16:46:12;3.52;
08.01.2025 16:46:15;3.52;
08.01.2025 16:46:16;3.53;
08.01.2025 16:46:17;3.52;
08.01.2025 16:46:18;3.53;
08.01.2025 16:46:19;3.52;
08.01.2025 16:46:20;3.52;
08.01.2025 16:46:21;3.51;
08.01.2025 16:46:22;3.52;
08.01.2025 16:46:32;3.52;
08.01.2025 16:46:33;3.53;
08.01.2025 16:46:36;3.53;
08.01.2025 16:46:37;3.52;
08.01.2025 16:46:38;3.53;
08.01.2025 16:46:39;3.53;
08.01.2025 16:46:40;3.52;
08.01.2025 16:46:41;3.52;
08.01.2025 16:46:42;3.53;
08.01.2025 16:46:43;3.52;
08.01.2025 16:46:44;3.52;
08.01.2025 16:46:45;3.53;
08.01.2025 16:46:52;3.53;
08.01.2025 16:46:53;3.52;
08.01.2025 16:46:55;3.52;
08.01.2025 16:46:56;3.53;
08.01.2025 16:46:57;3.52;
08.01.2025 16:46:58;3.52;
08.01.2025 16:46:59;3.53;
08.01.2025 16:47:00;3.53;
08.01.2025 16:47:01;3.52;
08.01.2025 16:47:02;3.53;
08.01.2025 16:47:07;3.53;
08.01.2025 16:47:08;3.52;
08.01.2025 16:47:09;3.53;
08.01.2025 16:47:11;3.53;
08.01.2025 16:47:12;3.52;
08.01.2025 16:47:13;3.52;
08.01.2025 16:47:14;3.53;
08.01.2025 16:47:15;3.54;
08.01.2025 16:47:16;3.52;
08.01.2025 16:47:17;3.53;
08.01.2025 16:47:18;3.52;
08.01.2025 16:47:19;3.52;
08.01.2025 16:47:20;3.53;
08.01.2025 16:47:22;3.53;
08.01.2025 16:47:23;3.52;
08.01.2025 16:47:24;3.53;
08.01.2025 16:47:26;3.53;
08.01.2025 16:47:27;3.52;
08.01.2025 16:47:30;3.52;
08.01.2025 16:47:31;3.53;
08.01.2025 16:47:32;3.52;
08.01.2025 16:47:33;3.52;
08.01.2025 16:47:34;3.53;
08.01.2025 16:47:35;3.52;
08.01.2025 16:47:40;3.52;
08.01.2025 16:47:41;3.53;
08.01.2025 16:47:43;3.53;
08.01.2025 16:47:44;3.52;
08.01.2025 16:47:45;3.53;
08.01.2025 16:47:46;3.53;
08.01.2025 16:47:47;3.52;
08.01.2025 16:47:48;3.53;
08.01.2025 16:47:49;3.53;
08.01.2025 16:47:50;3.52;
08.01.2025 16:47:55;3.52;
08.01.2025 16:47:56;3.53;
08.01.2025 16:47:57;3.52;
08.01.2025 16:47:58;3.54;
08.01.2025 16:47:59;3.53;
08.01.2025 16:48:01;3.53;
08.01.2025 16:48:02;3.52;
08.01.2025 16:48:04;3.52;
08.01.2025 16:48:05;3.53;
08.01.2025 16:48:06;3.53;
08.01.2025 16:48:07;3.52;
08.01.2025 16:48:08;3.52;
08.01.2025 16:48:09;3.53;
08.01.2025 16:48:11;3.53;
08.01.2025 16:48:12;3.52;
08.01.2025 16:48:13;3.53;
08.01.2025 16:48:14;3.52;
08.01.2025 16:48:15;3.53;
08.01.2025 16:48:19;3.53;
08.01.2025 16:48:20;3.52;
08.01.2025 16:48:21;3.52;
08.01.2025 16:48:22;3.53;
08.01.2025 16:48:23;3.52;
08.01.2025 16:48:25;3.52;
08.01.2025 16:48:26;3.53;
08.01.2025 16:48:27;3.53;
08.01.2025 16:48:28;3.52;
08.01.2025 16:48:33;3.52;
08.01.2025 16:48:34;3.53;
08.01.2025 16:48:35;3.52;
08.01.2025 16:48:37;3.52;
08.01.2025 16:48:38;3.53;
08.01.2025 16:48:41;3.53;
08.01.2025 16:48:42;3.52;
08.01.2025 16:48:43;3.53;
08.01.2025 16:48:44;3.52;
08.01.2025 16:48:45;3.53;
08.01.2025 16:48:48;3.53;
08.01.2025 16:48:49;3.52;
08.01.2025 16:48:50;3.52;
08.01.2025 16:48:51;3.53;
08.01.2025 16:48:53;3.53;
08.01.2025 16:48:54;3.52;
08.01.2025 16:48:55;3.52;
08.01.2025 16:48:56;3.53;
08.01.2025 16:49:01;3.53;
08.01.2025 16:49:02;3.52;
08.01.2025 16:49:03;3.52;
08.01.2025 16:49:04;3.53;
08.01.2025 16:49:05;3.52;
08.01.2025 16:49:06;3.53;
08.01.2025 16:49:10;3.53;
08.01.2025 16:49:11;3.52;
08.01.2025 16:49:12;3.53;
08.01.2025 16:49:13;3.53;
08.01.2025 16:49:14;3.54;
08.01.2025 16:49:15;3.53;
08.01.2025 16:49:16;3.51;
08.01.2025 16:49:17;3.53;
08.01.2025 16:49:19;3.53;
08.01.2025 16:49:20;3.52;
08.01.2025 16:49:23;3.52;
08.01.2025 16:49:24;3.53;
08.01.2025 16:49:28;3.53;
08.01.2025 16:49:29;3.52;
08.01.2025 16:49:30;3.53;
08.01.2025 16:49:31;3.52;
08.01.2025 16:49:32;3.52;
08.01.2025 16:49:33;3.53;
08.01.2025 16:49:34;3.54;
08.01.2025 16:49:35;3.53;
08.01.2025 16:49:36;3.53;
08.01.2025 16:49:37;3.52;
08.01.2025 16:49:38;3.52;
08.01.2025 16:49:39;3.53;
08.01.2025 16:49:42;3.53;
08.01.2025 16:49:43;3.52;
08.01.2025 16:49:44;3.52;
08.01.2025 16:49:45;3.53;
08.01.2025 16:49:49;3.53;
08.01.2025 16:49:50;3.54;
08.01.2025 16:49:51;3.52;
08.01.2025 16:49:52;3.53;
08.01.2025 16:49:55;3.53;
08.01.2025 16:49:56;3.52;
08.01.2025 16:49:57;3.53;
08.01.2025 16:49:59;3.53;
08.01.2025 16:50:00;3.52;
08.01.2025 16:50:01;3.53;
08.01.2025 16:50:02;3.54;
08.01.2025 16:50:03;3.53;
08.01.2025 16:50:04;3.52;
08.01.2025 16:50:05;3.53;
08.01.2025 16:50:19;3.53;
08.01.2025 16:50:20;3.52;
08.01.2025 16:50:21;3.53;
08.01.2025 16:50:24;3.53;
08.01.2025 16:50:25;3.54;
08.01.2025 16:50:26;3.53;
08.01.2025 16:50:27;3.52;
08.01.2025 16:50:28;3.53;
08.01.2025 16:50:29;3.53;
08.01.2025 16:50:30;3.52;
08.01.2025 16:50:31;3.53;
08.01.2025 16:50:35;3.53;
08.01.2025 16:50:36;3.52;
08.01.2025 16:50:37;3.53;
08.01.2025 16:50:40;3.53;
08.01.2025 16:50:41;3.52;
08.01.2025 16:50:42;3.53;
08.01.2025 16:50:43;3.52;
08.01.2025 16:50:44;3.53;
08.01.2025 16:50:45;3.52;
08.01.2025 16:50:46;3.53;
08.01.2025 16:50:49;3.53;
08.01.2025 16:50:50;3.52;
08.01.2025 16:50:51;3.53;
08.01.2025 16:50:52;3.52;
08.01.2025 16:50:53;3.52;
08.01.2025 16:50:54;3.53;
08.01.2025 16:50:56;3.53;
08.01.2025 16:50:57;3.52;
08.01.2025 16:50:58;3.54;
08.01.2025 16:50:59;3.53;
08.01.2025 16:51:03;3.53;
08.01.2025 16:51:04;3.52;
08.01.2025 16:51:05;3.53;
08.01.2025 16:51:06;3.52;
08.01.2025 16:51:07;3.52;
08.01.2025 16:51:08;3.53;
08.01.2025 16:51:09;3.54;
08.01.2025 16:51:10;3.53;
08.01.2025 16:51:14;3.53;
08.01.2025 16:51:15;3.52;
08.01.2025 16:51:16;3.53;
08.01.2025 16:51:17;3.54;
08.01.2025 16:51:18;3.53;
08.01.2025 16:51:25;3.53;
08.01.2025 16:51:26;3.52;
08.01.2025 16:51:27;3.53;
08.01.2025 16:51:28;3.52;
08.01.2025 16:51:29;3.52;
08.01.2025 16:51:30;3.53;
08.01.2025 16:51:31;3.53;
08.01.2025 16:51:32;3.52;
08.01.2025 16:51:33;3.53;
08.01.2025 16:51:35;3.53;
08.01.2025 16:51:36;3.52;
08.01.2025 16:51:37;3.53;
08.01.2025 16:51:38;3.52;
08.01.2025 16:51:39;3.53;
08.01.2025 16:51:43;3.53;
08.01.2025 16:51:44;3.52;
08.01.2025 16:51:45;3.53;
08.01.2025 16:51:52;3.53;
08.01.2025 16:51:53;3.52;
08.01.2025 16:51:54;3.53;
08.01.2025 16:51:55;3.52;
08.01.2025 16:51:56;3.53;
08.01.2025 16:51:57;3.52;
08.01.2025 16:51:58;3.53;
08.01.2025 16:52:00;3.53;
08.01.2025 16:52:01;3.52;
08.01.2025 16:52:03;3.52;
08.01.2025 16:52:04;3.53;
08.01.2025 16:52:05;3.52;
08.01.2025 16:52:06;3.53;
08.01.2025 16:52:07;3.52;
08.01.2025 16:52:08;3.54;
08.01.2025 16:52:09;3.53;
08.01.2025 16:52:13;3.53;
08.01.2025 16:52:14;3.54;
08.01.2025 16:52:15;3.52;
08.01.2025 16:52:16;3.53;
08.01.2025 16:52:20;3.53;
08.01.2025 16:52:21;3.54;
08.01.2025 16:52:22;3.54;
08.01.2025 16:52:23;3.53;
08.01.2025 16:52:24;3.52;
08.01.2025 16:52:25;3.54;
08.01.2025 16:52:27;3.54;
08.01.2025 16:52:28;3.52;
08.01.2025 16:52:29;3.52;
08.01.2025 16:52:30;3.53;
08.01.2025 16:52:37;3.53;
08.01.2025 16:52:38;3.54;
08.01.2025 16:52:39;3.53;
08.01.2025 16:52:40;3.53;
08.01.2025 16:52:41;3.52;
08.01.2025 16:52:42;3.53;
08.01.2025 16:52:44;3.53;
08.01.2025 16:52:45;3.52;
08.01.2025 16:52:46;3.53;
08.01.2025 16:52:48;3.53;
08.01.2025 16:52:49;3.52;
08.01.2025 16:52:50;3.53;
08.01.2025 16:52:57;3.53;
08.01.2025 16:52:58;3.54;
08.01.2025 16:52:59;3.52;
08.01.2025 16:53:00;3.53;
08.01.2025 16:53:03;3.53;
08.01.2025 16:53:04;3.54;
08.01.2025 16:53:05;3.53;
08.01.2025 16:53:09;3.53;
08.01.2025 16:53:10;3.54;
08.01.2025 16:53:11;3.53;
08.01.2025 16:53:13;3.53;
08.01.2025 16:53:14;3.52;
08.01.2025 16:53:15;3.53;
08.01.2025 16:53:16;3.52;
08.01.2025 16:53:17;3.53;
08.01.2025 16:53:19;3.53;
08.01.2025 16:53:20;3.52;
08.01.2025 16:53:21;3.53;
08.01.2025 16:53:28;3.53;
08.01.2025 16:53:29;3.54;
08.01.2025 16:53:30;3.53;
08.01.2025 16:53:43;3.53;
08.01.2025 16:53:44;3.54;
08.01.2025 16:53:46;3.54;
08.01.2025 16:53:47;3.53;
08.01.2025 16:53:50;3.53;
08.01.2025 16:53:51;3.54;
08.01.2025 16:53:52;3.53;
08.01.2025 16:53:54;3.53;
08.01.2025 16:53:55;3.51;
08.01.2025 16:53:56;3.53;
08.01.2025 16:53:57;3.54;
08.01.2025 16:53:58;3.53;
08.01.2025 16:53:59;3.52;
08.01.2025 16:54:00;3.53;
08.01.2025 16:54:01;3.54;
08.01.2025 16:54:02;3.53;
08.01.2025 16:54:03;3.53;
08.01.2025 16:54:04;3.52;
08.01.2025 16:54:05;3.53;
08.01.2025 16:54:07;3.53;
08.01.2025 16:54:08;3.54;
08.01.2025 16:54:09;3.54;
08.01.2025 16:54:10;3.53;
08.01.2025 16:54:11;3.54;
08.01.2025 16:54:12;3.53;
08.01.2025 16:54:13;3.54;
08.01.2025 16:54:14;3.53;
08.01.2025 16:54:15;3.53;
08.01.2025 16:54:16;3.54;
08.01.2025 16:54:17;3.53;
08.01.2025 16:54:24;3.53;
08.01.2025 16:54:25;3.54;
08.01.2025 16:54:26;3.53;
08.01.2025 16:54:28;3.53;
08.01.2025 16:54:29;3.54;
08.01.2025 16:54:30;3.53;
08.01.2025 16:54:31;3.54;
08.01.2025 16:54:32;3.53;
08.01.2025 16:54:33;3.53;
08.01.2025 16:54:34;3.54;
08.01.2025 16:54:35;3.53;
08.01.2025 16:54:45;3.53;
08.01.2025 16:54:46;3.54;
08.01.2025 16:54:47;3.53;
08.01.2025 16:54:51;3.53;
08.01.2025 16:54:52;3.54;
08.01.2025 16:54:53;3.53;
08.01.2025 16:54:54;3.53;
08.01.2025 16:54:55;3.52;
08.01.2025 16:54:56;3.53;
08.01.2025 16:54:58;3.53;
08.01.2025 16:54:59;3.54;
08.01.2025 16:55:00;3.53;
08.01.2025 16:55:04;3.53;
08.01.2025 16:55:05;3.54;
08.01.2025 16:55:06;3.53;
08.01.2025 16:55:07;3.54;
08.01.2025 16:55:08;3.52;
08.01.2025 16:55:09;3.53;
08.01.2025 16:55:13;3.53;
08.01.2025 16:55:14;3.54;
08.01.2025 16:55:15;3.53;
08.01.2025 16:55:20;3.53;
08.01.2025 16:55:21;3.52;
08.01.2025 16:55:22;3.52;
08.01.2025 16:55:23;3.53;
08.01.2025 16:55:28;3.53;
08.01.2025 16:55:29;3.52;
08.01.2025 16:55:30;3.53;
08.01.2025 16:55:32;3.53;
08.01.2025 16:55:33;3.52;
08.01.2025 16:55:34;3.53;
08.01.2025 16:55:46;3.53;
08.01.2025 16:55:47;3.54;
08.01.2025 16:55:48;3.54;
08.01.2025 16:55:49;3.53;
08.01.2025 16:55:52;3.53;
08.01.2025 16:55:53;3.52;
08.01.2025 16:55:54;3.52;
08.01.2025 16:55:55;3.53;
08.01.2025 16:56:03;3.53;
08.01.2025 16:56:04;3.54;
08.01.2025 16:56:05;3.53;
08.01.2025 16:56:15;3.53;
08.01.2025 16:56:16;3.54;
08.01.2025 16:56:17;3.54;
08.01.2025 16:56:18;3.53;
08.01.2025 16:56:19;3.53;
08.01.2025 16:56:20;3.54;
08.01.2025 16:56:21;3.53;
08.01.2025 16:56:24;3.53;
08.01.2025 16:56:25;3.52;
08.01.2025 16:56:26;3.53;
08.01.2025 16:56:28;3.53;
08.01.2025 16:56:29;3.52;
08.01.2025 16:56:30;3.53;
08.01.2025 16:56:35;3.53;
08.01.2025 16:56:36;3.54;
08.01.2025 16:56:37;3.53;
08.01.2025 16:56:38;3.53;
08.01.2025 16:56:39;3.54;
08.01.2025 16:56:40;3.53;
08.01.2025 16:56:41;3.53;
08.01.2025 16:56:42;3.52;
08.01.2025 16:56:43;3.53;
08.01.2025 16:56:45;3.53;
08.01.2025 16:56:46;3.54;
08.01.2025 16:56:47;3.53;
08.01.2025 16:56:48;3.53;
08.01.2025 16:56:49;3.52;
08.01.2025 16:56:50;3.53;
08.01.2025 16:56:51;3.52;
08.01.2025 16:56:52;3.52;
08.01.2025 16:56:53;3.53;
08.01.2025 16:56:59;3.53;
08.01.2025 16:57:00;3.54;
08.01.2025 16:57:01;3.52;
08.01.2025 16:57:02;3.53;
08.01.2025 16:57:03;3.52;
08.01.2025 16:57:04;3.53;
08.01.2025 16:57:10;3.53;
08.01.2025 16:57:11;3.52;
08.01.2025 16:57:12;3.53;
08.01.2025 16:57:14;3.53;
08.01.2025 16:57:15;3.54;
08.01.2025 16:57:16;3.53;
08.01.2025 16:57:17;3.54;
08.01.2025 16:57:18;3.53;
08.01.2025 16:57:23;3.53;
08.01.2025 16:57:24;3.54;
08.01.2025 16:57:25;3.53;
08.01.2025 16:57:26;3.53;
08.01.2025 16:57:27;3.54;
08.01.2025 16:57:28;3.53;
08.01.2025 16:57:29;3.54;
08.01.2025 16:57:30;3.53;
08.01.2025 16:57:39;3.53;
08.01.2025 16:57:40;3.54;
08.01.2025 16:57:41;3.53;
08.01.2025 16:57:42;3.54;
08.01.2025 16:57:43;3.53;
08.01.2025 16:57:50;3.53;
08.01.2025 16:57:51;3.54;
08.01.2025 16:57:52;3.53;
08.01.2025 16:57:56;3.53;
08.01.2025 16:57:57;3.54;
08.01.2025 16:57:58;3.53;
08.01.2025 16:57:59;3.54;
08.01.2025 16:58:00;3.53;
08.01.2025 16:58:02;3.53;
08.01.2025 16:58:03;3.54;
08.01.2025 16:58:07;3.54;
08.01.2025 16:58:08;3.53;
08.01.2025 16:58:11;3.53;
08.01.2025 16:58:12;3.54;
08.01.2025 16:58:13;3.54;
08.01.2025 16:58:14;3.53;
08.01.2025 16:58:18;3.53;
08.01.2025 16:58:19;3.54;
08.01.2025 16:58:21;3.54;
08.01.2025 16:58:22;3.53;
08.01.2025 16:58:23;3.54;
08.01.2025 16:58:24;3.54;
08.01.2025 16:58:25;3.53;
08.01.2025 16:58:29;3.53;
08.01.2025 16:58:30;3.54;
08.01.2025 16:58:31;3.54;
08.01.2025 16:58:32;3.53;
08.01.2025 16:58:33;3.54;
08.01.2025 16:58:34;3.53;
08.01.2025 16:58:35;3.54;
08.01.2025 16:58:36;3.53;
08.01.2025 16:58:38;3.53;
08.01.2025 16:58:39;3.54;
08.01.2025 16:58:40;3.53;
08.01.2025 16:58:41;3.54;
08.01.2025 16:58:42;3.53;
08.01.2025 16:58:45;3.53;
08.01.2025 16:58:46;3.54;
08.01.2025 16:58:47;3.53;
08.01.2025 16:58:48;3.53;
08.01.2025 16:58:49;3.54;
08.01.2025 16:58:50;3.54;
08.01.2025 16:58:51;3.53;
08.01.2025 16:58:54;3.53;
08.01.2025 16:58:55;3.54;
08.01.2025 16:58:56;3.52;
08.01.2025 16:58:57;3.53;
08.01.2025 16:59:00;3.53;
08.01.2025 16:59:01;3.54;
08.01.2025 16:59:02;3.54;
08.01.2025 16:59:03;3.53;
08.01.2025 16:59:04;3.54;
08.01.2025 16:59:05;3.53;
08.01.2025 16:59:07;3.53;
08.01.2025 16:59:08;3.54;
08.01.2025 16:59:10;3.54;
08.01.2025 16:59:11;3.53;
08.01.2025 16:59:12;3.54;
08.01.2025 16:59:13;3.53;
08.01.2025 16:59:14;3.54;
08.01.2025 16:59:15;3.53;
08.01.2025 16:59:16;3.53;
08.01.2025 16:59:17;3.54;
08.01.2025 16:59:18;3.54;
08.01.2025 16:59:19;3.53;
08.01.2025 16:59:20;3.54;
08.01.2025 16:59:22;3.54;
08.01.2025 16:59:23;3.53;
08.01.2025 16:59:24;3.53;
08.01.2025 16:59:25;3.54;
08.01.2025 16:59:29;3.54;
08.01.2025 16:59:30;3.53;
08.01.2025 16:59:31;3.54;
08.01.2025 16:59:32;3.53;
08.01.2025 16:59:34;3.53;
08.01.2025 16:59:35;3.54;
08.01.2025 16:59:36;3.53;
08.01.2025 16:59:41;3.53;
08.01.2025 16:59:42;3.52;
08.01.2025 16:59:43;3.53;
08.01.2025 16:59:44;3.54;
08.01.2025 16:59:45;3.53;
08.01.2025 16:59:48;3.53;
08.01.2025 16:59:49;3.54;
08.01.2025 16:59:50;3.53;
08.01.2025 16:59:51;3.54;
08.01.2025 16:59:52;3.53;
08.01.2025 16:59:53;3.53;
08.01.2025 16:59:54;3.52;
08.01.2025 16:59:54;3.53;
08.01.2025 16:59:59;3.53;
08.01.2025 17:00:00;3.52;
08.01.2025 17:00:01;3.54;
08.01.2025 17:00:02;3.54;
08.01.2025 17:00:03;3.53;
08.01.2025 17:00:04;3.53;
08.01.2025 17:00:05;3.54;
08.01.2025 17:00:06;3.54;
08.01.2025 17:00:07;3.53;
08.01.2025 17:00:08;3.54;
08.01.2025 17:00:09;3.53;
08.01.2025 17:00:11;3.53;
08.01.2025 17:00:12;3.54;
08.01.2025 17:00:13;3.53;
08.01.2025 17:00:14;3.53;
08.01.2025 17:00:15;3.54;
08.01.2025 17:00:16;3.53;
08.01.2025 17:00:17;3.53;
08.01.2025 17:00:18;3.54;
08.01.2025 17:00:19;3.53;
08.01.2025 17:00:20;3.55;
08.01.2025 17:00:21;3.53;
08.01.2025 17:00:23;3.53;
08.01.2025 17:00:24;3.54;
08.01.2025 17:00:25;3.54;
08.01.2025 17:00:26;3.53;
08.01.2025 17:00:30;3.53;
08.01.2025 17:00:31;3.54;
08.01.2025 17:00:33;3.54;
08.01.2025 17:00:34;3.53;
08.01.2025 17:00:35;3.53;
08.01.2025 17:00:36;3.52;
08.01.2025 17:00:37;3.53;
08.01.2025 17:00:38;3.53;
08.01.2025 17:00:39;3.54;
08.01.2025 17:00:40;3.54;
08.01.2025 17:00:41;3.53;
08.01.2025 17:00:52;3.53;
08.01.2025 17:00:53;3.54;
08.01.2025 17:00:55;3.54;
08.01.2025 17:00:56;3.53;
08.01.2025 17:00:57;3.54;
08.01.2025 17:00:58;3.53;
08.01.2025 17:00:59;3.54;
08.01.2025 17:01:00;3.54;
08.01.2025 17:01:01;3.53;
08.01.2025 17:01:04;3.53;
08.01.2025 17:01:05;3.54;
08.01.2025 17:01:06;3.54;
08.01.2025 17:01:07;3.53;
08.01.2025 17:01:08;3.53;
08.01.2025 17:01:09;3.54;
08.01.2025 17:01:10;3.53;
08.01.2025 17:01:11;3.53;
08.01.2025 17:01:12;3.54;
08.01.2025 17:01:15;3.54;
08.01.2025 17:01:16;3.53;
08.01.2025 17:01:17;3.54;
08.01.2025 17:01:23;3.54;
08.01.2025 17:01:24;3.53;
08.01.2025 17:01:25;3.54;
08.01.2025 17:01:26;3.53;
08.01.2025 17:01:27;3.54;
08.01.2025 17:01:28;3.53;
08.01.2025 17:01:29;3.54;
08.01.2025 17:01:34;3.54;
08.01.2025 17:01:35;3.53;
08.01.2025 17:01:36;3.54;
08.01.2025 17:01:37;3.54;
08.01.2025 17:01:38;3.53;
08.01.2025 17:01:39;3.54;
08.01.2025 17:01:41;3.54;
08.01.2025 17:01:42;3.53;
08.01.2025 17:01:46;3.53;
08.01.2025 17:01:47;3.54;
08.01.2025 17:01:48;3.53;
08.01.2025 17:01:49;3.54;
08.01.2025 17:01:50;3.54;
08.01.2025 17:01:51;3.53;
08.01.2025 17:01:52;3.54;
08.01.2025 17:01:55;3.54;
08.01.2025 17:01:56;3.53;
08.01.2025 17:01:57;3.54;
08.01.2025 17:01:59;3.54;
08.01.2025 17:02:00;3.53;
08.01.2025 17:02:01;3.54;
08.01.2025 17:02:06;3.54;
08.01.2025 17:02:07;3.55;
08.01.2025 17:02:08;3.54;
08.01.2025 17:02:10;3.54;
08.01.2025 17:02:11;3.53;
08.01.2025 17:02:12;3.54;
08.01.2025 17:02:21;3.54;
08.01.2025 17:02:22;3.53;
08.01.2025 17:02:24;3.53;
08.01.2025 17:02:25;3.54;
08.01.2025 17:02:26;3.53;
08.01.2025 17:02:27;3.53;
08.01.2025 17:02:28;3.54;
08.01.2025 17:02:29;3.54;
08.01.2025 17:02:30;3.53;
08.01.2025 17:02:31;3.54;
08.01.2025 17:02:32;3.55;
08.01.2025 17:02:33;3.54;
08.01.2025 17:02:34;3.54;
08.01.2025 17:02:35;3.53;
08.01.2025 17:02:36;3.54;
08.01.2025 17:02:38;3.54;
08.01.2025 17:02:39;3.53;
08.01.2025 17:02:40;3.54;
08.01.2025 17:02:41;3.53;
08.01.2025 17:02:42;3.53;
08.01.2025 17:02:43;3.54;
08.01.2025 17:02:44;3.53;
08.01.2025 17:02:46;3.53;
08.01.2025 17:02:47;3.54;
08.01.2025 17:02:48;3.53;
08.01.2025 17:02:49;3.54;
08.01.2025 17:03:04;3.54;
08.01.2025 17:03:05;3.55;
08.01.2025 17:03:06;3.54;
08.01.2025 17:03:08;3.54;
08.01.2025 17:03:09;3.53;
08.01.2025 17:03:10;3.53;
08.01.2025 17:03:11;3.54;
08.01.2025 17:03:13;3.54;
08.01.2025 17:03:14;3.53;
08.01.2025 17:03:15;3.54;
08.01.2025 17:03:19;3.54;
08.01.2025 17:03:20;3.53;
08.01.2025 17:03:21;3.54;
08.01.2025 17:03:23;3.54;
08.01.2025 17:03:24;3.53;
08.01.2025 17:03:25;3.53;
08.01.2025 17:03:26;3.54;
08.01.2025 17:03:32;3.54;
08.01.2025 17:03:33;3.55;
08.01.2025 17:03:34;3.54;
08.01.2025 17:03:35;3.54;
08.01.2025 17:03:36;3.55;
08.01.2025 17:03:37;3.54;
08.01.2025 17:03:38;3.55;
08.01.2025 17:03:39;3.53;
08.01.2025 17:03:40;3.53;
08.01.2025 17:03:41;3.54;
08.01.2025 17:03:47;3.54;
08.01.2025 17:03:48;3.53;
08.01.2025 17:03:49;3.55;
08.01.2025 17:03:50;3.54;
08.01.2025 17:03:53;3.54;
08.01.2025 17:03:54;3.55;
08.01.2025 17:03:55;3.54;
08.01.2025 17:03:56;3.55;
08.01.2025 17:03:57;3.54;
08.01.2025 17:04:01;3.54;
08.01.2025 17:04:02;3.55;
08.01.2025 17:04:05;3.55;
08.01.2025 17:04:06;3.54;
08.01.2025 17:04:07;3.54;
08.01.2025 17:04:08;3.55;
08.01.2025 17:04:09;3.54;
08.01.2025 17:04:11;3.54;
08.01.2025 17:04:12;3.55;
08.01.2025 17:04:13;3.54;
08.01.2025 17:04:16;3.54;
08.01.2025 17:04:17;3.55;
08.01.2025 17:04:18;3.54;
08.01.2025 17:04:19;3.54;
08.01.2025 17:04:20;3.53;
08.01.2025 17:04:21;3.54;
08.01.2025 17:04:26;3.54;
08.01.2025 17:04:27;3.55;
08.01.2025 17:04:28;3.54;
08.01.2025 17:04:33;3.54;
08.01.2025 17:04:34;3.53;
08.01.2025 17:04:35;3.53;
08.01.2025 17:04:36;3.54;
08.01.2025 17:04:42;3.54;
08.01.2025 17:04:43;3.55;
08.01.2025 17:04:44;3.54;
08.01.2025 17:04:49;3.54;
08.01.2025 17:04:50;3.55;
08.01.2025 17:04:51;3.54;
08.01.2025 17:04:56;3.54;
08.01.2025 17:04:57;3.53;
08.01.2025 17:04:58;3.54;
08.01.2025 17:04:59;3.54;
08.01.2025 17:05:00;3.55;
08.01.2025 17:05:01;3.54;
08.01.2025 17:05:02;3.54;
08.01.2025 17:05:03;3.55;
08.01.2025 17:05:04;3.54;
08.01.2025 17:05:05;3.54;
08.01.2025 17:05:06;3.55;
08.01.2025 17:05:07;3.54;
08.01.2025 17:05:10;3.54;
08.01.2025 17:05:11;3.53;
08.01.2025 17:05:12;3.54;
08.01.2025 17:05:22;3.54;
08.01.2025 17:05:23;3.55;
08.01.2025 17:05:24;3.54;
08.01.2025 17:05:33;3.54;
08.01.2025 17:05:34;3.53;
08.01.2025 17:05:35;3.54;
08.01.2025 17:05:36;3.53;
08.01.2025 17:05:37;3.54;
08.01.2025 17:05:38;3.54;
08.01.2025 17:05:39;3.52;
08.01.2025 17:05:40;3.53;
08.01.2025 17:05:41;3.54;
08.01.2025 17:05:42;3.54;
08.01.2025 17:05:43;3.53;
08.01.2025 17:05:44;3.54;
08.01.2025 17:05:49;3.54;
08.01.2025 17:05:50;3.53;
08.01.2025 17:05:51;3.54;
08.01.2025 17:05:52;3.55;
08.01.2025 17:05:53;3.54;
08.01.2025 17:05:54;3.55;
08.01.2025 17:05:55;3.54;
08.01.2025 17:05:58;3.54;
08.01.2025 17:05:59;3.53;
08.01.2025 17:06:00;3.54;
08.01.2025 17:06:01;3.52;
08.01.2025 17:06:02;3.54;
08.01.2025 17:06:09;3.54;
08.01.2025 17:06:10;3.53;
08.01.2025 17:06:11;3.54;
08.01.2025 17:06:13;3.54;
08.01.2025 17:06:14;3.53;
08.01.2025 17:06:15;3.54;
08.01.2025 17:06:16;3.53;
08.01.2025 17:06:17;3.54;
08.01.2025 17:06:18;3.53;
08.01.2025 17:06:19;3.53;
08.01.2025 17:06:20;3.54;
08.01.2025 17:06:26;3.54;
08.01.2025 17:06:27;3.53;
08.01.2025 17:06:28;3.54;
08.01.2025 17:06:29;3.53;
08.01.2025 17:06:30;3.54;
08.01.2025 17:06:31;3.54;
08.01.2025 17:06:32;3.53;
08.01.2025 17:06:33;3.54;
08.01.2025 17:06:34;3.54;
08.01.2025 17:06:35;3.53;
08.01.2025 17:06:36;3.53;
08.01.2025 17:06:37;3.54;
08.01.2025 17:06:38;3.53;
08.01.2025 17:06:39;3.54;
08.01.2025 17:06:40;3.53;
08.01.2025 17:06:41;3.54;
08.01.2025 17:06:42;3.54;
08.01.2025 17:06:43;3.53;
08.01.2025 17:06:45;3.53;
08.01.2025 17:06:46;3.54;
08.01.2025 17:06:47;3.54;
08.01.2025 17:06:48;3.53;
08.01.2025 17:06:49;3.54;
08.01.2025 17:06:52;3.54;
08.01.2025 17:06:53;3.53;
08.01.2025 17:06:54;3.54;
08.01.2025 17:07:00;3.54;
08.01.2025 17:07:01;3.53;
08.01.2025 17:07:02;3.54;
08.01.2025 17:07:07;3.54;
08.01.2025 17:07:08;3.53;
08.01.2025 17:07:09;3.54;
08.01.2025 17:07:10;3.54;
08.01.2025 17:07:11;3.53;
08.01.2025 17:07:12;3.54;
08.01.2025 17:07:13;3.54;
08.01.2025 17:07:14;3.53;
08.01.2025 17:07:15;3.54;
08.01.2025 17:07:19;3.54;
08.01.2025 17:07:20;3.55;
08.01.2025 17:07:21;3.54;
08.01.2025 17:07:23;3.54;
08.01.2025 17:07:24;3.53;
08.01.2025 17:07:25;3.55;
08.01.2025 17:07:26;3.54;
08.01.2025 17:07:42;3.54;
08.01.2025 17:07:43;3.53;
08.01.2025 17:07:44;3.54;
08.01.2025 17:07:45;3.54;
08.01.2025 17:07:46;3.53;
08.01.2025 17:07:47;3.54;
08.01.2025 17:07:54;3.54;
08.01.2025 17:07:55;3.53;
08.01.2025 17:07:56;3.54;
08.01.2025 17:07:58;3.54;
08.01.2025 17:07:59;3.53;
08.01.2025 17:08:00;3.54;
08.01.2025 17:08:04;3.54;
08.01.2025 17:08:05;3.53;
08.01.2025 17:08:06;3.54;
08.01.2025 17:08:07;3.55;
08.01.2025 17:08:08;3.54;
08.01.2025 17:08:14;3.54;
08.01.2025 17:08:15;3.53;
08.01.2025 17:08:16;3.54;
08.01.2025 17:08:35;3.54;
08.01.2025 17:08:36;3.55;
08.01.2025 17:08:37;3.54;
08.01.2025 17:08:40;3.54;
08.01.2025 17:08:41;3.53;
08.01.2025 17:08:42;3.54;
08.01.2025 17:08:49;3.54;
08.01.2025 17:08:50;3.55;
08.01.2025 17:08:51;3.54;
08.01.2025 17:08:52;3.55;
08.01.2025 17:08:53;3.54;
08.01.2025 17:08:55;3.54;
08.01.2025 17:08:56;3.53;
08.01.2025 17:08:57;3.55;
08.01.2025 17:08:58;3.54;
08.01.2025 17:08:59;3.54;
08.01.2025 17:09:00;3.53;
08.01.2025 17:09:01;3.54;
08.01.2025 17:09:06;3.54;
08.01.2025 17:09:07;3.53;
08.01.2025 17:09:09;3.53;
08.01.2025 17:09:10;3.54;
08.01.2025 17:09:11;3.53;
08.01.2025 17:09:12;3.54;
08.01.2025 17:09:15;3.54;
08.01.2025 17:09:16;3.53;
08.01.2025 17:09:17;3.54;
08.01.2025 17:09:19;3.54;
08.01.2025 17:09:20;3.53;
08.01.2025 17:09:21;3.53;
08.01.2025 17:09:22;3.54;
08.01.2025 17:09:24;3.54;
08.01.2025 17:09:25;3.53;
08.01.2025 17:09:26;3.53;
08.01.2025 17:09:27;3.54;
08.01.2025 17:09:28;3.53;
08.01.2025 17:09:29;3.54;
08.01.2025 17:09:31;3.54;
08.01.2025 17:09:32;3.53;
08.01.2025 17:09:33;3.54;
08.01.2025 17:09:34;3.53;
08.01.2025 17:09:35;3.54;
08.01.2025 17:09:38;3.54;
08.01.2025 17:09:39;3.53;
08.01.2025 17:09:40;3.54;
08.01.2025 17:09:41;3.53;
08.01.2025 17:09:42;3.54;
08.01.2025 17:09:45;3.54;
08.01.2025 17:09:46;3.55;
08.01.2025 17:09:47;3.54;
08.01.2025 17:09:54;3.54;
08.01.2025 17:09:55;3.53;
08.01.2025 17:09:56;3.54;
08.01.2025 17:09:58;3.54;
08.01.2025 17:09:59;3.53;
08.01.2025 17:10:00;3.54;
08.01.2025 17:10:01;3.53;
08.01.2025 17:10:02;3.55;
08.01.2025 17:10:03;3.53;
08.01.2025 17:10:04;3.53;
08.01.2025 17:10:05;3.54;
08.01.2025 17:10:06;3.53;
08.01.2025 17:10:07;3.54;
08.01.2025 17:10:08;3.53;
08.01.2025 17:10:09;3.54;
08.01.2025 17:10:11;3.54;
08.01.2025 17:10:12;3.53;
08.01.2025 17:10:13;3.54;
08.01.2025 17:10:22;3.54;
08.01.2025 17:10:23;3.53;
08.01.2025 17:10:24;3.54;
08.01.2025 17:10:26;3.54;
08.01.2025 17:10:27;3.53;
08.01.2025 17:10:28;3.54;
08.01.2025 17:10:29;3.55;
08.01.2025 17:10:30;3.54;
08.01.2025 17:10:31;3.53;
08.01.2025 17:10:32;3.54;
08.01.2025 17:10:33;3.55;
08.01.2025 17:10:34;3.54;
08.01.2025 17:10:35;3.53;
08.01.2025 17:10:36;3.53;
08.01.2025 17:10:37;3.54;
08.01.2025 17:10:38;3.54;
08.01.2025 17:10:39;3.55;
08.01.2025 17:10:40;3.55;
08.01.2025 17:10:41;3.53;
08.01.2025 17:10:42;3.54;
08.01.2025 17:10:45;3.54;
08.01.2025 17:10:46;3.53;
08.01.2025 17:10:47;3.54;
08.01.2025 17:10:48;3.53;
08.01.2025 17:10:49;3.54;
08.01.2025 17:10:51;3.54;
08.01.2025 17:10:52;3.55;
08.01.2025 17:10:53;3.54;
08.01.2025 17:10:54;3.53;
08.01.2025 17:10:55;3.54;
08.01.2025 17:11:00;3.54;
08.01.2025 17:11:01;3.53;
08.01.2025 17:11:02;3.54;
08.01.2025 17:11:03;3.54;
08.01.2025 17:11:04;3.55;
08.01.2025 17:11:05;3.54;
08.01.2025 17:11:06;3.54;
08.01.2025 17:11:07;3.55;
08.01.2025 17:11:08;3.54;
08.01.2025 17:11:12;3.54;
08.01.2025 17:11:13;3.53;
08.01.2025 17:11:14;3.54;
08.01.2025 17:11:15;3.54;
08.01.2025 17:11:16;3.53;
08.01.2025 17:11:17;3.54;
08.01.2025 17:11:23;3.54;
08.01.2025 17:11:24;3.53;
08.01.2025 17:11:25;3.54;
08.01.2025 17:11:32;3.54;
08.01.2025 17:11:33;3.55;
08.01.2025 17:11:34;3.54;
08.01.2025 17:11:35;3.54;
08.01.2025 17:11:36;3.55;
08.01.2025 17:11:37;3.54;
08.01.2025 17:11:39;3.54;
08.01.2025 17:11:40;3.53;
08.01.2025 17:11:41;3.53;
08.01.2025 17:11:42;3.54;
08.01.2025 17:11:44;3.54;
08.01.2025 17:11:45;3.55;
08.01.2025 17:11:46;3.54;
08.01.2025 17:11:51;3.54;
08.01.2025 17:11:52;3.55;
08.01.2025 17:11:53;3.54;
08.01.2025 17:11:54;3.54;
08.01.2025 17:11:55;3.55;
08.01.2025 17:11:56;3.54;
08.01.2025 17:11:57;3.53;
08.01.2025 17:11:58;3.54;
08.01.2025 17:12:00;3.54;
08.01.2025 17:12:01;3.55;
08.01.2025 17:12:02;3.54;
08.01.2025 17:12:07;3.54;
08.01.2025 17:12:08;3.55;
08.01.2025 17:12:09;3.55;
08.01.2025 17:12:10;3.54;
08.01.2025 17:12:11;3.55;
08.01.2025 17:12:12;3.54;
08.01.2025 17:12:13;3.54;
08.01.2025 17:12:14;3.55;
08.01.2025 17:12:15;3.54;
08.01.2025 17:12:20;3.54;
08.01.2025 17:12:21;3.55;
08.01.2025 17:12:23;3.55;
08.01.2025 17:12:24;3.54;
08.01.2025 17:12:25;3.53;
08.01.2025 17:12:26;3.54;
08.01.2025 17:12:33;3.54;
08.01.2025 17:12:34;3.53;
08.01.2025 17:12:35;3.54;
08.01.2025 17:12:47;3.54;
08.01.2025 17:12:48;3.53;
08.01.2025 17:12:49;3.54;
08.01.2025 17:12:50;3.53;
08.01.2025 17:12:51;3.54;
08.01.2025 17:12:52;3.54;
08.01.2025 17:12:53;3.55;
08.01.2025 17:12:54;3.54;
08.01.2025 17:12:55;3.53;
08.01.2025 17:12:56;3.53;
08.01.2025 17:12:57;3.54;
08.01.2025 17:12:59;3.54;
08.01.2025 17:13:00;3.53;
08.01.2025 17:13:01;3.53;
08.01.2025 17:13:02;3.54;
08.01.2025 17:13:04;3.54;
08.01.2025 17:13:05;3.55;
08.01.2025 17:13:06;3.54;
08.01.2025 17:13:07;3.53;
08.01.2025 17:13:08;3.54;
08.01.2025 17:13:12;3.54;
08.01.2025 17:13:13;3.53;
08.01.2025 17:13:14;3.54;
08.01.2025 17:13:17;3.54;
08.01.2025 17:13:18;3.53;
08.01.2025 17:13:19;3.54;
08.01.2025 17:13:20;3.55;
08.01.2025 17:13:21;3.54;
08.01.2025 17:13:22;3.55;
08.01.2025 17:13:23;3.54;
08.01.2025 17:13:24;3.54;
08.01.2025 17:13:25;3.55;
08.01.2025 17:13:26;3.53;
08.01.2025 17:13:27;3.54;
08.01.2025 17:13:32;3.54;
08.01.2025 17:13:33;3.55;
08.01.2025 17:13:34;3.54;
08.01.2025 17:13:43;3.54;
08.01.2025 17:13:44;3.55;
08.01.2025 17:13:45;3.53;
08.01.2025 17:13:46;3.54;
08.01.2025 17:13:48;3.54;
08.01.2025 17:13:49;3.53;
08.01.2025 17:13:50;3.55;
08.01.2025 17:13:52;3.55;
08.01.2025 17:13:53;3.54;
08.01.2025 17:13:59;3.54;
08.01.2025 17:14:00;3.55;
08.01.2025 17:14:01;3.55;
08.01.2025 17:14:02;3.54;
08.01.2025 17:14:09;3.54;
08.01.2025 17:14:10;3.53;
08.01.2025 17:14:11;3.54;
08.01.2025 17:14:15;3.54;
08.01.2025 17:14:16;3.55;
08.01.2025 17:14:17;3.54;
08.01.2025 17:14:20;3.54;
08.01.2025 17:14:21;3.55;
08.01.2025 17:14:22;3.53;
08.01.2025 17:14:23;3.54;
08.01.2025 17:14:27;3.54;
08.01.2025 17:14:28;3.53;
08.01.2025 17:14:29;3.54;
08.01.2025 17:14:31;3.54;
08.01.2025 17:14:32;3.55;
08.01.2025 17:14:33;3.55;
08.01.2025 17:14:34;3.54;
08.01.2025 17:14:38;3.54;
08.01.2025 17:14:39;3.53;
08.01.2025 17:14:41;3.53;
08.01.2025 17:14:42;3.55;
08.01.2025 17:14:43;3.54;
08.01.2025 17:14:47;3.54;
08.01.2025 17:14:48;3.53;
08.01.2025 17:14:49;3.54;
08.01.2025 17:14:50;3.55;
08.01.2025 17:14:51;3.54;
08.01.2025 17:14:52;3.53;
08.01.2025 17:14:53;3.54;
08.01.2025 17:14:58;3.54;
08.01.2025 17:14:59;3.53;
08.01.2025 17:15:00;3.53;
08.01.2025 17:15:01;3.55;
08.01.2025 17:15:02;3.54;
08.01.2025 17:15:07;3.54;
08.01.2025 17:15:08;3.53;
08.01.2025 17:15:09;3.54;
08.01.2025 17:15:14;3.54;
08.01.2025 17:15:15;3.55;
08.01.2025 17:15:16;3.54;
08.01.2025 17:15:19;3.54;
08.01.2025 17:15:20;3.55;
08.01.2025 17:15:21;3.54;
08.01.2025 17:15:29;3.54;
08.01.2025 17:15:30;3.53;
08.01.2025 17:15:31;3.54;
08.01.2025 17:15:33;3.54;
08.01.2025 17:15:34;3.55;
08.01.2025 17:15:35;3.54;
08.01.2025 17:15:37;3.54;
08.01.2025 17:15:38;3.55;
08.01.2025 17:15:40;3.55;
08.01.2025 17:15:41;3.54;
08.01.2025 17:15:46;3.54;
08.01.2025 17:15:47;3.55;
08.01.2025 17:15:48;3.54;
08.01.2025 17:15:50;3.54;
08.01.2025 17:15:51;3.55;
08.01.2025 17:15:52;3.54;
08.01.2025 17:15:53;3.55;
08.01.2025 17:15:54;3.54;
08.01.2025 17:15:55;3.55;
08.01.2025 17:15:56;3.54;
08.01.2025 17:15:59;3.54;
08.01.2025 17:16:00;3.53;
08.01.2025 17:16:01;3.54;
08.01.2025 17:16:09;3.54;
08.01.2025 17:16:10;3.55;
08.01.2025 17:16:11;3.54;
08.01.2025 17:16:18;3.54;
08.01.2025 17:16:19;3.53;
08.01.2025 17:16:20;3.54;
08.01.2025 17:16:21;3.55;
08.01.2025 17:16:22;3.54;
08.01.2025 17:16:23;3.53;
08.01.2025 17:16:24;3.54;
08.01.2025 17:16:30;3.54;
08.01.2025 17:16:31;3.53;
08.01.2025 17:16:32;3.54;
08.01.2025 17:16:33;3.53;
08.01.2025 17:16:34;3.54;
08.01.2025 17:16:37;3.54;
08.01.2025 17:16:38;3.53;
08.01.2025 17:16:39;3.55;
08.01.2025 17:16:40;3.55;
08.01.2025 17:16:41;3.53;
08.01.2025 17:16:42;3.54;
08.01.2025 17:16:43;3.54;
08.01.2025 17:16:44;3.55;
08.01.2025 17:16:45;3.54;
08.01.2025 17:17:00;3.54;
08.01.2025 17:17:01;3.53;
08.01.2025 17:17:02;3.54;
08.01.2025 17:17:03;3.53;
08.01.2025 17:17:04;3.54;
08.01.2025 17:17:05;3.54;
08.01.2025 17:17:06;3.55;
08.01.2025 17:17:07;3.54;
08.01.2025 17:17:08;3.54;
08.01.2025 17:17:09;3.53;
08.01.2025 17:17:10;3.54;
08.01.2025 17:17:11;3.53;
08.01.2025 17:17:12;3.54;
08.01.2025 17:17:16;3.54;
08.01.2025 17:17:17;3.55;
08.01.2025 17:17:18;3.54;
08.01.2025 17:17:22;3.54;
08.01.2025 17:17:23;3.55;
08.01.2025 17:17:24;3.53;
08.01.2025 17:17:25;3.54;
08.01.2025 17:17:28;3.54;
08.01.2025 17:17:29;3.53;
08.01.2025 17:17:30;3.54;
08.01.2025 17:17:34;3.54;
08.01.2025 17:17:35;3.55;
08.01.2025 17:17:36;3.54;
08.01.2025 17:17:41;3.54;
08.01.2025 17:17:42;3.55;
08.01.2025 17:17:44;3.55;
08.01.2025 17:17:45;3.54;
08.01.2025 17:17:47;3.54;
08.01.2025 17:17:48;3.55;
08.01.2025 17:17:49;3.54;
08.01.2025 17:17:51;3.54;
08.01.2025 17:17:52;3.53;
08.01.2025 17:17:53;3.54;
08.01.2025 17:17:54;3.54;
08.01.2025 17:17:55;3.55;
08.01.2025 17:17:56;3.55;
08.01.2025 17:17:57;3.53;
08.01.2025 17:17:58;3.54;
08.01.2025 17:18:04;3.54;
08.01.2025 17:18:05;3.55;
08.01.2025 17:18:06;3.54;
08.01.2025 17:18:08;3.54;
08.01.2025 17:18:09;3.55;
08.01.2025 17:18:10;3.55;
08.01.2025 17:18:11;3.54;
08.01.2025 17:18:13;3.54;
08.01.2025 17:18:14;3.55;
08.01.2025 17:18:15;3.54;
08.01.2025 17:18:16;3.55;
08.01.2025 17:18:17;3.54;
08.01.2025 17:18:18;3.54;
08.01.2025 17:18:19;3.55;
08.01.2025 17:18:20;3.54;
08.01.2025 17:18:22;3.54;
08.01.2025 17:18:23;3.53;
08.01.2025 17:18:24;3.54;
08.01.2025 17:18:26;3.54;
08.01.2025 17:18:27;3.55;
08.01.2025 17:18:28;3.54;
08.01.2025 17:18:29;3.54;
08.01.2025 17:18:30;3.55;
08.01.2025 17:18:31;3.54;
08.01.2025 17:18:32;3.54;
08.01.2025 17:18:33;3.55;
08.01.2025 17:18:34;3.55;
08.01.2025 17:18:35;3.54;
08.01.2025 17:18:38;3.54;
08.01.2025 17:18:39;3.55;
08.01.2025 17:18:40;3.54;
08.01.2025 17:18:45;3.54;
08.01.2025 17:18:46;3.55;
08.01.2025 17:18:47;3.54;
08.01.2025 17:18:48;3.55;
08.01.2025 17:18:49;3.54;
08.01.2025 17:18:50;3.54;
08.01.2025 17:18:51;3.55;
08.01.2025 17:18:52;3.55;
08.01.2025 17:18:53;3.54;
08.01.2025 17:18:56;3.54;
08.01.2025 17:18:57;3.55;
08.01.2025 17:18:58;3.54;
08.01.2025 17:18:59;3.54;
08.01.2025 17:19:00;3.55;
08.01.2025 17:19:01;3.54;
08.01.2025 17:19:02;3.54;
08.01.2025 17:19:03;3.55;
08.01.2025 17:19:04;3.54;
08.01.2025 17:19:05;3.55;
08.01.2025 17:19:06;3.54;
08.01.2025 17:19:07;3.55;
08.01.2025 17:19:08;3.54;
08.01.2025 17:19:09;3.55;
08.01.2025 17:19:11;3.55;
08.01.2025 17:19:12;3.54;
08.01.2025 17:19:13;3.55;
08.01.2025 17:19:14;3.55;
08.01.2025 17:19:15;3.54;
08.01.2025 17:19:16;3.54;
08.01.2025 17:19:17;3.55;
08.01.2025 17:19:19;3.55;
08.01.2025 17:19:20;3.54;
08.01.2025 17:19:21;3.55;
08.01.2025 17:19:22;3.54;
08.01.2025 17:19:23;3.55;
08.01.2025 17:19:24;3.54;
08.01.2025 17:19:25;3.54;
08.01.2025 17:19:26;3.55;
08.01.2025 17:19:27;3.54;
08.01.2025 17:19:28;3.55;
08.01.2025 17:19:29;3.54;
08.01.2025 17:19:30;3.54;
08.01.2025 17:19:31;3.55;
08.01.2025 17:19:32;3.54;
08.01.2025 17:19:33;3.55;
08.01.2025 17:19:34;3.54;
08.01.2025 17:19:36;3.54;
08.01.2025 17:19:37;3.55;
08.01.2025 17:19:40;3.55;
08.01.2025 17:19:41;3.54;
08.01.2025 17:19:42;3.55;
08.01.2025 17:19:43;3.54;
08.01.2025 17:19:44;3.54;
08.01.2025 17:19:45;3.55;
08.01.2025 17:19:46;3.54;
08.01.2025 17:19:47;3.55;
08.01.2025 17:19:52;3.55;
08.01.2025 17:19:53;3.54;
08.01.2025 17:19:56;3.54;
08.01.2025 17:19:57;3.55;
08.01.2025 17:19:58;3.54;
08.01.2025 17:20:00;3.54;
08.01.2025 17:20:01;3.55;
08.01.2025 17:20:02;3.54;
08.01.2025 17:20:03;3.54;
08.01.2025 17:20:04;3.55;
08.01.2025 17:20:11;3.55;
08.01.2025 17:20:12;3.54;
08.01.2025 17:20:13;3.54;
08.01.2025 17:20:14;3.55;
08.01.2025 17:20:15;3.54;
08.01.2025 17:20:16;3.55;
08.01.2025 17:20:18;3.55;
08.01.2025 17:20:19;3.54;
08.01.2025 17:20:20;3.55;
08.01.2025 17:20:29;3.55;
08.01.2025 17:20:30;3.54;
08.01.2025 17:20:31;3.55;
08.01.2025 17:20:32;3.54;
08.01.2025 17:20:33;3.55;
08.01.2025 17:20:34;3.55;
08.01.2025 17:20:35;3.54;
08.01.2025 17:20:36;3.55;
08.01.2025 17:20:40;3.55;
08.01.2025 17:20:41;3.54;
08.01.2025 17:20:42;3.54;
08.01.2025 17:20:43;3.55;
08.01.2025 17:20:44;3.54;
08.01.2025 17:20:50;3.54;
08.01.2025 17:20:51;3.55;
08.01.2025 17:20:52;3.54;
08.01.2025 17:20:53;3.55;
08.01.2025 17:20:54;3.53;
08.01.2025 17:20:55;3.54;
08.01.2025 17:20:56;3.55;
08.01.2025 17:20:57;3.55;
08.01.2025 17:20:58;3.54;
08.01.2025 17:20:59;3.55;
08.01.2025 17:21:01;3.55;
08.01.2025 17:21:02;3.54;
08.01.2025 17:21:03;3.55;
08.01.2025 17:21:05;3.55;
08.01.2025 17:21:06;3.54;
08.01.2025 17:21:07;3.56;
08.01.2025 17:21:08;3.54;
08.01.2025 17:21:09;3.55;
08.01.2025 17:21:11;3.55;
08.01.2025 17:21:12;3.54;
08.01.2025 17:21:13;3.55;
08.01.2025 17:21:14;3.54;
08.01.2025 17:21:15;3.55;
08.01.2025 17:21:16;3.55;
08.01.2025 17:21:17;3.54;
08.01.2025 17:21:19;3.54;
08.01.2025 17:21:20;3.55;
08.01.2025 17:21:21;3.55;
08.01.2025 17:21:22;3.54;
08.01.2025 17:21:23;3.54;
08.01.2025 17:21:24;3.55;
08.01.2025 17:21:25;3.55;
08.01.2025 17:21:26;3.54;
08.01.2025 17:21:27;3.55;
08.01.2025 17:21:28;3.54;
08.01.2025 17:21:29;3.55;
08.01.2025 17:21:30;3.54;
08.01.2025 17:21:31;3.55;
08.01.2025 17:21:34;3.55;
08.01.2025 17:21:35;3.54;
08.01.2025 17:21:36;3.55;
08.01.2025 17:21:38;3.55;
08.01.2025 17:21:39;3.56;
08.01.2025 17:21:40;3.55;
08.01.2025 17:21:44;3.55;
08.01.2025 17:21:45;3.54;
08.01.2025 17:21:46;3.54;
08.01.2025 17:21:47;3.55;
08.01.2025 17:21:48;3.56;
08.01.2025 17:21:49;3.54;
08.01.2025 17:21:50;3.55;
08.01.2025 17:21:55;3.55;
08.01.2025 17:21:56;3.56;
08.01.2025 17:21:57;3.54;
08.01.2025 17:21:58;3.55;
08.01.2025 17:22:01;3.55;
08.01.2025 17:22:02;3.54;
08.01.2025 17:22:03;3.54;
08.01.2025 17:22:04;3.55;
08.01.2025 17:22:05;3.55;
08.01.2025 17:22:06;3.54;
08.01.2025 17:22:07;3.55;
08.01.2025 17:22:08;3.55;
08.01.2025 17:22:09;3.56;
08.01.2025 17:22:10;3.54;
08.01.2025 17:22:11;3.55;
08.01.2025 17:22:12;3.55;
08.01.2025 17:22:13;3.56;
08.01.2025 17:22:14;3.55;
08.01.2025 17:22:15;3.56;
08.01.2025 17:22:16;3.55;
08.01.2025 17:22:20;3.55;
08.01.2025 17:22:21;3.54;
08.01.2025 17:22:22;3.55;
08.01.2025 17:22:31;3.55;
08.01.2025 17:22:32;3.54;
08.01.2025 17:22:33;3.55;
08.01.2025 17:22:34;3.54;
08.01.2025 17:22:35;3.55;
08.01.2025 17:22:37;3.55;
08.01.2025 17:22:38;3.54;
08.01.2025 17:22:39;3.54;
08.01.2025 17:22:40;3.55;
08.01.2025 17:22:42;3.55;
08.01.2025 17:22:43;3.54;
08.01.2025 17:22:45;3.54;
08.01.2025 17:22:46;3.55;
08.01.2025 17:22:47;3.55;
08.01.2025 17:22:48;3.54;
08.01.2025 17:22:50;3.54;
08.01.2025 17:22:51;3.55;
08.01.2025 17:22:52;3.55;
08.01.2025 17:22:53;3.54;
08.01.2025 17:22:54;3.55;
08.01.2025 17:23:00;3.55;
08.01.2025 17:23:01;3.54;
08.01.2025 17:23:02;3.55;
08.01.2025 17:23:04;3.55;
08.01.2025 17:23:05;3.56;
08.01.2025 17:23:06;3.56;
08.01.2025 17:23:07;3.55;
08.01.2025 17:23:08;3.54;
08.01.2025 17:23:09;3.55;
08.01.2025 17:23:10;3.56;
08.01.2025 17:23:11;3.54;
08.01.2025 17:23:12;3.54;
08.01.2025 17:23:13;3.55;
08.01.2025 17:23:18;3.55;
08.01.2025 17:23:19;3.54;
08.01.2025 17:23:20;3.55;
08.01.2025 17:23:23;3.55;
08.01.2025 17:23:24;3.54;
08.01.2025 17:23:25;3.55;
08.01.2025 17:23:26;3.54;
08.01.2025 17:23:28;3.54;
08.01.2025 17:23:29;3.55;
08.01.2025 17:23:32;3.55;
08.01.2025 17:23:33;3.54;
08.01.2025 17:23:34;3.55;
08.01.2025 17:23:35;3.55;
08.01.2025 17:23:36;3.56;
08.01.2025 17:23:37;3.55;
08.01.2025 17:23:39;3.55;
08.01.2025 17:23:40;3.56;
08.01.2025 17:23:41;3.54;
08.01.2025 17:23:42;3.54;
08.01.2025 17:23:43;3.55;
08.01.2025 17:23:44;3.54;
08.01.2025 17:23:46;3.54;
08.01.2025 17:23:47;3.55;
08.01.2025 17:23:48;3.54;
08.01.2025 17:23:49;3.54;
08.01.2025 17:23:50;3.55;
08.01.2025 17:23:51;3.55;
08.01.2025 17:23:52;3.54;
08.01.2025 17:23:53;3.55;
08.01.2025 17:23:54;3.54;
08.01.2025 17:23:56;3.54;
08.01.2025 17:23:57;3.55;
08.01.2025 17:23:58;3.54;
08.01.2025 17:23:59;3.54;
08.01.2025 17:24:00;3.55;
08.01.2025 17:24:01;3.54;
08.01.2025 17:24:02;3.55;
08.01.2025 17:24:03;3.54;
08.01.2025 17:24:06;3.54;
08.01.2025 17:24:07;3.55;
08.01.2025 17:24:08;3.55;
08.01.2025 17:24:09;3.54;
08.01.2025 17:24:18;3.54;
08.01.2025 17:24:19;3.55;
08.01.2025 17:24:20;3.54;
08.01.2025 17:24:21;3.54;
08.01.2025 17:24:22;3.55;
08.01.2025 17:24:30;3.55;
08.01.2025 17:24:31;3.54;
08.01.2025 17:24:32;3.54;
08.01.2025 17:24:33;3.55;
08.01.2025 17:24:34;3.54;
08.01.2025 17:24:37;3.54;
08.01.2025 17:24:38;3.55;
08.01.2025 17:24:40;3.55;
08.01.2025 17:24:41;3.54;
08.01.2025 17:24:44;3.54;
08.01.2025 17:24:45;3.55;
08.01.2025 17:24:46;3.54;
08.01.2025 17:24:53;3.54;
08.01.2025 17:24:54;3.55;
08.01.2025 17:24:57;3.55;
08.01.2025 17:24:58;3.54;
08.01.2025 17:24:59;3.55;
08.01.2025 17:25:00;3.55;
08.01.2025 17:25:01;3.54;
08.01.2025 17:25:06;3.54;
08.01.2025 17:25:07;3.55;
08.01.2025 17:25:08;3.55;
08.01.2025 17:25:09;3.54;
08.01.2025 17:25:11;3.54;
08.01.2025 17:25:12;3.55;
08.01.2025 17:25:13;3.54;
08.01.2025 17:25:15;3.54;
08.01.2025 17:25:16;3.55;
08.01.2025 17:25:17;3.54;
08.01.2025 17:25:18;3.55;
08.01.2025 17:25:19;3.55;
08.01.2025 17:25:20;3.54;
08.01.2025 17:25:21;3.55;
08.01.2025 17:25:23;3.55;
08.01.2025 17:25:24;3.54;
08.01.2025 17:25:25;3.55;
08.01.2025 17:25:26;3.55;
08.01.2025 17:25:27;3.54;
08.01.2025 17:25:29;3.54;
08.01.2025 17:25:30;3.56;
08.01.2025 17:25:31;3.55;
08.01.2025 17:25:32;3.54;
08.01.2025 17:25:33;3.55;
08.01.2025 17:25:34;3.54;
08.01.2025 17:25:35;3.55;
08.01.2025 17:25:36;3.54;
08.01.2025 17:25:37;3.55;
08.01.2025 17:25:38;3.54;
08.01.2025 17:25:39;3.54;
08.01.2025 17:25:40;3.55;
08.01.2025 17:25:41;3.55;
08.01.2025 17:25:42;3.54;
08.01.2025 17:25:43;3.55;
08.01.2025 17:25:44;3.54;
08.01.2025 17:25:45;3.55;
08.01.2025 17:25:46;3.55;
08.01.2025 17:25:47;3.56;
08.01.2025 17:25:48;3.55;
08.01.2025 17:25:50;3.55;
08.01.2025 17:25:51;3.56;
08.01.2025 17:25:52;3.56;
08.01.2025 17:25:53;3.55;
08.01.2025 17:25:54;3.56;
08.01.2025 17:25:55;3.55;
08.01.2025 17:25:56;3.54;
08.01.2025 17:25:57;3.55;
08.01.2025 17:25:58;3.54;
08.01.2025 17:25:59;3.55;
08.01.2025 17:26:00;3.54;
08.01.2025 17:26:01;3.55;
08.01.2025 17:26:04;3.55;
08.01.2025 17:26:05;3.56;
08.01.2025 17:26:06;3.55;
08.01.2025 17:26:14;3.55;
08.01.2025 17:26:15;3.56;
08.01.2025 17:26:16;3.55;
08.01.2025 17:26:17;3.55;
08.01.2025 17:26:18;3.54;
08.01.2025 17:26:19;3.55;
08.01.2025 17:26:33;3.55;
08.01.2025 17:26:34;3.54;
08.01.2025 17:26:35;3.56;
08.01.2025 17:26:36;3.54;
08.01.2025 17:26:37;3.55;
08.01.2025 17:26:41;3.55;
08.01.2025 17:26:42;3.54;
08.01.2025 17:26:43;3.55;
08.01.2025 17:26:54;3.55;
08.01.2025 17:26:55;3.56;
08.01.2025 17:26:56;3.55;
08.01.2025 17:26:58;3.55;
08.01.2025 17:26:59;3.56;
08.01.2025 17:27:00;3.56;
08.01.2025 17:27:01;3.54;
08.01.2025 17:27:02;3.55;
08.01.2025 17:27:03;3.56;
08.01.2025 17:27:04;3.55;
08.01.2025 17:27:09;3.55;
08.01.2025 17:27:10;3.54;
08.01.2025 17:27:11;3.55;
08.01.2025 17:27:16;3.55;
08.01.2025 17:27:17;3.54;
08.01.2025 17:27:18;3.55;
08.01.2025 17:27:19;3.56;
08.01.2025 17:27:20;3.55;
08.01.2025 17:27:22;3.55;
08.01.2025 17:27:23;3.54;
08.01.2025 17:27:24;3.55;
08.01.2025 17:27:26;3.55;
08.01.2025 17:27:27;3.56;
08.01.2025 17:27:28;3.55;
08.01.2025 17:27:29;3.55;
08.01.2025 17:27:30;3.54;
08.01.2025 17:27:31;3.54;
08.01.2025 17:27:32;3.55;
08.01.2025 17:27:37;3.55;
08.01.2025 17:27:38;3.54;
08.01.2025 17:27:39;3.55;
08.01.2025 17:27:40;3.54;
08.01.2025 17:27:41;3.55;
08.01.2025 17:27:50;3.55;
08.01.2025 17:27:51;3.54;
08.01.2025 17:27:52;3.55;
08.01.2025 17:27:54;3.55;
08.01.2025 17:27:55;3.56;
08.01.2025 17:27:56;3.54;
08.01.2025 17:27:58;3.54;
08.01.2025 17:27:59;3.55;
08.01.2025 17:28:04;3.55;
08.01.2025 17:28:05;3.54;
08.01.2025 17:28:06;3.55;
08.01.2025 17:28:07;3.55;
08.01.2025 17:28:08;3.56;
08.01.2025 17:28:09;3.55;
08.01.2025 17:28:11;3.55;
08.01.2025 17:28:12;3.56;
08.01.2025 17:28:13;3.55;
08.01.2025 17:28:22;3.55;
08.01.2025 17:28:23;3.54;
08.01.2025 17:28:24;3.54;
08.01.2025 17:28:25;3.55;
08.01.2025 17:28:33;3.55;
08.01.2025 17:28:34;3.54;
08.01.2025 17:28:35;3.55;
08.01.2025 17:28:36;3.54;
08.01.2025 17:28:37;3.54;
08.01.2025 17:28:38;3.55;
08.01.2025 17:28:42;3.55;
08.01.2025 17:28:43;3.54;
08.01.2025 17:28:44;3.56;
08.01.2025 17:28:45;3.55;
08.01.2025 17:28:46;3.55;
08.01.2025 17:28:47;3.54;
08.01.2025 17:28:48;3.55;
08.01.2025 17:28:51;3.55;
08.01.2025 17:28:52;3.54;
08.01.2025 17:28:53;3.55;
08.01.2025 17:28:58;3.55;
08.01.2025 17:28:59;3.54;
08.01.2025 17:29:00;3.55;
08.01.2025 17:29:03;3.55;
08.01.2025 17:29:04;3.54;
08.01.2025 17:29:05;3.55;
08.01.2025 17:29:10;3.55;
08.01.2025 17:29:11;3.56;
08.01.2025 17:29:12;3.55;
08.01.2025 17:29:13;3.54;
08.01.2025 17:29:14;3.55;
08.01.2025 17:29:15;3.54;
08.01.2025 17:29:16;3.55;
08.01.2025 17:29:17;3.54;
08.01.2025 17:29:18;3.54;
08.01.2025 17:29:19;3.56;
08.01.2025 17:29:20;3.55;
08.01.2025 17:29:22;3.55;
08.01.2025 17:29:23;3.54;
08.01.2025 17:29:24;3.55;
08.01.2025 17:29:27;3.55;
08.01.2025 17:29:28;3.56;
08.01.2025 17:29:29;3.56;
08.01.2025 17:29:30;3.55;
08.01.2025 17:29:34;3.55;
08.01.2025 17:29:35;3.54;
08.01.2025 17:29:36;3.55;
08.01.2025 17:29:37;3.54;
08.01.2025 17:29:38;3.54;
08.01.2025 17:29:39;3.55;
08.01.2025 17:29:42;3.55;
08.01.2025 17:29:43;3.54;
08.01.2025 17:29:44;3.55;
08.01.2025 17:29:49;3.55;
08.01.2025 17:29:50;3.56;
08.01.2025 17:29:51;3.55;
08.01.2025 17:29:52;3.56;
08.01.2025 17:29:53;3.55;
08.01.2025 17:29:59;3.55;
08.01.2025 17:30:00;3.54;
08.01.2025 17:30:02;3.54;
08.01.2025 17:30:03;3.55;
08.01.2025 17:30:04;3.55;
08.01.2025 17:30:05;3.54;
08.01.2025 17:30:06;3.55;
08.01.2025 17:30:08;3.55;
08.01.2025 17:30:09;3.56;
08.01.2025 17:30:10;3.54;
08.01.2025 17:30:11;3.55;
08.01.2025 17:30:23;3.55;
08.01.2025 17:30:24;3.54;
08.01.2025 17:30:25;3.55;
08.01.2025 17:30:26;3.55;
08.01.2025 17:30:27;3.56;
08.01.2025 17:30:28;3.55;
08.01.2025 17:30:33;3.55;
08.01.2025 17:30:34;3.54;
08.01.2025 17:30:35;3.55;
08.01.2025 17:30:37;3.55;
08.01.2025 17:30:38;3.54;
08.01.2025 17:30:39;3.55;
08.01.2025 17:30:46;3.55;
08.01.2025 17:30:47;3.54;
08.01.2025 17:30:48;3.54;
08.01.2025 17:30:49;3.55;
08.01.2025 17:30:54;3.55;
08.01.2025 17:30:55;3.54;
08.01.2025 17:30:56;3.55;
08.01.2025 17:30:57;3.54;
08.01.2025 17:30:58;3.54;
08.01.2025 17:30:59;3.55;
08.01.2025 17:31:03;3.55;
08.01.2025 17:31:04;3.54;
08.01.2025 17:31:05;3.55;
08.01.2025 17:31:17;3.55;
08.01.2025 17:31:18;3.54;
08.01.2025 17:31:19;3.55;
08.01.2025 17:31:23;3.55;
08.01.2025 17:31:24;3.54;
08.01.2025 17:31:25;3.55;
08.01.2025 17:31:37;3.55;
08.01.2025 17:31:38;3.54;
08.01.2025 17:31:39;3.55;
08.01.2025 17:31:40;3.55;
08.01.2025 17:31:41;3.54;
08.01.2025 17:31:42;3.55;
08.01.2025 17:31:45;3.55;
08.01.2025 17:31:46;3.54;
08.01.2025 17:31:47;3.55;
08.01.2025 17:31:49;3.55;
08.01.2025 17:31:50;3.54;
08.01.2025 17:31:51;3.55;
08.01.2025 17:31:52;3.54;
08.01.2025 17:31:53;3.55;
08.01.2025 17:31:58;3.55;
08.01.2025 17:31:59;3.56;
08.01.2025 17:32:00;3.55;
08.01.2025 17:32:01;3.55;
08.01.2025 17:32:02;3.54;
08.01.2025 17:32:03;3.55;
08.01.2025 17:32:05;3.55;
08.01.2025 17:32:06;3.54;
08.01.2025 17:32:07;3.55;
08.01.2025 17:32:11;3.55;
08.01.2025 17:32:12;3.56;
08.01.2025 17:32:13;3.55;
08.01.2025 17:32:15;3.55;
08.01.2025 17:32:16;3.54;
08.01.2025 17:32:18;3.54;
08.01.2025 17:32:19;3.56;
08.01.2025 17:32:20;3.55;
08.01.2025 17:32:26;3.55;
08.01.2025 17:32:27;3.54;
08.01.2025 17:32:28;3.55;
08.01.2025 17:32:31;3.55;
08.01.2025 17:32:32;3.56;
08.01.2025 17:32:33;3.55;
08.01.2025 17:32:34;3.55;
08.01.2025 17:32:35;3.54;
08.01.2025 17:32:36;3.55;
08.01.2025 17:32:37;3.54;
08.01.2025 17:32:38;3.54;
08.01.2025 17:32:39;3.55;
08.01.2025 17:32:40;3.55;
08.01.2025 17:32:41;3.54;
08.01.2025 17:32:42;3.54;
08.01.2025 17:32:43;3.55;
08.01.2025 17:32:47;3.55;
08.01.2025 17:32:48;3.54;
08.01.2025 17:32:49;3.55;
08.01.2025 17:32:50;3.54;
08.01.2025 17:32:51;3.55;
08.01.2025 17:32:54;3.55;
08.01.2025 17:32:55;3.54;
08.01.2025 17:32:56;3.55;
08.01.2025 17:33:01;3.55;
08.01.2025 17:33:02;3.56;
08.01.2025 17:33:03;3.55;
08.01.2025 17:33:07;3.55;
08.01.2025 17:33:08;3.54;
08.01.2025 17:33:09;3.55;
08.01.2025 17:33:10;3.54;
08.01.2025 17:33:11;3.55;
08.01.2025 17:33:16;3.55;
08.01.2025 17:33:17;3.54;
08.01.2025 17:33:18;3.55;
08.01.2025 17:33:19;3.55;
08.01.2025 17:33:20;3.56;
08.01.2025 17:33:21;3.54;
08.01.2025 17:33:24;3.54;
08.01.2025 17:33:25;3.55;
08.01.2025 17:33:30;3.55;
08.01.2025 17:33:31;3.54;
08.01.2025 17:33:32;3.54;
08.01.2025 17:33:33;3.55;
08.01.2025 17:33:34;3.54;
08.01.2025 17:33:35;3.55;
08.01.2025 17:33:36;3.54;
08.01.2025 17:33:37;3.55;
08.01.2025 17:33:38;3.55;
08.01.2025 17:33:39;3.54;
08.01.2025 17:33:40;3.55;
08.01.2025 17:33:41;3.55;
08.01.2025 17:33:42;3.54;
08.01.2025 17:33:43;3.55;
08.01.2025 17:33:45;3.55;
08.01.2025 17:33:46;3.54;
08.01.2025 17:33:47;3.54;
08.01.2025 17:33:48;3.55;
08.01.2025 17:33:49;3.54;
08.01.2025 17:33:50;3.55;
08.01.2025 17:33:52;3.55;
08.01.2025 17:33:53;3.54;
08.01.2025 17:33:54;3.55;
08.01.2025 17:33:55;3.55;
08.01.2025 17:33:56;3.54;
08.01.2025 17:33:57;3.55;
08.01.2025 17:34:01;3.55;
08.01.2025 17:34:02;3.54;
08.01.2025 17:34:03;3.55;
08.01.2025 17:34:04;3.55;
08.01.2025 17:34:05;3.54;
08.01.2025 17:34:06;3.54;
08.01.2025 17:34:07;3.55;
08.01.2025 17:34:09;3.55;
08.01.2025 17:34:10;3.54;
08.01.2025 17:34:11;3.55;
08.01.2025 17:34:13;3.55;
08.01.2025 17:34:14;3.54;
08.01.2025 17:34:15;3.54;
08.01.2025 17:34:16;3.55;
08.01.2025 17:34:21;3.55;
08.01.2025 17:34:22;3.54;
08.01.2025 17:34:23;3.55;
08.01.2025 17:34:24;3.56;
08.01.2025 17:34:25;3.55;
08.01.2025 17:34:27;3.55;
08.01.2025 17:34:28;3.54;
08.01.2025 17:34:29;3.55;
08.01.2025 17:34:30;3.56;
08.01.2025 17:34:31;3.55;
08.01.2025 17:34:32;3.54;
08.01.2025 17:34:33;3.55;
08.01.2025 17:34:34;3.54;
08.01.2025 17:34:35;3.54;
08.01.2025 17:34:36;3.56;
08.01.2025 17:34:37;3.55;
08.01.2025 17:34:38;3.54;
08.01.2025 17:34:39;3.55;
08.01.2025 17:34:43;3.55;
08.01.2025 17:34:44;3.54;
08.01.2025 17:34:45;3.55;
08.01.2025 17:34:48;3.55;
08.01.2025 17:34:49;3.56;
08.01.2025 17:34:50;3.55;
08.01.2025 17:34:54;3.55;
08.01.2025 17:34:55;3.54;
08.01.2025 17:34:56;3.55;
08.01.2025 17:34:59;3.55;
08.01.2025 17:35:00;3.56;
08.01.2025 17:35:01;3.55;
08.01.2025 17:35:07;3.55;
08.01.2025 17:35:08;3.54;
08.01.2025 17:35:09;3.55;
08.01.2025 17:35:10;3.55;
08.01.2025 17:35:11;3.54;
08.01.2025 17:35:12;3.54;
08.01.2025 17:35:13;3.55;
08.01.2025 17:35:17;3.55;
08.01.2025 17:35:18;3.54;
08.01.2025 17:35:19;3.55;
08.01.2025 17:35:20;3.55;
08.01.2025 17:35:21;3.54;
08.01.2025 17:35:22;3.55;
08.01.2025 17:35:23;3.55;
08.01.2025 17:35:24;3.54;
08.01.2025 17:35:25;3.55;
08.01.2025 17:35:26;3.56;
08.01.2025 17:35:27;3.55;
08.01.2025 17:35:30;3.55;
08.01.2025 17:35:31;3.56;
08.01.2025 17:35:32;3.55;
08.01.2025 17:35:42;3.55;
08.01.2025 17:35:43;3.54;
08.01.2025 17:35:44;3.56;
08.01.2025 17:35:45;3.55;
08.01.2025 17:35:47;3.55;
08.01.2025 17:35:48;3.56;
08.01.2025 17:35:49;3.55;
08.01.2025 17:35:50;3.54;
08.01.2025 17:35:51;3.54;
08.01.2025 17:35:52;3.55;
08.01.2025 17:35:59;3.55;
08.01.2025 17:36:00;3.54;
08.01.2025 17:36:01;3.55;
08.01.2025 17:36:02;3.55;
08.01.2025 17:36:03;3.56;
08.01.2025 17:36:04;3.55;
08.01.2025 17:36:05;3.54;
08.01.2025 17:36:06;3.55;
08.01.2025 17:36:07;3.55;
08.01.2025 17:36:08;3.56;
08.01.2025 17:36:09;3.56;
08.01.2025 17:36:10;3.55;
08.01.2025 17:36:17;3.55;
08.01.2025 17:36:18;3.54;
08.01.2025 17:36:19;3.55;
08.01.2025 17:36:26;3.55;
08.01.2025 17:36:27;3.54;
08.01.2025 17:36:28;3.55;
08.01.2025 17:36:41;3.55;
08.01.2025 17:36:42;3.54;
08.01.2025 17:36:43;3.54;
08.01.2025 17:36:44;3.55;
08.01.2025 17:36:49;3.55;
08.01.2025 17:36:50;3.54;
08.01.2025 17:36:51;3.55;
08.01.2025 17:36:52;3.54;
08.01.2025 17:36:53;3.55;
08.01.2025 17:36:54;3.56;
08.01.2025 17:36:55;3.55;
08.01.2025 17:36:56;3.54;
08.01.2025 17:36:57;3.55;
08.01.2025 17:37:06;3.55;
08.01.2025 17:37:07;3.56;
08.01.2025 17:37:08;3.55;
08.01.2025 17:37:09;3.54;
08.01.2025 17:37:10;3.55;
08.01.2025 17:37:11;3.55;
08.01.2025 17:37:12;3.54;
08.01.2025 17:37:13;3.54;
08.01.2025 17:37:14;3.55;
08.01.2025 17:37:20;3.55;
08.01.2025 17:37:21;3.54;
08.01.2025 17:37:22;3.55;
08.01.2025 17:37:23;3.54;
08.01.2025 17:37:24;3.55;
08.01.2025 17:37:26;3.55;
08.01.2025 17:37:27;3.56;
08.01.2025 17:37:28;3.55;
08.01.2025 17:37:29;3.56;
08.01.2025 17:37:30;3.55;
08.01.2025 17:37:32;3.55;
08.01.2025 17:37:33;3.56;
08.01.2025 17:37:34;3.55;
08.01.2025 17:37:37;3.55;
08.01.2025 17:37:38;3.54;
08.01.2025 17:37:39;3.55;
08.01.2025 17:37:44;3.55;
08.01.2025 17:37:45;3.54;
08.01.2025 17:37:46;3.55;
08.01.2025 17:37:50;3.55;
08.01.2025 17:37:51;3.54;
08.01.2025 17:37:52;3.55;
08.01.2025 17:38:00;3.55;
08.01.2025 17:38:01;3.54;
08.01.2025 17:38:02;3.55;
08.01.2025 17:38:03;3.54;
08.01.2025 17:38:04;3.54;
08.01.2025 17:38:05;3.56;
08.01.2025 17:38:06;3.55;
08.01.2025 17:38:16;3.55;
08.01.2025 17:38:17;3.54;
08.01.2025 17:38:18;3.56;
08.01.2025 17:38:19;3.55;
08.01.2025 17:38:22;3.55;
08.01.2025 17:38:23;3.56;
08.01.2025 17:38:24;3.55;
08.01.2025 17:38:25;3.55;
08.01.2025 17:38:26;3.56;
08.01.2025 17:38:27;3.54;
08.01.2025 17:38:28;3.55;
08.01.2025 17:38:29;3.55;
08.01.2025 17:38:30;3.56;
08.01.2025 17:38:31;3.55;
08.01.2025 17:38:32;3.54;
08.01.2025 17:38:33;3.56;
08.01.2025 17:38:35;3.56;
08.01.2025 17:38:36;3.55;
08.01.2025 17:38:37;3.56;
08.01.2025 17:38:39;3.56;
08.01.2025 17:38:40;3.55;
08.01.2025 17:38:42;3.55;
08.01.2025 17:38:43;3.56;
08.01.2025 17:38:44;3.56;
08.01.2025 17:38:45;3.55;
08.01.2025 17:38:46;3.54;
08.01.2025 17:38:47;3.55;
08.01.2025 17:38:48;3.56;
08.01.2025 17:38:49;3.55;
08.01.2025 17:38:55;3.55;
08.01.2025 17:38:56;3.56;
08.01.2025 17:38:57;3.55;
08.01.2025 17:38:58;3.56;
08.01.2025 17:39:02;3.56;
08.01.2025 17:39:03;3.55;
08.01.2025 17:39:04;3.55;
08.01.2025 17:39:05;3.56;
08.01.2025 17:39:06;3.55;
08.01.2025 17:39:07;3.56;
08.01.2025 17:39:08;3.55;
08.01.2025 17:39:09;3.56;
08.01.2025 17:39:10;3.55;
08.01.2025 17:39:11;3.55;
08.01.2025 17:39:12;3.54;
08.01.2025 17:39:13;3.56;
08.01.2025 17:39:14;3.55;
08.01.2025 17:39:16;3.55;
08.01.2025 17:39:17;3.56;
08.01.2025 17:39:18;3.55;
08.01.2025 17:39:23;3.55;
08.01.2025 17:39:24;3.56;
08.01.2025 17:39:26;3.56;
08.01.2025 17:39:27;3.55;
08.01.2025 17:39:28;3.56;
08.01.2025 17:39:29;3.55;
08.01.2025 17:39:32;3.55;
08.01.2025 17:39:33;3.54;
08.01.2025 17:39:34;3.56;
08.01.2025 17:39:35;3.55;
08.01.2025 17:39:43;3.55;
08.01.2025 17:39:44;3.56;
08.01.2025 17:39:45;3.56;
08.01.2025 17:39:46;3.55;
08.01.2025 17:39:47;3.56;
08.01.2025 17:39:48;3.56;
08.01.2025 17:39:49;3.55;
08.01.2025 17:39:58;3.55;
08.01.2025 17:39:59;3.56;
08.01.2025 17:40:00;3.55;
08.01.2025 17:40:05;3.55;
08.01.2025 17:40:06;3.56;
08.01.2025 17:40:07;3.56;
08.01.2025 17:40:08;3.55;
08.01.2025 17:40:12;3.55;
08.01.2025 17:40:13;3.54;
08.01.2025 17:40:14;3.55;
08.01.2025 17:40:15;3.55;
08.01.2025 17:40:16;3.54;
08.01.2025 17:40:17;3.54;
08.01.2025 17:40:18;3.55;
08.01.2025 17:40:19;3.56;
08.01.2025 17:40:20;3.55;
08.01.2025 17:40:21;3.55;
08.01.2025 17:40:22;3.56;
08.01.2025 17:40:23;3.55;
08.01.2025 17:40:27;3.55;
08.01.2025 17:40:28;3.54;
08.01.2025 17:40:29;3.54;
08.01.2025 17:40:30;3.55;
08.01.2025 17:40:32;3.55;
08.01.2025 17:40:33;3.54;
08.01.2025 17:40:34;3.55;
08.01.2025 17:40:35;3.54;
08.01.2025 17:40:36;3.55;
08.01.2025 17:40:46;3.55;
08.01.2025 17:40:47;3.56;
08.01.2025 17:40:48;3.54;
08.01.2025 17:40:49;3.55;
08.01.2025 17:40:59;3.55;
08.01.2025 17:41:00;3.56;
08.01.2025 17:41:01;3.55;
08.01.2025 17:41:03;3.55;
08.01.2025 17:41:04;3.56;
08.01.2025 17:41:05;3.55;
08.01.2025 17:41:09;3.55;
08.01.2025 17:41:10;3.54;
08.01.2025 17:41:11;3.54;
08.01.2025 17:41:12;3.55;
08.01.2025 17:41:13;3.56;
08.01.2025 17:41:14;3.55;
08.01.2025 17:41:15;3.55;
08.01.2025 17:41:16;3.54;
08.01.2025 17:41:17;3.55;
08.01.2025 17:41:18;3.55;
08.01.2025 17:41:19;3.54;
08.01.2025 17:41:20;3.54;
08.01.2025 17:41:21;3.55;
08.01.2025 17:41:24;3.55;
08.01.2025 17:41:25;3.56;
08.01.2025 17:41:26;3.55;
08.01.2025 17:41:33;3.55;
08.01.2025 17:41:34;3.54;
08.01.2025 17:41:35;3.55;
08.01.2025 17:41:48;3.55;
08.01.2025 17:41:49;3.56;
08.01.2025 17:41:50;3.55;
08.01.2025 17:41:55;3.55;
08.01.2025 17:41:56;3.54;
08.01.2025 17:41:57;3.54;
08.01.2025 17:41:58;3.56;
08.01.2025 17:41:59;3.56;
08.01.2025 17:42:00;3.55;
08.01.2025 17:42:01;3.56;
08.01.2025 17:42:02;3.55;
08.01.2025 17:42:06;3.55;
08.01.2025 17:42:07;3.56;
08.01.2025 17:42:08;3.56;
08.01.2025 17:42:09;3.55;
08.01.2025 17:42:14;3.55;
08.01.2025 17:42:15;3.54;
08.01.2025 17:42:16;3.55;
08.01.2025 17:42:17;3.56;
08.01.2025 17:42:18;3.55;
08.01.2025 17:42:19;3.54;
08.01.2025 17:42:20;3.55;
08.01.2025 17:42:23;3.55;
08.01.2025 17:42:24;3.54;
08.01.2025 17:42:25;3.55;
08.01.2025 17:42:26;3.55;
08.01.2025 17:42:27;3.54;
08.01.2025 17:42:28;3.55;
08.01.2025 17:42:29;3.55;
08.01.2025 17:42:30;3.56;
08.01.2025 17:42:31;3.55;
08.01.2025 17:42:32;3.55;
08.01.2025 17:42:33;3.56;
08.01.2025 17:42:34;3.56;
08.01.2025 17:42:35;3.54;
08.01.2025 17:42:36;3.54;
08.01.2025 17:42:37;3.56;
08.01.2025 17:42:38;3.55;
08.01.2025 17:42:39;3.54;
08.01.2025 17:42:40;3.56;
08.01.2025 17:42:41;3.55;
08.01.2025 17:42:43;3.55;
08.01.2025 17:42:44;3.56;
08.01.2025 17:42:46;3.56;
08.01.2025 17:42:47;3.55;
08.01.2025 17:42:48;3.56;
08.01.2025 17:42:49;3.55;
08.01.2025 17:42:52;3.55;
08.01.2025 17:42:53;3.56;
08.01.2025 17:42:54;3.55;
08.01.2025 17:42:55;3.56;
08.01.2025 17:42:56;3.55;
08.01.2025 17:42:58;3.55;
08.01.2025 17:42:59;3.56;
08.01.2025 17:43:00;3.55;
08.01.2025 17:43:01;3.56;
08.01.2025 17:43:02;3.55;
08.01.2025 17:43:09;3.55;
08.01.2025 17:43:10;3.56;
08.01.2025 17:43:11;3.55;
08.01.2025 17:43:14;3.55;
08.01.2025 17:43:15;3.56;
08.01.2025 17:43:16;3.55;
08.01.2025 17:43:17;3.55;
08.01.2025 17:43:18;3.54;
08.01.2025 17:43:19;3.56;
08.01.2025 17:43:21;3.56;
08.01.2025 17:43:22;3.54;
08.01.2025 17:43:23;3.55;
08.01.2025 17:43:27;3.55;
08.01.2025 17:43:28;3.56;
08.01.2025 17:43:29;3.55;
08.01.2025 17:43:38;3.55;
08.01.2025 17:43:39;3.56;
08.01.2025 17:43:40;3.56;
08.01.2025 17:43:41;3.55;
08.01.2025 17:43:42;3.56;
08.01.2025 17:43:43;3.56;
08.01.2025 17:43:44;3.55;
08.01.2025 17:43:47;3.55;
08.01.2025 17:43:48;3.56;
08.01.2025 17:43:49;3.54;
08.01.2025 17:43:50;3.55;
08.01.2025 17:43:52;3.55;
08.01.2025 17:43:53;3.54;
08.01.2025 17:43:54;3.55;
08.01.2025 17:43:55;3.55;
08.01.2025 17:43:56;3.54;
08.01.2025 17:43:57;3.55;
08.01.2025 17:44:03;3.55;
08.01.2025 17:44:04;3.56;
08.01.2025 17:44:05;3.55;
08.01.2025 17:44:06;3.56;
08.01.2025 17:44:07;3.55;
08.01.2025 17:44:08;3.56;
08.01.2025 17:44:09;3.55;
08.01.2025 17:44:10;3.55;
08.01.2025 17:44:11;3.54;
08.01.2025 17:44:12;3.55;
08.01.2025 17:44:24;3.55;
08.01.2025 17:44:25;3.56;
08.01.2025 17:44:26;3.55;
08.01.2025 17:44:28;3.55;
08.01.2025 17:44:29;3.54;
08.01.2025 17:44:30;3.56;
08.01.2025 17:44:31;3.55;
08.01.2025 17:44:32;3.56;
08.01.2025 17:44:33;3.55;
08.01.2025 17:44:34;3.56;
08.01.2025 17:44:35;3.55;
08.01.2025 17:44:36;3.55;
08.01.2025 17:44:37;3.56;
08.01.2025 17:44:38;3.55;
08.01.2025 17:44:39;3.55;
08.01.2025 17:44:40;3.56;
08.01.2025 17:44:41;3.55;
08.01.2025 17:44:44;3.55;
08.01.2025 17:44:45;3.56;
08.01.2025 17:44:46;3.55;
08.01.2025 17:44:48;3.55;
08.01.2025 17:44:49;3.56;
08.01.2025 17:44:50;3.56;
08.01.2025 17:44:51;3.55;
08.01.2025 17:44:52;3.54;
08.01.2025 17:44:53;3.55;
08.01.2025 17:44:54;3.56;
08.01.2025 17:44:55;3.55;
08.01.2025 17:45:15;3.55;
08.01.2025 17:45:16;3.56;
08.01.2025 17:45:17;3.55;
08.01.2025 17:45:18;3.56;
08.01.2025 17:45:20;3.56;
08.01.2025 17:45:21;3.55;
08.01.2025 17:45:27;3.55;
08.01.2025 17:45:28;3.56;
08.01.2025 17:45:29;3.55;
08.01.2025 17:45:30;3.55;
08.01.2025 17:45:31;3.56;
08.01.2025 17:45:32;3.55;
08.01.2025 17:45:36;3.55;
08.01.2025 17:45:37;3.56;
08.01.2025 17:45:38;3.55;
08.01.2025 17:45:44;3.55;
08.01.2025 17:45:45;3.56;
08.01.2025 17:45:46;3.55;
08.01.2025 17:45:48;3.55;
08.01.2025 17:45:49;3.56;
08.01.2025 17:45:50;3.55;
08.01.2025 17:45:53;3.55;
08.01.2025 17:45:54;3.56;
08.01.2025 17:45:55;3.55;
08.01.2025 17:45:56;3.56;
08.01.2025 17:45:57;3.55;
08.01.2025 17:46:02;3.55;
08.01.2025 17:46:03;3.56;
08.01.2025 17:46:04;3.55;
08.01.2025 17:46:05;3.55;
08.01.2025 17:46:06;3.56;
08.01.2025 17:46:08;3.56;
08.01.2025 17:46:09;3.55;
08.01.2025 17:46:10;3.55;
08.01.2025 17:46:11;3.56;
08.01.2025 17:46:13;3.56;
08.01.2025 17:46:14;3.55;
08.01.2025 17:46:15;3.55;
08.01.2025 17:46:16;3.56;
08.01.2025 17:46:17;3.56;
08.01.2025 17:46:18;3.55;
08.01.2025 17:46:20;3.55;
08.01.2025 17:46:21;3.56;
08.01.2025 17:46:22;3.55;
08.01.2025 17:46:23;3.55;
08.01.2025 17:46:24;3.56;
08.01.2025 17:46:26;3.56;
08.01.2025 17:46:27;3.57;
08.01.2025 17:46:28;3.55;
08.01.2025 17:46:29;3.56;
08.01.2025 17:46:30;3.56;
08.01.2025 17:46:31;3.54;
08.01.2025 17:46:32;3.56;
08.01.2025 17:46:33;3.54;
08.01.2025 17:46:34;3.55;
08.01.2025 17:46:35;3.55;
08.01.2025 17:46:36;3.54;
08.01.2025 17:46:37;3.55;
08.01.2025 17:46:38;3.55;
08.01.2025 17:46:39;3.54;
08.01.2025 17:46:40;3.55;
08.01.2025 17:46:43;3.55;
08.01.2025 17:46:44;3.56;
08.01.2025 17:46:45;3.55;
08.01.2025 17:46:46;3.55;
08.01.2025 17:46:47;3.56;
08.01.2025 17:46:48;3.55;
08.01.2025 17:46:49;3.55;
08.01.2025 17:46:50;3.54;
08.01.2025 17:46:51;3.56;
08.01.2025 17:46:55;3.56;
08.01.2025 17:46:56;3.55;
08.01.2025 17:46:57;3.56;
08.01.2025 17:46:58;3.55;
08.01.2025 17:46:59;3.55;
08.01.2025 17:47:00;3.54;
08.01.2025 17:47:01;3.55;
08.01.2025 17:47:03;3.55;
08.01.2025 17:47:04;3.57;
08.01.2025 17:47:05;3.56;
08.01.2025 17:47:06;3.55;
08.01.2025 17:47:07;3.56;
08.01.2025 17:47:10;3.56;
08.01.2025 17:47:11;3.55;
08.01.2025 17:47:13;3.55;
08.01.2025 17:47:14;3.56;
08.01.2025 17:47:15;3.55;
08.01.2025 17:47:16;3.55;
08.01.2025 17:47:17;3.56;
08.01.2025 17:47:18;3.56;
08.01.2025 17:47:19;3.55;
08.01.2025 17:47:20;3.54;
08.01.2025 17:47:21;3.55;
08.01.2025 17:47:22;3.55;
08.01.2025 17:47:23;3.56;
08.01.2025 17:47:24;3.56;
08.01.2025 17:47:25;3.55;
08.01.2025 17:47:27;3.55;
08.01.2025 17:47:28;3.56;
08.01.2025 17:47:29;3.55;
08.01.2025 17:47:30;3.56;
08.01.2025 17:47:33;3.56;
08.01.2025 17:47:34;3.55;
08.01.2025 17:47:35;3.56;
08.01.2025 17:47:36;3.55;
08.01.2025 17:47:39;3.55;
08.01.2025 17:47:40;3.56;
08.01.2025 17:47:41;3.55;
08.01.2025 17:47:42;3.56;
08.01.2025 17:47:43;3.55;
08.01.2025 17:47:44;3.55;
08.01.2025 17:47:45;3.56;
08.01.2025 17:47:47;3.56;
08.01.2025 17:47:48;3.55;
08.01.2025 17:47:50;3.55;
08.01.2025 17:47:51;3.56;
08.01.2025 17:47:52;3.55;
08.01.2025 17:47:54;3.55;
08.01.2025 17:47:55;3.56;
08.01.2025 17:47:56;3.55;
08.01.2025 17:47:58;3.55;
08.01.2025 17:47:59;3.56;
08.01.2025 17:48:00;3.56;
08.01.2025 17:48:01;3.55;
08.01.2025 17:48:02;3.55;
08.01.2025 17:48:03;3.56;
08.01.2025 17:48:04;3.55;
08.01.2025 17:48:05;3.56;
08.01.2025 17:48:06;3.55;
08.01.2025 17:48:07;3.56;
08.01.2025 17:48:08;3.55;
08.01.2025 17:48:09;3.56;
08.01.2025 17:48:10;3.54;
08.01.2025 17:48:11;3.56;
08.01.2025 17:48:12;3.55;
08.01.2025 17:48:13;3.56;
08.01.2025 17:48:18;3.56;
08.01.2025 17:48:19;3.55;
08.01.2025 17:48:23;3.55;
08.01.2025 17:48:24;3.56;
08.01.2025 17:48:29;3.56;
08.01.2025 17:48:30;3.57;
08.01.2025 17:48:31;3.56;
08.01.2025 17:48:34;3.56;
08.01.2025 17:48:35;3.55;
08.01.2025 17:48:36;3.55;
08.01.2025 17:48:37;3.56;
08.01.2025 17:48:38;3.55;
08.01.2025 17:48:39;3.56;
08.01.2025 17:48:40;3.56;
08.01.2025 17:48:41;3.55;
08.01.2025 17:48:42;3.56;
08.01.2025 17:48:53;3.56;
08.01.2025 17:48:54;3.55;
08.01.2025 17:48:56;3.55;
08.01.2025 17:48:57;3.56;
08.01.2025 17:48:59;3.56;
08.01.2025 17:49:00;3.55;
08.01.2025 17:49:01;3.56;
08.01.2025 17:49:03;3.56;
08.01.2025 17:49:04;3.57;
08.01.2025 17:49:05;3.56;
08.01.2025 17:49:06;3.55;
08.01.2025 17:49:07;3.56;
08.01.2025 17:49:12;3.56;
08.01.2025 17:49:13;3.55;
08.01.2025 17:49:14;3.55;
08.01.2025 17:49:15;3.56;
08.01.2025 17:49:16;3.55;
08.01.2025 17:49:17;3.56;
08.01.2025 17:49:18;3.55;
08.01.2025 17:49:19;3.57;
08.01.2025 17:49:20;3.56;
08.01.2025 17:49:21;3.55;
08.01.2025 17:49:22;3.56;
08.01.2025 17:49:23;3.55;
08.01.2025 17:49:25;3.55;
08.01.2025 17:49:26;3.56;
08.01.2025 17:49:27;3.56;
08.01.2025 17:49:28;3.55;
08.01.2025 17:49:32;3.55;
08.01.2025 17:49:33;3.56;
08.01.2025 17:49:35;3.56;
08.01.2025 17:49:36;3.55;
08.01.2025 17:49:37;3.56;
08.01.2025 17:49:39;3.56;
08.01.2025 17:49:40;3.55;
08.01.2025 17:49:43;3.55;
08.01.2025 17:49:44;3.56;
08.01.2025 17:49:45;3.55;
08.01.2025 17:49:47;3.55;
08.01.2025 17:49:48;3.56;
08.01.2025 17:49:49;3.55;
08.01.2025 17:49:50;3.56;
08.01.2025 17:49:54;3.56;
08.01.2025 17:49:55;3.55;
08.01.2025 17:49:59;3.55;
08.01.2025 17:50:00;3.56;
08.01.2025 17:50:01;3.55;
08.01.2025 17:50:02;3.56;
08.01.2025 17:50:04;3.56;
08.01.2025 17:50:05;3.55;
08.01.2025 17:50:06;3.56;
08.01.2025 17:50:08;3.56;
08.01.2025 17:50:09;3.55;
08.01.2025 17:50:10;3.56;
08.01.2025 17:50:11;3.55;
08.01.2025 17:50:12;3.56;
08.01.2025 17:50:14;3.56;
08.01.2025 17:50:15;3.55;
08.01.2025 17:50:17;3.55;
08.01.2025 17:50:18;3.56;
08.01.2025 17:50:19;3.55;
08.01.2025 17:50:20;3.55;
08.01.2025 17:50:21;3.56;
08.01.2025 17:50:24;3.56;
08.01.2025 17:50:25;3.55;
08.01.2025 17:50:26;3.56;
08.01.2025 17:50:28;3.56;
08.01.2025 17:50:29;3.55;
08.01.2025 17:50:30;3.55;
08.01.2025 17:50:31;3.56;
08.01.2025 17:50:32;3.56;
08.01.2025 17:50:33;3.55;
08.01.2025 17:50:34;3.56;
08.01.2025 17:50:39;3.56;
08.01.2025 17:50:40;3.55;
08.01.2025 17:50:41;3.56;
08.01.2025 17:50:48;3.56;
08.01.2025 17:50:49;3.55;
08.01.2025 17:50:50;3.56;
08.01.2025 17:50:51;3.55;
08.01.2025 17:50:52;3.56;
08.01.2025 17:50:53;3.55;
08.01.2025 17:50:54;3.57;
08.01.2025 17:50:55;3.55;
08.01.2025 17:50:57;3.55;
08.01.2025 17:50:58;3.56;
08.01.2025 17:51:00;3.56;
08.01.2025 17:51:01;3.55;
08.01.2025 17:51:04;3.55;
08.01.2025 17:51:05;3.56;
08.01.2025 17:51:09;3.56;
08.01.2025 17:51:10;3.55;
08.01.2025 17:51:11;3.56;
08.01.2025 17:51:13;3.56;
08.01.2025 17:51:14;3.55;
08.01.2025 17:51:17;3.55;
08.01.2025 17:51:18;3.56;
08.01.2025 17:51:20;3.56;
08.01.2025 17:51:21;3.55;
08.01.2025 17:51:22;3.55;
08.01.2025 17:51:23;3.56;
08.01.2025 17:51:24;3.56;
08.01.2025 17:51:25;3.55;
08.01.2025 17:51:26;3.56;
08.01.2025 17:51:35;3.56;
08.01.2025 17:51:36;3.55;
08.01.2025 17:51:37;3.56;
08.01.2025 17:51:38;3.55;
08.01.2025 17:51:40;3.55;
08.01.2025 17:51:41;3.56;
08.01.2025 17:51:42;3.55;
08.01.2025 17:51:44;3.55;
08.01.2025 17:51:45;3.56;
08.01.2025 17:51:46;3.56;
08.01.2025 17:51:47;3.55;
08.01.2025 17:51:48;3.56;
08.01.2025 17:51:49;3.56;
08.01.2025 17:51:50;3.55;
08.01.2025 17:51:51;3.54;
08.01.2025 17:51:52;3.55;
08.01.2025 17:51:53;3.55;
08.01.2025 17:51:54;3.56;
08.01.2025 17:51:55;3.55;
08.01.2025 17:51:57;3.55;
08.01.2025 17:51:58;3.56;
08.01.2025 17:52:05;3.56;
08.01.2025 17:52:06;3.55;
08.01.2025 17:52:07;3.56;
08.01.2025 17:52:09;3.56;
08.01.2025 17:52:10;3.57;
08.01.2025 17:52:11;3.56;
08.01.2025 17:52:12;3.55;
08.01.2025 17:52:13;3.56;
08.01.2025 17:52:20;3.56;
08.01.2025 17:52:21;3.55;
08.01.2025 17:52:22;3.55;
08.01.2025 17:52:23;3.56;
08.01.2025 17:52:25;3.56;
08.01.2025 17:52:26;3.57;
08.01.2025 17:52:27;3.56;
08.01.2025 17:52:28;3.55;
08.01.2025 17:52:29;3.56;
08.01.2025 17:52:31;3.56;
08.01.2025 17:52:32;3.55;
08.01.2025 17:52:33;3.56;
08.01.2025 17:52:39;3.56;
08.01.2025 17:52:40;3.55;
08.01.2025 17:52:41;3.56;
08.01.2025 17:52:42;3.55;
08.01.2025 17:52:43;3.56;
08.01.2025 17:52:46;3.56;
08.01.2025 17:52:47;3.55;
08.01.2025 17:52:48;3.56;
08.01.2025 17:52:53;3.56;
08.01.2025 17:52:54;3.55;
08.01.2025 17:52:55;3.55;
08.01.2025 17:52:56;3.56;
08.01.2025 17:52:58;3.56;
08.01.2025 17:52:59;3.55;
08.01.2025 17:53:00;3.56;
08.01.2025 17:53:01;3.55;
08.01.2025 17:53:02;3.56;
08.01.2025 17:53:03;3.56;
08.01.2025 17:53:04;3.55;
08.01.2025 17:53:05;3.55;
08.01.2025 17:53:06;3.56;
08.01.2025 17:53:07;3.55;
08.01.2025 17:53:10;3.55;
08.01.2025 17:53:11;3.56;
08.01.2025 17:53:12;3.56;
08.01.2025 17:53:13;3.55;
08.01.2025 17:53:14;3.55;
08.01.2025 17:53:15;3.56;
08.01.2025 17:53:16;3.55;
08.01.2025 17:53:17;3.56;
08.01.2025 17:53:18;3.56;
08.01.2025 17:53:19;3.55;
08.01.2025 17:53:20;3.55;
08.01.2025 17:53:21;3.56;
08.01.2025 17:53:22;3.56;
08.01.2025 17:53:23;3.55;
08.01.2025 17:53:24;3.56;
08.01.2025 17:53:26;3.56;
08.01.2025 17:53:27;3.55;
08.01.2025 17:53:30;3.55;
08.01.2025 17:53:31;3.56;
08.01.2025 17:53:32;3.55;
08.01.2025 17:53:33;3.56;
08.01.2025 17:53:34;3.56;
08.01.2025 17:53:35;3.55;
08.01.2025 17:53:37;3.55;
08.01.2025 17:53:38;3.56;
08.01.2025 17:53:42;3.56;
08.01.2025 17:53:43;3.55;
08.01.2025 17:53:44;3.55;
08.01.2025 17:53:45;3.56;
08.01.2025 17:53:47;3.56;
08.01.2025 17:53:48;3.55;
08.01.2025 17:53:50;3.55;
08.01.2025 17:53:51;3.56;
08.01.2025 17:53:52;3.55;
08.01.2025 17:53:53;3.56;
08.01.2025 17:53:54;3.55;
08.01.2025 17:53:55;3.56;
08.01.2025 17:53:56;3.56;
08.01.2025 17:53:57;3.55;
08.01.2025 17:53:58;3.56;
08.01.2025 17:53:59;3.55;
08.01.2025 17:54:03;3.55;
08.01.2025 17:54:04;3.56;
08.01.2025 17:54:05;3.55;
08.01.2025 17:54:06;3.55;
08.01.2025 17:54:07;3.56;
08.01.2025 17:54:08;3.55;
08.01.2025 17:54:09;3.56;
08.01.2025 17:54:10;3.56;
08.01.2025 17:54:11;3.55;
08.01.2025 17:54:12;3.55;
08.01.2025 17:54:13;3.56;
08.01.2025 17:54:22;3.56;
08.01.2025 17:54:23;3.55;
08.01.2025 17:54:24;3.55;
08.01.2025 17:54:25;3.56;
08.01.2025 17:54:26;3.56;
08.01.2025 17:54:27;3.55;
08.01.2025 17:54:31;3.55;
08.01.2025 17:54:32;3.56;
08.01.2025 17:54:33;3.55;
08.01.2025 17:54:34;3.55;
08.01.2025 17:54:35;3.56;
08.01.2025 17:54:36;3.56;
08.01.2025 17:54:37;3.55;
08.01.2025 17:54:38;3.56;
08.01.2025 17:54:40;3.56;
08.01.2025 17:54:41;3.55;
08.01.2025 17:54:42;3.56;
08.01.2025 17:54:43;3.55;
08.01.2025 17:54:45;3.55;
08.01.2025 17:54:46;3.56;
08.01.2025 17:54:50;3.56;
08.01.2025 17:54:51;3.55;
08.01.2025 17:54:52;3.56;
08.01.2025 17:54:54;3.56;
08.01.2025 17:54:55;3.55;
08.01.2025 17:54:56;3.56;
08.01.2025 17:54:58;3.56;
08.01.2025 17:54:59;3.55;
08.01.2025 17:55:00;3.55;
08.01.2025 17:55:01;3.56;
08.01.2025 17:55:02;3.56;
08.01.2025 17:55:03;3.55;
08.01.2025 17:55:04;3.56;
08.01.2025 17:55:05;3.55;
08.01.2025 17:55:06;3.56;
08.01.2025 17:55:07;3.56;
08.01.2025 17:55:08;3.55;
08.01.2025 17:55:09;3.56;
08.01.2025 17:55:10;3.56;
08.01.2025 17:55:11;3.55;
08.01.2025 17:55:12;3.56;
08.01.2025 17:55:15;3.56;
08.01.2025 17:55:16;3.55;
08.01.2025 17:55:17;3.56;
08.01.2025 17:55:18;3.55;
08.01.2025 17:55:19;3.55;
08.01.2025 17:55:20;3.56;
08.01.2025 17:55:27;3.56;
08.01.2025 17:55:28;3.57;
08.01.2025 17:55:29;3.55;
08.01.2025 17:55:30;3.56;
08.01.2025 17:55:33;3.56;
08.01.2025 17:55:34;3.55;
08.01.2025 17:55:35;3.56;
08.01.2025 17:55:36;3.55;
08.01.2025 17:55:37;3.56;
08.01.2025 17:55:38;3.55;
08.01.2025 17:55:39;3.55;
08.01.2025 17:55:40;3.56;
08.01.2025 17:55:41;3.56;
08.01.2025 17:55:42;3.55;
08.01.2025 17:55:43;3.56;
08.01.2025 17:55:47;3.56;
08.01.2025 17:55:48;3.55;
08.01.2025 17:55:49;3.56;
08.01.2025 17:55:50;3.56;
08.01.2025 17:55:51;3.55;
08.01.2025 17:55:52;3.57;
08.01.2025 17:55:53;3.55;
08.01.2025 17:55:54;3.57;
08.01.2025 17:55:55;3.56;
08.01.2025 17:55:58;3.56;
08.01.2025 17:55:59;3.55;
08.01.2025 17:56:00;3.56;
08.01.2025 17:56:01;3.55;
08.01.2025 17:56:02;3.56;
08.01.2025 17:56:05;3.56;
08.01.2025 17:56:06;3.55;
08.01.2025 17:56:07;3.56;
08.01.2025 17:56:13;3.56;
08.01.2025 17:56:14;3.55;
08.01.2025 17:56:15;3.56;
08.01.2025 17:56:16;3.56;
08.01.2025 17:56:17;3.55;
08.01.2025 17:56:18;3.56;
08.01.2025 17:56:19;3.56;
08.01.2025 17:56:20;3.55;
08.01.2025 17:56:21;3.56;
08.01.2025 17:56:22;3.55;
08.01.2025 17:56:23;3.56;
08.01.2025 17:56:24;3.55;
08.01.2025 17:56:25;3.55;
08.01.2025 17:56:26;3.56;
08.01.2025 17:56:27;3.56;
08.01.2025 17:56:28;3.55;
08.01.2025 17:56:29;3.56;
08.01.2025 17:56:33;3.56;
08.01.2025 17:56:34;3.55;
08.01.2025 17:56:35;3.56;
08.01.2025 17:56:36;3.55;
08.01.2025 17:56:37;3.56;
08.01.2025 17:56:38;3.56;
08.01.2025 17:56:39;3.57;
08.01.2025 17:56:40;3.56;
08.01.2025 17:56:41;3.56;
08.01.2025 17:56:42;3.57;
08.01.2025 17:56:43;3.57;
08.01.2025 17:56:44;3.56;
08.01.2025 17:56:45;3.55;
08.01.2025 17:56:46;3.56;
08.01.2025 17:56:50;3.56;
08.01.2025 17:56:51;3.55;
08.01.2025 17:56:52;3.56;
08.01.2025 17:56:53;3.55;
08.01.2025 17:56:54;3.56;
08.01.2025 17:56:55;3.56;
08.01.2025 17:56:56;3.55;
08.01.2025 17:56:57;3.55;
08.01.2025 17:56:58;3.56;
08.01.2025 17:57:07;3.56;
08.01.2025 17:57:08;3.55;
08.01.2025 17:57:10;3.55;
08.01.2025 17:57:11;3.56;
08.01.2025 17:57:12;3.56;
08.01.2025 17:57:13;3.57;
08.01.2025 17:57:14;3.56;
08.01.2025 17:57:16;3.56;
08.01.2025 17:57:17;3.55;
08.01.2025 17:57:18;3.56;
08.01.2025 17:57:22;3.56;
08.01.2025 17:57:23;3.55;
08.01.2025 17:57:24;3.56;
08.01.2025 17:57:25;3.56;
08.01.2025 17:57:26;3.55;
08.01.2025 17:57:27;3.56;
08.01.2025 17:57:28;3.55;
08.01.2025 17:57:29;3.56;
08.01.2025 17:57:30;3.56;
08.01.2025 17:57:31;3.55;
08.01.2025 17:57:32;3.56;
08.01.2025 17:57:33;3.55;
08.01.2025 17:57:34;3.56;
08.01.2025 17:57:35;3.57;
08.01.2025 17:57:36;3.56;
08.01.2025 17:57:37;3.56;
08.01.2025 17:57:38;3.55;
08.01.2025 17:57:40;3.55;
08.01.2025 17:57:41;3.56;
08.01.2025 17:57:42;3.56;
08.01.2025 17:57:43;3.55;
08.01.2025 17:57:44;3.56;
08.01.2025 17:57:45;3.57;
08.01.2025 17:57:46;3.55;
08.01.2025 17:57:47;3.56;
08.01.2025 17:57:50;3.56;
08.01.2025 17:57:51;3.55;
08.01.2025 17:57:52;3.56;
08.01.2025 17:57:53;3.56;
08.01.2025 17:57:54;3.55;
08.01.2025 17:57:55;3.55;
08.01.2025 17:57:56;3.56;
08.01.2025 17:57:58;3.56;
08.01.2025 17:57:59;3.55;
08.01.2025 17:58:00;3.56;
08.01.2025 17:58:02;3.56;
08.01.2025 17:58:03;3.55;
08.01.2025 17:58:04;3.55;
08.01.2025 17:58:05;3.56;
08.01.2025 17:58:08;3.56;
08.01.2025 17:58:09;3.57;
08.01.2025 17:58:10;3.56;
08.01.2025 17:58:11;3.55;
08.01.2025 17:58:13;3.55;
08.01.2025 17:58:14;3.56;
08.01.2025 17:58:27;3.56;
08.01.2025 17:58:28;3.55;
08.01.2025 17:58:29;3.57;
08.01.2025 17:58:30;3.56;
08.01.2025 17:58:32;3.56;
08.01.2025 17:58:33;3.55;
08.01.2025 17:58:34;3.56;
08.01.2025 17:58:42;3.56;
08.01.2025 17:58:43;3.55;
08.01.2025 17:58:44;3.55;
08.01.2025 17:58:45;3.56;
08.01.2025 17:58:49;3.56;
08.01.2025 17:58:50;3.55;
08.01.2025 17:58:51;3.56;
08.01.2025 17:58:52;3.56;
08.01.2025 17:58:53;3.55;
08.01.2025 17:58:54;3.56;
08.01.2025 17:58:55;3.56;
08.01.2025 17:58:56;3.55;
08.01.2025 17:58:57;3.55;
08.01.2025 17:58:58;3.56;
08.01.2025 17:59:00;3.56;
08.01.2025 17:59:01;3.55;
08.01.2025 17:59:02;3.56;
08.01.2025 17:59:03;3.56;
08.01.2025 17:59:04;3.55;
08.01.2025 17:59:05;3.56;
08.01.2025 17:59:06;3.55;
08.01.2025 17:59:07;3.56;
08.01.2025 17:59:08;3.56;
08.01.2025 17:59:09;3.55;
08.01.2025 17:59:11;3.55;
08.01.2025 17:59:12;3.56;
08.01.2025 17:59:18;3.56;
08.01.2025 17:59:19;3.55;
08.01.2025 17:59:20;3.56;
08.01.2025 17:59:21;3.55;
08.01.2025 17:59:22;3.55;
08.01.2025 17:59:23;3.56;
08.01.2025 17:59:24;3.56;
08.01.2025 17:59:25;3.55;
08.01.2025 17:59:26;3.55;
08.01.2025 17:59:27;3.56;
08.01.2025 17:59:28;3.55;
08.01.2025 17:59:30;3.55;
08.01.2025 17:59:31;3.56;
08.01.2025 17:59:33;3.56;
08.01.2025 17:59:34;3.55;
08.01.2025 17:59:35;3.55;
08.01.2025 17:59:36;3.56;
08.01.2025 17:59:37;3.56;
08.01.2025 17:59:38;3.55;
08.01.2025 17:59:39;3.56;
08.01.2025 17:59:40;3.55;
08.01.2025 17:59:41;3.55;
08.01.2025 17:59:42;3.56;
08.01.2025 17:59:45;3.56;
08.01.2025 17:59:46;3.55;
08.01.2025 17:59:47;3.56;
08.01.2025 17:59:48;3.55;
08.01.2025 17:59:49;3.56;
08.01.2025 17:59:51;3.56;
08.01.2025 17:59:52;3.57;
08.01.2025 17:59:53;3.55;
08.01.2025 17:59:54;3.56;
08.01.2025 17:59:57;3.56;
08.01.2025 17:59:58;3.55;
08.01.2025 17:59:59;3.56;
08.01.2025 18:00:03;3.56;
08.01.2025 18:00:04;3.55;
08.01.2025 18:00:05;3.56;
08.01.2025 18:00:06;3.56;
08.01.2025 18:00:07;3.55;
08.01.2025 18:00:08;3.56;
08.01.2025 18:00:10;3.56;
08.01.2025 18:00:11;3.55;
08.01.2025 18:00:12;3.54;
08.01.2025 18:00:13;3.55;
08.01.2025 18:00:14;3.56;
08.01.2025 18:00:18;3.56;
08.01.2025 18:00:19;3.55;
08.01.2025 18:00:20;3.56;
08.01.2025 18:00:23;3.56;
08.01.2025 18:00:24;3.55;
08.01.2025 18:00:25;3.56;
08.01.2025 18:00:26;3.57;
08.01.2025 18:00:27;3.56;
08.01.2025 18:00:33;3.56;
08.01.2025 18:00:34;3.55;
08.01.2025 18:00:35;3.56;
08.01.2025 18:00:39;3.56;
08.01.2025 18:00:40;3.55;
08.01.2025 18:00:41;3.56;
08.01.2025 18:00:48;3.56;
08.01.2025 18:00:49;3.55;
08.01.2025 18:00:50;3.56;
08.01.2025 18:00:52;3.56;
08.01.2025 18:00:53;3.55;
08.01.2025 18:00:54;3.56;
08.01.2025 18:00:57;3.56;
08.01.2025 18:00:58;3.57;
08.01.2025 18:00:59;3.55;
08.01.2025 18:01:00;3.56;
08.01.2025 18:01:01;3.57;
08.01.2025 18:01:02;3.56;
08.01.2025 18:01:06;3.56;
08.01.2025 18:01:07;3.57;
08.01.2025 18:01:08;3.56;
08.01.2025 18:01:09;3.56;
08.01.2025 18:01:10;3.55;
08.01.2025 18:01:11;3.56;
08.01.2025 18:01:16;3.56;
08.01.2025 18:01:17;3.55;
08.01.2025 18:01:18;3.56;
08.01.2025 18:01:19;3.55;
08.01.2025 18:01:20;3.55;
08.01.2025 18:01:21;3.56;
08.01.2025 18:01:27;3.56;
08.01.2025 18:01:28;3.57;
08.01.2025 18:01:29;3.56;
08.01.2025 18:01:30;3.55;
08.01.2025 18:01:31;3.56;
08.01.2025 18:01:33;3.56;
08.01.2025 18:01:34;3.55;
08.01.2025 18:01:35;3.56;
08.01.2025 18:01:36;3.57;
08.01.2025 18:01:37;3.56;
08.01.2025 18:01:38;3.55;
08.01.2025 18:01:39;3.56;
08.01.2025 18:01:41;3.56;
08.01.2025 18:01:42;3.55;
08.01.2025 18:01:44;3.55;
08.01.2025 18:01:45;3.56;
08.01.2025 18:01:46;3.55;
08.01.2025 18:01:48;3.55;
08.01.2025 18:01:49;3.56;
08.01.2025 18:01:54;3.56;
08.01.2025 18:01:55;3.55;
08.01.2025 18:01:57;3.55;
08.01.2025 18:01:58;3.56;
08.01.2025 18:01:59;3.56;
08.01.2025 18:02:00;3.55;
08.01.2025 18:02:01;3.56;
08.01.2025 18:02:02;3.56;
08.01.2025 18:02:03;3.55;
08.01.2025 18:02:04;3.56;
08.01.2025 18:02:08;3.56;
08.01.2025 18:02:09;3.55;
08.01.2025 18:02:10;3.56;
08.01.2025 18:02:11;3.55;
08.01.2025 18:02:12;3.56;
08.01.2025 18:02:15;3.56;
08.01.2025 18:02:16;3.55;
08.01.2025 18:02:17;3.56;
08.01.2025 18:02:20;3.56;
08.01.2025 18:02:21;3.55;
08.01.2025 18:02:22;3.56;
08.01.2025 18:02:23;3.55;
08.01.2025 18:02:24;3.56;
08.01.2025 18:02:25;3.55;
08.01.2025 18:02:26;3.56;
08.01.2025 18:02:27;3.56;
08.01.2025 18:02:28;3.55;
08.01.2025 18:02:29;3.55;
08.01.2025 18:02:30;3.56;
08.01.2025 18:02:32;3.56;
08.01.2025 18:02:33;3.55;
08.01.2025 18:02:35;3.55;
08.01.2025 18:02:36;3.56;
08.01.2025 18:02:37;3.55;
08.01.2025 18:02:40;3.55;
08.01.2025 18:02:41;3.56;
08.01.2025 18:02:44;3.56;
08.01.2025 18:02:45;3.55;
08.01.2025 18:02:46;3.56;
08.01.2025 18:02:53;3.56;
08.01.2025 18:02:54;3.55;
08.01.2025 18:02:55;3.55;
08.01.2025 18:02:56;3.56;
08.01.2025 18:02:57;3.56;
08.01.2025 18:02:58;3.55;
08.01.2025 18:02:59;3.56;
08.01.2025 18:03:00;3.55;
08.01.2025 18:03:01;3.56;
08.01.2025 18:03:05;3.56;
08.01.2025 18:03:06;3.57;
08.01.2025 18:03:07;3.56;
08.01.2025 18:03:08;3.56;
08.01.2025 18:03:09;3.55;
08.01.2025 18:03:10;3.56;
08.01.2025 18:03:14;3.56;
08.01.2025 18:03:15;3.55;
08.01.2025 18:03:16;3.55;
08.01.2025 18:03:17;3.57;
08.01.2025 18:03:18;3.56;
08.01.2025 18:03:19;3.57;
08.01.2025 18:03:20;3.56;
08.01.2025 18:03:21;3.56;
08.01.2025 18:03:22;3.55;
08.01.2025 18:03:23;3.56;
08.01.2025 18:03:24;3.55;
08.01.2025 18:03:25;3.56;
08.01.2025 18:03:30;3.56;
08.01.2025 18:03:31;3.55;
08.01.2025 18:03:32;3.56;
08.01.2025 18:03:36;3.56;
08.01.2025 18:03:37;3.57;
08.01.2025 18:03:38;3.55;
08.01.2025 18:03:39;3.56;
08.01.2025 18:03:47;3.56;
08.01.2025 18:03:48;3.55;
08.01.2025 18:03:49;3.56;
08.01.2025 18:03:52;3.56;
08.01.2025 18:03:53;3.55;
08.01.2025 18:03:54;3.56;
08.01.2025 18:04:00;3.56;
08.01.2025 18:04:01;3.57;
08.01.2025 18:04:02;3.56;
08.01.2025 18:04:03;3.55;
08.01.2025 18:04:04;3.56;
08.01.2025 18:04:05;3.55;
08.01.2025 18:04:06;3.56;
08.01.2025 18:04:07;3.55;
08.01.2025 18:04:08;3.56;
08.01.2025 18:04:09;3.57;
08.01.2025 18:04:10;3.55;
08.01.2025 18:04:11;3.55;
08.01.2025 18:04:12;3.56;
08.01.2025 18:04:16;3.56;
08.01.2025 18:04:17;3.57;
08.01.2025 18:04:18;3.56;
08.01.2025 18:04:26;3.56;
08.01.2025 18:04:27;3.55;
08.01.2025 18:04:28;3.57;
08.01.2025 18:04:29;3.56;
08.01.2025 18:04:30;3.56;
08.01.2025 18:04:31;3.55;
08.01.2025 18:04:32;3.57;
08.01.2025 18:04:33;3.55;
08.01.2025 18:04:34;3.55;
08.01.2025 18:04:35;3.56;
08.01.2025 18:04:36;3.55;
08.01.2025 18:04:37;3.55;
08.01.2025 18:04:38;3.56;
08.01.2025 18:04:39;3.55;
08.01.2025 18:04:40;3.56;
08.01.2025 18:04:41;3.55;
08.01.2025 18:04:42;3.56;
08.01.2025 18:04:43;3.56;
08.01.2025 18:04:44;3.55;
08.01.2025 18:04:46;3.55;
08.01.2025 18:04:47;3.56;
08.01.2025 18:04:48;3.56;
08.01.2025 18:04:49;3.55;
08.01.2025 18:04:50;3.56;
08.01.2025 18:04:51;3.55;
08.01.2025 18:04:52;3.56;
08.01.2025 18:04:53;3.56;
08.01.2025 18:04:54;3.55;
08.01.2025 18:04:55;3.56;
08.01.2025 18:04:56;3.55;
08.01.2025 18:04:57;3.55;
08.01.2025 18:04:58;3.56;
08.01.2025 18:05:00;3.56;
08.01.2025 18:05:01;3.55;
08.01.2025 18:05:02;3.56;
08.01.2025 18:05:04;3.56;
08.01.2025 18:05:05;3.55;
08.01.2025 18:05:06;3.55;
08.01.2025 18:05:07;3.56;
08.01.2025 18:05:08;3.56;
08.01.2025 18:05:09;3.55;
08.01.2025 18:05:10;3.55;
08.01.2025 18:05:11;3.56;
08.01.2025 18:05:23;3.56;
08.01.2025 18:05:24;3.57;
08.01.2025 18:05:25;3.55;
08.01.2025 18:05:26;3.55;
08.01.2025 18:05:27;3.56;
08.01.2025 18:05:28;3.55;
08.01.2025 18:05:29;3.56;
08.01.2025 18:05:35;3.56;
08.01.2025 18:05:36;3.55;
08.01.2025 18:05:37;3.56;
08.01.2025 18:05:38;3.56;
08.01.2025 18:05:39;3.55;
08.01.2025 18:05:40;3.56;
08.01.2025 18:05:47;3.56;
08.01.2025 18:05:48;3.55;
08.01.2025 18:05:49;3.56;
08.01.2025 18:05:50;3.57;
08.01.2025 18:05:51;3.56;
08.01.2025 18:05:53;3.56;
08.01.2025 18:05:54;3.55;
08.01.2025 18:05:55;3.55;
08.01.2025 18:05:56;3.56;
08.01.2025 18:05:57;3.56;
08.01.2025 18:05:58;3.55;
08.01.2025 18:05:59;3.56;
08.01.2025 18:06:00;3.55;
08.01.2025 18:06:01;3.56;
08.01.2025 18:06:04;3.56;
08.01.2025 18:06:05;3.55;
08.01.2025 18:06:06;3.56;
08.01.2025 18:06:09;3.56;
08.01.2025 18:06:10;3.55;
08.01.2025 18:06:11;3.56;
08.01.2025 18:06:13;3.56;
08.01.2025 18:06:14;3.55;
08.01.2025 18:06:15;3.55;
08.01.2025 18:06:16;3.56;
08.01.2025 18:06:17;3.55;
08.01.2025 18:06:18;3.56;
08.01.2025 18:06:19;3.56;
08.01.2025 18:06:20;3.55;
08.01.2025 18:06:21;3.56;
08.01.2025 18:06:26;3.56;
08.01.2025 18:06:27;3.55;
08.01.2025 18:06:28;3.55;
08.01.2025 18:06:29;3.56;
08.01.2025 18:06:33;3.56;
08.01.2025 18:06:34;3.55;
08.01.2025 18:06:35;3.56;
08.01.2025 18:06:36;3.55;
08.01.2025 18:06:37;3.56;
08.01.2025 18:06:40;3.56;
08.01.2025 18:06:41;3.55;
08.01.2025 18:06:42;3.57;
08.01.2025 18:06:43;3.56;
08.01.2025 18:06:46;3.56;
08.01.2025 18:06:47;3.55;
08.01.2025 18:06:48;3.56;
08.01.2025 18:06:53;3.56;
08.01.2025 18:06:54;3.55;
08.01.2025 18:06:55;3.56;
08.01.2025 18:06:57;3.56;
08.01.2025 18:06:58;3.55;
08.01.2025 18:06:59;3.55;
08.01.2025 18:07:00;3.56;
08.01.2025 18:07:05;3.56;
08.01.2025 18:07:06;3.57;
08.01.2025 18:07:07;3.55;
08.01.2025 18:07:08;3.57;
08.01.2025 18:07:09;3.56;
08.01.2025 18:07:10;3.56;
08.01.2025 18:07:11;3.55;
08.01.2025 18:07:12;3.56;
08.01.2025 18:07:13;3.57;
08.01.2025 18:07:14;3.56;
08.01.2025 18:07:20;3.56;
08.01.2025 18:07:21;3.55;
08.01.2025 18:07:22;3.56;
08.01.2025 18:07:23;3.55;
08.01.2025 18:07:24;3.56;
08.01.2025 18:07:25;3.56;
08.01.2025 18:07:26;3.55;
08.01.2025 18:07:27;3.56;
08.01.2025 18:07:28;3.56;
08.01.2025 18:07:29;3.55;
08.01.2025 18:07:30;3.56;
08.01.2025 18:07:33;3.56;
08.01.2025 18:07:34;3.55;
08.01.2025 18:07:35;3.56;
08.01.2025 18:07:36;3.56;
08.01.2025 18:07:37;3.55;
08.01.2025 18:07:38;3.56;
08.01.2025 18:07:39;3.55;
08.01.2025 18:07:40;3.56;
08.01.2025 18:07:41;3.56;
08.01.2025 18:07:42;3.57;
08.01.2025 18:07:43;3.56;
08.01.2025 18:07:44;3.57;
08.01.2025 18:07:45;3.56;
08.01.2025 18:07:50;3.56;
08.01.2025 18:07:51;3.57;
08.01.2025 18:07:52;3.56;
08.01.2025 18:07:55;3.56;
08.01.2025 18:07:56;3.55;
08.01.2025 18:07:58;3.55;
08.01.2025 18:07:59;3.56;
08.01.2025 18:08:16;3.56;
08.01.2025 18:08:17;3.57;
08.01.2025 18:08:18;3.56;
08.01.2025 18:08:27;3.56;
08.01.2025 18:08:28;3.57;
08.01.2025 18:08:29;3.56;
08.01.2025 18:08:31;3.56;
08.01.2025 18:08:32;3.57;
08.01.2025 18:08:33;3.55;
08.01.2025 18:08:34;3.56;
08.01.2025 18:08:34;3.57;
08.01.2025 18:08:36;3.56;
08.01.2025 18:08:41;3.56;
08.01.2025 18:08:42;3.55;
08.01.2025 18:08:43;3.57;
08.01.2025 18:08:44;3.57;
08.01.2025 18:08:45;3.56;
08.01.2025 18:08:53;3.56;
08.01.2025 18:08:54;3.55;
08.01.2025 18:08:55;3.56;
08.01.2025 18:08:56;3.55;
08.01.2025 18:08:57;3.56;
08.01.2025 18:08:58;3.57;
08.01.2025 18:08:59;3.56;
08.01.2025 18:09:00;3.56;
08.01.2025 18:09:01;3.55;
08.01.2025 18:09:02;3.56;
08.01.2025 18:09:10;3.56;
08.01.2025 18:09:11;3.57;
08.01.2025 18:09:12;3.56;
08.01.2025 18:09:13;3.56;
08.01.2025 18:09:14;3.57;
08.01.2025 18:09:15;3.56;
08.01.2025 18:09:24;3.56;
08.01.2025 18:09:25;3.55;
08.01.2025 18:09:26;3.57;
08.01.2025 18:09:27;3.56;
08.01.2025 18:09:30;3.56;
08.01.2025 18:09:31;3.57;
08.01.2025 18:09:32;3.56;
08.01.2025 18:09:35;3.56;
08.01.2025 18:09:36;3.55;
08.01.2025 18:09:37;3.56;
08.01.2025 18:09:45;3.56;
08.01.2025 18:09:46;3.55;
08.01.2025 18:09:47;3.56;
08.01.2025 18:09:50;3.56;
08.01.2025 18:09:51;3.57;
08.01.2025 18:09:52;3.57;
08.01.2025 18:09:53;3.56;
08.01.2025 18:09:54;3.55;
08.01.2025 18:09:55;3.55;
08.01.2025 18:09:56;3.56;
08.01.2025 18:09:58;3.56;
08.01.2025 18:09:59;3.57;
08.01.2025 18:10:00;3.56;
08.01.2025 18:10:10;3.56;
08.01.2025 18:10:11;3.55;
08.01.2025 18:10:12;3.56;
08.01.2025 18:10:13;3.56;
08.01.2025 18:10:14;3.57;
08.01.2025 18:10:15;3.56;
08.01.2025 18:10:19;3.56;
08.01.2025 18:10:20;3.57;
08.01.2025 18:10:21;3.57;
08.01.2025 18:10:22;3.56;
08.01.2025 18:10:24;3.56;
08.01.2025 18:10:25;3.57;
08.01.2025 18:10:26;3.57;
08.01.2025 18:10:27;3.56;
08.01.2025 18:10:28;3.57;
08.01.2025 18:10:29;3.56;
08.01.2025 18:10:33;3.56;
08.01.2025 18:10:34;3.57;
08.01.2025 18:10:35;3.56;
08.01.2025 18:10:36;3.57;
08.01.2025 18:10:37;3.56;
08.01.2025 18:10:41;3.56;
08.01.2025 18:10:42;3.55;
08.01.2025 18:10:43;3.56;
08.01.2025 18:10:44;3.55;
08.01.2025 18:10:45;3.56;
08.01.2025 18:10:52;3.56;
08.01.2025 18:10:53;3.55;
08.01.2025 18:10:55;3.55;
08.01.2025 18:10:56;3.56;
08.01.2025 18:10:58;3.56;
08.01.2025 18:10:59;3.55;
08.01.2025 18:11:00;3.56;
08.01.2025 18:11:05;3.56;
08.01.2025 18:11:06;3.57;
08.01.2025 18:11:07;3.55;
08.01.2025 18:11:08;3.56;
08.01.2025 18:11:15;3.56;
08.01.2025 18:11:16;3.55;
08.01.2025 18:11:18;3.55;
08.01.2025 18:11:19;3.56;
08.01.2025 18:11:20;3.57;
08.01.2025 18:11:21;3.56;
08.01.2025 18:11:24;3.56;
08.01.2025 18:11:25;3.57;
08.01.2025 18:11:26;3.56;
08.01.2025 18:11:27;3.56;
08.01.2025 18:11:28;3.57;
08.01.2025 18:11:29;3.56;
08.01.2025 18:11:33;3.56;
08.01.2025 18:11:34;3.55;
08.01.2025 18:11:35;3.56;
08.01.2025 18:11:36;3.56;
08.01.2025 18:11:37;3.57;
08.01.2025 18:11:38;3.56;
08.01.2025 18:11:40;3.56;
08.01.2025 18:11:41;3.57;
08.01.2025 18:11:42;3.56;
08.01.2025 18:11:47;3.56;
08.01.2025 18:11:48;3.55;
08.01.2025 18:11:49;3.57;
08.01.2025 18:11:50;3.56;
08.01.2025 18:11:57;3.56;
08.01.2025 18:11:58;3.57;
08.01.2025 18:11:59;3.56;
08.01.2025 18:12:04;3.56;
08.01.2025 18:12:05;3.57;
08.01.2025 18:12:06;3.56;
08.01.2025 18:12:07;3.56;
08.01.2025 18:12:08;3.57;
08.01.2025 18:12:09;3.56;
08.01.2025 18:12:10;3.55;
08.01.2025 18:12:11;3.57;
08.01.2025 18:12:12;3.56;
08.01.2025 18:12:14;3.56;
08.01.2025 18:12:15;3.55;
08.01.2025 18:12:16;3.56;
08.01.2025 18:12:20;3.56;
08.01.2025 18:12:21;3.57;
08.01.2025 18:12:22;3.56;
08.01.2025 18:12:23;3.57;
08.01.2025 18:12:24;3.56;
08.01.2025 18:12:31;3.56;
08.01.2025 18:12:32;3.55;
08.01.2025 18:12:33;3.56;
08.01.2025 18:12:34;3.56;
08.01.2025 18:12:35;3.55;
08.01.2025 18:12:36;3.56;
08.01.2025 18:12:37;3.56;
08.01.2025 18:12:38;3.55;
08.01.2025 18:12:39;3.56;
08.01.2025 18:12:46;3.56;
08.01.2025 18:12:47;3.57;
08.01.2025 18:12:48;3.55;
08.01.2025 18:12:49;3.56;
08.01.2025 18:12:56;3.56;
08.01.2025 18:12:57;3.55;
08.01.2025 18:12:58;3.56;
08.01.2025 18:12:59;3.57;
08.01.2025 18:13:00;3.56;
08.01.2025 18:13:01;3.56;
08.01.2025 18:13:02;3.55;
08.01.2025 18:13:03;3.56;
08.01.2025 18:13:04;3.56;
08.01.2025 18:13:05;3.57;
08.01.2025 18:13:06;3.56;
08.01.2025 18:13:29;3.56;
08.01.2025 18:13:30;3.55;
08.01.2025 18:13:31;3.55;
08.01.2025 18:13:32;3.56;
08.01.2025 18:13:36;3.56;
08.01.2025 18:13:37;3.55;
08.01.2025 18:13:38;3.56;
08.01.2025 18:13:39;3.55;
08.01.2025 18:13:40;3.57;
08.01.2025 18:13:41;3.56;
08.01.2025 18:13:42;3.57;
08.01.2025 18:13:43;3.55;
08.01.2025 18:13:44;3.56;
08.01.2025 18:13:53;3.56;
08.01.2025 18:13:54;3.57;
08.01.2025 18:13:55;3.57;
08.01.2025 18:13:56;3.56;
08.01.2025 18:14:01;3.56;
08.01.2025 18:14:02;3.57;
08.01.2025 18:14:03;3.56;
08.01.2025 18:14:06;3.56;
08.01.2025 18:14:07;3.55;
08.01.2025 18:14:09;3.55;
08.01.2025 18:14:10;3.56;
08.01.2025 18:14:11;3.56;
08.01.2025 18:14:12;3.55;
08.01.2025 18:14:13;3.56;
08.01.2025 18:14:14;3.55;
08.01.2025 18:14:15;3.56;
08.01.2025 18:14:16;3.56;
08.01.2025 18:14:17;3.55;
08.01.2025 18:14:18;3.56;
08.01.2025 18:14:19;3.55;
08.01.2025 18:14:20;3.55;
08.01.2025 18:14:21;3.56;
08.01.2025 18:14:22;3.56;
08.01.2025 18:14:23;3.57;
08.01.2025 18:14:24;3.56;
08.01.2025 18:14:25;3.57;
08.01.2025 18:14:26;3.56;
08.01.2025 18:14:27;3.56;
08.01.2025 18:14:28;3.57;
08.01.2025 18:14:29;3.56;
08.01.2025 18:14:30;3.57;
08.01.2025 18:14:31;3.56;
08.01.2025 18:14:32;3.57;
08.01.2025 18:14:33;3.56;
08.01.2025 18:14:34;3.57;
08.01.2025 18:14:35;3.56;
08.01.2025 18:14:40;3.56;
08.01.2025 18:14:41;3.57;
08.01.2025 18:14:42;3.57;
08.01.2025 18:14:43;3.56;
08.01.2025 18:14:46;3.56;
08.01.2025 18:14:47;3.57;
08.01.2025 18:14:48;3.57;
08.01.2025 18:14:49;3.56;
08.01.2025 18:14:58;3.56;
08.01.2025 18:14:59;3.57;
08.01.2025 18:15:00;3.56;
08.01.2025 18:15:01;3.56;
08.01.2025 18:15:02;3.57;
08.01.2025 18:15:04;3.57;
08.01.2025 18:15:05;3.56;
08.01.2025 18:15:06;3.56;
08.01.2025 18:15:07;3.57;
08.01.2025 18:15:08;3.56;
08.01.2025 18:15:09;3.57;
08.01.2025 18:15:10;3.57;
08.01.2025 18:15:11;3.56;
08.01.2025 18:15:13;3.56;
08.01.2025 18:15:14;3.57;
08.01.2025 18:15:15;3.56;
08.01.2025 18:15:16;3.55;
08.01.2025 18:15:17;3.57;
08.01.2025 18:15:18;3.56;
08.01.2025 18:15:19;3.57;
08.01.2025 18:15:20;3.56;
08.01.2025 18:15:21;3.57;
08.01.2025 18:15:22;3.57;
08.01.2025 18:15:23;3.56;
08.01.2025 18:15:24;3.57;
08.01.2025 18:15:26;3.57;
08.01.2025 18:15:27;3.56;
08.01.2025 18:15:32;3.56;
08.01.2025 18:15:33;3.57;
08.01.2025 18:15:34;3.56;
08.01.2025 18:15:35;3.57;
08.01.2025 18:15:36;3.56;
08.01.2025 18:15:50;3.56;
08.01.2025 18:15:51;3.57;
08.01.2025 18:15:52;3.57;
08.01.2025 18:15:53;3.56;
08.01.2025 18:15:57;3.56;
08.01.2025 18:15:58;3.57;
08.01.2025 18:15:59;3.57;
08.01.2025 18:16:00;3.56;
08.01.2025 18:16:01;3.57;
08.01.2025 18:16:03;3.57;
08.01.2025 18:16:04;3.56;
08.01.2025 18:16:05;3.56;
08.01.2025 18:16:06;3.55;
08.01.2025 18:16:07;3.56;
08.01.2025 18:16:08;3.57;
08.01.2025 18:16:09;3.57;
08.01.2025 18:16:10;3.56;
08.01.2025 18:16:12;3.56;
08.01.2025 18:16:13;3.57;
08.01.2025 18:16:14;3.57;
08.01.2025 18:16:15;3.56;
08.01.2025 18:16:19;3.56;
08.01.2025 18:16:20;3.57;
08.01.2025 18:16:21;3.56;
08.01.2025 18:16:22;3.55;
08.01.2025 18:16:23;3.56;
08.01.2025 18:16:29;3.56;
08.01.2025 18:16:30;3.57;
08.01.2025 18:16:31;3.56;
08.01.2025 18:16:37;3.56;
08.01.2025 18:16:38;3.57;
08.01.2025 18:16:39;3.57;
08.01.2025 18:16:40;3.56;
08.01.2025 18:16:41;3.57;
08.01.2025 18:16:42;3.56;
08.01.2025 18:16:43;3.56;
08.01.2025 18:16:44;3.57;
08.01.2025 18:16:45;3.56;
08.01.2025 18:16:49;3.56;
08.01.2025 18:16:50;3.57;
08.01.2025 18:16:51;3.57;
08.01.2025 18:16:52;3.56;
08.01.2025 18:16:53;3.55;
08.01.2025 18:16:54;3.57;
08.01.2025 18:16:55;3.56;
08.01.2025 18:16:56;3.56;
08.01.2025 18:16:57;3.57;
08.01.2025 18:16:59;3.57;
08.01.2025 18:17:00;3.56;
08.01.2025 18:17:01;3.55;
08.01.2025 18:17:02;3.57;
08.01.2025 18:17:03;3.57;
08.01.2025 18:17:04;3.56;
08.01.2025 18:17:07;3.56;
08.01.2025 18:17:08;3.57;
08.01.2025 18:17:09;3.57;
08.01.2025 18:17:10;3.56;
08.01.2025 18:17:11;3.57;
08.01.2025 18:17:14;3.57;
08.01.2025 18:17:15;3.56;
08.01.2025 18:17:16;3.57;
08.01.2025 18:17:17;3.57;
08.01.2025 18:17:18;3.56;
08.01.2025 18:17:20;3.56;
08.01.2025 18:17:21;3.57;
08.01.2025 18:17:22;3.56;
08.01.2025 18:17:23;3.57;
08.01.2025 18:17:24;3.56;
08.01.2025 18:17:25;3.56;
08.01.2025 18:17:26;3.57;
08.01.2025 18:17:27;3.57;
08.01.2025 18:17:28;3.56;
08.01.2025 18:17:29;3.57;
08.01.2025 18:17:32;3.57;
08.01.2025 18:17:33;3.56;
08.01.2025 18:17:38;3.56;
08.01.2025 18:17:39;3.57;
08.01.2025 18:17:41;3.57;
08.01.2025 18:17:42;3.56;
08.01.2025 18:17:46;3.56;
08.01.2025 18:17:47;3.57;
08.01.2025 18:17:48;3.57;
08.01.2025 18:17:49;3.56;
08.01.2025 18:17:50;3.56;
08.01.2025 18:17:51;3.57;
08.01.2025 18:17:52;3.57;
08.01.2025 18:17:53;3.56;
08.01.2025 18:18:04;3.56;
08.01.2025 18:18:05;3.55;
08.01.2025 18:18:06;3.57;
08.01.2025 18:18:07;3.56;
08.01.2025 18:18:08;3.57;
08.01.2025 18:18:09;3.57;
08.01.2025 18:18:10;3.56;
08.01.2025 18:18:13;3.56;
08.01.2025 18:18:14;3.55;
08.01.2025 18:18:15;3.56;
08.01.2025 18:18:18;3.56;
08.01.2025 18:18:19;3.57;
08.01.2025 18:18:20;3.56;
08.01.2025 18:18:24;3.56;
08.01.2025 18:18:25;3.58;
08.01.2025 18:18:26;3.57;
08.01.2025 18:18:27;3.56;
08.01.2025 18:18:28;3.56;
08.01.2025 18:18:29;3.57;
08.01.2025 18:18:30;3.57;
08.01.2025 18:18:31;3.56;
08.01.2025 18:18:32;3.57;
08.01.2025 18:18:33;3.57;
08.01.2025 18:18:34;3.56;
08.01.2025 18:18:42;3.56;
08.01.2025 18:18:43;3.57;
08.01.2025 18:18:44;3.56;
08.01.2025 18:18:45;3.56;
08.01.2025 18:18:46;3.57;
08.01.2025 18:18:47;3.56;
08.01.2025 18:18:48;3.57;
08.01.2025 18:18:49;3.56;
08.01.2025 18:18:54;3.56;
08.01.2025 18:18:55;3.57;
08.01.2025 18:18:56;3.57;
08.01.2025 18:18:57;3.56;
08.01.2025 18:18:58;3.56;
08.01.2025 18:18:59;3.57;
08.01.2025 18:19:00;3.57;
08.01.2025 18:19:01;3.56;
08.01.2025 18:19:02;3.57;
08.01.2025 18:19:03;3.55;
08.01.2025 18:19:04;3.56;
08.01.2025 18:19:05;3.57;
08.01.2025 18:19:06;3.56;
08.01.2025 18:19:07;3.56;
08.01.2025 18:19:08;3.57;
08.01.2025 18:19:09;3.57;
08.01.2025 18:19:10;3.56;
08.01.2025 18:19:11;3.55;
08.01.2025 18:19:12;3.56;
08.01.2025 18:19:21;3.56;
08.01.2025 18:19:22;3.55;
08.01.2025 18:19:23;3.56;
08.01.2025 18:19:26;3.56;
08.01.2025 18:19:27;3.57;
08.01.2025 18:19:28;3.56;
08.01.2025 18:19:33;3.56;
08.01.2025 18:19:34;3.57;
08.01.2025 18:19:35;3.56;
08.01.2025 18:19:36;3.57;
08.01.2025 18:19:38;3.57;
08.01.2025 18:19:39;3.56;
08.01.2025 18:19:43;3.56;
08.01.2025 18:19:44;3.57;
08.01.2025 18:19:45;3.55;
08.01.2025 18:19:46;3.55;
08.01.2025 18:19:47;3.57;
08.01.2025 18:19:48;3.56;
08.01.2025 18:19:49;3.57;
08.01.2025 18:19:50;3.56;
08.01.2025 18:19:52;3.56;
08.01.2025 18:19:53;3.55;
08.01.2025 18:19:54;3.56;
08.01.2025 18:19:57;3.56;
08.01.2025 18:19:58;3.57;
08.01.2025 18:19:59;3.56;
08.01.2025 18:20:02;3.56;
08.01.2025 18:20:03;3.58;
08.01.2025 18:20:04;3.56;
08.01.2025 18:20:10;3.56;
08.01.2025 18:20:11;3.57;
08.01.2025 18:20:12;3.56;
08.01.2025 18:20:18;3.56;
08.01.2025 18:20:19;3.57;
08.01.2025 18:20:20;3.56;
08.01.2025 18:20:21;3.57;
08.01.2025 18:20:22;3.57;
08.01.2025 18:20:23;3.56;
08.01.2025 18:20:25;3.56;
08.01.2025 18:20:26;3.57;
08.01.2025 18:20:27;3.56;
08.01.2025 18:20:28;3.55;
08.01.2025 18:20:29;3.57;
08.01.2025 18:20:30;3.57;
08.01.2025 18:20:31;3.56;
08.01.2025 18:20:38;3.56;
08.01.2025 18:20:39;3.57;
08.01.2025 18:20:40;3.56;
08.01.2025 18:20:41;3.55;
08.01.2025 18:20:42;3.57;
08.01.2025 18:20:43;3.57;
08.01.2025 18:20:44;3.56;
08.01.2025 18:20:46;3.56;
08.01.2025 18:20:47;3.57;
08.01.2025 18:20:48;3.56;
08.01.2025 18:20:49;3.57;
08.01.2025 18:20:50;3.56;
08.01.2025 18:20:52;3.56;
08.01.2025 18:20:53;3.57;
08.01.2025 18:20:55;3.57;
08.01.2025 18:20:56;3.56;
08.01.2025 18:20:57;3.57;
08.01.2025 18:20:58;3.56;
08.01.2025 18:20:59;3.57;
08.01.2025 18:21:00;3.57;
08.01.2025 18:21:01;3.56;
08.01.2025 18:21:06;3.56;
08.01.2025 18:21:07;3.57;
08.01.2025 18:21:08;3.56;
08.01.2025 18:21:09;3.57;
08.01.2025 18:21:10;3.57;
08.01.2025 18:21:11;3.56;
08.01.2025 18:21:12;3.57;
08.01.2025 18:21:13;3.56;
08.01.2025 18:21:14;3.57;
08.01.2025 18:21:15;3.56;
08.01.2025 18:21:18;3.56;
08.01.2025 18:21:19;3.57;
08.01.2025 18:21:20;3.57;
08.01.2025 18:21:21;3.56;
08.01.2025 18:21:22;3.57;
08.01.2025 18:21:23;3.56;
08.01.2025 18:21:29;3.56;
08.01.2025 18:21:30;3.57;
08.01.2025 18:21:31;3.55;
08.01.2025 18:21:32;3.57;
08.01.2025 18:21:34;3.57;
08.01.2025 18:21:35;3.56;
08.01.2025 18:21:36;3.57;
08.01.2025 18:21:37;3.57;
08.01.2025 18:21:38;3.56;
08.01.2025 18:21:39;3.55;
08.01.2025 18:21:40;3.57;
08.01.2025 18:21:41;3.56;
08.01.2025 18:21:48;3.56;
08.01.2025 18:21:49;3.55;
08.01.2025 18:21:50;3.57;
08.01.2025 18:21:51;3.57;
08.01.2025 18:21:52;3.56;
08.01.2025 18:21:55;3.56;
08.01.2025 18:21:56;3.57;
08.01.2025 18:21:57;3.56;
08.01.2025 18:21:58;3.56;
08.01.2025 18:21:59;3.57;
08.01.2025 18:22:00;3.56;
08.01.2025 18:22:08;3.56;
08.01.2025 18:22:09;3.57;
08.01.2025 18:22:10;3.56;
08.01.2025 18:22:11;3.57;
08.01.2025 18:22:12;3.56;
08.01.2025 18:22:14;3.56;
08.01.2025 18:22:15;3.55;
08.01.2025 18:22:16;3.56;
08.01.2025 18:22:17;3.56;
08.01.2025 18:22:18;3.57;
08.01.2025 18:22:19;3.56;
08.01.2025 18:22:20;3.57;
08.01.2025 18:22:21;3.56;
08.01.2025 18:22:24;3.56;
08.01.2025 18:22:25;3.57;
08.01.2025 18:22:26;3.56;
08.01.2025 18:22:27;3.56;
08.01.2025 18:22:28;3.57;
08.01.2025 18:22:31;3.57;
08.01.2025 18:22:32;3.56;
08.01.2025 18:22:33;3.57;
08.01.2025 18:22:34;3.57;
08.01.2025 18:22:35;3.56;
08.01.2025 18:22:37;3.56;
08.01.2025 18:22:38;3.57;
08.01.2025 18:22:39;3.56;
08.01.2025 18:22:42;3.56;
08.01.2025 18:22:43;3.57;
08.01.2025 18:22:44;3.56;
08.01.2025 18:22:45;3.56;
08.01.2025 18:22:46;3.57;
08.01.2025 18:22:47;3.56;
08.01.2025 18:22:50;3.56;
08.01.2025 18:22:51;3.57;
08.01.2025 18:22:52;3.56;
08.01.2025 18:22:55;3.56;
08.01.2025 18:22:56;3.57;
08.01.2025 18:22:58;3.57;
08.01.2025 18:22:59;3.56;
08.01.2025 18:23:00;3.57;
08.01.2025 18:23:01;3.57;
08.01.2025 18:23:02;3.56;
08.01.2025 18:23:03;3.57;
08.01.2025 18:23:04;3.56;
08.01.2025 18:23:05;3.57;
08.01.2025 18:23:06;3.56;
08.01.2025 18:23:07;3.56;
08.01.2025 18:23:08;3.57;
08.01.2025 18:23:09;3.56;
08.01.2025 18:23:15;3.56;
08.01.2025 18:23:16;3.57;
08.01.2025 18:23:17;3.57;
08.01.2025 18:23:18;3.56;
08.01.2025 18:23:20;3.56;
08.01.2025 18:23:21;3.57;
08.01.2025 18:23:22;3.57;
08.01.2025 18:23:23;3.56;
08.01.2025 18:23:24;3.57;
08.01.2025 18:23:25;3.56;
08.01.2025 18:23:33;3.56;
08.01.2025 18:23:34;3.57;
08.01.2025 18:23:35;3.56;
08.01.2025 18:23:37;3.56;
08.01.2025 18:23:38;3.57;
08.01.2025 18:23:39;3.57;
08.01.2025 18:23:40;3.56;
08.01.2025 18:23:47;3.56;
08.01.2025 18:23:48;3.55;
08.01.2025 18:23:49;3.56;
08.01.2025 18:23:50;3.55;
08.01.2025 18:23:51;3.56;
08.01.2025 18:23:57;3.56;
08.01.2025 18:23:58;3.55;
08.01.2025 18:23:59;3.56;
08.01.2025 18:24:02;3.56;
08.01.2025 18:24:03;3.57;
08.01.2025 18:24:04;3.57;
08.01.2025 18:24:05;3.56;
08.01.2025 18:24:06;3.56;
08.01.2025 18:24:07;3.57;
08.01.2025 18:24:08;3.56;
08.01.2025 18:24:09;3.56;
08.01.2025 18:24:10;3.57;
08.01.2025 18:24:11;3.56;
08.01.2025 18:24:12;3.56;
08.01.2025 18:24:13;3.57;
08.01.2025 18:24:14;3.56;
08.01.2025 18:24:15;3.56;
08.01.2025 18:24:16;3.57;
08.01.2025 18:24:17;3.56;
08.01.2025 18:24:18;3.57;
08.01.2025 18:24:19;3.56;
08.01.2025 18:24:26;3.56;
08.01.2025 18:24:27;3.57;
08.01.2025 18:24:28;3.56;
08.01.2025 18:24:34;3.56;
08.01.2025 18:24:35;3.57;
08.01.2025 18:24:36;3.56;
08.01.2025 18:24:37;3.57;
08.01.2025 18:24:41;3.57;
08.01.2025 18:24:42;3.56;
08.01.2025 18:24:43;3.57;
08.01.2025 18:24:47;3.57;
08.01.2025 18:24:48;3.56;
08.01.2025 18:24:49;3.56;
08.01.2025 18:24:50;3.57;
08.01.2025 18:24:51;3.56;
08.01.2025 18:24:53;3.56;
08.01.2025 18:24:54;3.57;
08.01.2025 18:24:55;3.56;
08.01.2025 18:24:58;3.56;
08.01.2025 18:24:59;3.57;
08.01.2025 18:25:00;3.57;
08.01.2025 18:25:01;3.56;
08.01.2025 18:25:07;3.56;
08.01.2025 18:25:08;3.57;
08.01.2025 18:25:12;3.57;
08.01.2025 18:25:13;3.56;
08.01.2025 18:25:14;3.57;
08.01.2025 18:25:15;3.56;
08.01.2025 18:25:16;3.57;
08.01.2025 18:25:17;3.57;
08.01.2025 18:25:18;3.56;
08.01.2025 18:25:21;3.56;
08.01.2025 18:25:22;3.57;
08.01.2025 18:25:23;3.56;
08.01.2025 18:25:24;3.57;
08.01.2025 18:25:25;3.56;
08.01.2025 18:25:26;3.57;
08.01.2025 18:25:27;3.57;
08.01.2025 18:25:28;3.56;
08.01.2025 18:25:29;3.56;
08.01.2025 18:25:30;3.57;
08.01.2025 18:25:32;3.57;
08.01.2025 18:25:33;3.56;
08.01.2025 18:25:34;3.55;
08.01.2025 18:25:35;3.55;
08.01.2025 18:25:36;3.57;
08.01.2025 18:25:37;3.56;
08.01.2025 18:25:40;3.56;
08.01.2025 18:25:41;3.57;
08.01.2025 18:25:42;3.56;
08.01.2025 18:25:43;3.57;
08.01.2025 18:25:44;3.56;
08.01.2025 18:25:45;3.57;
08.01.2025 18:25:46;3.56;
08.01.2025 18:25:53;3.56;
08.01.2025 18:25:54;3.57;
08.01.2025 18:25:56;3.57;
08.01.2025 18:25:57;3.56;
08.01.2025 18:25:58;3.57;
08.01.2025 18:25:59;3.56;
08.01.2025 18:26:05;3.56;
08.01.2025 18:26:06;3.57;
08.01.2025 18:26:07;3.56;
08.01.2025 18:26:09;3.56;
08.01.2025 18:26:10;3.57;
08.01.2025 18:26:11;3.56;
08.01.2025 18:26:15;3.56;
08.01.2025 18:26:16;3.57;
08.01.2025 18:26:17;3.56;
08.01.2025 18:26:18;3.55;
08.01.2025 18:26:19;3.56;
08.01.2025 18:26:27;3.56;
08.01.2025 18:26:28;3.57;
08.01.2025 18:26:29;3.56;
08.01.2025 18:26:32;3.56;
08.01.2025 18:26:33;3.57;
08.01.2025 18:26:34;3.57;
08.01.2025 18:26:35;3.56;
08.01.2025 18:26:44;3.56;
08.01.2025 18:26:45;3.57;
08.01.2025 18:26:46;3.57;
08.01.2025 18:26:47;3.56;
08.01.2025 18:26:48;3.56;
08.01.2025 18:26:49;3.57;
08.01.2025 18:26:50;3.56;
08.01.2025 18:26:55;3.56;
08.01.2025 18:26:56;3.57;
08.01.2025 18:26:57;3.56;
08.01.2025 18:26:58;3.56;
08.01.2025 18:26:59;3.57;
08.01.2025 18:27:00;3.56;
08.01.2025 18:27:01;3.57;
08.01.2025 18:27:03;3.57;
08.01.2025 18:27:04;3.55;
08.01.2025 18:27:05;3.57;
08.01.2025 18:27:06;3.56;
08.01.2025 18:27:07;3.57;
08.01.2025 18:27:08;3.56;
08.01.2025 18:27:12;3.56;
08.01.2025 18:27:13;3.57;
08.01.2025 18:27:14;3.56;
08.01.2025 18:27:15;3.57;
08.01.2025 18:27:16;3.56;
08.01.2025 18:27:17;3.56;
08.01.2025 18:27:18;3.57;
08.01.2025 18:27:20;3.57;
08.01.2025 18:27:21;3.56;
08.01.2025 18:27:22;3.57;
08.01.2025 18:27:24;3.57;
08.01.2025 18:27:25;3.55;
08.01.2025 18:27:26;3.57;
08.01.2025 18:27:27;3.56;
08.01.2025 18:27:28;3.56;
08.01.2025 18:27:29;3.55;
08.01.2025 18:27:30;3.56;
08.01.2025 18:27:31;3.56;
08.01.2025 18:27:32;3.57;
08.01.2025 18:27:34;3.57;
08.01.2025 18:27:35;3.56;
08.01.2025 18:27:40;3.56;
08.01.2025 18:27:41;3.55;
08.01.2025 18:27:42;3.56;
08.01.2025 18:27:45;3.56;
08.01.2025 18:27:46;3.57;
08.01.2025 18:27:47;3.57;
08.01.2025 18:27:48;3.56;
08.01.2025 18:27:49;3.56;
08.01.2025 18:27:50;3.57;
08.01.2025 18:27:51;3.57;
08.01.2025 18:27:52;3.56;
08.01.2025 18:28:02;3.56;
08.01.2025 18:28:03;3.57;
08.01.2025 18:28:04;3.57;
08.01.2025 18:28:05;3.56;
08.01.2025 18:28:06;3.57;
08.01.2025 18:28:07;3.56;
08.01.2025 18:28:08;3.56;
08.01.2025 18:28:09;3.57;
08.01.2025 18:28:10;3.56;
08.01.2025 18:28:11;3.57;
08.01.2025 18:28:12;3.56;
08.01.2025 18:28:15;3.56;
08.01.2025 18:28:16;3.57;
08.01.2025 18:28:17;3.56;
08.01.2025 18:28:21;3.56;
08.01.2025 18:28:22;3.57;
08.01.2025 18:28:23;3.57;
08.01.2025 18:28:24;3.56;
08.01.2025 18:28:25;3.55;
08.01.2025 18:28:26;3.56;
08.01.2025 18:28:27;3.56;
08.01.2025 18:28:28;3.57;
08.01.2025 18:28:29;3.55;
08.01.2025 18:28:30;3.56;
08.01.2025 18:28:43;3.56;
08.01.2025 18:28:44;3.57;
08.01.2025 18:28:45;3.56;
08.01.2025 18:28:46;3.57;
08.01.2025 18:28:49;3.57;
08.01.2025 18:28:50;3.56;
08.01.2025 18:28:51;3.56;
08.01.2025 18:28:52;3.57;
08.01.2025 18:28:55;3.57;
08.01.2025 18:28:56;3.56;
08.01.2025 18:28:58;3.56;
08.01.2025 18:28:59;3.57;
08.01.2025 18:29:00;3.57;
08.01.2025 18:29:01;3.56;
08.01.2025 18:29:02;3.57;
08.01.2025 18:29:03;3.56;
08.01.2025 18:29:04;3.55;
08.01.2025 18:29:05;3.56;
08.01.2025 18:29:05;3.57;
08.01.2025 18:29:07;3.57;
08.01.2025 18:29:08;3.56;
08.01.2025 18:29:09;3.57;
08.01.2025 18:29:10;3.57;
08.01.2025 18:29:11;3.55;
08.01.2025 18:29:12;3.56;
08.01.2025 18:29:15;3.56;
08.01.2025 18:29:16;3.57;
08.01.2025 18:29:17;3.56;
08.01.2025 18:29:18;3.57;
08.01.2025 18:29:19;3.57;
08.01.2025 18:29:20;3.56;
08.01.2025 18:29:21;3.56;
08.01.2025 18:29:22;3.55;
08.01.2025 18:29:23;3.56;
08.01.2025 18:29:26;3.56;
08.01.2025 18:29:27;3.57;
08.01.2025 18:29:28;3.56;
08.01.2025 18:29:30;3.56;
08.01.2025 18:29:31;3.57;
08.01.2025 18:29:32;3.57;
08.01.2025 18:29:33;3.56;
08.01.2025 18:29:34;3.57;
08.01.2025 18:29:35;3.56;
08.01.2025 18:29:36;3.57;
08.01.2025 18:29:37;3.56;
08.01.2025 18:29:38;3.56;
08.01.2025 18:29:39;3.57;
08.01.2025 18:29:41;3.57;
08.01.2025 18:29:42;3.56;
08.01.2025 18:29:46;3.56;
08.01.2025 18:29:47;3.57;
08.01.2025 18:29:48;3.57;
08.01.2025 18:29:49;3.56;
08.01.2025 18:29:50;3.56;
08.01.2025 18:29:51;3.57;
08.01.2025 18:29:53;3.57;
08.01.2025 18:29:54;3.56;
08.01.2025 18:30:00;3.56;
08.01.2025 18:30:01;3.57;
08.01.2025 18:30:02;3.56;
08.01.2025 18:30:03;3.57;
08.01.2025 18:30:04;3.56;
08.01.2025 18:30:05;3.56;
08.01.2025 18:30:06;3.57;
08.01.2025 18:30:07;3.57;
08.01.2025 18:30:08;3.56;
08.01.2025 18:30:09;3.56;
08.01.2025 18:30:10;3.57;
08.01.2025 18:30:11;3.56;
08.01.2025 18:30:12;3.57;
08.01.2025 18:30:13;3.55;
08.01.2025 18:30:14;3.57;
08.01.2025 18:30:16;3.57;
08.01.2025 18:30:17;3.56;
08.01.2025 18:30:18;3.56;
08.01.2025 18:30:19;3.57;
08.01.2025 18:30:21;3.57;
08.01.2025 18:30:22;3.56;
08.01.2025 18:30:24;3.56;
08.01.2025 18:30:25;3.57;
08.01.2025 18:30:26;3.56;
08.01.2025 18:30:33;3.56;
08.01.2025 18:30:34;3.57;
08.01.2025 18:30:35;3.57;
08.01.2025 18:30:36;3.56;
08.01.2025 18:30:37;3.56;
08.01.2025 18:30:38;3.57;
08.01.2025 18:30:39;3.57;
08.01.2025 18:30:40;3.56;
08.01.2025 18:30:42;3.56;
08.01.2025 18:30:43;3.55;
08.01.2025 18:30:44;3.56;
08.01.2025 18:30:46;3.56;
08.01.2025 18:30:47;3.55;
08.01.2025 18:30:48;3.55;
08.01.2025 18:30:49;3.56;
08.01.2025 18:30:50;3.57;
08.01.2025 18:30:51;3.56;
08.01.2025 18:30:52;3.55;
08.01.2025 18:30:53;3.56;
08.01.2025 18:30:54;3.55;
08.01.2025 18:30:55;3.56;
08.01.2025 18:30:59;3.56;
08.01.2025 18:31:00;3.57;
08.01.2025 18:31:01;3.56;
08.01.2025 18:31:02;3.56;
08.01.2025 18:31:03;3.57;
08.01.2025 18:31:04;3.56;
08.01.2025 18:31:05;3.55;
08.01.2025 18:31:06;3.56;
08.01.2025 18:31:09;3.56;
08.01.2025 18:31:10;3.55;
08.01.2025 18:31:11;3.57;
08.01.2025 18:31:12;3.57;
08.01.2025 18:31:13;3.56;
08.01.2025 18:31:15;3.56;
08.01.2025 18:31:16;3.57;
08.01.2025 18:31:17;3.56;
08.01.2025 18:31:20;3.56;
08.01.2025 18:31:21;3.57;
08.01.2025 18:31:25;3.57;
08.01.2025 18:31:26;3.56;
08.01.2025 18:31:27;3.56;
08.01.2025 18:31:28;3.57;
08.01.2025 18:31:29;3.57;
08.01.2025 18:31:30;3.56;
08.01.2025 18:31:33;3.56;
08.01.2025 18:31:34;3.57;
08.01.2025 18:31:35;3.55;
08.01.2025 18:31:36;3.56;
08.01.2025 18:31:37;3.57;
08.01.2025 18:31:38;3.57;
08.01.2025 18:31:39;3.56;
08.01.2025 18:31:41;3.56;
08.01.2025 18:31:42;3.57;
08.01.2025 18:31:43;3.57;
08.01.2025 18:31:44;3.56;
08.01.2025 18:31:51;3.56;
08.01.2025 18:31:52;3.57;
08.01.2025 18:31:53;3.56;
08.01.2025 18:31:54;3.57;
08.01.2025 18:31:55;3.57;
08.01.2025 18:31:56;3.56;
08.01.2025 18:32:09;3.56;
08.01.2025 18:32:10;3.55;
08.01.2025 18:32:11;3.56;
08.01.2025 18:32:22;3.56;
08.01.2025 18:32:23;3.57;
08.01.2025 18:32:24;3.56;
08.01.2025 18:32:27;3.56;
08.01.2025 18:32:28;3.55;
08.01.2025 18:32:29;3.56;
08.01.2025 18:32:33;3.56;
08.01.2025 18:32:34;3.57;
08.01.2025 18:32:35;3.56;
08.01.2025 18:32:38;3.56;
08.01.2025 18:32:39;3.57;
08.01.2025 18:32:40;3.55;
08.01.2025 18:32:41;3.56;
08.01.2025 18:32:42;3.56;
08.01.2025 18:32:43;3.57;
08.01.2025 18:32:45;3.57;
08.01.2025 18:32:46;3.56;
08.01.2025 18:32:47;3.57;
08.01.2025 18:32:48;3.57;
08.01.2025 18:32:49;3.56;
08.01.2025 18:32:50;3.56;
08.01.2025 18:32:51;3.57;
08.01.2025 18:32:52;3.57;
08.01.2025 18:32:53;3.56;
08.01.2025 18:32:56;3.56;
08.01.2025 18:32:57;3.57;
08.01.2025 18:32:58;3.56;
08.01.2025 18:32:59;3.56;
08.01.2025 18:33:00;3.55;
08.01.2025 18:33:01;3.56;
08.01.2025 18:33:06;3.56;
08.01.2025 18:33:07;3.57;
08.01.2025 18:33:08;3.57;
08.01.2025 18:33:09;3.56;
08.01.2025 18:33:10;3.57;
08.01.2025 18:33:11;3.56;
08.01.2025 18:33:12;3.57;
08.01.2025 18:33:13;3.56;
08.01.2025 18:33:16;3.56;
08.01.2025 18:33:17;3.57;
08.01.2025 18:33:18;3.56;
08.01.2025 18:33:19;3.57;
08.01.2025 18:33:20;3.56;
08.01.2025 18:33:21;3.56;
08.01.2025 18:33:22;3.55;
08.01.2025 18:33:23;3.56;
08.01.2025 18:33:27;3.56;
08.01.2025 18:33:28;3.55;
08.01.2025 18:33:29;3.55;
08.01.2025 18:33:30;3.56;
08.01.2025 18:33:31;3.57;
08.01.2025 18:33:32;3.57;
08.01.2025 18:33:33;3.56;
08.01.2025 18:33:34;3.57;
08.01.2025 18:33:35;3.57;
08.01.2025 18:33:36;3.56;
08.01.2025 18:33:37;3.56;
08.01.2025 18:33:38;3.57;
08.01.2025 18:33:39;3.56;
08.01.2025 18:33:49;3.56;
08.01.2025 18:33:50;3.57;
08.01.2025 18:33:51;3.56;
08.01.2025 18:33:52;3.57;
08.01.2025 18:33:53;3.56;
08.01.2025 18:33:55;3.56;
08.01.2025 18:33:56;3.57;
08.01.2025 18:33:57;3.57;
08.01.2025 18:33:58;3.55;
08.01.2025 18:33:59;3.56;
08.01.2025 18:34:01;3.56;
08.01.2025 18:34:02;3.57;
08.01.2025 18:34:03;3.55;
08.01.2025 18:34:04;3.57;
08.01.2025 18:34:05;3.56;
08.01.2025 18:34:07;3.56;
08.01.2025 18:34:08;3.57;
08.01.2025 18:34:09;3.57;
08.01.2025 18:34:10;3.56;
08.01.2025 18:34:16;3.56;
08.01.2025 18:34:17;3.57;
08.01.2025 18:34:18;3.56;
08.01.2025 18:34:24;3.56;
08.01.2025 18:34:25;3.57;
08.01.2025 18:34:26;3.56;
08.01.2025 18:34:32;3.56;
08.01.2025 18:34:33;3.57;
08.01.2025 18:34:34;3.56;
08.01.2025 18:34:36;3.56;
08.01.2025 18:34:37;3.57;
08.01.2025 18:34:39;3.57;
08.01.2025 18:34:40;3.56;
08.01.2025 18:34:41;3.57;
08.01.2025 18:34:42;3.57;
08.01.2025 18:34:43;3.56;
08.01.2025 18:34:46;3.56;
08.01.2025 18:34:47;3.57;
08.01.2025 18:34:48;3.56;
08.01.2025 18:34:52;3.56;
08.01.2025 18:34:53;3.57;
08.01.2025 18:34:54;3.56;
08.01.2025 18:34:55;3.56;
08.01.2025 18:34:56;3.57;
08.01.2025 18:34:57;3.56;
08.01.2025 18:35:09;3.56;
08.01.2025 18:35:10;3.57;
08.01.2025 18:35:11;3.57;
08.01.2025 18:35:12;3.56;
08.01.2025 18:35:13;3.55;
08.01.2025 18:35:14;3.56;
08.01.2025 18:35:17;3.56;
08.01.2025 18:35:18;3.57;
08.01.2025 18:35:19;3.57;
08.01.2025 18:35:20;3.56;
08.01.2025 18:35:21;3.57;
08.01.2025 18:35:22;3.57;
08.01.2025 18:35:23;3.56;
08.01.2025 18:35:25;3.56;
08.01.2025 18:35:26;3.57;
08.01.2025 18:35:27;3.57;
08.01.2025 18:35:28;3.56;
08.01.2025 18:35:29;3.56;
08.01.2025 18:35:30;3.57;
08.01.2025 18:35:32;3.57;
08.01.2025 18:35:33;3.56;
08.01.2025 18:35:34;3.57;
08.01.2025 18:35:35;3.56;
08.01.2025 18:35:38;3.56;
08.01.2025 18:35:39;3.55;
08.01.2025 18:35:40;3.56;
08.01.2025 18:35:41;3.57;
08.01.2025 18:35:42;3.55;
08.01.2025 18:35:43;3.56;
08.01.2025 18:35:46;3.56;
08.01.2025 18:35:47;3.57;
08.01.2025 18:35:48;3.56;
08.01.2025 18:35:52;3.56;
08.01.2025 18:35:53;3.57;
08.01.2025 18:35:54;3.56;
08.01.2025 18:35:55;3.56;
08.01.2025 18:35:56;3.57;
08.01.2025 18:35:57;3.56;
08.01.2025 18:36:00;3.56;
08.01.2025 18:36:01;3.57;
08.01.2025 18:36:02;3.57;
08.01.2025 18:36:03;3.56;
08.01.2025 18:36:05;3.56;
08.01.2025 18:36:06;3.58;
08.01.2025 18:36:07;3.57;
08.01.2025 18:36:08;3.56;
08.01.2025 18:36:09;3.56;
08.01.2025 18:36:10;3.57;
08.01.2025 18:36:15;3.57;
08.01.2025 18:36:16;3.56;
08.01.2025 18:36:17;3.57;
08.01.2025 18:36:20;3.57;
08.01.2025 18:36:21;3.58;
08.01.2025 18:36:22;3.56;
08.01.2025 18:36:26;3.56;
08.01.2025 18:36:27;3.57;
08.01.2025 18:36:28;3.56;
08.01.2025 18:36:29;3.56;
08.01.2025 18:36:30;3.57;
08.01.2025 18:36:31;3.56;
08.01.2025 18:36:32;3.56;
08.01.2025 18:36:33;3.57;
08.01.2025 18:36:34;3.56;
08.01.2025 18:36:35;3.56;
08.01.2025 18:36:36;3.57;
08.01.2025 18:36:39;3.57;
08.01.2025 18:36:40;3.56;
08.01.2025 18:36:41;3.56;
08.01.2025 18:36:42;3.57;
08.01.2025 18:36:43;3.57;
08.01.2025 18:36:44;3.55;
08.01.2025 18:36:45;3.56;
08.01.2025 18:36:46;3.56;
08.01.2025 18:36:47;3.57;
08.01.2025 18:36:48;3.56;
08.01.2025 18:36:49;3.56;
08.01.2025 18:36:50;3.57;
08.01.2025 18:36:51;3.56;
08.01.2025 18:36:55;3.56;
08.01.2025 18:36:56;3.57;
08.01.2025 18:36:57;3.56;
08.01.2025 18:36:59;3.56;
08.01.2025 18:37:00;3.57;
08.01.2025 18:37:01;3.56;
08.01.2025 18:37:02;3.57;
08.01.2025 18:37:03;3.57;
08.01.2025 18:37:04;3.56;
08.01.2025 18:37:05;3.56;
08.01.2025 18:37:06;3.57;
08.01.2025 18:37:07;3.56;
08.01.2025 18:37:08;3.56;
08.01.2025 18:37:09;3.57;
08.01.2025 18:37:11;3.57;
08.01.2025 18:37:12;3.56;
08.01.2025 18:37:13;3.57;
08.01.2025 18:37:14;3.56;
08.01.2025 18:37:15;3.57;
08.01.2025 18:37:16;3.56;
08.01.2025 18:37:17;3.57;
08.01.2025 18:37:18;3.56;
08.01.2025 18:37:19;3.57;
08.01.2025 18:37:20;3.57;
08.01.2025 18:37:21;3.56;
08.01.2025 18:37:22;3.57;
08.01.2025 18:37:28;3.57;
08.01.2025 18:37:29;3.56;
08.01.2025 18:37:30;3.57;
08.01.2025 18:37:32;3.57;
08.01.2025 18:37:33;3.56;
08.01.2025 18:37:34;3.57;
08.01.2025 18:37:35;3.56;
08.01.2025 18:37:36;3.57;
08.01.2025 18:37:37;3.57;
08.01.2025 18:37:38;3.56;
08.01.2025 18:37:39;3.57;
08.01.2025 18:37:40;3.56;
08.01.2025 18:37:41;3.57;
08.01.2025 18:37:42;3.56;
08.01.2025 18:37:43;3.57;
08.01.2025 18:37:44;3.58;
08.01.2025 18:37:45;3.56;
08.01.2025 18:37:46;3.57;
08.01.2025 18:37:48;3.57;
08.01.2025 18:37:49;3.56;
08.01.2025 18:37:50;3.57;
08.01.2025 18:37:53;3.57;
08.01.2025 18:37:54;3.56;
08.01.2025 18:37:55;3.57;
08.01.2025 18:37:56;3.56;
08.01.2025 18:37:57;3.57;
08.01.2025 18:37:58;3.56;
08.01.2025 18:38:00;3.56;
08.01.2025 18:38:01;3.57;
08.01.2025 18:38:05;3.57;
08.01.2025 18:38:06;3.56;
08.01.2025 18:38:07;3.56;
08.01.2025 18:38:08;3.57;
08.01.2025 18:38:11;3.57;
08.01.2025 18:38:12;3.56;
08.01.2025 18:38:13;3.57;
08.01.2025 18:38:15;3.57;
08.01.2025 18:38:16;3.56;
08.01.2025 18:38:17;3.56;
08.01.2025 18:38:18;3.57;
08.01.2025 18:38:19;3.56;
08.01.2025 18:38:21;3.56;
08.01.2025 18:38:22;3.58;
08.01.2025 18:38:23;3.56;
08.01.2025 18:38:24;3.56;
08.01.2025 18:38:25;3.57;
08.01.2025 18:38:26;3.56;
08.01.2025 18:38:27;3.56;
08.01.2025 18:38:28;3.57;
08.01.2025 18:38:31;3.57;
08.01.2025 18:38:32;3.55;
08.01.2025 18:38:33;3.56;
08.01.2025 18:38:35;3.56;
08.01.2025 18:38:36;3.57;
08.01.2025 18:38:37;3.56;
08.01.2025 18:38:40;3.56;
08.01.2025 18:38:41;3.57;
08.01.2025 18:38:42;3.55;
08.01.2025 18:38:43;3.56;
08.01.2025 18:38:46;3.56;
08.01.2025 18:38:47;3.57;
08.01.2025 18:38:48;3.56;
08.01.2025 18:38:52;3.56;
08.01.2025 18:38:53;3.57;
08.01.2025 18:38:54;3.57;
08.01.2025 18:38:55;3.56;
08.01.2025 18:38:56;3.57;
08.01.2025 18:38:59;3.57;
08.01.2025 18:39:00;3.56;
08.01.2025 18:39:01;3.57;
08.01.2025 18:39:02;3.56;
08.01.2025 18:39:03;3.56;
08.01.2025 18:39:04;3.57;
08.01.2025 18:39:05;3.57;
08.01.2025 18:39:06;3.56;
08.01.2025 18:39:07;3.56;
08.01.2025 18:39:08;3.58;
08.01.2025 18:39:09;3.56;
08.01.2025 18:39:10;3.56;
08.01.2025 18:39:11;3.57;
08.01.2025 18:39:12;3.56;
08.01.2025 18:39:14;3.56;
08.01.2025 18:39:15;3.57;
08.01.2025 18:39:16;3.56;
08.01.2025 18:39:18;3.56;
08.01.2025 18:39:19;3.57;
08.01.2025 18:39:20;3.56;
08.01.2025 18:39:21;3.57;
08.01.2025 18:39:22;3.56;
08.01.2025 18:39:23;3.57;
08.01.2025 18:39:30;3.57;
08.01.2025 18:39:31;3.56;
08.01.2025 18:39:35;3.56;
08.01.2025 18:39:36;3.57;
08.01.2025 18:39:37;3.57;
08.01.2025 18:39:38;3.56;
08.01.2025 18:39:40;3.56;
08.01.2025 18:39:41;3.57;
08.01.2025 18:39:42;3.57;
08.01.2025 18:39:43;3.56;
08.01.2025 18:39:44;3.56;
08.01.2025 18:39:45;3.57;
08.01.2025 18:39:46;3.57;
08.01.2025 18:39:47;3.55;
08.01.2025 18:39:48;3.56;
08.01.2025 18:39:49;3.57;
08.01.2025 18:39:50;3.56;
08.01.2025 18:39:51;3.56;
08.01.2025 18:39:52;3.57;
08.01.2025 18:39:53;3.56;
08.01.2025 18:39:54;3.57;
08.01.2025 18:39:55;3.57;
08.01.2025 18:39:56;3.56;
08.01.2025 18:39:57;3.56;
08.01.2025 18:39:58;3.57;
08.01.2025 18:39:59;3.56;
08.01.2025 18:40:00;3.57;
08.01.2025 18:40:01;3.57;
08.01.2025 18:40:02;3.56;
08.01.2025 18:40:05;3.56;
08.01.2025 18:40:06;3.57;
08.01.2025 18:40:07;3.56;
08.01.2025 18:40:08;3.57;
08.01.2025 18:40:09;3.56;
08.01.2025 18:40:10;3.57;
08.01.2025 18:40:11;3.57;
08.01.2025 18:40:12;3.56;
08.01.2025 18:40:18;3.56;
08.01.2025 18:40:19;3.55;
08.01.2025 18:40:20;3.56;
08.01.2025 18:40:21;3.56;
08.01.2025 18:40:22;3.57;
08.01.2025 18:40:23;3.56;
08.01.2025 18:40:26;3.56;
08.01.2025 18:40:27;3.57;
08.01.2025 18:40:30;3.57;
08.01.2025 18:40:31;3.56;
08.01.2025 18:40:32;3.57;
08.01.2025 18:40:33;3.56;
08.01.2025 18:40:34;3.57;
08.01.2025 18:40:35;3.57;
08.01.2025 18:40:36;3.56;
08.01.2025 18:40:37;3.56;
08.01.2025 18:40:38;3.57;
08.01.2025 18:40:39;3.56;
08.01.2025 18:40:40;3.57;
08.01.2025 18:40:41;3.56;
08.01.2025 18:40:43;3.56;
08.01.2025 18:40:44;3.57;
08.01.2025 18:40:45;3.56;
08.01.2025 18:40:46;3.57;
08.01.2025 18:40:47;3.56;
08.01.2025 18:40:48;3.56;
08.01.2025 18:40:49;3.57;
08.01.2025 18:40:50;3.56;
08.01.2025 18:40:51;3.57;
08.01.2025 18:40:52;3.57;
08.01.2025 18:40:53;3.56;
08.01.2025 18:40:58;3.56;
08.01.2025 18:40:59;3.57;
08.01.2025 18:41:00;3.57;
08.01.2025 18:41:01;3.56;
08.01.2025 18:41:02;3.56;
08.01.2025 18:41:03;3.57;
08.01.2025 18:41:04;3.56;
08.01.2025 18:41:06;3.56;
08.01.2025 18:41:07;3.57;
08.01.2025 18:41:08;3.57;
08.01.2025 18:41:09;3.56;
08.01.2025 18:41:10;3.57;
08.01.2025 18:41:11;3.56;
08.01.2025 18:41:12;3.57;
08.01.2025 18:41:14;3.57;
08.01.2025 18:41:15;3.56;
08.01.2025 18:41:21;3.56;
08.01.2025 18:41:22;3.57;
08.01.2025 18:41:26;3.57;
08.01.2025 18:41:27;3.56;
08.01.2025 18:41:29;3.56;
08.01.2025 18:41:30;3.57;
08.01.2025 18:41:31;3.55;
08.01.2025 18:41:32;3.56;
08.01.2025 18:41:35;3.56;
08.01.2025 18:41:36;3.57;
08.01.2025 18:41:37;3.57;
08.01.2025 18:41:38;3.56;
08.01.2025 18:41:41;3.56;
08.01.2025 18:41:42;3.57;
08.01.2025 18:41:43;3.56;
08.01.2025 18:41:45;3.56;
08.01.2025 18:41:46;3.57;
08.01.2025 18:41:47;3.57;
08.01.2025 18:41:48;3.56;
08.01.2025 18:41:49;3.55;
08.01.2025 18:41:50;3.57;
08.01.2025 18:41:51;3.56;
08.01.2025 18:42:01;3.56;
08.01.2025 18:42:02;3.57;
08.01.2025 18:42:03;3.56;
08.01.2025 18:42:05;3.56;
08.01.2025 18:42:06;3.57;
08.01.2025 18:42:07;3.56;
08.01.2025 18:42:08;3.57;
08.01.2025 18:42:09;3.56;
08.01.2025 18:42:10;3.55;
08.01.2025 18:42:11;3.57;
08.01.2025 18:42:12;3.56;
08.01.2025 18:42:13;3.57;
08.01.2025 18:42:14;3.56;
08.01.2025 18:42:16;3.56;
08.01.2025 18:42:17;3.57;
08.01.2025 18:42:18;3.57;
08.01.2025 18:42:19;3.56;
08.01.2025 18:42:29;3.56;
08.01.2025 18:42:30;3.57;
08.01.2025 18:42:31;3.56;
08.01.2025 18:42:32;3.57;
08.01.2025 18:42:35;3.57;
08.01.2025 18:42:36;3.56;
08.01.2025 18:42:39;3.56;
08.01.2025 18:42:40;3.57;
08.01.2025 18:42:41;3.56;
08.01.2025 18:42:42;3.56;
08.01.2025 18:42:43;3.57;
08.01.2025 18:42:45;3.57;
08.01.2025 18:42:46;3.56;
08.01.2025 18:42:47;3.56;
08.01.2025 18:42:48;3.57;
08.01.2025 18:42:49;3.56;
08.01.2025 18:42:53;3.56;
08.01.2025 18:42:54;3.57;
08.01.2025 18:42:55;3.56;
08.01.2025 18:42:56;3.55;
08.01.2025 18:42:57;3.57;
08.01.2025 18:42:58;3.57;
08.01.2025 18:42:59;3.56;
08.01.2025 18:43:02;3.56;
08.01.2025 18:43:03;3.57;
08.01.2025 18:43:04;3.56;
08.01.2025 18:43:05;3.56;
08.01.2025 18:43:06;3.57;
08.01.2025 18:43:08;3.57;
08.01.2025 18:43:09;3.56;
08.01.2025 18:43:10;3.57;
08.01.2025 18:43:11;3.57;
08.01.2025 18:43:12;3.58;
08.01.2025 18:43:13;3.56;
08.01.2025 18:43:14;3.57;
08.01.2025 18:43:15;3.56;
08.01.2025 18:43:16;3.56;
08.01.2025 18:43:17;3.55;
08.01.2025 18:43:18;3.56;
08.01.2025 18:43:19;3.57;
08.01.2025 18:43:20;3.57;
08.01.2025 18:43:21;3.56;
08.01.2025 18:43:24;3.56;
08.01.2025 18:43:25;3.57;
08.01.2025 18:43:26;3.56;
08.01.2025 18:43:27;3.57;
08.01.2025 18:43:29;3.57;
08.01.2025 18:43:30;3.56;
08.01.2025 18:43:39;3.56;
08.01.2025 18:43:40;3.57;
08.01.2025 18:43:41;3.56;
08.01.2025 18:43:44;3.56;
08.01.2025 18:43:45;3.57;
08.01.2025 18:43:46;3.57;
08.01.2025 18:43:47;3.56;
08.01.2025 18:43:48;3.55;
08.01.2025 18:43:49;3.56;
08.01.2025 18:43:57;3.56;
08.01.2025 18:43:58;3.57;
08.01.2025 18:43:59;3.56;
08.01.2025 18:44:02;3.56;
08.01.2025 18:44:03;3.57;
08.01.2025 18:44:04;3.56;
08.01.2025 18:44:09;3.56;
08.01.2025 18:44:10;3.55;
08.01.2025 18:44:11;3.56;
08.01.2025 18:44:12;3.56;
08.01.2025 18:44:13;3.55;
08.01.2025 18:44:14;3.57;
08.01.2025 18:44:15;3.56;
08.01.2025 18:44:21;3.56;
08.01.2025 18:44:22;3.55;
08.01.2025 18:44:23;3.56;
08.01.2025 18:44:26;3.56;
08.01.2025 18:44:27;3.55;
08.01.2025 18:44:28;3.56;
08.01.2025 18:44:34;3.56;
08.01.2025 18:44:35;3.55;
08.01.2025 18:44:36;3.56;
08.01.2025 18:44:37;3.56;
08.01.2025 18:44:38;3.55;
08.01.2025 18:44:39;3.56;
08.01.2025 18:44:44;3.56;
08.01.2025 18:44:45;3.57;
08.01.2025 18:44:46;3.56;
08.01.2025 18:44:48;3.56;
08.01.2025 18:44:49;3.57;
08.01.2025 18:44:50;3.56;
08.01.2025 18:44:58;3.56;
08.01.2025 18:44:59;3.57;
08.01.2025 18:45:00;3.56;
08.01.2025 18:45:01;3.57;
08.01.2025 18:45:03;3.57;
08.01.2025 18:45:04;3.56;
08.01.2025 18:45:05;3.56;
08.01.2025 18:45:06;3.55;
08.01.2025 18:45:07;3.55;
08.01.2025 18:45:08;3.56;
08.01.2025 18:45:11;3.56;
08.01.2025 18:45:12;3.57;
08.01.2025 18:45:13;3.56;
08.01.2025 18:45:20;3.56;
08.01.2025 18:45:21;3.55;
08.01.2025 18:45:22;3.56;
08.01.2025 18:45:23;3.56;
08.01.2025 18:45:24;3.57;
08.01.2025 18:45:25;3.57;
08.01.2025 18:45:26;3.56;
08.01.2025 18:45:27;3.57;
08.01.2025 18:45:28;3.56;
08.01.2025 18:45:30;3.56;
08.01.2025 18:45:31;3.55;
08.01.2025 18:45:32;3.56;
08.01.2025 18:45:33;3.56;
08.01.2025 18:45:34;3.57;
08.01.2025 18:45:35;3.57;
08.01.2025 18:45:36;3.56;
08.01.2025 18:45:46;3.56;
08.01.2025 18:45:47;3.57;
08.01.2025 18:45:48;3.56;
08.01.2025 18:45:49;3.56;
08.01.2025 18:45:50;3.57;
08.01.2025 18:45:51;3.57;
08.01.2025 18:45:52;3.56;
08.01.2025 18:45:53;3.56;
08.01.2025 18:45:54;3.57;
08.01.2025 18:46:00;3.57;
08.01.2025 18:46:01;3.56;
08.01.2025 18:46:02;3.56;
08.01.2025 18:46:03;3.57;
08.01.2025 18:46:04;3.56;
08.01.2025 18:46:05;3.57;
08.01.2025 18:46:08;3.57;
08.01.2025 18:46:09;3.56;
08.01.2025 18:46:10;3.56;
08.01.2025 18:46:11;3.57;
08.01.2025 18:46:12;3.56;
08.01.2025 18:46:13;3.57;
08.01.2025 18:46:15;3.57;
08.01.2025 18:46:16;3.56;
08.01.2025 18:46:17;3.55;
08.01.2025 18:46:18;3.56;
08.01.2025 18:46:19;3.56;
08.01.2025 18:46:20;3.57;
08.01.2025 18:46:21;3.56;
08.01.2025 18:46:22;3.57;
08.01.2025 18:46:23;3.56;
08.01.2025 18:46:25;3.56;
08.01.2025 18:46:26;3.57;
08.01.2025 18:46:32;3.57;
08.01.2025 18:46:33;3.56;
08.01.2025 18:46:34;3.56;
08.01.2025 18:46:35;3.57;
08.01.2025 18:46:36;3.57;
08.01.2025 18:46:37;3.56;
08.01.2025 18:46:38;3.56;
08.01.2025 18:46:39;3.57;
08.01.2025 18:46:40;3.56;
08.01.2025 18:46:41;3.56;
08.01.2025 18:46:42;3.57;
08.01.2025 18:46:44;3.57;
08.01.2025 18:46:45;3.56;
08.01.2025 18:46:46;3.57;
08.01.2025 18:46:47;3.56;
08.01.2025 18:46:48;3.57;
08.01.2025 18:46:49;3.56;
08.01.2025 18:46:50;3.57;
08.01.2025 18:46:51;3.57;
08.01.2025 18:46:52;3.56;
08.01.2025 18:46:53;3.57;
08.01.2025 18:46:56;3.57;
08.01.2025 18:46:57;3.56;
08.01.2025 18:46:58;3.57;
08.01.2025 18:46:59;3.57;
08.01.2025 18:47:00;3.56;
08.01.2025 18:47:01;3.56;
08.01.2025 18:47:02;3.57;
08.01.2025 18:47:03;3.57;
08.01.2025 18:47:04;3.56;
08.01.2025 18:47:05;3.56;
08.01.2025 18:47:06;3.57;
08.01.2025 18:47:10;3.57;
08.01.2025 18:47:11;3.56;
08.01.2025 18:47:12;3.57;
08.01.2025 18:47:13;3.56;
08.01.2025 18:47:14;3.57;
08.01.2025 18:47:15;3.57;
08.01.2025 18:47:16;3.56;
08.01.2025 18:47:17;3.57;
08.01.2025 18:47:18;3.56;
08.01.2025 18:47:19;3.57;
08.01.2025 18:47:20;3.57;
08.01.2025 18:47:21;3.56;
08.01.2025 18:47:22;3.57;
08.01.2025 18:47:23;3.56;
08.01.2025 18:47:24;3.56;
08.01.2025 18:47:25;3.57;
08.01.2025 18:47:26;3.56;
08.01.2025 18:47:27;3.56;
08.01.2025 18:47:28;3.57;
08.01.2025 18:47:29;3.56;
08.01.2025 18:47:35;3.56;
08.01.2025 18:47:36;3.57;
08.01.2025 18:47:37;3.56;
08.01.2025 18:47:39;3.56;
08.01.2025 18:47:40;3.57;
08.01.2025 18:47:42;3.57;
08.01.2025 18:47:43;3.56;
08.01.2025 18:47:44;3.57;
08.01.2025 18:47:45;3.56;
08.01.2025 18:47:51;3.56;
08.01.2025 18:47:52;3.57;
08.01.2025 18:47:53;3.56;
08.01.2025 18:47:54;3.57;
08.01.2025 18:47:55;3.57;
08.01.2025 18:47:56;3.56;
08.01.2025 18:47:57;3.56;
08.01.2025 18:47:58;3.57;
08.01.2025 18:47:59;3.57;
08.01.2025 18:48:00;3.56;
08.01.2025 18:48:01;3.57;
08.01.2025 18:48:02;3.57;
08.01.2025 18:48:03;3.56;
08.01.2025 18:48:04;3.57;
08.01.2025 18:48:05;3.56;
08.01.2025 18:48:06;3.57;
08.01.2025 18:48:07;3.57;
08.01.2025 18:48:08;3.56;
08.01.2025 18:48:09;3.56;
08.01.2025 18:48:10;3.57;
08.01.2025 18:48:12;3.57;
08.01.2025 18:48:13;3.56;
08.01.2025 18:48:15;3.56;
08.01.2025 18:48:16;3.57;
08.01.2025 18:48:17;3.56;
08.01.2025 18:48:29;3.56;
08.01.2025 18:48:30;3.57;
08.01.2025 18:48:31;3.56;
08.01.2025 18:48:32;3.57;
08.01.2025 18:48:33;3.56;
08.01.2025 18:48:34;3.57;
08.01.2025 18:48:35;3.55;
08.01.2025 18:48:36;3.56;
08.01.2025 18:48:37;3.57;
08.01.2025 18:48:38;3.56;
08.01.2025 18:48:39;3.56;
08.01.2025 18:48:40;3.57;
08.01.2025 18:48:41;3.56;
08.01.2025 18:48:42;3.57;
08.01.2025 18:48:43;3.56;
08.01.2025 18:48:44;3.56;
08.01.2025 18:48:45;3.57;
08.01.2025 18:48:46;3.57;
08.01.2025 18:48:47;3.56;
08.01.2025 18:48:48;3.56;
08.01.2025 18:48:49;3.57;
08.01.2025 18:48:50;3.57;
08.01.2025 18:48:51;3.56;
08.01.2025 18:48:52;3.57;
08.01.2025 18:48:56;3.57;
08.01.2025 18:48:57;3.56;
08.01.2025 18:48:58;3.57;
08.01.2025 18:49:02;3.57;
08.01.2025 18:49:03;3.56;
08.01.2025 18:49:04;3.57;
08.01.2025 18:49:07;3.57;
08.01.2025 18:49:08;3.56;
08.01.2025 18:49:09;3.57;
08.01.2025 18:49:10;3.57;
08.01.2025 18:49:11;3.56;
08.01.2025 18:49:13;3.56;
08.01.2025 18:49:14;3.57;
08.01.2025 18:49:18;3.57;
08.01.2025 18:49:19;3.56;
08.01.2025 18:49:20;3.56;
08.01.2025 18:49:21;3.57;
08.01.2025 18:49:22;3.56;
08.01.2025 18:49:23;3.57;
08.01.2025 18:49:26;3.57;
08.01.2025 18:49:27;3.56;
08.01.2025 18:49:28;3.56;
08.01.2025 18:49:29;3.57;
08.01.2025 18:49:30;3.56;
08.01.2025 18:49:31;3.57;
08.01.2025 18:49:32;3.56;
08.01.2025 18:49:42;3.56;
08.01.2025 18:49:43;3.55;
08.01.2025 18:49:44;3.56;
08.01.2025 18:49:45;3.56;
08.01.2025 18:49:46;3.57;
08.01.2025 18:49:47;3.56;
08.01.2025 18:49:48;3.57;
08.01.2025 18:49:49;3.56;
08.01.2025 18:49:50;3.56;
08.01.2025 18:49:51;3.57;
08.01.2025 18:49:52;3.56;
08.01.2025 18:49:53;3.56;
08.01.2025 18:49:54;3.57;
08.01.2025 18:49:55;3.56;
08.01.2025 18:49:56;3.57;
08.01.2025 18:49:57;3.56;
08.01.2025 18:50:00;3.56;
08.01.2025 18:50:01;3.57;
08.01.2025 18:50:02;3.56;
08.01.2025 18:50:04;3.56;
08.01.2025 18:50:05;3.57;
08.01.2025 18:50:06;3.55;
08.01.2025 18:50:08;3.55;
08.01.2025 18:50:09;3.57;
08.01.2025 18:50:10;3.58;
08.01.2025 18:50:11;3.56;
08.01.2025 18:50:12;3.56;
08.01.2025 18:50:13;3.57;
08.01.2025 18:50:14;3.56;
08.01.2025 18:50:15;3.56;
08.01.2025 18:50:16;3.57;
08.01.2025 18:50:17;3.56;
08.01.2025 18:50:18;3.57;
08.01.2025 18:50:20;3.57;
08.01.2025 18:50:21;3.56;
08.01.2025 18:50:22;3.56;
08.01.2025 18:50:23;3.57;
08.01.2025 18:50:24;3.56;
08.01.2025 18:50:26;3.56;
08.01.2025 18:50:27;3.57;
08.01.2025 18:50:28;3.56;
08.01.2025 18:50:29;3.56;
08.01.2025 18:50:30;3.57;
08.01.2025 18:50:31;3.57;
08.01.2025 18:50:32;3.56;
08.01.2025 18:50:33;3.57;
08.01.2025 18:50:34;3.56;
08.01.2025 18:50:35;3.57;
08.01.2025 18:50:36;3.57;
08.01.2025 18:50:37;3.56;
08.01.2025 18:50:39;3.56;
08.01.2025 18:50:40;3.57;
08.01.2025 18:50:41;3.56;
08.01.2025 18:50:46;3.56;
08.01.2025 18:50:47;3.57;
08.01.2025 18:50:48;3.56;
08.01.2025 18:50:49;3.56;
08.01.2025 18:50:50;3.55;
08.01.2025 18:50:51;3.56;
08.01.2025 18:50:52;3.57;
08.01.2025 18:50:54;3.57;
08.01.2025 18:50:55;3.56;
08.01.2025 18:51:00;3.56;
08.01.2025 18:51:01;3.57;
08.01.2025 18:51:02;3.56;
08.01.2025 18:51:05;3.56;
08.01.2025 18:51:06;3.55;
08.01.2025 18:51:07;3.56;
08.01.2025 18:51:09;3.56;
08.01.2025 18:51:10;3.57;
08.01.2025 18:51:11;3.56;
08.01.2025 18:51:17;3.56;
08.01.2025 18:51:18;3.57;
08.01.2025 18:51:19;3.57;
08.01.2025 18:51:20;3.55;
08.01.2025 18:51:21;3.56;
08.01.2025 18:51:22;3.57;
08.01.2025 18:51:25;3.57;
08.01.2025 18:51:26;3.56;
08.01.2025 18:51:27;3.57;
08.01.2025 18:51:28;3.57;
08.01.2025 18:51:29;3.56;
08.01.2025 18:51:30;3.57;
08.01.2025 18:51:31;3.56;
08.01.2025 18:51:32;3.57;
08.01.2025 18:51:33;3.57;
08.01.2025 18:51:34;3.56;
08.01.2025 18:51:35;3.57;
08.01.2025 18:51:36;3.56;
08.01.2025 18:51:40;3.56;
08.01.2025 18:51:41;3.57;
08.01.2025 18:51:42;3.56;
08.01.2025 18:51:43;3.56;
08.01.2025 18:51:44;3.57;
08.01.2025 18:51:45;3.57;
08.01.2025 18:51:46;3.56;
08.01.2025 18:51:48;3.56;
08.01.2025 18:51:49;3.55;
08.01.2025 18:51:50;3.56;
08.01.2025 18:51:55;3.56;
08.01.2025 18:51:56;3.57;
08.01.2025 18:51:57;3.56;
08.01.2025 18:52:06;3.56;
08.01.2025 18:52:07;3.55;
08.01.2025 18:52:08;3.56;
08.01.2025 18:52:11;3.56;
08.01.2025 18:52:12;3.57;
08.01.2025 18:52:13;3.56;
08.01.2025 18:52:14;3.55;
08.01.2025 18:52:15;3.57;
08.01.2025 18:52:16;3.56;
08.01.2025 18:52:17;3.57;
08.01.2025 18:52:18;3.57;
08.01.2025 18:52:19;3.56;
08.01.2025 18:52:23;3.56;
08.01.2025 18:52:24;3.55;
08.01.2025 18:52:25;3.55;
08.01.2025 18:52:26;3.56;
08.01.2025 18:52:27;3.57;
08.01.2025 18:52:28;3.56;
08.01.2025 18:52:36;3.56;
08.01.2025 18:52:37;3.57;
08.01.2025 18:52:39;3.57;
08.01.2025 18:52:40;3.56;
08.01.2025 18:52:41;3.57;
08.01.2025 18:52:42;3.56;
08.01.2025 18:52:43;3.57;
08.01.2025 18:52:44;3.56;
08.01.2025 18:52:46;3.56;
08.01.2025 18:52:47;3.57;
08.01.2025 18:52:48;3.56;
08.01.2025 18:52:53;3.56;
08.01.2025 18:52:54;3.57;
08.01.2025 18:52:55;3.56;
08.01.2025 18:52:57;3.56;
08.01.2025 18:52:58;3.57;
08.01.2025 18:52:59;3.56;
08.01.2025 18:53:00;3.56;
08.01.2025 18:53:01;3.57;
08.01.2025 18:53:02;3.56;
08.01.2025 18:53:03;3.56;
08.01.2025 18:53:04;3.57;
08.01.2025 18:53:05;3.56;
08.01.2025 18:53:06;3.56;
08.01.2025 18:53:07;3.57;
08.01.2025 18:53:08;3.56;
08.01.2025 18:53:10;3.56;
08.01.2025 18:53:11;3.57;
08.01.2025 18:53:12;3.56;
08.01.2025 18:53:13;3.57;
08.01.2025 18:53:14;3.56;
08.01.2025 18:53:15;3.56;
08.01.2025 18:53:16;3.55;
08.01.2025 18:53:17;3.57;
08.01.2025 18:53:21;3.57;
08.01.2025 18:53:22;3.56;
08.01.2025 18:53:24;3.56;
08.01.2025 18:53:25;3.57;
08.01.2025 18:53:26;3.57;
08.01.2025 18:53:27;3.56;
08.01.2025 18:53:28;3.56;
08.01.2025 18:53:29;3.57;
08.01.2025 18:53:30;3.56;
08.01.2025 18:53:31;3.57;
08.01.2025 18:53:32;3.56;
08.01.2025 18:53:34;3.56;
08.01.2025 18:53:35;3.57;
08.01.2025 18:53:36;3.56;
08.01.2025 18:53:37;3.57;
08.01.2025 18:53:38;3.56;
08.01.2025 18:53:39;3.57;
08.01.2025 18:53:40;3.56;
08.01.2025 18:53:41;3.56;
08.01.2025 18:53:42;3.57;
08.01.2025 18:53:43;3.57;
08.01.2025 18:53:44;3.56;
08.01.2025 18:53:48;3.56;
08.01.2025 18:53:49;3.55;
08.01.2025 18:53:50;3.56;
08.01.2025 18:53:51;3.57;
08.01.2025 18:53:52;3.56;
08.01.2025 18:53:53;3.56;
08.01.2025 18:53:54;3.57;
08.01.2025 18:53:55;3.56;
08.01.2025 18:54:00;3.56;
08.01.2025 18:54:01;3.57;
08.01.2025 18:54:02;3.55;
08.01.2025 18:54:03;3.57;
08.01.2025 18:54:05;3.57;
08.01.2025 18:54:06;3.56;
08.01.2025 18:54:07;3.56;
08.01.2025 18:54:08;3.57;
08.01.2025 18:54:09;3.57;
08.01.2025 18:54:10;3.56;
08.01.2025 18:54:13;3.56;
08.01.2025 18:54:14;3.58;
08.01.2025 18:54:15;3.57;
08.01.2025 18:54:16;3.56;
08.01.2025 18:54:28;3.56;
08.01.2025 18:54:29;3.55;
08.01.2025 18:54:30;3.56;
08.01.2025 18:54:31;3.57;
08.01.2025 18:54:32;3.56;
08.01.2025 18:54:33;3.55;
08.01.2025 18:54:34;3.56;
08.01.2025 18:54:36;3.56;
08.01.2025 18:54:37;3.55;
08.01.2025 18:54:38;3.56;
08.01.2025 18:54:45;3.56;
08.01.2025 18:54:46;3.57;
08.01.2025 18:54:47;3.57;
08.01.2025 18:54:48;3.56;
08.01.2025 18:54:51;3.56;
08.01.2025 18:54:52;3.57;
08.01.2025 18:54:53;3.56;
08.01.2025 18:54:54;3.56;
08.01.2025 18:54:55;3.57;
08.01.2025 18:54:56;3.56;
08.01.2025 18:54:57;3.56;
08.01.2025 18:54:58;3.57;
08.01.2025 18:54:59;3.56;
08.01.2025 18:55:01;3.56;
08.01.2025 18:55:02;3.55;
08.01.2025 18:55:03;3.56;
08.01.2025 18:55:05;3.56;
08.01.2025 18:55:06;3.57;
08.01.2025 18:55:07;3.57;
08.01.2025 18:55:08;3.56;
08.01.2025 18:55:10;3.56;
08.01.2025 18:55:11;3.57;
08.01.2025 18:55:12;3.56;
08.01.2025 18:55:14;3.56;
08.01.2025 18:55:15;3.57;
08.01.2025 18:55:16;3.57;
08.01.2025 18:55:17;3.56;
08.01.2025 18:55:18;3.57;
08.01.2025 18:55:19;3.56;
08.01.2025 18:55:20;3.56;
08.01.2025 18:55:21;3.55;
08.01.2025 18:55:22;3.56;
08.01.2025 18:55:23;3.57;
08.01.2025 18:55:24;3.56;
08.01.2025 18:55:31;3.56;
08.01.2025 18:55:32;3.55;
08.01.2025 18:55:33;3.56;
08.01.2025 18:55:36;3.56;
08.01.2025 18:55:37;3.57;
08.01.2025 18:55:38;3.56;
08.01.2025 18:55:39;3.57;
08.01.2025 18:55:40;3.56;
08.01.2025 18:55:47;3.56;
08.01.2025 18:55:48;3.57;
08.01.2025 18:55:49;3.57;
08.01.2025 18:55:50;3.55;
08.01.2025 18:55:51;3.57;
08.01.2025 18:55:52;3.57;
08.01.2025 18:55:53;3.56;
08.01.2025 18:55:54;3.56;
08.01.2025 18:55:55;3.57;
08.01.2025 18:55:56;3.57;
08.01.2025 18:55:57;3.56;
08.01.2025 18:55:58;3.57;
08.01.2025 18:55:59;3.56;
08.01.2025 18:56:01;3.56;
08.01.2025 18:56:02;3.57;
08.01.2025 18:56:03;3.56;
08.01.2025 18:56:05;3.56;
08.01.2025 18:56:06;3.55;
08.01.2025 18:56:07;3.56;
08.01.2025 18:56:09;3.56;
08.01.2025 18:56:10;3.57;
08.01.2025 18:56:13;3.57;
08.01.2025 18:56:14;3.56;
08.01.2025 18:56:15;3.57;
08.01.2025 18:56:16;3.56;
08.01.2025 18:56:17;3.57;
08.01.2025 18:56:18;3.58;
08.01.2025 18:56:19;3.57;
08.01.2025 18:56:20;3.56;
08.01.2025 18:56:22;3.56;
08.01.2025 18:56:23;3.57;
08.01.2025 18:56:24;3.56;
08.01.2025 18:56:26;3.56;
08.01.2025 18:56:27;3.57;
08.01.2025 18:56:28;3.56;
08.01.2025 18:56:30;3.56;
08.01.2025 18:56:31;3.57;
08.01.2025 18:56:32;3.56;
08.01.2025 18:56:34;3.56;
08.01.2025 18:56:35;3.57;
08.01.2025 18:56:36;3.57;
08.01.2025 18:56:37;3.56;
08.01.2025 18:56:38;3.56;
08.01.2025 18:56:39;3.57;
08.01.2025 18:56:40;3.57;
08.01.2025 18:56:41;3.56;
08.01.2025 18:56:44;3.56;
08.01.2025 18:56:45;3.57;
08.01.2025 18:56:46;3.56;
08.01.2025 18:56:47;3.57;
08.01.2025 18:56:49;3.57;
08.01.2025 18:56:50;3.56;
08.01.2025 18:56:53;3.56;
08.01.2025 18:56:54;3.57;
08.01.2025 18:56:55;3.56;
08.01.2025 18:56:56;3.57;
08.01.2025 18:56:57;3.57;
08.01.2025 18:56:58;3.56;
08.01.2025 18:56:59;3.57;
08.01.2025 18:57:00;3.57;
08.01.2025 18:57:01;3.56;
08.01.2025 18:57:02;3.57;
08.01.2025 18:57:09;3.57;
08.01.2025 18:57:10;3.56;
08.01.2025 18:57:11;3.57;
08.01.2025 18:57:15;3.57;
08.01.2025 18:57:16;3.56;
08.01.2025 18:57:18;3.56;
08.01.2025 18:57:19;3.57;
08.01.2025 18:57:20;3.56;
08.01.2025 18:57:21;3.57;
08.01.2025 18:57:22;3.57;
08.01.2025 18:57:23;3.56;
08.01.2025 18:57:24;3.57;
08.01.2025 18:57:34;3.57;
08.01.2025 18:57:35;3.56;
08.01.2025 18:57:36;3.56;
08.01.2025 18:57:37;3.57;
08.01.2025 18:57:38;3.56;
08.01.2025 18:57:39;3.57;
08.01.2025 18:57:40;3.57;
08.01.2025 18:57:41;3.56;
08.01.2025 18:57:42;3.57;
08.01.2025 18:57:43;3.57;
08.01.2025 18:57:44;3.56;
08.01.2025 18:57:46;3.56;
08.01.2025 18:57:47;3.57;
08.01.2025 18:57:48;3.56;
08.01.2025 18:57:56;3.56;
08.01.2025 18:57:57;3.57;
08.01.2025 18:57:59;3.57;
08.01.2025 18:58:00;3.56;
08.01.2025 18:58:01;3.56;
08.01.2025 18:58:02;3.57;
08.01.2025 18:58:04;3.57;
08.01.2025 18:58:05;3.56;
08.01.2025 18:58:06;3.57;
08.01.2025 18:58:07;3.56;
08.01.2025 18:58:10;3.56;
08.01.2025 18:58:11;3.57;
08.01.2025 18:58:12;3.56;
08.01.2025 18:58:13;3.57;
08.01.2025 18:58:16;3.57;
08.01.2025 18:58:17;3.58;
08.01.2025 18:58:18;3.56;
08.01.2025 18:58:19;3.57;
08.01.2025 18:58:20;3.56;
08.01.2025 18:58:23;3.56;
08.01.2025 18:58:24;3.57;
08.01.2025 18:58:25;3.56;
08.01.2025 18:58:26;3.57;
08.01.2025 18:58:27;3.56;
08.01.2025 18:58:29;3.56;
08.01.2025 18:58:30;3.57;
08.01.2025 18:58:31;3.56;
08.01.2025 18:58:33;3.56;
08.01.2025 18:58:34;3.57;
08.01.2025 18:58:35;3.57;
08.01.2025 18:58:36;3.56;
08.01.2025 18:58:37;3.56;
08.01.2025 18:58:38;3.57;
08.01.2025 18:58:39;3.56;
08.01.2025 18:58:40;3.56;
08.01.2025 18:58:41;3.57;
08.01.2025 18:58:42;3.56;
08.01.2025 18:58:43;3.57;
08.01.2025 18:58:45;3.57;
08.01.2025 18:58:46;3.56;
08.01.2025 18:58:47;3.56;
08.01.2025 18:58:48;3.57;
08.01.2025 18:58:50;3.57;
08.01.2025 18:58:51;3.56;
08.01.2025 18:58:52;3.57;
08.01.2025 18:58:53;3.56;
08.01.2025 18:58:58;3.56;
08.01.2025 18:58:59;3.57;
08.01.2025 18:59:00;3.57;
08.01.2025 18:59:01;3.56;
08.01.2025 18:59:03;3.56;
08.01.2025 18:59:04;3.57;
08.01.2025 18:59:05;3.56;
08.01.2025 18:59:06;3.56;
08.01.2025 18:59:07;3.57;
08.01.2025 18:59:08;3.56;
08.01.2025 18:59:09;3.56;
08.01.2025 18:59:10;3.57;
08.01.2025 18:59:11;3.56;
08.01.2025 18:59:13;3.56;
08.01.2025 18:59:14;3.57;
08.01.2025 18:59:15;3.58;
08.01.2025 18:59:16;3.56;
08.01.2025 18:59:21;3.56;
08.01.2025 18:59:22;3.57;
08.01.2025 18:59:25;3.57;
08.01.2025 18:59:26;3.56;
08.01.2025 18:59:28;3.56;
08.01.2025 18:59:29;3.57;
08.01.2025 18:59:30;3.56;
08.01.2025 18:59:31;3.56;
08.01.2025 18:59:32;3.57;
08.01.2025 18:59:34;3.57;
08.01.2025 18:59:35;3.56;
08.01.2025 18:59:39;3.56;
08.01.2025 18:59:40;3.57;
08.01.2025 18:59:41;3.57;
08.01.2025 18:59:42;3.56;
08.01.2025 18:59:43;3.56;
08.01.2025 18:59:44;3.57;
08.01.2025 18:59:45;3.57;
08.01.2025 18:59:46;3.56;
08.01.2025 18:59:49;3.56;
08.01.2025 18:59:50;3.57;
08.01.2025 18:59:51;3.56;
08.01.2025 18:59:53;3.56;
08.01.2025 18:59:54;3.57;
08.01.2025 18:59:55;3.56;
08.01.2025 18:59:56;3.55;
08.01.2025 18:59:57;3.57;
08.01.2025 18:59:59;3.57;
08.01.2025 19:00:00;3.56;
08.01.2025 19:00:01;3.56;
08.01.2025 19:00:02;3.57;
08.01.2025 19:00:06;3.57;
08.01.2025 19:00:07;3.56;
08.01.2025 19:00:08;3.57;
08.01.2025 19:00:09;3.57;
08.01.2025 19:00:10;3.56;
08.01.2025 19:00:14;3.56;
08.01.2025 19:00:15;3.57;
08.01.2025 19:00:16;3.56;
08.01.2025 19:00:18;3.56;
08.01.2025 19:00:19;3.57;
08.01.2025 19:00:20;3.57;
08.01.2025 19:00:21;3.56;
08.01.2025 19:00:22;3.57;
08.01.2025 19:00:23;3.56;
08.01.2025 19:00:28;3.56;
08.01.2025 19:00:29;3.57;
08.01.2025 19:00:30;3.57;
08.01.2025 19:00:31;3.56;
08.01.2025 19:00:32;3.57;
08.01.2025 19:00:33;3.56;
08.01.2025 19:00:36;3.56;
08.01.2025 19:00:37;3.57;
08.01.2025 19:00:38;3.56;
08.01.2025 19:00:39;3.57;
08.01.2025 19:00:40;3.56;
08.01.2025 19:00:42;3.56;
08.01.2025 19:00:43;3.57;
08.01.2025 19:00:44;3.56;
08.01.2025 19:00:47;3.56;
08.01.2025 19:00:48;3.55;
08.01.2025 19:00:49;3.56;
08.01.2025 19:00:50;3.56;
08.01.2025 19:00:51;3.57;
08.01.2025 19:00:52;3.56;
08.01.2025 19:00:53;3.57;
08.01.2025 19:00:54;3.57;
08.01.2025 19:00:55;3.55;
08.01.2025 19:00:56;3.56;
08.01.2025 19:01:02;3.56;
08.01.2025 19:01:03;3.57;
08.01.2025 19:01:04;3.56;
08.01.2025 19:01:05;3.56;
08.01.2025 19:01:06;3.57;
08.01.2025 19:01:07;3.57;
08.01.2025 19:01:08;3.56;
08.01.2025 19:01:09;3.56;
08.01.2025 19:01:10;3.57;
08.01.2025 19:01:11;3.56;
08.01.2025 19:01:13;3.56;
08.01.2025 19:01:14;3.57;
08.01.2025 19:01:15;3.57;
08.01.2025 19:01:16;3.56;
08.01.2025 19:01:17;3.57;
08.01.2025 19:01:18;3.56;
08.01.2025 19:01:21;3.56;
08.01.2025 19:01:22;3.57;
08.01.2025 19:01:23;3.56;
08.01.2025 19:01:24;3.56;
08.01.2025 19:01:25;3.57;
08.01.2025 19:01:27;3.57;
08.01.2025 19:01:28;3.56;
08.01.2025 19:01:33;3.56;
08.01.2025 19:01:34;3.57;
08.01.2025 19:01:35;3.57;
08.01.2025 19:01:36;3.56;
08.01.2025 19:01:37;3.56;
08.01.2025 19:01:38;3.57;
08.01.2025 19:01:39;3.56;
08.01.2025 19:01:40;3.56;
08.01.2025 19:01:41;3.57;
08.01.2025 19:01:43;3.57;
08.01.2025 19:01:44;3.56;
08.01.2025 19:01:45;3.57;
08.01.2025 19:01:47;3.57;
08.01.2025 19:01:48;3.56;
08.01.2025 19:01:49;3.56;
08.01.2025 19:01:50;3.57;
08.01.2025 19:01:52;3.57;
08.01.2025 19:01:53;3.56;
08.01.2025 19:01:55;3.56;
08.01.2025 19:01:56;3.57;
08.01.2025 19:01:57;3.57;
08.01.2025 19:01:58;3.56;
08.01.2025 19:01:59;3.57;
08.01.2025 19:02:00;3.56;
08.01.2025 19:02:01;3.57;
08.01.2025 19:02:02;3.56;
08.01.2025 19:02:03;3.56;
08.01.2025 19:02:04;3.57;
08.01.2025 19:02:05;3.56;
08.01.2025 19:02:10;3.56;
08.01.2025 19:02:11;3.55;
08.01.2025 19:02:12;3.56;
08.01.2025 19:02:13;3.57;
08.01.2025 19:02:14;3.55;
08.01.2025 19:02:15;3.57;
08.01.2025 19:02:16;3.57;
08.01.2025 19:02:17;3.56;
08.01.2025 19:02:18;3.56;
08.01.2025 19:02:19;3.57;
08.01.2025 19:02:21;3.57;
08.01.2025 19:02:22;3.58;
08.01.2025 19:02:23;3.57;
08.01.2025 19:02:24;3.56;
08.01.2025 19:02:25;3.57;
08.01.2025 19:02:28;3.57;
08.01.2025 19:02:29;3.56;
08.01.2025 19:02:30;3.57;
08.01.2025 19:02:33;3.57;
08.01.2025 19:02:34;3.58;
08.01.2025 19:02:35;3.57;
08.01.2025 19:02:49;3.57;
08.01.2025 19:02:50;3.56;
08.01.2025 19:02:51;3.56;
08.01.2025 19:02:52;3.57;
08.01.2025 19:03:00;3.57;
08.01.2025 19:03:01;3.56;
08.01.2025 19:03:02;3.57;
08.01.2025 19:03:03;3.57;
08.01.2025 19:03:04;3.58;
08.01.2025 19:03:05;3.57;
08.01.2025 19:03:12;3.57;
08.01.2025 19:03:13;3.58;
08.01.2025 19:03:14;3.58;
08.01.2025 19:03:15;3.57;
08.01.2025 19:03:18;3.57;
08.01.2025 19:03:19;3.58;
08.01.2025 19:03:20;3.57;
08.01.2025 19:03:32;3.57;
08.01.2025 19:03:33;3.58;
08.01.2025 19:03:34;3.57;
08.01.2025 19:03:41;3.57;
08.01.2025 19:03:42;3.56;
08.01.2025 19:03:43;3.56;
08.01.2025 19:03:44;3.57;
08.01.2025 19:03:45;3.56;
08.01.2025 19:03:46;3.57;
08.01.2025 19:03:50;3.57;
08.01.2025 19:03:51;3.56;
08.01.2025 19:03:52;3.58;
08.01.2025 19:03:53;3.57;
08.01.2025 19:03:57;3.57;
08.01.2025 19:03:58;3.56;
08.01.2025 19:03:59;3.57;
08.01.2025 19:04:05;3.57;
08.01.2025 19:04:06;3.56;
08.01.2025 19:04:07;3.56;
08.01.2025 19:04:08;3.57;
08.01.2025 19:04:09;3.57;
08.01.2025 19:04:10;3.56;
08.01.2025 19:04:11;3.57;
08.01.2025 19:04:12;3.56;
08.01.2025 19:04:13;3.57;
08.01.2025 19:04:14;3.56;
08.01.2025 19:04:15;3.57;
08.01.2025 19:04:16;3.56;
08.01.2025 19:04:17;3.57;
08.01.2025 19:04:18;3.58;
08.01.2025 19:04:19;3.56;
08.01.2025 19:04:21;3.56;
08.01.2025 19:04:22;3.58;
08.01.2025 19:04:23;3.57;
08.01.2025 19:04:24;3.56;
08.01.2025 19:04:28;3.56;
08.01.2025 19:04:29;3.57;
08.01.2025 19:04:30;3.56;
08.01.2025 19:04:32;3.56;
08.01.2025 19:04:33;3.57;
08.01.2025 19:04:34;3.56;
08.01.2025 19:04:35;3.57;
08.01.2025 19:04:39;3.57;
08.01.2025 19:04:40;3.56;
08.01.2025 19:04:41;3.56;
08.01.2025 19:04:42;3.57;
08.01.2025 19:04:43;3.56;
08.01.2025 19:04:44;3.56;
08.01.2025 19:04:45;3.57;
08.01.2025 19:04:46;3.57;
08.01.2025 19:04:47;3.56;
08.01.2025 19:04:48;3.57;
08.01.2025 19:04:49;3.56;
08.01.2025 19:04:52;3.56;
08.01.2025 19:04:53;3.57;
08.01.2025 19:04:54;3.56;
08.01.2025 19:04:55;3.56;
08.01.2025 19:04:56;3.57;
08.01.2025 19:04:57;3.56;
08.01.2025 19:04:58;3.57;
08.01.2025 19:04:59;3.56;
08.01.2025 19:05:00;3.56;
08.01.2025 19:05:01;3.57;
08.01.2025 19:05:02;3.56;
08.01.2025 19:05:04;3.56;
08.01.2025 19:05:05;3.57;
08.01.2025 19:05:07;3.57;
08.01.2025 19:05:08;3.56;
08.01.2025 19:05:12;3.56;
08.01.2025 19:05:13;3.57;
08.01.2025 19:05:14;3.56;
08.01.2025 19:05:15;3.57;
08.01.2025 19:05:16;3.56;
08.01.2025 19:05:19;3.56;
08.01.2025 19:05:20;3.57;
08.01.2025 19:05:21;3.57;
08.01.2025 19:05:22;3.55;
08.01.2025 19:05:23;3.57;
08.01.2025 19:05:24;3.57;
08.01.2025 19:05:25;3.56;
08.01.2025 19:05:33;3.56;
08.01.2025 19:05:34;3.57;
08.01.2025 19:05:36;3.57;
08.01.2025 19:05:37;3.56;
08.01.2025 19:05:39;3.56;
08.01.2025 19:05:40;3.57;
08.01.2025 19:05:41;3.56;
08.01.2025 19:05:42;3.56;
08.01.2025 19:05:43;3.57;
08.01.2025 19:05:44;3.56;
08.01.2025 19:05:46;3.56;
08.01.2025 19:05:47;3.57;
08.01.2025 19:05:48;3.56;
08.01.2025 19:05:49;3.57;
08.01.2025 19:05:50;3.56;
